requested_date,updateDate,code,code_name
2017-12-31,2017-12-25,sh.600000,浦发银行
2017-12-31,2017-12-25,sh.600008,首创股份
2017-12-31,2017-12-25,sh.600009,上海机场
2017-12-31,2017-12-25,sh.600010,包钢股份
2017-12-31,2017-12-25,sh.600011,华能国际
2017-12-31,2017-12-25,sh.600015,华夏银行
2017-12-31,2017-12-25,sh.600016,民生银行
2017-12-31,2017-12-25,sh.600018,上港集团
2017-12-31,2017-12-25,sh.600019,宝钢股份
2017-12-31,2017-12-25,sh.600021,上海电力
2017-12-31,2017-12-25,sh.600023,浙能电力
2017-12-31,2017-12-25,sh.600028,中国石化
2017-12-31,2017-12-25,sh.600029,南方航空
2017-12-31,2017-12-25,sh.600030,中信证券
2017-12-31,2017-12-25,sh.600031,三一重工
2017-12-31,2017-12-25,sh.600036,招商银行
2017-12-31,2017-12-25,sh.600038,中直股份
2017-12-31,2017-12-25,sh.600048,保利地产
2017-12-31,2017-12-25,sh.600050,中国联通
2017-12-31,2017-12-25,sh.600061,国投资本
2017-12-31,2017-12-25,sh.600066,宇通客车
2017-12-31,2017-12-25,sh.600068,葛洲坝
2017-12-31,2017-12-25,sh.600074,*ST保千
2017-12-31,2017-12-25,sh.600085,同仁堂
2017-12-31,2017-12-25,sh.600089,特变电工
2017-12-31,2017-12-25,sh.600100,同方股份
2017-12-31,2017-12-25,sh.600104,上汽集团
2017-12-31,2017-12-25,sh.600109,国金证券
2017-12-31,2017-12-25,sh.600111,北方稀土
2017-12-31,2017-12-25,sh.600115,东方航空
2017-12-31,2017-12-25,sh.600118,中国卫星
2017-12-31,2017-12-25,sh.600153,建发股份
2017-12-31,2017-12-25,sh.600157,永泰能源
2017-12-31,2017-12-25,sh.600170,上海建工
2017-12-31,2017-12-25,sh.600177,雅戈尔
2017-12-31,2017-12-25,sh.600188,兖州煤业
2017-12-31,2017-12-25,sh.600196,复星医药
2017-12-31,2017-12-25,sh.600208,新湖中宝
2017-12-31,2017-12-25,sh.600219,南山铝业
2017-12-31,2017-12-25,sh.600221,海航控股
2017-12-31,2017-12-25,sh.600233,圆通速递
2017-12-31,2017-12-25,sh.600271,航天信息
2017-12-31,2017-12-25,sh.600276,恒瑞医药
2017-12-31,2017-12-25,sh.600297,广汇汽车
2017-12-31,2017-12-25,sh.600309,万华化学
2017-12-31,2017-12-25,sh.600332,白云山
2017-12-31,2017-12-25,sh.600340,华夏幸福
2017-12-31,2017-12-25,sh.600352,浙江龙盛
2017-12-31,2017-12-25,sh.600362,江西铜业
2017-12-31,2017-12-25,sh.600369,西南证券
2017-12-31,2017-12-25,sh.600372,中航电子
2017-12-31,2017-12-25,sh.600373,中文传媒
2017-12-31,2017-12-25,sh.600376,首开股份
2017-12-31,2017-12-25,sh.600383,金地集团
2017-12-31,2017-12-25,sh.600390,五矿资本
2017-12-31,2017-12-25,sh.600406,国电南瑞
2017-12-31,2017-12-25,sh.600415,小商品城
2017-12-31,2017-12-25,sh.600436,片仔癀
2017-12-31,2017-12-25,sh.600482,中国动力
2017-12-31,2017-12-25,sh.600485,信威集团
2017-12-31,2017-12-25,sh.600489,中金黄金
2017-12-31,2017-12-25,sh.600498,烽火通信
2017-12-31,2017-12-25,sh.600518,康美药业
2017-12-31,2017-12-25,sh.600519,贵州茅台
2017-12-31,2017-12-25,sh.600522,中天科技
2017-12-31,2017-12-25,sh.600535,天士力
2017-12-31,2017-12-25,sh.600547,山东黄金
2017-12-31,2017-12-25,sh.600549,厦门钨业
2017-12-31,2017-12-25,sh.600570,恒生电子
2017-12-31,2017-12-25,sh.600583,海油工程
2017-12-31,2017-12-25,sh.600585,海螺水泥
2017-12-31,2017-12-25,sh.600588,用友网络
2017-12-31,2017-12-25,sh.600606,绿地控股
2017-12-31,2017-12-25,sh.600637,东方明珠
2017-12-31,2017-12-25,sh.600649,城投控股
2017-12-31,2017-12-25,sh.600660,福耀玻璃
2017-12-31,2017-12-25,sh.600663,陆家嘴
2017-12-31,2017-12-25,sh.600674,川投能源
2017-12-31,2017-12-25,sh.600682,南京新百
2017-12-31,2017-12-25,sh.600685,中船防务
2017-12-31,2017-12-25,sh.600688,上海石化
2017-12-31,2017-12-25,sh.600690,青岛海尔
2017-12-31,2017-12-25,sh.600703,三安光电
2017-12-31,2017-12-25,sh.600704,物产中大
2017-12-31,2017-12-25,sh.600705,中航资本
2017-12-31,2017-12-25,sh.600739,辽宁成大
2017-12-31,2017-12-25,sh.600741,华域汽车
2017-12-31,2017-12-25,sh.600795,国电电力
2017-12-31,2017-12-25,sh.600804,鹏博士
2017-12-31,2017-12-25,sh.600816,安信信托
2017-12-31,2017-12-25,sh.600820,隧道股份
2017-12-31,2017-12-25,sh.600827,百联股份
2017-12-31,2017-12-25,sh.600837,海通证券
2017-12-31,2017-12-25,sh.600871,*ST油服
2017-12-31,2017-12-25,sh.600886,国投电力
2017-12-31,2017-12-25,sh.600887,伊利股份
2017-12-31,2017-12-25,sh.600893,航发动力
2017-12-31,2017-12-25,sh.600895,张江高科
2017-12-31,2017-12-25,sh.600900,长江电力
2017-12-31,2017-12-25,sh.600909,华安证券
2017-12-31,2017-12-25,sh.600919,江苏银行
2017-12-31,2017-12-25,sh.600926,杭州银行
2017-12-31,2017-12-25,sh.600958,东方证券
2017-12-31,2017-12-25,sh.600959,江苏有线
2017-12-31,2017-12-25,sh.600977,中国电影
2017-12-31,2017-12-25,sh.600999,招商证券
2017-12-31,2017-12-25,sh.601006,大秦铁路
2017-12-31,2017-12-25,sh.601009,南京银行
2017-12-31,2017-12-25,sh.601012,隆基股份
2017-12-31,2017-12-25,sh.601018,宁波港
2017-12-31,2017-12-25,sh.601021,春秋航空
2017-12-31,2017-12-25,sh.601088,中国神华
2017-12-31,2017-12-25,sh.601099,太平洋
2017-12-31,2017-12-25,sh.601111,中国国航
2017-12-31,2017-12-25,sh.601117,中国化学
2017-12-31,2017-12-25,sh.601118,海南橡胶
2017-12-31,2017-12-25,sh.601155,新城控股
2017-12-31,2017-12-25,sh.601163,三角轮胎
2017-12-31,2017-12-25,sh.601166,兴业银行
2017-12-31,2017-12-25,sh.601169,北京银行
2017-12-31,2017-12-25,sh.601186,中国铁建
2017-12-31,2017-12-25,sh.601198,东兴证券
2017-12-31,2017-12-25,sh.601211,国泰君安
2017-12-31,2017-12-25,sh.601212,白银有色
2017-12-31,2017-12-25,sh.601216,君正集团
2017-12-31,2017-12-25,sh.601225,陕西煤业
2017-12-31,2017-12-25,sh.601228,广州港
2017-12-31,2017-12-25,sh.601229,上海银行
2017-12-31,2017-12-25,sh.601288,农业银行
2017-12-31,2017-12-25,sh.601318,中国平安
2017-12-31,2017-12-25,sh.601328,交通银行
2017-12-31,2017-12-25,sh.601333,广深铁路
2017-12-31,2017-12-25,sh.601336,新华保险
2017-12-31,2017-12-25,sh.601375,中原证券
2017-12-31,2017-12-25,sh.601377,兴业证券
2017-12-31,2017-12-25,sh.601390,中国中铁
2017-12-31,2017-12-25,sh.601398,工商银行
2017-12-31,2017-12-25,sh.601555,东吴证券
2017-12-31,2017-12-25,sh.601600,中国铝业
2017-12-31,2017-12-25,sh.601601,中国太保
2017-12-31,2017-12-25,sh.601607,上海医药
2017-12-31,2017-12-25,sh.601608,中信重工
2017-12-31,2017-12-25,sh.601611,中国核建
2017-12-31,2017-12-25,sh.601618,中国中冶
2017-12-31,2017-12-25,sh.601628,中国人寿
2017-12-31,2017-12-25,sh.601633,长城汽车
2017-12-31,2017-12-25,sh.601668,中国建筑
2017-12-31,2017-12-25,sh.601669,中国电建
2017-12-31,2017-12-25,sh.601688,华泰证券
2017-12-31,2017-12-25,sh.601718,际华集团
2017-12-31,2017-12-25,sh.601727,上海电气
2017-12-31,2017-12-25,sh.601766,中国中车
2017-12-31,2017-12-25,sh.601788,光大证券
2017-12-31,2017-12-25,sh.601800,中国交建
2017-12-31,2017-12-25,sh.601818,光大银行
2017-12-31,2017-12-25,sh.601857,中国石油
2017-12-31,2017-12-25,sh.601866,中远海发
2017-12-31,2017-12-25,sh.601872,招商轮船
2017-12-31,2017-12-25,sh.601877,正泰电器
2017-12-31,2017-12-25,sh.601878,浙商证券
2017-12-31,2017-12-25,sh.601881,中国银河
2017-12-31,2017-12-25,sh.601888,中国国旅
2017-12-31,2017-12-25,sh.601898,中煤能源
2017-12-31,2017-12-25,sh.601899,紫金矿业
2017-12-31,2017-12-25,sh.601901,方正证券
2017-12-31,2017-12-25,sh.601919,中远海控
2017-12-31,2017-12-25,sh.601933,永辉超市
2017-12-31,2017-12-25,sh.601939,建设银行
2017-12-31,2017-12-25,sh.601958,金钼股份
2017-12-31,2017-12-25,sh.601966,玲珑轮胎
2017-12-31,2017-12-25,sh.601985,中国核电
2017-12-31,2017-12-25,sh.601988,中国银行
2017-12-31,2017-12-25,sh.601989,中国重工
2017-12-31,2017-12-25,sh.601991,大唐发电
2017-12-31,2017-12-25,sh.601992,金隅集团
2017-12-31,2017-12-25,sh.601997,贵阳银行
2017-12-31,2017-12-25,sh.601998,中信银行
2017-12-31,2017-12-25,sh.603160,汇顶科技
2017-12-31,2017-12-25,sh.603799,华友钴业
2017-12-31,2017-12-25,sh.603833,欧派家居
2017-12-31,2017-12-25,sh.603858,步长制药
2017-12-31,2017-12-25,sh.603993,洛阳钼业
2017-12-31,2017-12-25,sz.000001,平安银行
2017-12-31,2017-12-25,sz.000002,万科A
2017-12-31,2017-12-25,sz.000008,神州高铁
2017-12-31,2017-12-25,sz.000060,中金岭南
2017-12-31,2017-12-25,sz.000063,中兴通讯
2017-12-31,2017-12-25,sz.000069,华侨城A
2017-12-31,2017-12-25,sz.000100,TCL集团
2017-12-31,2017-12-25,sz.000157,中联重科
2017-12-31,2017-12-25,sz.000166,申万宏源
2017-12-31,2017-12-25,sz.000333,美的集团
2017-12-31,2017-12-25,sz.000338,潍柴动力
2017-12-31,2017-12-25,sz.000402,金融街
2017-12-31,2017-12-25,sz.000413,东旭光电
2017-12-31,2017-12-25,sz.000415,渤海金控
2017-12-31,2017-12-25,sz.000423,东阿阿胶
2017-12-31,2017-12-25,sz.000425,徐工机械
2017-12-31,2017-12-25,sz.000503,国新健康
2017-12-31,2017-12-25,sz.000538,云南白药
2017-12-31,2017-12-25,sz.000540,中天金融
2017-12-31,2017-12-25,sz.000559,万向钱潮
2017-12-31,2017-12-25,sz.000568,泸州老窖
2017-12-31,2017-12-25,sz.000623,吉林敖东
2017-12-31,2017-12-25,sz.000625,长安汽车
2017-12-31,2017-12-25,sz.000627,天茂集团
2017-12-31,2017-12-25,sz.000630,铜陵有色
2017-12-31,2017-12-25,sz.000651,格力电器
2017-12-31,2017-12-25,sz.000671,阳光城
2017-12-31,2017-12-25,sz.000686,东北证券
2017-12-31,2017-12-25,sz.000709,河钢股份
2017-12-31,2017-12-25,sz.000723,美锦能源
2017-12-31,2017-12-25,sz.000725,京东方A
2017-12-31,2017-12-25,sz.000728,国元证券
2017-12-31,2017-12-25,sz.000738,航发控制
2017-12-31,2017-12-25,sz.000750,国海证券
2017-12-31,2017-12-25,sz.000768,中航飞机
2017-12-31,2017-12-25,sz.000776,广发证券
2017-12-31,2017-12-25,sz.000783,长江证券
2017-12-31,2017-12-25,sz.000792,盐湖股份
2017-12-31,2017-12-25,sz.000826,启迪桑德
2017-12-31,2017-12-25,sz.000839,中信国安
2017-12-31,2017-12-25,sz.000858,五粮液
2017-12-31,2017-12-25,sz.000876,新希望
2017-12-31,2017-12-25,sz.000895,双汇发展
2017-12-31,2017-12-25,sz.000898,鞍钢股份
2017-12-31,2017-12-25,sz.000938,紫光股份
2017-12-31,2017-12-25,sz.000959,首钢股份
2017-12-31,2017-12-25,sz.000961,中南建设
2017-12-31,2017-12-25,sz.000963,华东医药
2017-12-31,2017-12-25,sz.000983,西山煤电
2017-12-31,2017-12-25,sz.001979,招商蛇口
2017-12-31,2017-12-25,sz.002007,华兰生物
2017-12-31,2017-12-25,sz.002008,大族激光
2017-12-31,2017-12-25,sz.002024,苏宁易购
2017-12-31,2017-12-25,sz.002027,分众传媒
2017-12-31,2017-12-25,sz.002044,美年健康
2017-12-31,2017-12-25,sz.002065,东华软件
2017-12-31,2017-12-25,sz.002074,国轩高科
2017-12-31,2017-12-25,sz.002081,金螳螂
2017-12-31,2017-12-25,sz.002142,宁波银行
2017-12-31,2017-12-25,sz.002146,荣盛发展
2017-12-31,2017-12-25,sz.002153,石基信息
2017-12-31,2017-12-25,sz.002174,游族网络
2017-12-31,2017-12-25,sz.002202,金风科技
2017-12-31,2017-12-25,sz.002230,科大讯飞
2017-12-31,2017-12-25,sz.002236,大华股份
2017-12-31,2017-12-25,sz.002241,歌尔股份
2017-12-31,2017-12-25,sz.002252,上海莱士
2017-12-31,2017-12-25,sz.002292,奥飞娱乐
2017-12-31,2017-12-25,sz.002294,信立泰
2017-12-31,2017-12-25,sz.002304,洋河股份
2017-12-31,2017-12-25,sz.002310,东方园林
2017-12-31,2017-12-25,sz.002352,顺丰控股
2017-12-31,2017-12-25,sz.002385,大北农
2017-12-31,2017-12-25,sz.002411,必康股份
2017-12-31,2017-12-25,sz.002415,海康威视
2017-12-31,2017-12-25,sz.002424,贵州百灵
2017-12-31,2017-12-25,sz.002426,胜利精密
2017-12-31,2017-12-25,sz.002450,康得新
2017-12-31,2017-12-25,sz.002456,欧菲科技
2017-12-31,2017-12-25,sz.002460,赣锋锂业
2017-12-31,2017-12-25,sz.002465,海格通信
2017-12-31,2017-12-25,sz.002466,天齐锂业
2017-12-31,2017-12-25,sz.002468,申通快递
2017-12-31,2017-12-25,sz.002470,金正大
2017-12-31,2017-12-25,sz.002475,立讯精密
2017-12-31,2017-12-25,sz.002500,山西证券
2017-12-31,2017-12-25,sz.002508,老板电器
2017-12-31,2017-12-25,sz.002555,三七互娱
2017-12-31,2017-12-25,sz.002558,巨人网络
2017-12-31,2017-12-25,sz.002572,索菲亚
2017-12-31,2017-12-25,sz.002594,比亚迪
2017-12-31,2017-12-25,sz.002601,龙蟒佰利
2017-12-31,2017-12-25,sz.002602,世纪华通
2017-12-31,2017-12-25,sz.002608,江苏国信
2017-12-31,2017-12-25,sz.002624,完美世界
2017-12-31,2017-12-25,sz.002673,西部证券
2017-12-31,2017-12-25,sz.002714,牧原股份
2017-12-31,2017-12-25,sz.002736,国信证券
2017-12-31,2017-12-25,sz.002739,万达电影
2017-12-31,2017-12-25,sz.002797,第一创业
2017-12-31,2017-12-25,sz.002831,裕同科技
2017-12-31,2017-12-25,sz.002839,张家港行
2017-12-31,2017-12-25,sz.002841,视源股份
2017-12-31,2017-12-25,sz.300003,乐普医疗
2017-12-31,2017-12-25,sz.300015,爱尔眼科
2017-12-31,2017-12-25,sz.300017,网宿科技
2017-12-31,2017-12-25,sz.300024,机器人
2017-12-31,2017-12-25,sz.300027,华谊兄弟
2017-12-31,2017-12-25,sz.300033,同花顺
2017-12-31,2017-12-25,sz.300059,东方财富
2017-12-31,2017-12-25,sz.300070,碧水源
2017-12-31,2017-12-25,sz.300072,三聚环保
2017-12-31,2017-12-25,sz.300122,智飞生物
2017-12-31,2017-12-25,sz.300124,汇川技术
2017-12-31,2017-12-25,sz.300136,信维通信
2017-12-31,2017-12-25,sz.300144,宋城演艺
2017-12-31,2017-12-25,sz.300251,光线传媒
2017-12-31,2017-12-25,sz.300315,掌趣科技
2018-01-31,2018-01-29,sh.600000,浦发银行
2018-01-31,2018-01-29,sh.600008,首创股份
2018-01-31,2018-01-29,sh.600009,上海机场
2018-01-31,2018-01-29,sh.600010,包钢股份
2018-01-31,2018-01-29,sh.600011,华能国际
2018-01-31,2018-01-29,sh.600015,华夏银行
2018-01-31,2018-01-29,sh.600016,民生银行
2018-01-31,2018-01-29,sh.600018,上港集团
2018-01-31,2018-01-29,sh.600019,宝钢股份
2018-01-31,2018-01-29,sh.600021,上海电力
2018-01-31,2018-01-29,sh.600023,浙能电力
2018-01-31,2018-01-29,sh.600028,中国石化
2018-01-31,2018-01-29,sh.600029,南方航空
2018-01-31,2018-01-29,sh.600030,中信证券
2018-01-31,2018-01-29,sh.600031,三一重工
2018-01-31,2018-01-29,sh.600036,招商银行
2018-01-31,2018-01-29,sh.600038,中直股份
2018-01-31,2018-01-29,sh.600048,保利地产
2018-01-31,2018-01-29,sh.600050,中国联通
2018-01-31,2018-01-29,sh.600061,国投资本
2018-01-31,2018-01-29,sh.600066,宇通客车
2018-01-31,2018-01-29,sh.600068,葛洲坝
2018-01-31,2018-01-29,sh.600074,*ST保千
2018-01-31,2018-01-29,sh.600085,同仁堂
2018-01-31,2018-01-29,sh.600089,特变电工
2018-01-31,2018-01-29,sh.600100,同方股份
2018-01-31,2018-01-29,sh.600104,上汽集团
2018-01-31,2018-01-29,sh.600109,国金证券
2018-01-31,2018-01-29,sh.600111,北方稀土
2018-01-31,2018-01-29,sh.600115,东方航空
2018-01-31,2018-01-29,sh.600118,中国卫星
2018-01-31,2018-01-29,sh.600153,建发股份
2018-01-31,2018-01-29,sh.600157,永泰能源
2018-01-31,2018-01-29,sh.600170,上海建工
2018-01-31,2018-01-29,sh.600177,雅戈尔
2018-01-31,2018-01-29,sh.600188,兖州煤业
2018-01-31,2018-01-29,sh.600196,复星医药
2018-01-31,2018-01-29,sh.600208,新湖中宝
2018-01-31,2018-01-29,sh.600219,南山铝业
2018-01-31,2018-01-29,sh.600221,海航控股
2018-01-31,2018-01-29,sh.600233,圆通速递
2018-01-31,2018-01-29,sh.600271,航天信息
2018-01-31,2018-01-29,sh.600276,恒瑞医药
2018-01-31,2018-01-29,sh.600297,广汇汽车
2018-01-31,2018-01-29,sh.600309,万华化学
2018-01-31,2018-01-29,sh.600332,白云山
2018-01-31,2018-01-29,sh.600340,华夏幸福
2018-01-31,2018-01-29,sh.600352,浙江龙盛
2018-01-31,2018-01-29,sh.600362,江西铜业
2018-01-31,2018-01-29,sh.600369,西南证券
2018-01-31,2018-01-29,sh.600372,中航电子
2018-01-31,2018-01-29,sh.600373,中文传媒
2018-01-31,2018-01-29,sh.600376,首开股份
2018-01-31,2018-01-29,sh.600383,金地集团
2018-01-31,2018-01-29,sh.600390,五矿资本
2018-01-31,2018-01-29,sh.600406,国电南瑞
2018-01-31,2018-01-29,sh.600415,小商品城
2018-01-31,2018-01-29,sh.600436,片仔癀
2018-01-31,2018-01-29,sh.600482,中国动力
2018-01-31,2018-01-29,sh.600485,信威集团
2018-01-31,2018-01-29,sh.600489,中金黄金
2018-01-31,2018-01-29,sh.600498,烽火通信
2018-01-31,2018-01-29,sh.600518,康美药业
2018-01-31,2018-01-29,sh.600519,贵州茅台
2018-01-31,2018-01-29,sh.600522,中天科技
2018-01-31,2018-01-29,sh.600535,天士力
2018-01-31,2018-01-29,sh.600547,山东黄金
2018-01-31,2018-01-29,sh.600549,厦门钨业
2018-01-31,2018-01-29,sh.600570,恒生电子
2018-01-31,2018-01-29,sh.600583,海油工程
2018-01-31,2018-01-29,sh.600585,海螺水泥
2018-01-31,2018-01-29,sh.600588,用友网络
2018-01-31,2018-01-29,sh.600606,绿地控股
2018-01-31,2018-01-29,sh.600637,东方明珠
2018-01-31,2018-01-29,sh.600649,城投控股
2018-01-31,2018-01-29,sh.600660,福耀玻璃
2018-01-31,2018-01-29,sh.600663,陆家嘴
2018-01-31,2018-01-29,sh.600674,川投能源
2018-01-31,2018-01-29,sh.600682,南京新百
2018-01-31,2018-01-29,sh.600685,中船防务
2018-01-31,2018-01-29,sh.600688,上海石化
2018-01-31,2018-01-29,sh.600690,青岛海尔
2018-01-31,2018-01-29,sh.600703,三安光电
2018-01-31,2018-01-29,sh.600704,物产中大
2018-01-31,2018-01-29,sh.600705,中航资本
2018-01-31,2018-01-29,sh.600739,辽宁成大
2018-01-31,2018-01-29,sh.600741,华域汽车
2018-01-31,2018-01-29,sh.600795,国电电力
2018-01-31,2018-01-29,sh.600804,鹏博士
2018-01-31,2018-01-29,sh.600816,安信信托
2018-01-31,2018-01-29,sh.600820,隧道股份
2018-01-31,2018-01-29,sh.600827,百联股份
2018-01-31,2018-01-29,sh.600837,海通证券
2018-01-31,2018-01-29,sh.600871,*ST油服
2018-01-31,2018-01-29,sh.600886,国投电力
2018-01-31,2018-01-29,sh.600887,伊利股份
2018-01-31,2018-01-29,sh.600893,航发动力
2018-01-31,2018-01-29,sh.600895,张江高科
2018-01-31,2018-01-29,sh.600900,长江电力
2018-01-31,2018-01-29,sh.600909,华安证券
2018-01-31,2018-01-29,sh.600919,江苏银行
2018-01-31,2018-01-29,sh.600926,杭州银行
2018-01-31,2018-01-29,sh.600958,东方证券
2018-01-31,2018-01-29,sh.600959,江苏有线
2018-01-31,2018-01-29,sh.600977,中国电影
2018-01-31,2018-01-29,sh.600999,招商证券
2018-01-31,2018-01-29,sh.601006,大秦铁路
2018-01-31,2018-01-29,sh.601009,南京银行
2018-01-31,2018-01-29,sh.601012,隆基股份
2018-01-31,2018-01-29,sh.601018,宁波港
2018-01-31,2018-01-29,sh.601021,春秋航空
2018-01-31,2018-01-29,sh.601088,中国神华
2018-01-31,2018-01-29,sh.601099,太平洋
2018-01-31,2018-01-29,sh.601111,中国国航
2018-01-31,2018-01-29,sh.601117,中国化学
2018-01-31,2018-01-29,sh.601118,海南橡胶
2018-01-31,2018-01-29,sh.601155,新城控股
2018-01-31,2018-01-29,sh.601163,三角轮胎
2018-01-31,2018-01-29,sh.601166,兴业银行
2018-01-31,2018-01-29,sh.601169,北京银行
2018-01-31,2018-01-29,sh.601186,中国铁建
2018-01-31,2018-01-29,sh.601198,东兴证券
2018-01-31,2018-01-29,sh.601211,国泰君安
2018-01-31,2018-01-29,sh.601212,白银有色
2018-01-31,2018-01-29,sh.601216,君正集团
2018-01-31,2018-01-29,sh.601225,陕西煤业
2018-01-31,2018-01-29,sh.601228,广州港
2018-01-31,2018-01-29,sh.601229,上海银行
2018-01-31,2018-01-29,sh.601288,农业银行
2018-01-31,2018-01-29,sh.601318,中国平安
2018-01-31,2018-01-29,sh.601328,交通银行
2018-01-31,2018-01-29,sh.601333,广深铁路
2018-01-31,2018-01-29,sh.601336,新华保险
2018-01-31,2018-01-29,sh.601375,中原证券
2018-01-31,2018-01-29,sh.601377,兴业证券
2018-01-31,2018-01-29,sh.601390,中国中铁
2018-01-31,2018-01-29,sh.601398,工商银行
2018-01-31,2018-01-29,sh.601555,东吴证券
2018-01-31,2018-01-29,sh.601600,中国铝业
2018-01-31,2018-01-29,sh.601601,中国太保
2018-01-31,2018-01-29,sh.601607,上海医药
2018-01-31,2018-01-29,sh.601608,中信重工
2018-01-31,2018-01-29,sh.601611,中国核建
2018-01-31,2018-01-29,sh.601618,中国中冶
2018-01-31,2018-01-29,sh.601628,中国人寿
2018-01-31,2018-01-29,sh.601633,长城汽车
2018-01-31,2018-01-29,sh.601668,中国建筑
2018-01-31,2018-01-29,sh.601669,中国电建
2018-01-31,2018-01-29,sh.601688,华泰证券
2018-01-31,2018-01-29,sh.601718,际华集团
2018-01-31,2018-01-29,sh.601727,上海电气
2018-01-31,2018-01-29,sh.601766,中国中车
2018-01-31,2018-01-29,sh.601788,光大证券
2018-01-31,2018-01-29,sh.601800,中国交建
2018-01-31,2018-01-29,sh.601818,光大银行
2018-01-31,2018-01-29,sh.601857,中国石油
2018-01-31,2018-01-29,sh.601866,中远海发
2018-01-31,2018-01-29,sh.601872,招商轮船
2018-01-31,2018-01-29,sh.601877,正泰电器
2018-01-31,2018-01-29,sh.601878,浙商证券
2018-01-31,2018-01-29,sh.601881,中国银河
2018-01-31,2018-01-29,sh.601888,中国国旅
2018-01-31,2018-01-29,sh.601898,中煤能源
2018-01-31,2018-01-29,sh.601899,紫金矿业
2018-01-31,2018-01-29,sh.601901,方正证券
2018-01-31,2018-01-29,sh.601919,中远海控
2018-01-31,2018-01-29,sh.601933,永辉超市
2018-01-31,2018-01-29,sh.601939,建设银行
2018-01-31,2018-01-29,sh.601958,金钼股份
2018-01-31,2018-01-29,sh.601966,玲珑轮胎
2018-01-31,2018-01-29,sh.601985,中国核电
2018-01-31,2018-01-29,sh.601988,中国银行
2018-01-31,2018-01-29,sh.601989,中国重工
2018-01-31,2018-01-29,sh.601991,大唐发电
2018-01-31,2018-01-29,sh.601992,金隅集团
2018-01-31,2018-01-29,sh.601997,贵阳银行
2018-01-31,2018-01-29,sh.601998,中信银行
2018-01-31,2018-01-29,sh.603160,汇顶科技
2018-01-31,2018-01-29,sh.603799,华友钴业
2018-01-31,2018-01-29,sh.603833,欧派家居
2018-01-31,2018-01-29,sh.603858,步长制药
2018-01-31,2018-01-29,sh.603993,洛阳钼业
2018-01-31,2018-01-29,sz.000001,平安银行
2018-01-31,2018-01-29,sz.000002,万科A
2018-01-31,2018-01-29,sz.000008,神州高铁
2018-01-31,2018-01-29,sz.000060,中金岭南
2018-01-31,2018-01-29,sz.000063,中兴通讯
2018-01-31,2018-01-29,sz.000069,华侨城A
2018-01-31,2018-01-29,sz.000100,TCL集团
2018-01-31,2018-01-29,sz.000157,中联重科
2018-01-31,2018-01-29,sz.000166,申万宏源
2018-01-31,2018-01-29,sz.000333,美的集团
2018-01-31,2018-01-29,sz.000338,潍柴动力
2018-01-31,2018-01-29,sz.000402,金融街
2018-01-31,2018-01-29,sz.000413,东旭光电
2018-01-31,2018-01-29,sz.000415,渤海金控
2018-01-31,2018-01-29,sz.000423,东阿阿胶
2018-01-31,2018-01-29,sz.000425,徐工机械
2018-01-31,2018-01-29,sz.000503,国新健康
2018-01-31,2018-01-29,sz.000538,云南白药
2018-01-31,2018-01-29,sz.000540,中天金融
2018-01-31,2018-01-29,sz.000559,万向钱潮
2018-01-31,2018-01-29,sz.000568,泸州老窖
2018-01-31,2018-01-29,sz.000623,吉林敖东
2018-01-31,2018-01-29,sz.000625,长安汽车
2018-01-31,2018-01-29,sz.000627,天茂集团
2018-01-31,2018-01-29,sz.000630,铜陵有色
2018-01-31,2018-01-29,sz.000651,格力电器
2018-01-31,2018-01-29,sz.000671,阳光城
2018-01-31,2018-01-29,sz.000686,东北证券
2018-01-31,2018-01-29,sz.000709,河钢股份
2018-01-31,2018-01-29,sz.000723,美锦能源
2018-01-31,2018-01-29,sz.000725,京东方A
2018-01-31,2018-01-29,sz.000728,国元证券
2018-01-31,2018-01-29,sz.000738,航发控制
2018-01-31,2018-01-29,sz.000750,国海证券
2018-01-31,2018-01-29,sz.000768,中航飞机
2018-01-31,2018-01-29,sz.000776,广发证券
2018-01-31,2018-01-29,sz.000783,长江证券
2018-01-31,2018-01-29,sz.000792,盐湖股份
2018-01-31,2018-01-29,sz.000826,启迪桑德
2018-01-31,2018-01-29,sz.000839,中信国安
2018-01-31,2018-01-29,sz.000858,五粮液
2018-01-31,2018-01-29,sz.000876,新希望
2018-01-31,2018-01-29,sz.000895,双汇发展
2018-01-31,2018-01-29,sz.000898,鞍钢股份
2018-01-31,2018-01-29,sz.000938,紫光股份
2018-01-31,2018-01-29,sz.000959,首钢股份
2018-01-31,2018-01-29,sz.000961,中南建设
2018-01-31,2018-01-29,sz.000963,华东医药
2018-01-31,2018-01-29,sz.000983,西山煤电
2018-01-31,2018-01-29,sz.001979,招商蛇口
2018-01-31,2018-01-29,sz.002007,华兰生物
2018-01-31,2018-01-29,sz.002008,大族激光
2018-01-31,2018-01-29,sz.002024,苏宁易购
2018-01-31,2018-01-29,sz.002027,分众传媒
2018-01-31,2018-01-29,sz.002044,美年健康
2018-01-31,2018-01-29,sz.002065,东华软件
2018-01-31,2018-01-29,sz.002074,国轩高科
2018-01-31,2018-01-29,sz.002081,金螳螂
2018-01-31,2018-01-29,sz.002142,宁波银行
2018-01-31,2018-01-29,sz.002146,荣盛发展
2018-01-31,2018-01-29,sz.002153,石基信息
2018-01-31,2018-01-29,sz.002174,游族网络
2018-01-31,2018-01-29,sz.002202,金风科技
2018-01-31,2018-01-29,sz.002230,科大讯飞
2018-01-31,2018-01-29,sz.002236,大华股份
2018-01-31,2018-01-29,sz.002241,歌尔股份
2018-01-31,2018-01-29,sz.002252,上海莱士
2018-01-31,2018-01-29,sz.002292,奥飞娱乐
2018-01-31,2018-01-29,sz.002294,信立泰
2018-01-31,2018-01-29,sz.002304,洋河股份
2018-01-31,2018-01-29,sz.002310,东方园林
2018-01-31,2018-01-29,sz.002352,顺丰控股
2018-01-31,2018-01-29,sz.002385,大北农
2018-01-31,2018-01-29,sz.002411,必康股份
2018-01-31,2018-01-29,sz.002415,海康威视
2018-01-31,2018-01-29,sz.002424,贵州百灵
2018-01-31,2018-01-29,sz.002426,胜利精密
2018-01-31,2018-01-29,sz.002450,康得新
2018-01-31,2018-01-29,sz.002456,欧菲科技
2018-01-31,2018-01-29,sz.002460,赣锋锂业
2018-01-31,2018-01-29,sz.002465,海格通信
2018-01-31,2018-01-29,sz.002466,天齐锂业
2018-01-31,2018-01-29,sz.002468,申通快递
2018-01-31,2018-01-29,sz.002470,金正大
2018-01-31,2018-01-29,sz.002475,立讯精密
2018-01-31,2018-01-29,sz.002500,山西证券
2018-01-31,2018-01-29,sz.002508,老板电器
2018-01-31,2018-01-29,sz.002555,三七互娱
2018-01-31,2018-01-29,sz.002558,巨人网络
2018-01-31,2018-01-29,sz.002572,索菲亚
2018-01-31,2018-01-29,sz.002594,比亚迪
2018-01-31,2018-01-29,sz.002601,龙蟒佰利
2018-01-31,2018-01-29,sz.002602,世纪华通
2018-01-31,2018-01-29,sz.002608,江苏国信
2018-01-31,2018-01-29,sz.002624,完美世界
2018-01-31,2018-01-29,sz.002673,西部证券
2018-01-31,2018-01-29,sz.002714,牧原股份
2018-01-31,2018-01-29,sz.002736,国信证券
2018-01-31,2018-01-29,sz.002739,万达电影
2018-01-31,2018-01-29,sz.002797,第一创业
2018-01-31,2018-01-29,sz.002831,裕同科技
2018-01-31,2018-01-29,sz.002839,张家港行
2018-01-31,2018-01-29,sz.002841,视源股份
2018-01-31,2018-01-29,sz.300003,乐普医疗
2018-01-31,2018-01-29,sz.300015,爱尔眼科
2018-01-31,2018-01-29,sz.300017,网宿科技
2018-01-31,2018-01-29,sz.300024,机器人
2018-01-31,2018-01-29,sz.300027,华谊兄弟
2018-01-31,2018-01-29,sz.300033,同花顺
2018-01-31,2018-01-29,sz.300059,东方财富
2018-01-31,2018-01-29,sz.300070,碧水源
2018-01-31,2018-01-29,sz.300072,三聚环保
2018-01-31,2018-01-29,sz.300122,智飞生物
2018-01-31,2018-01-29,sz.300124,汇川技术
2018-01-31,2018-01-29,sz.300136,信维通信
2018-01-31,2018-01-29,sz.300144,宋城演艺
2018-01-31,2018-01-29,sz.300251,光线传媒
2018-01-31,2018-01-29,sz.300315,掌趣科技
2018-02-28,2018-02-26,sh.600000,浦发银行
2018-02-28,2018-02-26,sh.600008,首创股份
2018-02-28,2018-02-26,sh.600009,上海机场
2018-02-28,2018-02-26,sh.600010,包钢股份
2018-02-28,2018-02-26,sh.600011,华能国际
2018-02-28,2018-02-26,sh.600015,华夏银行
2018-02-28,2018-02-26,sh.600016,民生银行
2018-02-28,2018-02-26,sh.600018,上港集团
2018-02-28,2018-02-26,sh.600019,宝钢股份
2018-02-28,2018-02-26,sh.600021,上海电力
2018-02-28,2018-02-26,sh.600023,浙能电力
2018-02-28,2018-02-26,sh.600028,中国石化
2018-02-28,2018-02-26,sh.600029,南方航空
2018-02-28,2018-02-26,sh.600030,中信证券
2018-02-28,2018-02-26,sh.600031,三一重工
2018-02-28,2018-02-26,sh.600036,招商银行
2018-02-28,2018-02-26,sh.600038,中直股份
2018-02-28,2018-02-26,sh.600048,保利地产
2018-02-28,2018-02-26,sh.600050,中国联通
2018-02-28,2018-02-26,sh.600061,国投资本
2018-02-28,2018-02-26,sh.600066,宇通客车
2018-02-28,2018-02-26,sh.600068,葛洲坝
2018-02-28,2018-02-26,sh.600074,*ST保千
2018-02-28,2018-02-26,sh.600085,同仁堂
2018-02-28,2018-02-26,sh.600089,特变电工
2018-02-28,2018-02-26,sh.600100,同方股份
2018-02-28,2018-02-26,sh.600104,上汽集团
2018-02-28,2018-02-26,sh.600109,国金证券
2018-02-28,2018-02-26,sh.600111,北方稀土
2018-02-28,2018-02-26,sh.600115,东方航空
2018-02-28,2018-02-26,sh.600118,中国卫星
2018-02-28,2018-02-26,sh.600153,建发股份
2018-02-28,2018-02-26,sh.600157,永泰能源
2018-02-28,2018-02-26,sh.600170,上海建工
2018-02-28,2018-02-26,sh.600177,雅戈尔
2018-02-28,2018-02-26,sh.600188,兖州煤业
2018-02-28,2018-02-26,sh.600196,复星医药
2018-02-28,2018-02-26,sh.600208,新湖中宝
2018-02-28,2018-02-26,sh.600219,南山铝业
2018-02-28,2018-02-26,sh.600221,海航控股
2018-02-28,2018-02-26,sh.600233,圆通速递
2018-02-28,2018-02-26,sh.600271,航天信息
2018-02-28,2018-02-26,sh.600276,恒瑞医药
2018-02-28,2018-02-26,sh.600297,广汇汽车
2018-02-28,2018-02-26,sh.600309,万华化学
2018-02-28,2018-02-26,sh.600332,白云山
2018-02-28,2018-02-26,sh.600340,华夏幸福
2018-02-28,2018-02-26,sh.600352,浙江龙盛
2018-02-28,2018-02-26,sh.600362,江西铜业
2018-02-28,2018-02-26,sh.600369,西南证券
2018-02-28,2018-02-26,sh.600372,中航电子
2018-02-28,2018-02-26,sh.600373,中文传媒
2018-02-28,2018-02-26,sh.600376,首开股份
2018-02-28,2018-02-26,sh.600383,金地集团
2018-02-28,2018-02-26,sh.600390,五矿资本
2018-02-28,2018-02-26,sh.600406,国电南瑞
2018-02-28,2018-02-26,sh.600415,小商品城
2018-02-28,2018-02-26,sh.600436,片仔癀
2018-02-28,2018-02-26,sh.600482,中国动力
2018-02-28,2018-02-26,sh.600485,信威集团
2018-02-28,2018-02-26,sh.600489,中金黄金
2018-02-28,2018-02-26,sh.600498,烽火通信
2018-02-28,2018-02-26,sh.600518,康美药业
2018-02-28,2018-02-26,sh.600519,贵州茅台
2018-02-28,2018-02-26,sh.600522,中天科技
2018-02-28,2018-02-26,sh.600535,天士力
2018-02-28,2018-02-26,sh.600547,山东黄金
2018-02-28,2018-02-26,sh.600549,厦门钨业
2018-02-28,2018-02-26,sh.600570,恒生电子
2018-02-28,2018-02-26,sh.600583,海油工程
2018-02-28,2018-02-26,sh.600585,海螺水泥
2018-02-28,2018-02-26,sh.600588,用友网络
2018-02-28,2018-02-26,sh.600606,绿地控股
2018-02-28,2018-02-26,sh.600637,东方明珠
2018-02-28,2018-02-26,sh.600649,城投控股
2018-02-28,2018-02-26,sh.600660,福耀玻璃
2018-02-28,2018-02-26,sh.600663,陆家嘴
2018-02-28,2018-02-26,sh.600674,川投能源
2018-02-28,2018-02-26,sh.600682,南京新百
2018-02-28,2018-02-26,sh.600685,中船防务
2018-02-28,2018-02-26,sh.600688,上海石化
2018-02-28,2018-02-26,sh.600690,青岛海尔
2018-02-28,2018-02-26,sh.600703,三安光电
2018-02-28,2018-02-26,sh.600704,物产中大
2018-02-28,2018-02-26,sh.600705,中航资本
2018-02-28,2018-02-26,sh.600739,辽宁成大
2018-02-28,2018-02-26,sh.600741,华域汽车
2018-02-28,2018-02-26,sh.600795,国电电力
2018-02-28,2018-02-26,sh.600804,鹏博士
2018-02-28,2018-02-26,sh.600816,安信信托
2018-02-28,2018-02-26,sh.600820,隧道股份
2018-02-28,2018-02-26,sh.600827,百联股份
2018-02-28,2018-02-26,sh.600837,海通证券
2018-02-28,2018-02-26,sh.600871,*ST油服
2018-02-28,2018-02-26,sh.600886,国投电力
2018-02-28,2018-02-26,sh.600887,伊利股份
2018-02-28,2018-02-26,sh.600893,航发动力
2018-02-28,2018-02-26,sh.600895,张江高科
2018-02-28,2018-02-26,sh.600900,长江电力
2018-02-28,2018-02-26,sh.600909,华安证券
2018-02-28,2018-02-26,sh.600919,江苏银行
2018-02-28,2018-02-26,sh.600926,杭州银行
2018-02-28,2018-02-26,sh.600958,东方证券
2018-02-28,2018-02-26,sh.600959,江苏有线
2018-02-28,2018-02-26,sh.600977,中国电影
2018-02-28,2018-02-26,sh.600999,招商证券
2018-02-28,2018-02-26,sh.601006,大秦铁路
2018-02-28,2018-02-26,sh.601009,南京银行
2018-02-28,2018-02-26,sh.601012,隆基股份
2018-02-28,2018-02-26,sh.601018,宁波港
2018-02-28,2018-02-26,sh.601021,春秋航空
2018-02-28,2018-02-26,sh.601088,中国神华
2018-02-28,2018-02-26,sh.601099,太平洋
2018-02-28,2018-02-26,sh.601111,中国国航
2018-02-28,2018-02-26,sh.601117,中国化学
2018-02-28,2018-02-26,sh.601118,海南橡胶
2018-02-28,2018-02-26,sh.601155,新城控股
2018-02-28,2018-02-26,sh.601163,三角轮胎
2018-02-28,2018-02-26,sh.601166,兴业银行
2018-02-28,2018-02-26,sh.601169,北京银行
2018-02-28,2018-02-26,sh.601186,中国铁建
2018-02-28,2018-02-26,sh.601198,东兴证券
2018-02-28,2018-02-26,sh.601211,国泰君安
2018-02-28,2018-02-26,sh.601212,白银有色
2018-02-28,2018-02-26,sh.601216,君正集团
2018-02-28,2018-02-26,sh.601225,陕西煤业
2018-02-28,2018-02-26,sh.601228,广州港
2018-02-28,2018-02-26,sh.601229,上海银行
2018-02-28,2018-02-26,sh.601288,农业银行
2018-02-28,2018-02-26,sh.601318,中国平安
2018-02-28,2018-02-26,sh.601328,交通银行
2018-02-28,2018-02-26,sh.601333,广深铁路
2018-02-28,2018-02-26,sh.601336,新华保险
2018-02-28,2018-02-26,sh.601375,中原证券
2018-02-28,2018-02-26,sh.601377,兴业证券
2018-02-28,2018-02-26,sh.601390,中国中铁
2018-02-28,2018-02-26,sh.601398,工商银行
2018-02-28,2018-02-26,sh.601555,东吴证券
2018-02-28,2018-02-26,sh.601600,中国铝业
2018-02-28,2018-02-26,sh.601601,中国太保
2018-02-28,2018-02-26,sh.601607,上海医药
2018-02-28,2018-02-26,sh.601608,中信重工
2018-02-28,2018-02-26,sh.601611,中国核建
2018-02-28,2018-02-26,sh.601618,中国中冶
2018-02-28,2018-02-26,sh.601628,中国人寿
2018-02-28,2018-02-26,sh.601633,长城汽车
2018-02-28,2018-02-26,sh.601668,中国建筑
2018-02-28,2018-02-26,sh.601669,中国电建
2018-02-28,2018-02-26,sh.601688,华泰证券
2018-02-28,2018-02-26,sh.601718,际华集团
2018-02-28,2018-02-26,sh.601727,上海电气
2018-02-28,2018-02-26,sh.601766,中国中车
2018-02-28,2018-02-26,sh.601788,光大证券
2018-02-28,2018-02-26,sh.601800,中国交建
2018-02-28,2018-02-26,sh.601818,光大银行
2018-02-28,2018-02-26,sh.601857,中国石油
2018-02-28,2018-02-26,sh.601866,中远海发
2018-02-28,2018-02-26,sh.601872,招商轮船
2018-02-28,2018-02-26,sh.601877,正泰电器
2018-02-28,2018-02-26,sh.601878,浙商证券
2018-02-28,2018-02-26,sh.601881,中国银河
2018-02-28,2018-02-26,sh.601888,中国国旅
2018-02-28,2018-02-26,sh.601898,中煤能源
2018-02-28,2018-02-26,sh.601899,紫金矿业
2018-02-28,2018-02-26,sh.601901,方正证券
2018-02-28,2018-02-26,sh.601919,中远海控
2018-02-28,2018-02-26,sh.601933,永辉超市
2018-02-28,2018-02-26,sh.601939,建设银行
2018-02-28,2018-02-26,sh.601958,金钼股份
2018-02-28,2018-02-26,sh.601966,玲珑轮胎
2018-02-28,2018-02-26,sh.601985,中国核电
2018-02-28,2018-02-26,sh.601988,中国银行
2018-02-28,2018-02-26,sh.601989,中国重工
2018-02-28,2018-02-26,sh.601991,大唐发电
2018-02-28,2018-02-26,sh.601992,金隅集团
2018-02-28,2018-02-26,sh.601997,贵阳银行
2018-02-28,2018-02-26,sh.601998,中信银行
2018-02-28,2018-02-26,sh.603160,汇顶科技
2018-02-28,2018-02-26,sh.603799,华友钴业
2018-02-28,2018-02-26,sh.603833,欧派家居
2018-02-28,2018-02-26,sh.603858,步长制药
2018-02-28,2018-02-26,sh.603993,洛阳钼业
2018-02-28,2018-02-26,sz.000001,平安银行
2018-02-28,2018-02-26,sz.000002,万科A
2018-02-28,2018-02-26,sz.000008,神州高铁
2018-02-28,2018-02-26,sz.000060,中金岭南
2018-02-28,2018-02-26,sz.000063,中兴通讯
2018-02-28,2018-02-26,sz.000069,华侨城A
2018-02-28,2018-02-26,sz.000100,TCL集团
2018-02-28,2018-02-26,sz.000157,中联重科
2018-02-28,2018-02-26,sz.000166,申万宏源
2018-02-28,2018-02-26,sz.000333,美的集团
2018-02-28,2018-02-26,sz.000338,潍柴动力
2018-02-28,2018-02-26,sz.000402,金融街
2018-02-28,2018-02-26,sz.000413,东旭光电
2018-02-28,2018-02-26,sz.000415,渤海金控
2018-02-28,2018-02-26,sz.000423,东阿阿胶
2018-02-28,2018-02-26,sz.000425,徐工机械
2018-02-28,2018-02-26,sz.000503,国新健康
2018-02-28,2018-02-26,sz.000538,云南白药
2018-02-28,2018-02-26,sz.000540,中天金融
2018-02-28,2018-02-26,sz.000559,万向钱潮
2018-02-28,2018-02-26,sz.000568,泸州老窖
2018-02-28,2018-02-26,sz.000623,吉林敖东
2018-02-28,2018-02-26,sz.000625,长安汽车
2018-02-28,2018-02-26,sz.000627,天茂集团
2018-02-28,2018-02-26,sz.000630,铜陵有色
2018-02-28,2018-02-26,sz.000651,格力电器
2018-02-28,2018-02-26,sz.000671,阳光城
2018-02-28,2018-02-26,sz.000686,东北证券
2018-02-28,2018-02-26,sz.000709,河钢股份
2018-02-28,2018-02-26,sz.000723,美锦能源
2018-02-28,2018-02-26,sz.000725,京东方A
2018-02-28,2018-02-26,sz.000728,国元证券
2018-02-28,2018-02-26,sz.000738,航发控制
2018-02-28,2018-02-26,sz.000750,国海证券
2018-02-28,2018-02-26,sz.000768,中航飞机
2018-02-28,2018-02-26,sz.000776,广发证券
2018-02-28,2018-02-26,sz.000783,长江证券
2018-02-28,2018-02-26,sz.000792,盐湖股份
2018-02-28,2018-02-26,sz.000826,启迪桑德
2018-02-28,2018-02-26,sz.000839,中信国安
2018-02-28,2018-02-26,sz.000858,五粮液
2018-02-28,2018-02-26,sz.000876,新希望
2018-02-28,2018-02-26,sz.000895,双汇发展
2018-02-28,2018-02-26,sz.000898,鞍钢股份
2018-02-28,2018-02-26,sz.000938,紫光股份
2018-02-28,2018-02-26,sz.000959,首钢股份
2018-02-28,2018-02-26,sz.000961,中南建设
2018-02-28,2018-02-26,sz.000963,华东医药
2018-02-28,2018-02-26,sz.000983,西山煤电
2018-02-28,2018-02-26,sz.001979,招商蛇口
2018-02-28,2018-02-26,sz.002007,华兰生物
2018-02-28,2018-02-26,sz.002008,大族激光
2018-02-28,2018-02-26,sz.002024,苏宁易购
2018-02-28,2018-02-26,sz.002027,分众传媒
2018-02-28,2018-02-26,sz.002044,美年健康
2018-02-28,2018-02-26,sz.002065,东华软件
2018-02-28,2018-02-26,sz.002074,国轩高科
2018-02-28,2018-02-26,sz.002081,金螳螂
2018-02-28,2018-02-26,sz.002142,宁波银行
2018-02-28,2018-02-26,sz.002146,荣盛发展
2018-02-28,2018-02-26,sz.002153,石基信息
2018-02-28,2018-02-26,sz.002174,游族网络
2018-02-28,2018-02-26,sz.002202,金风科技
2018-02-28,2018-02-26,sz.002230,科大讯飞
2018-02-28,2018-02-26,sz.002236,大华股份
2018-02-28,2018-02-26,sz.002241,歌尔股份
2018-02-28,2018-02-26,sz.002252,上海莱士
2018-02-28,2018-02-26,sz.002292,奥飞娱乐
2018-02-28,2018-02-26,sz.002294,信立泰
2018-02-28,2018-02-26,sz.002304,洋河股份
2018-02-28,2018-02-26,sz.002310,东方园林
2018-02-28,2018-02-26,sz.002352,顺丰控股
2018-02-28,2018-02-26,sz.002385,大北农
2018-02-28,2018-02-26,sz.002411,必康股份
2018-02-28,2018-02-26,sz.002415,海康威视
2018-02-28,2018-02-26,sz.002424,贵州百灵
2018-02-28,2018-02-26,sz.002426,胜利精密
2018-02-28,2018-02-26,sz.002450,康得新
2018-02-28,2018-02-26,sz.002456,欧菲科技
2018-02-28,2018-02-26,sz.002460,赣锋锂业
2018-02-28,2018-02-26,sz.002465,海格通信
2018-02-28,2018-02-26,sz.002466,天齐锂业
2018-02-28,2018-02-26,sz.002468,申通快递
2018-02-28,2018-02-26,sz.002470,金正大
2018-02-28,2018-02-26,sz.002475,立讯精密
2018-02-28,2018-02-26,sz.002500,山西证券
2018-02-28,2018-02-26,sz.002508,老板电器
2018-02-28,2018-02-26,sz.002555,三七互娱
2018-02-28,2018-02-26,sz.002558,巨人网络
2018-02-28,2018-02-26,sz.002572,索菲亚
2018-02-28,2018-02-26,sz.002594,比亚迪
2018-02-28,2018-02-26,sz.002601,龙蟒佰利
2018-02-28,2018-02-26,sz.002602,世纪华通
2018-02-28,2018-02-26,sz.002608,江苏国信
2018-02-28,2018-02-26,sz.002624,完美世界
2018-02-28,2018-02-26,sz.002673,西部证券
2018-02-28,2018-02-26,sz.002714,牧原股份
2018-02-28,2018-02-26,sz.002736,国信证券
2018-02-28,2018-02-26,sz.002739,万达电影
2018-02-28,2018-02-26,sz.002797,第一创业
2018-02-28,2018-02-26,sz.002831,裕同科技
2018-02-28,2018-02-26,sz.002839,张家港行
2018-02-28,2018-02-26,sz.002841,视源股份
2018-02-28,2018-02-26,sz.300003,乐普医疗
2018-02-28,2018-02-26,sz.300015,爱尔眼科
2018-02-28,2018-02-26,sz.300017,网宿科技
2018-02-28,2018-02-26,sz.300024,机器人
2018-02-28,2018-02-26,sz.300027,华谊兄弟
2018-02-28,2018-02-26,sz.300033,同花顺
2018-02-28,2018-02-26,sz.300059,东方财富
2018-02-28,2018-02-26,sz.300070,碧水源
2018-02-28,2018-02-26,sz.300072,三聚环保
2018-02-28,2018-02-26,sz.300122,智飞生物
2018-02-28,2018-02-26,sz.300124,汇川技术
2018-02-28,2018-02-26,sz.300136,信维通信
2018-02-28,2018-02-26,sz.300144,宋城演艺
2018-02-28,2018-02-26,sz.300251,光线传媒
2018-02-28,2018-02-26,sz.300315,掌趣科技
2018-03-31,2018-03-26,sh.600000,浦发银行
2018-03-31,2018-03-26,sh.600008,首创股份
2018-03-31,2018-03-26,sh.600009,上海机场
2018-03-31,2018-03-26,sh.600010,包钢股份
2018-03-31,2018-03-26,sh.600011,华能国际
2018-03-31,2018-03-26,sh.600015,华夏银行
2018-03-31,2018-03-26,sh.600016,民生银行
2018-03-31,2018-03-26,sh.600018,上港集团
2018-03-31,2018-03-26,sh.600019,宝钢股份
2018-03-31,2018-03-26,sh.600021,上海电力
2018-03-31,2018-03-26,sh.600023,浙能电力
2018-03-31,2018-03-26,sh.600028,中国石化
2018-03-31,2018-03-26,sh.600029,南方航空
2018-03-31,2018-03-26,sh.600030,中信证券
2018-03-31,2018-03-26,sh.600031,三一重工
2018-03-31,2018-03-26,sh.600036,招商银行
2018-03-31,2018-03-26,sh.600038,中直股份
2018-03-31,2018-03-26,sh.600048,保利地产
2018-03-31,2018-03-26,sh.600050,中国联通
2018-03-31,2018-03-26,sh.600061,国投资本
2018-03-31,2018-03-26,sh.600066,宇通客车
2018-03-31,2018-03-26,sh.600068,葛洲坝
2018-03-31,2018-03-26,sh.600074,*ST保千
2018-03-31,2018-03-26,sh.600085,同仁堂
2018-03-31,2018-03-26,sh.600089,特变电工
2018-03-31,2018-03-26,sh.600100,同方股份
2018-03-31,2018-03-26,sh.600104,上汽集团
2018-03-31,2018-03-26,sh.600109,国金证券
2018-03-31,2018-03-26,sh.600111,北方稀土
2018-03-31,2018-03-26,sh.600115,东方航空
2018-03-31,2018-03-26,sh.600118,中国卫星
2018-03-31,2018-03-26,sh.600153,建发股份
2018-03-31,2018-03-26,sh.600157,永泰能源
2018-03-31,2018-03-26,sh.600170,上海建工
2018-03-31,2018-03-26,sh.600177,雅戈尔
2018-03-31,2018-03-26,sh.600188,兖州煤业
2018-03-31,2018-03-26,sh.600196,复星医药
2018-03-31,2018-03-26,sh.600208,新湖中宝
2018-03-31,2018-03-26,sh.600219,南山铝业
2018-03-31,2018-03-26,sh.600221,海航控股
2018-03-31,2018-03-26,sh.600233,圆通速递
2018-03-31,2018-03-26,sh.600271,航天信息
2018-03-31,2018-03-26,sh.600276,恒瑞医药
2018-03-31,2018-03-26,sh.600297,广汇汽车
2018-03-31,2018-03-26,sh.600309,万华化学
2018-03-31,2018-03-26,sh.600332,白云山
2018-03-31,2018-03-26,sh.600340,华夏幸福
2018-03-31,2018-03-26,sh.600352,浙江龙盛
2018-03-31,2018-03-26,sh.600362,江西铜业
2018-03-31,2018-03-26,sh.600369,西南证券
2018-03-31,2018-03-26,sh.600372,中航电子
2018-03-31,2018-03-26,sh.600373,中文传媒
2018-03-31,2018-03-26,sh.600376,首开股份
2018-03-31,2018-03-26,sh.600383,金地集团
2018-03-31,2018-03-26,sh.600390,五矿资本
2018-03-31,2018-03-26,sh.600406,国电南瑞
2018-03-31,2018-03-26,sh.600415,小商品城
2018-03-31,2018-03-26,sh.600436,片仔癀
2018-03-31,2018-03-26,sh.600482,中国动力
2018-03-31,2018-03-26,sh.600485,信威集团
2018-03-31,2018-03-26,sh.600489,中金黄金
2018-03-31,2018-03-26,sh.600498,烽火通信
2018-03-31,2018-03-26,sh.600518,康美药业
2018-03-31,2018-03-26,sh.600519,贵州茅台
2018-03-31,2018-03-26,sh.600522,中天科技
2018-03-31,2018-03-26,sh.600535,天士力
2018-03-31,2018-03-26,sh.600547,山东黄金
2018-03-31,2018-03-26,sh.600549,厦门钨业
2018-03-31,2018-03-26,sh.600570,恒生电子
2018-03-31,2018-03-26,sh.600583,海油工程
2018-03-31,2018-03-26,sh.600585,海螺水泥
2018-03-31,2018-03-26,sh.600588,用友网络
2018-03-31,2018-03-26,sh.600606,绿地控股
2018-03-31,2018-03-26,sh.600637,东方明珠
2018-03-31,2018-03-26,sh.600649,城投控股
2018-03-31,2018-03-26,sh.600660,福耀玻璃
2018-03-31,2018-03-26,sh.600663,陆家嘴
2018-03-31,2018-03-26,sh.600674,川投能源
2018-03-31,2018-03-26,sh.600682,南京新百
2018-03-31,2018-03-26,sh.600685,中船防务
2018-03-31,2018-03-26,sh.600688,上海石化
2018-03-31,2018-03-26,sh.600690,青岛海尔
2018-03-31,2018-03-26,sh.600703,三安光电
2018-03-31,2018-03-26,sh.600704,物产中大
2018-03-31,2018-03-26,sh.600705,中航资本
2018-03-31,2018-03-26,sh.600739,辽宁成大
2018-03-31,2018-03-26,sh.600741,华域汽车
2018-03-31,2018-03-26,sh.600795,国电电力
2018-03-31,2018-03-26,sh.600804,鹏博士
2018-03-31,2018-03-26,sh.600816,安信信托
2018-03-31,2018-03-26,sh.600820,隧道股份
2018-03-31,2018-03-26,sh.600827,百联股份
2018-03-31,2018-03-26,sh.600837,海通证券
2018-03-31,2018-03-26,sh.600871,*ST油服
2018-03-31,2018-03-26,sh.600886,国投电力
2018-03-31,2018-03-26,sh.600887,伊利股份
2018-03-31,2018-03-26,sh.600893,航发动力
2018-03-31,2018-03-26,sh.600895,张江高科
2018-03-31,2018-03-26,sh.600900,长江电力
2018-03-31,2018-03-26,sh.600909,华安证券
2018-03-31,2018-03-26,sh.600919,江苏银行
2018-03-31,2018-03-26,sh.600926,杭州银行
2018-03-31,2018-03-26,sh.600958,东方证券
2018-03-31,2018-03-26,sh.600959,江苏有线
2018-03-31,2018-03-26,sh.600977,中国电影
2018-03-31,2018-03-26,sh.600999,招商证券
2018-03-31,2018-03-26,sh.601006,大秦铁路
2018-03-31,2018-03-26,sh.601009,南京银行
2018-03-31,2018-03-26,sh.601012,隆基股份
2018-03-31,2018-03-26,sh.601018,宁波港
2018-03-31,2018-03-26,sh.601021,春秋航空
2018-03-31,2018-03-26,sh.601088,中国神华
2018-03-31,2018-03-26,sh.601099,太平洋
2018-03-31,2018-03-26,sh.601111,中国国航
2018-03-31,2018-03-26,sh.601117,中国化学
2018-03-31,2018-03-26,sh.601118,海南橡胶
2018-03-31,2018-03-26,sh.601155,新城控股
2018-03-31,2018-03-26,sh.601163,三角轮胎
2018-03-31,2018-03-26,sh.601166,兴业银行
2018-03-31,2018-03-26,sh.601169,北京银行
2018-03-31,2018-03-26,sh.601186,中国铁建
2018-03-31,2018-03-26,sh.601198,东兴证券
2018-03-31,2018-03-26,sh.601211,国泰君安
2018-03-31,2018-03-26,sh.601212,白银有色
2018-03-31,2018-03-26,sh.601216,君正集团
2018-03-31,2018-03-26,sh.601225,陕西煤业
2018-03-31,2018-03-26,sh.601228,广州港
2018-03-31,2018-03-26,sh.601229,上海银行
2018-03-31,2018-03-26,sh.601288,农业银行
2018-03-31,2018-03-26,sh.601318,中国平安
2018-03-31,2018-03-26,sh.601328,交通银行
2018-03-31,2018-03-26,sh.601333,广深铁路
2018-03-31,2018-03-26,sh.601336,新华保险
2018-03-31,2018-03-26,sh.601375,中原证券
2018-03-31,2018-03-26,sh.601377,兴业证券
2018-03-31,2018-03-26,sh.601390,中国中铁
2018-03-31,2018-03-26,sh.601398,工商银行
2018-03-31,2018-03-26,sh.601555,东吴证券
2018-03-31,2018-03-26,sh.601600,中国铝业
2018-03-31,2018-03-26,sh.601601,中国太保
2018-03-31,2018-03-26,sh.601607,上海医药
2018-03-31,2018-03-26,sh.601608,中信重工
2018-03-31,2018-03-26,sh.601611,中国核建
2018-03-31,2018-03-26,sh.601618,中国中冶
2018-03-31,2018-03-26,sh.601628,中国人寿
2018-03-31,2018-03-26,sh.601633,长城汽车
2018-03-31,2018-03-26,sh.601668,中国建筑
2018-03-31,2018-03-26,sh.601669,中国电建
2018-03-31,2018-03-26,sh.601688,华泰证券
2018-03-31,2018-03-26,sh.601718,际华集团
2018-03-31,2018-03-26,sh.601727,上海电气
2018-03-31,2018-03-26,sh.601766,中国中车
2018-03-31,2018-03-26,sh.601788,光大证券
2018-03-31,2018-03-26,sh.601800,中国交建
2018-03-31,2018-03-26,sh.601818,光大银行
2018-03-31,2018-03-26,sh.601857,中国石油
2018-03-31,2018-03-26,sh.601866,中远海发
2018-03-31,2018-03-26,sh.601872,招商轮船
2018-03-31,2018-03-26,sh.601877,正泰电器
2018-03-31,2018-03-26,sh.601878,浙商证券
2018-03-31,2018-03-26,sh.601881,中国银河
2018-03-31,2018-03-26,sh.601888,中国国旅
2018-03-31,2018-03-26,sh.601898,中煤能源
2018-03-31,2018-03-26,sh.601899,紫金矿业
2018-03-31,2018-03-26,sh.601901,方正证券
2018-03-31,2018-03-26,sh.601919,中远海控
2018-03-31,2018-03-26,sh.601933,永辉超市
2018-03-31,2018-03-26,sh.601939,建设银行
2018-03-31,2018-03-26,sh.601958,金钼股份
2018-03-31,2018-03-26,sh.601966,玲珑轮胎
2018-03-31,2018-03-26,sh.601985,中国核电
2018-03-31,2018-03-26,sh.601988,中国银行
2018-03-31,2018-03-26,sh.601989,中国重工
2018-03-31,2018-03-26,sh.601991,大唐发电
2018-03-31,2018-03-26,sh.601992,金隅集团
2018-03-31,2018-03-26,sh.601997,贵阳银行
2018-03-31,2018-03-26,sh.601998,中信银行
2018-03-31,2018-03-26,sh.603160,汇顶科技
2018-03-31,2018-03-26,sh.603799,华友钴业
2018-03-31,2018-03-26,sh.603833,欧派家居
2018-03-31,2018-03-26,sh.603858,步长制药
2018-03-31,2018-03-26,sh.603993,洛阳钼业
2018-03-31,2018-03-26,sz.000001,平安银行
2018-03-31,2018-03-26,sz.000002,万科A
2018-03-31,2018-03-26,sz.000008,神州高铁
2018-03-31,2018-03-26,sz.000060,中金岭南
2018-03-31,2018-03-26,sz.000063,中兴通讯
2018-03-31,2018-03-26,sz.000069,华侨城A
2018-03-31,2018-03-26,sz.000100,TCL集团
2018-03-31,2018-03-26,sz.000157,中联重科
2018-03-31,2018-03-26,sz.000166,申万宏源
2018-03-31,2018-03-26,sz.000333,美的集团
2018-03-31,2018-03-26,sz.000338,潍柴动力
2018-03-31,2018-03-26,sz.000402,金融街
2018-03-31,2018-03-26,sz.000413,东旭光电
2018-03-31,2018-03-26,sz.000415,渤海金控
2018-03-31,2018-03-26,sz.000423,东阿阿胶
2018-03-31,2018-03-26,sz.000425,徐工机械
2018-03-31,2018-03-26,sz.000503,国新健康
2018-03-31,2018-03-26,sz.000538,云南白药
2018-03-31,2018-03-26,sz.000540,中天金融
2018-03-31,2018-03-26,sz.000559,万向钱潮
2018-03-31,2018-03-26,sz.000568,泸州老窖
2018-03-31,2018-03-26,sz.000623,吉林敖东
2018-03-31,2018-03-26,sz.000625,长安汽车
2018-03-31,2018-03-26,sz.000627,天茂集团
2018-03-31,2018-03-26,sz.000630,铜陵有色
2018-03-31,2018-03-26,sz.000651,格力电器
2018-03-31,2018-03-26,sz.000671,阳光城
2018-03-31,2018-03-26,sz.000686,东北证券
2018-03-31,2018-03-26,sz.000709,河钢股份
2018-03-31,2018-03-26,sz.000723,美锦能源
2018-03-31,2018-03-26,sz.000725,京东方A
2018-03-31,2018-03-26,sz.000728,国元证券
2018-03-31,2018-03-26,sz.000738,航发控制
2018-03-31,2018-03-26,sz.000750,国海证券
2018-03-31,2018-03-26,sz.000768,中航飞机
2018-03-31,2018-03-26,sz.000776,广发证券
2018-03-31,2018-03-26,sz.000783,长江证券
2018-03-31,2018-03-26,sz.000792,盐湖股份
2018-03-31,2018-03-26,sz.000826,启迪桑德
2018-03-31,2018-03-26,sz.000839,中信国安
2018-03-31,2018-03-26,sz.000858,五粮液
2018-03-31,2018-03-26,sz.000876,新希望
2018-03-31,2018-03-26,sz.000895,双汇发展
2018-03-31,2018-03-26,sz.000898,鞍钢股份
2018-03-31,2018-03-26,sz.000938,紫光股份
2018-03-31,2018-03-26,sz.000959,首钢股份
2018-03-31,2018-03-26,sz.000961,中南建设
2018-03-31,2018-03-26,sz.000963,华东医药
2018-03-31,2018-03-26,sz.000983,西山煤电
2018-03-31,2018-03-26,sz.001979,招商蛇口
2018-03-31,2018-03-26,sz.002007,华兰生物
2018-03-31,2018-03-26,sz.002008,大族激光
2018-03-31,2018-03-26,sz.002024,苏宁易购
2018-03-31,2018-03-26,sz.002027,分众传媒
2018-03-31,2018-03-26,sz.002044,美年健康
2018-03-31,2018-03-26,sz.002065,东华软件
2018-03-31,2018-03-26,sz.002074,国轩高科
2018-03-31,2018-03-26,sz.002081,金螳螂
2018-03-31,2018-03-26,sz.002142,宁波银行
2018-03-31,2018-03-26,sz.002146,荣盛发展
2018-03-31,2018-03-26,sz.002153,石基信息
2018-03-31,2018-03-26,sz.002174,游族网络
2018-03-31,2018-03-26,sz.002202,金风科技
2018-03-31,2018-03-26,sz.002230,科大讯飞
2018-03-31,2018-03-26,sz.002236,大华股份
2018-03-31,2018-03-26,sz.002241,歌尔股份
2018-03-31,2018-03-26,sz.002252,上海莱士
2018-03-31,2018-03-26,sz.002292,奥飞娱乐
2018-03-31,2018-03-26,sz.002294,信立泰
2018-03-31,2018-03-26,sz.002304,洋河股份
2018-03-31,2018-03-26,sz.002310,东方园林
2018-03-31,2018-03-26,sz.002352,顺丰控股
2018-03-31,2018-03-26,sz.002385,大北农
2018-03-31,2018-03-26,sz.002411,必康股份
2018-03-31,2018-03-26,sz.002415,海康威视
2018-03-31,2018-03-26,sz.002424,贵州百灵
2018-03-31,2018-03-26,sz.002426,胜利精密
2018-03-31,2018-03-26,sz.002450,康得新
2018-03-31,2018-03-26,sz.002456,欧菲科技
2018-03-31,2018-03-26,sz.002460,赣锋锂业
2018-03-31,2018-03-26,sz.002465,海格通信
2018-03-31,2018-03-26,sz.002466,天齐锂业
2018-03-31,2018-03-26,sz.002468,申通快递
2018-03-31,2018-03-26,sz.002470,金正大
2018-03-31,2018-03-26,sz.002475,立讯精密
2018-03-31,2018-03-26,sz.002500,山西证券
2018-03-31,2018-03-26,sz.002508,老板电器
2018-03-31,2018-03-26,sz.002555,三七互娱
2018-03-31,2018-03-26,sz.002558,巨人网络
2018-03-31,2018-03-26,sz.002572,索菲亚
2018-03-31,2018-03-26,sz.002594,比亚迪
2018-03-31,2018-03-26,sz.002601,龙蟒佰利
2018-03-31,2018-03-26,sz.002602,世纪华通
2018-03-31,2018-03-26,sz.002608,江苏国信
2018-03-31,2018-03-26,sz.002624,完美世界
2018-03-31,2018-03-26,sz.002673,西部证券
2018-03-31,2018-03-26,sz.002714,牧原股份
2018-03-31,2018-03-26,sz.002736,国信证券
2018-03-31,2018-03-26,sz.002739,万达电影
2018-03-31,2018-03-26,sz.002797,第一创业
2018-03-31,2018-03-26,sz.002831,裕同科技
2018-03-31,2018-03-26,sz.002839,张家港行
2018-03-31,2018-03-26,sz.002841,视源股份
2018-03-31,2018-03-26,sz.300003,乐普医疗
2018-03-31,2018-03-26,sz.300015,爱尔眼科
2018-03-31,2018-03-26,sz.300017,网宿科技
2018-03-31,2018-03-26,sz.300024,机器人
2018-03-31,2018-03-26,sz.300027,华谊兄弟
2018-03-31,2018-03-26,sz.300033,同花顺
2018-03-31,2018-03-26,sz.300059,东方财富
2018-03-31,2018-03-26,sz.300070,碧水源
2018-03-31,2018-03-26,sz.300072,三聚环保
2018-03-31,2018-03-26,sz.300122,智飞生物
2018-03-31,2018-03-26,sz.300124,汇川技术
2018-03-31,2018-03-26,sz.300136,信维通信
2018-03-31,2018-03-26,sz.300144,宋城演艺
2018-03-31,2018-03-26,sz.300251,光线传媒
2018-03-31,2018-03-26,sz.300315,掌趣科技
2018-04-30,2018-04-30,sh.600000,浦发银行
2018-04-30,2018-04-30,sh.600008,首创股份
2018-04-30,2018-04-30,sh.600009,上海机场
2018-04-30,2018-04-30,sh.600010,包钢股份
2018-04-30,2018-04-30,sh.600011,华能国际
2018-04-30,2018-04-30,sh.600015,华夏银行
2018-04-30,2018-04-30,sh.600016,民生银行
2018-04-30,2018-04-30,sh.600018,上港集团
2018-04-30,2018-04-30,sh.600019,宝钢股份
2018-04-30,2018-04-30,sh.600021,上海电力
2018-04-30,2018-04-30,sh.600023,浙能电力
2018-04-30,2018-04-30,sh.600028,中国石化
2018-04-30,2018-04-30,sh.600029,南方航空
2018-04-30,2018-04-30,sh.600030,中信证券
2018-04-30,2018-04-30,sh.600031,三一重工
2018-04-30,2018-04-30,sh.600036,招商银行
2018-04-30,2018-04-30,sh.600038,中直股份
2018-04-30,2018-04-30,sh.600048,保利地产
2018-04-30,2018-04-30,sh.600050,中国联通
2018-04-30,2018-04-30,sh.600061,国投资本
2018-04-30,2018-04-30,sh.600066,宇通客车
2018-04-30,2018-04-30,sh.600068,葛洲坝
2018-04-30,2018-04-30,sh.600074,*ST保千
2018-04-30,2018-04-30,sh.600085,同仁堂
2018-04-30,2018-04-30,sh.600089,特变电工
2018-04-30,2018-04-30,sh.600100,同方股份
2018-04-30,2018-04-30,sh.600104,上汽集团
2018-04-30,2018-04-30,sh.600109,国金证券
2018-04-30,2018-04-30,sh.600111,北方稀土
2018-04-30,2018-04-30,sh.600115,东方航空
2018-04-30,2018-04-30,sh.600118,中国卫星
2018-04-30,2018-04-30,sh.600153,建发股份
2018-04-30,2018-04-30,sh.600157,永泰能源
2018-04-30,2018-04-30,sh.600170,上海建工
2018-04-30,2018-04-30,sh.600177,雅戈尔
2018-04-30,2018-04-30,sh.600188,兖州煤业
2018-04-30,2018-04-30,sh.600196,复星医药
2018-04-30,2018-04-30,sh.600208,新湖中宝
2018-04-30,2018-04-30,sh.600219,南山铝业
2018-04-30,2018-04-30,sh.600221,海航控股
2018-04-30,2018-04-30,sh.600233,圆通速递
2018-04-30,2018-04-30,sh.600271,航天信息
2018-04-30,2018-04-30,sh.600276,恒瑞医药
2018-04-30,2018-04-30,sh.600297,广汇汽车
2018-04-30,2018-04-30,sh.600309,万华化学
2018-04-30,2018-04-30,sh.600332,白云山
2018-04-30,2018-04-30,sh.600340,华夏幸福
2018-04-30,2018-04-30,sh.600352,浙江龙盛
2018-04-30,2018-04-30,sh.600362,江西铜业
2018-04-30,2018-04-30,sh.600369,西南证券
2018-04-30,2018-04-30,sh.600372,中航电子
2018-04-30,2018-04-30,sh.600373,中文传媒
2018-04-30,2018-04-30,sh.600376,首开股份
2018-04-30,2018-04-30,sh.600383,金地集团
2018-04-30,2018-04-30,sh.600390,五矿资本
2018-04-30,2018-04-30,sh.600406,国电南瑞
2018-04-30,2018-04-30,sh.600415,小商品城
2018-04-30,2018-04-30,sh.600436,片仔癀
2018-04-30,2018-04-30,sh.600482,中国动力
2018-04-30,2018-04-30,sh.600485,信威集团
2018-04-30,2018-04-30,sh.600489,中金黄金
2018-04-30,2018-04-30,sh.600498,烽火通信
2018-04-30,2018-04-30,sh.600518,康美药业
2018-04-30,2018-04-30,sh.600519,贵州茅台
2018-04-30,2018-04-30,sh.600522,中天科技
2018-04-30,2018-04-30,sh.600535,天士力
2018-04-30,2018-04-30,sh.600547,山东黄金
2018-04-30,2018-04-30,sh.600549,厦门钨业
2018-04-30,2018-04-30,sh.600570,恒生电子
2018-04-30,2018-04-30,sh.600583,海油工程
2018-04-30,2018-04-30,sh.600585,海螺水泥
2018-04-30,2018-04-30,sh.600588,用友网络
2018-04-30,2018-04-30,sh.600606,绿地控股
2018-04-30,2018-04-30,sh.600637,东方明珠
2018-04-30,2018-04-30,sh.600649,城投控股
2018-04-30,2018-04-30,sh.600660,福耀玻璃
2018-04-30,2018-04-30,sh.600663,陆家嘴
2018-04-30,2018-04-30,sh.600674,川投能源
2018-04-30,2018-04-30,sh.600682,南京新百
2018-04-30,2018-04-30,sh.600685,中船防务
2018-04-30,2018-04-30,sh.600688,上海石化
2018-04-30,2018-04-30,sh.600690,青岛海尔
2018-04-30,2018-04-30,sh.600703,三安光电
2018-04-30,2018-04-30,sh.600704,物产中大
2018-04-30,2018-04-30,sh.600705,中航资本
2018-04-30,2018-04-30,sh.600739,辽宁成大
2018-04-30,2018-04-30,sh.600741,华域汽车
2018-04-30,2018-04-30,sh.600795,国电电力
2018-04-30,2018-04-30,sh.600804,鹏博士
2018-04-30,2018-04-30,sh.600816,安信信托
2018-04-30,2018-04-30,sh.600820,隧道股份
2018-04-30,2018-04-30,sh.600827,百联股份
2018-04-30,2018-04-30,sh.600837,海通证券
2018-04-30,2018-04-30,sh.600871,*ST油服
2018-04-30,2018-04-30,sh.600886,国投电力
2018-04-30,2018-04-30,sh.600887,伊利股份
2018-04-30,2018-04-30,sh.600893,航发动力
2018-04-30,2018-04-30,sh.600895,张江高科
2018-04-30,2018-04-30,sh.600900,长江电力
2018-04-30,2018-04-30,sh.600909,华安证券
2018-04-30,2018-04-30,sh.600919,江苏银行
2018-04-30,2018-04-30,sh.600926,杭州银行
2018-04-30,2018-04-30,sh.600958,东方证券
2018-04-30,2018-04-30,sh.600959,江苏有线
2018-04-30,2018-04-30,sh.600977,中国电影
2018-04-30,2018-04-30,sh.600999,招商证券
2018-04-30,2018-04-30,sh.601006,大秦铁路
2018-04-30,2018-04-30,sh.601009,南京银行
2018-04-30,2018-04-30,sh.601012,隆基股份
2018-04-30,2018-04-30,sh.601018,宁波港
2018-04-30,2018-04-30,sh.601021,春秋航空
2018-04-30,2018-04-30,sh.601088,中国神华
2018-04-30,2018-04-30,sh.601099,太平洋
2018-04-30,2018-04-30,sh.601111,中国国航
2018-04-30,2018-04-30,sh.601117,中国化学
2018-04-30,2018-04-30,sh.601118,海南橡胶
2018-04-30,2018-04-30,sh.601155,新城控股
2018-04-30,2018-04-30,sh.601163,三角轮胎
2018-04-30,2018-04-30,sh.601166,兴业银行
2018-04-30,2018-04-30,sh.601169,北京银行
2018-04-30,2018-04-30,sh.601186,中国铁建
2018-04-30,2018-04-30,sh.601198,东兴证券
2018-04-30,2018-04-30,sh.601211,国泰君安
2018-04-30,2018-04-30,sh.601212,白银有色
2018-04-30,2018-04-30,sh.601216,君正集团
2018-04-30,2018-04-30,sh.601225,陕西煤业
2018-04-30,2018-04-30,sh.601228,广州港
2018-04-30,2018-04-30,sh.601229,上海银行
2018-04-30,2018-04-30,sh.601288,农业银行
2018-04-30,2018-04-30,sh.601318,中国平安
2018-04-30,2018-04-30,sh.601328,交通银行
2018-04-30,2018-04-30,sh.601333,广深铁路
2018-04-30,2018-04-30,sh.601336,新华保险
2018-04-30,2018-04-30,sh.601375,中原证券
2018-04-30,2018-04-30,sh.601377,兴业证券
2018-04-30,2018-04-30,sh.601390,中国中铁
2018-04-30,2018-04-30,sh.601398,工商银行
2018-04-30,2018-04-30,sh.601555,东吴证券
2018-04-30,2018-04-30,sh.601600,中国铝业
2018-04-30,2018-04-30,sh.601601,中国太保
2018-04-30,2018-04-30,sh.601607,上海医药
2018-04-30,2018-04-30,sh.601608,中信重工
2018-04-30,2018-04-30,sh.601611,中国核建
2018-04-30,2018-04-30,sh.601618,中国中冶
2018-04-30,2018-04-30,sh.601628,中国人寿
2018-04-30,2018-04-30,sh.601633,长城汽车
2018-04-30,2018-04-30,sh.601668,中国建筑
2018-04-30,2018-04-30,sh.601669,中国电建
2018-04-30,2018-04-30,sh.601688,华泰证券
2018-04-30,2018-04-30,sh.601718,际华集团
2018-04-30,2018-04-30,sh.601727,上海电气
2018-04-30,2018-04-30,sh.601766,中国中车
2018-04-30,2018-04-30,sh.601788,光大证券
2018-04-30,2018-04-30,sh.601800,中国交建
2018-04-30,2018-04-30,sh.601818,光大银行
2018-04-30,2018-04-30,sh.601857,中国石油
2018-04-30,2018-04-30,sh.601866,中远海发
2018-04-30,2018-04-30,sh.601872,招商轮船
2018-04-30,2018-04-30,sh.601877,正泰电器
2018-04-30,2018-04-30,sh.601878,浙商证券
2018-04-30,2018-04-30,sh.601881,中国银河
2018-04-30,2018-04-30,sh.601888,中国国旅
2018-04-30,2018-04-30,sh.601898,中煤能源
2018-04-30,2018-04-30,sh.601899,紫金矿业
2018-04-30,2018-04-30,sh.601901,方正证券
2018-04-30,2018-04-30,sh.601919,中远海控
2018-04-30,2018-04-30,sh.601933,永辉超市
2018-04-30,2018-04-30,sh.601939,建设银行
2018-04-30,2018-04-30,sh.601958,金钼股份
2018-04-30,2018-04-30,sh.601966,玲珑轮胎
2018-04-30,2018-04-30,sh.601985,中国核电
2018-04-30,2018-04-30,sh.601988,中国银行
2018-04-30,2018-04-30,sh.601989,中国重工
2018-04-30,2018-04-30,sh.601991,大唐发电
2018-04-30,2018-04-30,sh.601992,金隅集团
2018-04-30,2018-04-30,sh.601997,贵阳银行
2018-04-30,2018-04-30,sh.601998,中信银行
2018-04-30,2018-04-30,sh.603160,汇顶科技
2018-04-30,2018-04-30,sh.603799,华友钴业
2018-04-30,2018-04-30,sh.603833,欧派家居
2018-04-30,2018-04-30,sh.603858,步长制药
2018-04-30,2018-04-30,sh.603993,洛阳钼业
2018-04-30,2018-04-30,sz.000001,平安银行
2018-04-30,2018-04-30,sz.000002,万科A
2018-04-30,2018-04-30,sz.000008,神州高铁
2018-04-30,2018-04-30,sz.000060,中金岭南
2018-04-30,2018-04-30,sz.000063,中兴通讯
2018-04-30,2018-04-30,sz.000069,华侨城A
2018-04-30,2018-04-30,sz.000100,TCL集团
2018-04-30,2018-04-30,sz.000157,中联重科
2018-04-30,2018-04-30,sz.000166,申万宏源
2018-04-30,2018-04-30,sz.000333,美的集团
2018-04-30,2018-04-30,sz.000338,潍柴动力
2018-04-30,2018-04-30,sz.000402,金融街
2018-04-30,2018-04-30,sz.000413,东旭光电
2018-04-30,2018-04-30,sz.000415,渤海金控
2018-04-30,2018-04-30,sz.000423,东阿阿胶
2018-04-30,2018-04-30,sz.000425,徐工机械
2018-04-30,2018-04-30,sz.000503,国新健康
2018-04-30,2018-04-30,sz.000538,云南白药
2018-04-30,2018-04-30,sz.000540,中天金融
2018-04-30,2018-04-30,sz.000559,万向钱潮
2018-04-30,2018-04-30,sz.000568,泸州老窖
2018-04-30,2018-04-30,sz.000623,吉林敖东
2018-04-30,2018-04-30,sz.000625,长安汽车
2018-04-30,2018-04-30,sz.000627,天茂集团
2018-04-30,2018-04-30,sz.000630,铜陵有色
2018-04-30,2018-04-30,sz.000651,格力电器
2018-04-30,2018-04-30,sz.000671,阳光城
2018-04-30,2018-04-30,sz.000686,东北证券
2018-04-30,2018-04-30,sz.000709,河钢股份
2018-04-30,2018-04-30,sz.000723,美锦能源
2018-04-30,2018-04-30,sz.000725,京东方A
2018-04-30,2018-04-30,sz.000728,国元证券
2018-04-30,2018-04-30,sz.000738,航发控制
2018-04-30,2018-04-30,sz.000750,国海证券
2018-04-30,2018-04-30,sz.000768,中航飞机
2018-04-30,2018-04-30,sz.000776,广发证券
2018-04-30,2018-04-30,sz.000783,长江证券
2018-04-30,2018-04-30,sz.000792,盐湖股份
2018-04-30,2018-04-30,sz.000826,启迪桑德
2018-04-30,2018-04-30,sz.000839,中信国安
2018-04-30,2018-04-30,sz.000858,五粮液
2018-04-30,2018-04-30,sz.000876,新希望
2018-04-30,2018-04-30,sz.000895,双汇发展
2018-04-30,2018-04-30,sz.000898,鞍钢股份
2018-04-30,2018-04-30,sz.000938,紫光股份
2018-04-30,2018-04-30,sz.000959,首钢股份
2018-04-30,2018-04-30,sz.000961,中南建设
2018-04-30,2018-04-30,sz.000963,华东医药
2018-04-30,2018-04-30,sz.000983,西山煤电
2018-04-30,2018-04-30,sz.001979,招商蛇口
2018-04-30,2018-04-30,sz.002007,华兰生物
2018-04-30,2018-04-30,sz.002008,大族激光
2018-04-30,2018-04-30,sz.002024,苏宁易购
2018-04-30,2018-04-30,sz.002027,分众传媒
2018-04-30,2018-04-30,sz.002044,美年健康
2018-04-30,2018-04-30,sz.002065,东华软件
2018-04-30,2018-04-30,sz.002074,国轩高科
2018-04-30,2018-04-30,sz.002081,金螳螂
2018-04-30,2018-04-30,sz.002142,宁波银行
2018-04-30,2018-04-30,sz.002146,荣盛发展
2018-04-30,2018-04-30,sz.002153,石基信息
2018-04-30,2018-04-30,sz.002174,游族网络
2018-04-30,2018-04-30,sz.002202,金风科技
2018-04-30,2018-04-30,sz.002230,科大讯飞
2018-04-30,2018-04-30,sz.002236,大华股份
2018-04-30,2018-04-30,sz.002241,歌尔股份
2018-04-30,2018-04-30,sz.002252,上海莱士
2018-04-30,2018-04-30,sz.002292,奥飞娱乐
2018-04-30,2018-04-30,sz.002294,信立泰
2018-04-30,2018-04-30,sz.002304,洋河股份
2018-04-30,2018-04-30,sz.002310,东方园林
2018-04-30,2018-04-30,sz.002352,顺丰控股
2018-04-30,2018-04-30,sz.002385,大北农
2018-04-30,2018-04-30,sz.002411,必康股份
2018-04-30,2018-04-30,sz.002415,海康威视
2018-04-30,2018-04-30,sz.002424,贵州百灵
2018-04-30,2018-04-30,sz.002426,胜利精密
2018-04-30,2018-04-30,sz.002450,康得新
2018-04-30,2018-04-30,sz.002456,欧菲科技
2018-04-30,2018-04-30,sz.002460,赣锋锂业
2018-04-30,2018-04-30,sz.002465,海格通信
2018-04-30,2018-04-30,sz.002466,天齐锂业
2018-04-30,2018-04-30,sz.002468,申通快递
2018-04-30,2018-04-30,sz.002470,金正大
2018-04-30,2018-04-30,sz.002475,立讯精密
2018-04-30,2018-04-30,sz.002500,山西证券
2018-04-30,2018-04-30,sz.002508,老板电器
2018-04-30,2018-04-30,sz.002555,三七互娱
2018-04-30,2018-04-30,sz.002558,巨人网络
2018-04-30,2018-04-30,sz.002572,索菲亚
2018-04-30,2018-04-30,sz.002594,比亚迪
2018-04-30,2018-04-30,sz.002601,龙蟒佰利
2018-04-30,2018-04-30,sz.002602,世纪华通
2018-04-30,2018-04-30,sz.002608,江苏国信
2018-04-30,2018-04-30,sz.002624,完美世界
2018-04-30,2018-04-30,sz.002673,西部证券
2018-04-30,2018-04-30,sz.002714,牧原股份
2018-04-30,2018-04-30,sz.002736,国信证券
2018-04-30,2018-04-30,sz.002739,万达电影
2018-04-30,2018-04-30,sz.002797,第一创业
2018-04-30,2018-04-30,sz.002831,裕同科技
2018-04-30,2018-04-30,sz.002839,张家港行
2018-04-30,2018-04-30,sz.002841,视源股份
2018-04-30,2018-04-30,sz.300003,乐普医疗
2018-04-30,2018-04-30,sz.300015,爱尔眼科
2018-04-30,2018-04-30,sz.300017,网宿科技
2018-04-30,2018-04-30,sz.300024,机器人
2018-04-30,2018-04-30,sz.300027,华谊兄弟
2018-04-30,2018-04-30,sz.300033,同花顺
2018-04-30,2018-04-30,sz.300059,东方财富
2018-04-30,2018-04-30,sz.300070,碧水源
2018-04-30,2018-04-30,sz.300072,三聚环保
2018-04-30,2018-04-30,sz.300122,智飞生物
2018-04-30,2018-04-30,sz.300124,汇川技术
2018-04-30,2018-04-30,sz.300136,信维通信
2018-04-30,2018-04-30,sz.300144,宋城演艺
2018-04-30,2018-04-30,sz.300251,光线传媒
2018-04-30,2018-04-30,sz.300315,掌趣科技
2018-05-31,2018-05-28,sh.600000,浦发银行
2018-05-31,2018-05-28,sh.600008,首创股份
2018-05-31,2018-05-28,sh.600009,上海机场
2018-05-31,2018-05-28,sh.600010,包钢股份
2018-05-31,2018-05-28,sh.600011,华能国际
2018-05-31,2018-05-28,sh.600015,华夏银行
2018-05-31,2018-05-28,sh.600016,民生银行
2018-05-31,2018-05-28,sh.600018,上港集团
2018-05-31,2018-05-28,sh.600019,宝钢股份
2018-05-31,2018-05-28,sh.600021,上海电力
2018-05-31,2018-05-28,sh.600023,浙能电力
2018-05-31,2018-05-28,sh.600028,中国石化
2018-05-31,2018-05-28,sh.600029,南方航空
2018-05-31,2018-05-28,sh.600030,中信证券
2018-05-31,2018-05-28,sh.600031,三一重工
2018-05-31,2018-05-28,sh.600036,招商银行
2018-05-31,2018-05-28,sh.600038,中直股份
2018-05-31,2018-05-28,sh.600048,保利地产
2018-05-31,2018-05-28,sh.600050,中国联通
2018-05-31,2018-05-28,sh.600061,国投资本
2018-05-31,2018-05-28,sh.600066,宇通客车
2018-05-31,2018-05-28,sh.600068,葛洲坝
2018-05-31,2018-05-28,sh.600074,*ST保千
2018-05-31,2018-05-28,sh.600085,同仁堂
2018-05-31,2018-05-28,sh.600089,特变电工
2018-05-31,2018-05-28,sh.600100,同方股份
2018-05-31,2018-05-28,sh.600104,上汽集团
2018-05-31,2018-05-28,sh.600109,国金证券
2018-05-31,2018-05-28,sh.600111,北方稀土
2018-05-31,2018-05-28,sh.600115,东方航空
2018-05-31,2018-05-28,sh.600118,中国卫星
2018-05-31,2018-05-28,sh.600153,建发股份
2018-05-31,2018-05-28,sh.600157,永泰能源
2018-05-31,2018-05-28,sh.600170,上海建工
2018-05-31,2018-05-28,sh.600177,雅戈尔
2018-05-31,2018-05-28,sh.600188,兖州煤业
2018-05-31,2018-05-28,sh.600196,复星医药
2018-05-31,2018-05-28,sh.600208,新湖中宝
2018-05-31,2018-05-28,sh.600219,南山铝业
2018-05-31,2018-05-28,sh.600221,海航控股
2018-05-31,2018-05-28,sh.600233,圆通速递
2018-05-31,2018-05-28,sh.600271,航天信息
2018-05-31,2018-05-28,sh.600276,恒瑞医药
2018-05-31,2018-05-28,sh.600297,广汇汽车
2018-05-31,2018-05-28,sh.600309,万华化学
2018-05-31,2018-05-28,sh.600332,白云山
2018-05-31,2018-05-28,sh.600340,华夏幸福
2018-05-31,2018-05-28,sh.600352,浙江龙盛
2018-05-31,2018-05-28,sh.600362,江西铜业
2018-05-31,2018-05-28,sh.600369,西南证券
2018-05-31,2018-05-28,sh.600372,中航电子
2018-05-31,2018-05-28,sh.600373,中文传媒
2018-05-31,2018-05-28,sh.600376,首开股份
2018-05-31,2018-05-28,sh.600383,金地集团
2018-05-31,2018-05-28,sh.600390,五矿资本
2018-05-31,2018-05-28,sh.600406,国电南瑞
2018-05-31,2018-05-28,sh.600415,小商品城
2018-05-31,2018-05-28,sh.600436,片仔癀
2018-05-31,2018-05-28,sh.600482,中国动力
2018-05-31,2018-05-28,sh.600485,信威集团
2018-05-31,2018-05-28,sh.600489,中金黄金
2018-05-31,2018-05-28,sh.600498,烽火通信
2018-05-31,2018-05-28,sh.600518,康美药业
2018-05-31,2018-05-28,sh.600519,贵州茅台
2018-05-31,2018-05-28,sh.600522,中天科技
2018-05-31,2018-05-28,sh.600535,天士力
2018-05-31,2018-05-28,sh.600547,山东黄金
2018-05-31,2018-05-28,sh.600549,厦门钨业
2018-05-31,2018-05-28,sh.600570,恒生电子
2018-05-31,2018-05-28,sh.600583,海油工程
2018-05-31,2018-05-28,sh.600585,海螺水泥
2018-05-31,2018-05-28,sh.600588,用友网络
2018-05-31,2018-05-28,sh.600606,绿地控股
2018-05-31,2018-05-28,sh.600637,东方明珠
2018-05-31,2018-05-28,sh.600649,城投控股
2018-05-31,2018-05-28,sh.600660,福耀玻璃
2018-05-31,2018-05-28,sh.600663,陆家嘴
2018-05-31,2018-05-28,sh.600674,川投能源
2018-05-31,2018-05-28,sh.600682,南京新百
2018-05-31,2018-05-28,sh.600685,中船防务
2018-05-31,2018-05-28,sh.600688,上海石化
2018-05-31,2018-05-28,sh.600690,青岛海尔
2018-05-31,2018-05-28,sh.600703,三安光电
2018-05-31,2018-05-28,sh.600704,物产中大
2018-05-31,2018-05-28,sh.600705,中航资本
2018-05-31,2018-05-28,sh.600739,辽宁成大
2018-05-31,2018-05-28,sh.600741,华域汽车
2018-05-31,2018-05-28,sh.600795,国电电力
2018-05-31,2018-05-28,sh.600804,鹏博士
2018-05-31,2018-05-28,sh.600816,安信信托
2018-05-31,2018-05-28,sh.600820,隧道股份
2018-05-31,2018-05-28,sh.600827,百联股份
2018-05-31,2018-05-28,sh.600837,海通证券
2018-05-31,2018-05-28,sh.600871,*ST油服
2018-05-31,2018-05-28,sh.600886,国投电力
2018-05-31,2018-05-28,sh.600887,伊利股份
2018-05-31,2018-05-28,sh.600893,航发动力
2018-05-31,2018-05-28,sh.600895,张江高科
2018-05-31,2018-05-28,sh.600900,长江电力
2018-05-31,2018-05-28,sh.600909,华安证券
2018-05-31,2018-05-28,sh.600919,江苏银行
2018-05-31,2018-05-28,sh.600926,杭州银行
2018-05-31,2018-05-28,sh.600958,东方证券
2018-05-31,2018-05-28,sh.600959,江苏有线
2018-05-31,2018-05-28,sh.600977,中国电影
2018-05-31,2018-05-28,sh.600999,招商证券
2018-05-31,2018-05-28,sh.601006,大秦铁路
2018-05-31,2018-05-28,sh.601009,南京银行
2018-05-31,2018-05-28,sh.601012,隆基股份
2018-05-31,2018-05-28,sh.601018,宁波港
2018-05-31,2018-05-28,sh.601021,春秋航空
2018-05-31,2018-05-28,sh.601088,中国神华
2018-05-31,2018-05-28,sh.601099,太平洋
2018-05-31,2018-05-28,sh.601111,中国国航
2018-05-31,2018-05-28,sh.601117,中国化学
2018-05-31,2018-05-28,sh.601118,海南橡胶
2018-05-31,2018-05-28,sh.601155,新城控股
2018-05-31,2018-05-28,sh.601163,三角轮胎
2018-05-31,2018-05-28,sh.601166,兴业银行
2018-05-31,2018-05-28,sh.601169,北京银行
2018-05-31,2018-05-28,sh.601186,中国铁建
2018-05-31,2018-05-28,sh.601198,东兴证券
2018-05-31,2018-05-28,sh.601211,国泰君安
2018-05-31,2018-05-28,sh.601212,白银有色
2018-05-31,2018-05-28,sh.601216,君正集团
2018-05-31,2018-05-28,sh.601225,陕西煤业
2018-05-31,2018-05-28,sh.601228,广州港
2018-05-31,2018-05-28,sh.601229,上海银行
2018-05-31,2018-05-28,sh.601288,农业银行
2018-05-31,2018-05-28,sh.601318,中国平安
2018-05-31,2018-05-28,sh.601328,交通银行
2018-05-31,2018-05-28,sh.601333,广深铁路
2018-05-31,2018-05-28,sh.601336,新华保险
2018-05-31,2018-05-28,sh.601375,中原证券
2018-05-31,2018-05-28,sh.601377,兴业证券
2018-05-31,2018-05-28,sh.601390,中国中铁
2018-05-31,2018-05-28,sh.601398,工商银行
2018-05-31,2018-05-28,sh.601555,东吴证券
2018-05-31,2018-05-28,sh.601600,中国铝业
2018-05-31,2018-05-28,sh.601601,中国太保
2018-05-31,2018-05-28,sh.601607,上海医药
2018-05-31,2018-05-28,sh.601608,中信重工
2018-05-31,2018-05-28,sh.601611,中国核建
2018-05-31,2018-05-28,sh.601618,中国中冶
2018-05-31,2018-05-28,sh.601628,中国人寿
2018-05-31,2018-05-28,sh.601633,长城汽车
2018-05-31,2018-05-28,sh.601668,中国建筑
2018-05-31,2018-05-28,sh.601669,中国电建
2018-05-31,2018-05-28,sh.601688,华泰证券
2018-05-31,2018-05-28,sh.601718,际华集团
2018-05-31,2018-05-28,sh.601727,上海电气
2018-05-31,2018-05-28,sh.601766,中国中车
2018-05-31,2018-05-28,sh.601788,光大证券
2018-05-31,2018-05-28,sh.601800,中国交建
2018-05-31,2018-05-28,sh.601818,光大银行
2018-05-31,2018-05-28,sh.601857,中国石油
2018-05-31,2018-05-28,sh.601866,中远海发
2018-05-31,2018-05-28,sh.601872,招商轮船
2018-05-31,2018-05-28,sh.601877,正泰电器
2018-05-31,2018-05-28,sh.601878,浙商证券
2018-05-31,2018-05-28,sh.601881,中国银河
2018-05-31,2018-05-28,sh.601888,中国国旅
2018-05-31,2018-05-28,sh.601898,中煤能源
2018-05-31,2018-05-28,sh.601899,紫金矿业
2018-05-31,2018-05-28,sh.601901,方正证券
2018-05-31,2018-05-28,sh.601919,中远海控
2018-05-31,2018-05-28,sh.601933,永辉超市
2018-05-31,2018-05-28,sh.601939,建设银行
2018-05-31,2018-05-28,sh.601958,金钼股份
2018-05-31,2018-05-28,sh.601966,玲珑轮胎
2018-05-31,2018-05-28,sh.601985,中国核电
2018-05-31,2018-05-28,sh.601988,中国银行
2018-05-31,2018-05-28,sh.601989,中国重工
2018-05-31,2018-05-28,sh.601991,大唐发电
2018-05-31,2018-05-28,sh.601992,金隅集团
2018-05-31,2018-05-28,sh.601997,贵阳银行
2018-05-31,2018-05-28,sh.601998,中信银行
2018-05-31,2018-05-28,sh.603160,汇顶科技
2018-05-31,2018-05-28,sh.603799,华友钴业
2018-05-31,2018-05-28,sh.603833,欧派家居
2018-05-31,2018-05-28,sh.603858,步长制药
2018-05-31,2018-05-28,sh.603993,洛阳钼业
2018-05-31,2018-05-28,sz.000001,平安银行
2018-05-31,2018-05-28,sz.000002,万科A
2018-05-31,2018-05-28,sz.000008,神州高铁
2018-05-31,2018-05-28,sz.000060,中金岭南
2018-05-31,2018-05-28,sz.000063,中兴通讯
2018-05-31,2018-05-28,sz.000069,华侨城A
2018-05-31,2018-05-28,sz.000100,TCL集团
2018-05-31,2018-05-28,sz.000157,中联重科
2018-05-31,2018-05-28,sz.000166,申万宏源
2018-05-31,2018-05-28,sz.000333,美的集团
2018-05-31,2018-05-28,sz.000338,潍柴动力
2018-05-31,2018-05-28,sz.000402,金融街
2018-05-31,2018-05-28,sz.000413,东旭光电
2018-05-31,2018-05-28,sz.000415,渤海金控
2018-05-31,2018-05-28,sz.000423,东阿阿胶
2018-05-31,2018-05-28,sz.000425,徐工机械
2018-05-31,2018-05-28,sz.000503,国新健康
2018-05-31,2018-05-28,sz.000538,云南白药
2018-05-31,2018-05-28,sz.000540,中天金融
2018-05-31,2018-05-28,sz.000559,万向钱潮
2018-05-31,2018-05-28,sz.000568,泸州老窖
2018-05-31,2018-05-28,sz.000623,吉林敖东
2018-05-31,2018-05-28,sz.000625,长安汽车
2018-05-31,2018-05-28,sz.000627,天茂集团
2018-05-31,2018-05-28,sz.000630,铜陵有色
2018-05-31,2018-05-28,sz.000651,格力电器
2018-05-31,2018-05-28,sz.000671,阳光城
2018-05-31,2018-05-28,sz.000686,东北证券
2018-05-31,2018-05-28,sz.000709,河钢股份
2018-05-31,2018-05-28,sz.000723,美锦能源
2018-05-31,2018-05-28,sz.000725,京东方A
2018-05-31,2018-05-28,sz.000728,国元证券
2018-05-31,2018-05-28,sz.000738,航发控制
2018-05-31,2018-05-28,sz.000750,国海证券
2018-05-31,2018-05-28,sz.000768,中航飞机
2018-05-31,2018-05-28,sz.000776,广发证券
2018-05-31,2018-05-28,sz.000783,长江证券
2018-05-31,2018-05-28,sz.000792,盐湖股份
2018-05-31,2018-05-28,sz.000826,启迪桑德
2018-05-31,2018-05-28,sz.000839,中信国安
2018-05-31,2018-05-28,sz.000858,五粮液
2018-05-31,2018-05-28,sz.000876,新希望
2018-05-31,2018-05-28,sz.000895,双汇发展
2018-05-31,2018-05-28,sz.000898,鞍钢股份
2018-05-31,2018-05-28,sz.000938,紫光股份
2018-05-31,2018-05-28,sz.000959,首钢股份
2018-05-31,2018-05-28,sz.000961,中南建设
2018-05-31,2018-05-28,sz.000963,华东医药
2018-05-31,2018-05-28,sz.000983,西山煤电
2018-05-31,2018-05-28,sz.001979,招商蛇口
2018-05-31,2018-05-28,sz.002007,华兰生物
2018-05-31,2018-05-28,sz.002008,大族激光
2018-05-31,2018-05-28,sz.002024,苏宁易购
2018-05-31,2018-05-28,sz.002027,分众传媒
2018-05-31,2018-05-28,sz.002044,美年健康
2018-05-31,2018-05-28,sz.002065,东华软件
2018-05-31,2018-05-28,sz.002074,国轩高科
2018-05-31,2018-05-28,sz.002081,金螳螂
2018-05-31,2018-05-28,sz.002142,宁波银行
2018-05-31,2018-05-28,sz.002146,荣盛发展
2018-05-31,2018-05-28,sz.002153,石基信息
2018-05-31,2018-05-28,sz.002174,游族网络
2018-05-31,2018-05-28,sz.002202,金风科技
2018-05-31,2018-05-28,sz.002230,科大讯飞
2018-05-31,2018-05-28,sz.002236,大华股份
2018-05-31,2018-05-28,sz.002241,歌尔股份
2018-05-31,2018-05-28,sz.002252,上海莱士
2018-05-31,2018-05-28,sz.002292,奥飞娱乐
2018-05-31,2018-05-28,sz.002294,信立泰
2018-05-31,2018-05-28,sz.002304,洋河股份
2018-05-31,2018-05-28,sz.002310,东方园林
2018-05-31,2018-05-28,sz.002352,顺丰控股
2018-05-31,2018-05-28,sz.002385,大北农
2018-05-31,2018-05-28,sz.002411,必康股份
2018-05-31,2018-05-28,sz.002415,海康威视
2018-05-31,2018-05-28,sz.002424,贵州百灵
2018-05-31,2018-05-28,sz.002426,胜利精密
2018-05-31,2018-05-28,sz.002450,康得新
2018-05-31,2018-05-28,sz.002456,欧菲科技
2018-05-31,2018-05-28,sz.002460,赣锋锂业
2018-05-31,2018-05-28,sz.002465,海格通信
2018-05-31,2018-05-28,sz.002466,天齐锂业
2018-05-31,2018-05-28,sz.002468,申通快递
2018-05-31,2018-05-28,sz.002470,金正大
2018-05-31,2018-05-28,sz.002475,立讯精密
2018-05-31,2018-05-28,sz.002500,山西证券
2018-05-31,2018-05-28,sz.002508,老板电器
2018-05-31,2018-05-28,sz.002555,三七互娱
2018-05-31,2018-05-28,sz.002558,巨人网络
2018-05-31,2018-05-28,sz.002572,索菲亚
2018-05-31,2018-05-28,sz.002594,比亚迪
2018-05-31,2018-05-28,sz.002601,龙蟒佰利
2018-05-31,2018-05-28,sz.002602,世纪华通
2018-05-31,2018-05-28,sz.002608,江苏国信
2018-05-31,2018-05-28,sz.002624,完美世界
2018-05-31,2018-05-28,sz.002673,西部证券
2018-05-31,2018-05-28,sz.002714,牧原股份
2018-05-31,2018-05-28,sz.002736,国信证券
2018-05-31,2018-05-28,sz.002739,万达电影
2018-05-31,2018-05-28,sz.002797,第一创业
2018-05-31,2018-05-28,sz.002831,裕同科技
2018-05-31,2018-05-28,sz.002839,张家港行
2018-05-31,2018-05-28,sz.002841,视源股份
2018-05-31,2018-05-28,sz.300003,乐普医疗
2018-05-31,2018-05-28,sz.300015,爱尔眼科
2018-05-31,2018-05-28,sz.300017,网宿科技
2018-05-31,2018-05-28,sz.300024,机器人
2018-05-31,2018-05-28,sz.300027,华谊兄弟
2018-05-31,2018-05-28,sz.300033,同花顺
2018-05-31,2018-05-28,sz.300059,东方财富
2018-05-31,2018-05-28,sz.300070,碧水源
2018-05-31,2018-05-28,sz.300072,三聚环保
2018-05-31,2018-05-28,sz.300122,智飞生物
2018-05-31,2018-05-28,sz.300124,汇川技术
2018-05-31,2018-05-28,sz.300136,信维通信
2018-05-31,2018-05-28,sz.300144,宋城演艺
2018-05-31,2018-05-28,sz.300251,光线传媒
2018-05-31,2018-05-28,sz.300315,掌趣科技
2018-06-30,2018-06-25,sh.600000,浦发银行
2018-06-30,2018-06-25,sh.600008,首创股份
2018-06-30,2018-06-25,sh.600009,上海机场
2018-06-30,2018-06-25,sh.600010,包钢股份
2018-06-30,2018-06-25,sh.600011,华能国际
2018-06-30,2018-06-25,sh.600015,华夏银行
2018-06-30,2018-06-25,sh.600016,民生银行
2018-06-30,2018-06-25,sh.600018,上港集团
2018-06-30,2018-06-25,sh.600019,宝钢股份
2018-06-30,2018-06-25,sh.600023,浙能电力
2018-06-30,2018-06-25,sh.600025,华能水电
2018-06-30,2018-06-25,sh.600028,中国石化
2018-06-30,2018-06-25,sh.600029,南方航空
2018-06-30,2018-06-25,sh.600030,中信证券
2018-06-30,2018-06-25,sh.600031,三一重工
2018-06-30,2018-06-25,sh.600036,招商银行
2018-06-30,2018-06-25,sh.600038,中直股份
2018-06-30,2018-06-25,sh.600048,保利地产
2018-06-30,2018-06-25,sh.600050,中国联通
2018-06-30,2018-06-25,sh.600061,国投资本
2018-06-30,2018-06-25,sh.600066,宇通客车
2018-06-30,2018-06-25,sh.600068,葛洲坝
2018-06-30,2018-06-25,sh.600085,同仁堂
2018-06-30,2018-06-25,sh.600089,特变电工
2018-06-30,2018-06-25,sh.600100,同方股份
2018-06-30,2018-06-25,sh.600104,上汽集团
2018-06-30,2018-06-25,sh.600109,国金证券
2018-06-30,2018-06-25,sh.600111,北方稀土
2018-06-30,2018-06-25,sh.600115,东方航空
2018-06-30,2018-06-25,sh.600118,中国卫星
2018-06-30,2018-06-25,sh.600153,建发股份
2018-06-30,2018-06-25,sh.600157,永泰能源
2018-06-30,2018-06-25,sh.600170,上海建工
2018-06-30,2018-06-25,sh.600176,中国巨石
2018-06-30,2018-06-25,sh.600177,雅戈尔
2018-06-30,2018-06-25,sh.600188,兖州煤业
2018-06-30,2018-06-25,sh.600196,复星医药
2018-06-30,2018-06-25,sh.600208,新湖中宝
2018-06-30,2018-06-25,sh.600219,南山铝业
2018-06-30,2018-06-25,sh.600221,海航控股
2018-06-30,2018-06-25,sh.600233,圆通速递
2018-06-30,2018-06-25,sh.600271,航天信息
2018-06-30,2018-06-25,sh.600276,恒瑞医药
2018-06-30,2018-06-25,sh.600297,广汇汽车
2018-06-30,2018-06-25,sh.600309,万华化学
2018-06-30,2018-06-25,sh.600332,白云山
2018-06-30,2018-06-25,sh.600339,中油工程
2018-06-30,2018-06-25,sh.600340,华夏幸福
2018-06-30,2018-06-25,sh.600346,恒力股份
2018-06-30,2018-06-25,sh.600352,浙江龙盛
2018-06-30,2018-06-25,sh.600362,江西铜业
2018-06-30,2018-06-25,sh.600369,西南证券
2018-06-30,2018-06-25,sh.600372,中航电子
2018-06-30,2018-06-25,sh.600373,中文传媒
2018-06-30,2018-06-25,sh.600376,首开股份
2018-06-30,2018-06-25,sh.600383,金地集团
2018-06-30,2018-06-25,sh.600390,五矿资本
2018-06-30,2018-06-25,sh.600398,海澜之家
2018-06-30,2018-06-25,sh.600406,国电南瑞
2018-06-30,2018-06-25,sh.600415,小商品城
2018-06-30,2018-06-25,sh.600436,片仔癀
2018-06-30,2018-06-25,sh.600438,通威股份
2018-06-30,2018-06-25,sh.600482,中国动力
2018-06-30,2018-06-25,sh.600487,亨通光电
2018-06-30,2018-06-25,sh.600489,中金黄金
2018-06-30,2018-06-25,sh.600498,烽火通信
2018-06-30,2018-06-25,sh.600516,方大炭素
2018-06-30,2018-06-25,sh.600518,康美药业
2018-06-30,2018-06-25,sh.600519,贵州茅台
2018-06-30,2018-06-25,sh.600522,中天科技
2018-06-30,2018-06-25,sh.600535,天士力
2018-06-30,2018-06-25,sh.600547,山东黄金
2018-06-30,2018-06-25,sh.600549,厦门钨业
2018-06-30,2018-06-25,sh.600570,恒生电子
2018-06-30,2018-06-25,sh.600583,海油工程
2018-06-30,2018-06-25,sh.600585,海螺水泥
2018-06-30,2018-06-25,sh.600588,用友网络
2018-06-30,2018-06-25,sh.600606,绿地控股
2018-06-30,2018-06-25,sh.600637,东方明珠
2018-06-30,2018-06-25,sh.600660,福耀玻璃
2018-06-30,2018-06-25,sh.600663,陆家嘴
2018-06-30,2018-06-25,sh.600674,川投能源
2018-06-30,2018-06-25,sh.600682,南京新百
2018-06-30,2018-06-25,sh.600688,上海石化
2018-06-30,2018-06-25,sh.600690,青岛海尔
2018-06-30,2018-06-25,sh.600703,三安光电
2018-06-30,2018-06-25,sh.600704,物产中大
2018-06-30,2018-06-25,sh.600705,中航资本
2018-06-30,2018-06-25,sh.600739,辽宁成大
2018-06-30,2018-06-25,sh.600741,华域汽车
2018-06-30,2018-06-25,sh.600795,国电电力
2018-06-30,2018-06-25,sh.600804,鹏博士
2018-06-30,2018-06-25,sh.600809,山西汾酒
2018-06-30,2018-06-25,sh.600816,安信信托
2018-06-30,2018-06-25,sh.600820,隧道股份
2018-06-30,2018-06-25,sh.600837,海通证券
2018-06-30,2018-06-25,sh.600867,通化东宝
2018-06-30,2018-06-25,sh.600886,国投电力
2018-06-30,2018-06-25,sh.600887,伊利股份
2018-06-30,2018-06-25,sh.600893,航发动力
2018-06-30,2018-06-25,sh.600900,长江电力
2018-06-30,2018-06-25,sh.600909,华安证券
2018-06-30,2018-06-25,sh.600919,江苏银行
2018-06-30,2018-06-25,sh.600926,杭州银行
2018-06-30,2018-06-25,sh.600958,东方证券
2018-06-30,2018-06-25,sh.600959,江苏有线
2018-06-30,2018-06-25,sh.600977,中国电影
2018-06-30,2018-06-25,sh.600999,招商证券
2018-06-30,2018-06-25,sh.601006,大秦铁路
2018-06-30,2018-06-25,sh.601009,南京银行
2018-06-30,2018-06-25,sh.601012,隆基股份
2018-06-30,2018-06-25,sh.601018,宁波港
2018-06-30,2018-06-25,sh.601021,春秋航空
2018-06-30,2018-06-25,sh.601088,中国神华
2018-06-30,2018-06-25,sh.601099,太平洋
2018-06-30,2018-06-25,sh.601108,财通证券
2018-06-30,2018-06-25,sh.601111,中国国航
2018-06-30,2018-06-25,sh.601117,中国化学
2018-06-30,2018-06-25,sh.601155,新城控股
2018-06-30,2018-06-25,sh.601166,兴业银行
2018-06-30,2018-06-25,sh.601169,北京银行
2018-06-30,2018-06-25,sh.601186,中国铁建
2018-06-30,2018-06-25,sh.601198,东兴证券
2018-06-30,2018-06-25,sh.601211,国泰君安
2018-06-30,2018-06-25,sh.601212,白银有色
2018-06-30,2018-06-25,sh.601216,君正集团
2018-06-30,2018-06-25,sh.601225,陕西煤业
2018-06-30,2018-06-25,sh.601228,广州港
2018-06-30,2018-06-25,sh.601229,上海银行
2018-06-30,2018-06-25,sh.601238,广汽集团
2018-06-30,2018-06-25,sh.601288,农业银行
2018-06-30,2018-06-25,sh.601318,中国平安
2018-06-30,2018-06-25,sh.601328,交通银行
2018-06-30,2018-06-25,sh.601333,广深铁路
2018-06-30,2018-06-25,sh.601336,新华保险
2018-06-30,2018-06-25,sh.601360,三六零
2018-06-30,2018-06-25,sh.601377,兴业证券
2018-06-30,2018-06-25,sh.601390,中国中铁
2018-06-30,2018-06-25,sh.601398,工商银行
2018-06-30,2018-06-25,sh.601555,东吴证券
2018-06-30,2018-06-25,sh.601600,中国铝业
2018-06-30,2018-06-25,sh.601601,中国太保
2018-06-30,2018-06-25,sh.601607,上海医药
2018-06-30,2018-06-25,sh.601611,中国核建
2018-06-30,2018-06-25,sh.601618,中国中冶
2018-06-30,2018-06-25,sh.601628,中国人寿
2018-06-30,2018-06-25,sh.601633,长城汽车
2018-06-30,2018-06-25,sh.601668,中国建筑
2018-06-30,2018-06-25,sh.601669,中国电建
2018-06-30,2018-06-25,sh.601688,华泰证券
2018-06-30,2018-06-25,sh.601718,际华集团
2018-06-30,2018-06-25,sh.601727,上海电气
2018-06-30,2018-06-25,sh.601766,中国中车
2018-06-30,2018-06-25,sh.601788,光大证券
2018-06-30,2018-06-25,sh.601800,中国交建
2018-06-30,2018-06-25,sh.601808,中海油服
2018-06-30,2018-06-25,sh.601818,光大银行
2018-06-30,2018-06-25,sh.601828,美凯龙
2018-06-30,2018-06-25,sh.601838,成都银行
2018-06-30,2018-06-25,sh.601857,中国石油
2018-06-30,2018-06-25,sh.601866,中远海发
2018-06-30,2018-06-25,sh.601877,正泰电器
2018-06-30,2018-06-25,sh.601878,浙商证券
2018-06-30,2018-06-25,sh.601881,中国银河
2018-06-30,2018-06-25,sh.601888,中国国旅
2018-06-30,2018-06-25,sh.601898,中煤能源
2018-06-30,2018-06-25,sh.601899,紫金矿业
2018-06-30,2018-06-25,sh.601901,方正证券
2018-06-30,2018-06-25,sh.601919,中远海控
2018-06-30,2018-06-25,sh.601933,永辉超市
2018-06-30,2018-06-25,sh.601939,建设银行
2018-06-30,2018-06-25,sh.601958,金钼股份
2018-06-30,2018-06-25,sh.601985,中国核电
2018-06-30,2018-06-25,sh.601988,中国银行
2018-06-30,2018-06-25,sh.601989,中国重工
2018-06-30,2018-06-25,sh.601991,大唐发电
2018-06-30,2018-06-25,sh.601992,金隅集团
2018-06-30,2018-06-25,sh.601997,贵阳银行
2018-06-30,2018-06-25,sh.601998,中信银行
2018-06-30,2018-06-25,sh.603160,汇顶科技
2018-06-30,2018-06-25,sh.603260,合盛硅业
2018-06-30,2018-06-25,sh.603288,海天味业
2018-06-30,2018-06-25,sh.603799,华友钴业
2018-06-30,2018-06-25,sh.603833,欧派家居
2018-06-30,2018-06-25,sh.603858,步长制药
2018-06-30,2018-06-25,sh.603993,洛阳钼业
2018-06-30,2018-06-25,sz.000001,平安银行
2018-06-30,2018-06-25,sz.000002,万科A
2018-06-30,2018-06-25,sz.000060,中金岭南
2018-06-30,2018-06-25,sz.000063,中兴通讯
2018-06-30,2018-06-25,sz.000069,华侨城A
2018-06-30,2018-06-25,sz.000100,TCL集团
2018-06-30,2018-06-25,sz.000157,中联重科
2018-06-30,2018-06-25,sz.000166,申万宏源
2018-06-30,2018-06-25,sz.000333,美的集团
2018-06-30,2018-06-25,sz.000338,潍柴动力
2018-06-30,2018-06-25,sz.000402,金融街
2018-06-30,2018-06-25,sz.000413,东旭光电
2018-06-30,2018-06-25,sz.000415,渤海金控
2018-06-30,2018-06-25,sz.000423,东阿阿胶
2018-06-30,2018-06-25,sz.000425,徐工机械
2018-06-30,2018-06-25,sz.000503,国新健康
2018-06-30,2018-06-25,sz.000538,云南白药
2018-06-30,2018-06-25,sz.000540,中天金融
2018-06-30,2018-06-25,sz.000559,万向钱潮
2018-06-30,2018-06-25,sz.000568,泸州老窖
2018-06-30,2018-06-25,sz.000623,吉林敖东
2018-06-30,2018-06-25,sz.000625,长安汽车
2018-06-30,2018-06-25,sz.000627,天茂集团
2018-06-30,2018-06-25,sz.000630,铜陵有色
2018-06-30,2018-06-25,sz.000651,格力电器
2018-06-30,2018-06-25,sz.000671,阳光城
2018-06-30,2018-06-25,sz.000709,河钢股份
2018-06-30,2018-06-25,sz.000723,美锦能源
2018-06-30,2018-06-25,sz.000725,京东方A
2018-06-30,2018-06-25,sz.000728,国元证券
2018-06-30,2018-06-25,sz.000768,中航飞机
2018-06-30,2018-06-25,sz.000776,广发证券
2018-06-30,2018-06-25,sz.000783,长江证券
2018-06-30,2018-06-25,sz.000786,北新建材
2018-06-30,2018-06-25,sz.000792,盐湖股份
2018-06-30,2018-06-25,sz.000826,启迪桑德
2018-06-30,2018-06-25,sz.000839,中信国安
2018-06-30,2018-06-25,sz.000858,五粮液
2018-06-30,2018-06-25,sz.000876,新希望
2018-06-30,2018-06-25,sz.000895,双汇发展
2018-06-30,2018-06-25,sz.000898,鞍钢股份
2018-06-30,2018-06-25,sz.000938,紫光股份
2018-06-30,2018-06-25,sz.000959,首钢股份
2018-06-30,2018-06-25,sz.000961,中南建设
2018-06-30,2018-06-25,sz.000963,华东医药
2018-06-30,2018-06-25,sz.000983,西山煤电
2018-06-30,2018-06-25,sz.001965,招商公路
2018-06-30,2018-06-25,sz.001979,招商蛇口
2018-06-30,2018-06-25,sz.002007,华兰生物
2018-06-30,2018-06-25,sz.002008,大族激光
2018-06-30,2018-06-25,sz.002024,苏宁易购
2018-06-30,2018-06-25,sz.002027,分众传媒
2018-06-30,2018-06-25,sz.002044,美年健康
2018-06-30,2018-06-25,sz.002050,三花智控
2018-06-30,2018-06-25,sz.002065,东华软件
2018-06-30,2018-06-25,sz.002074,国轩高科
2018-06-30,2018-06-25,sz.002081,金螳螂
2018-06-30,2018-06-25,sz.002085,万丰奥威
2018-06-30,2018-06-25,sz.002142,宁波银行
2018-06-30,2018-06-25,sz.002146,荣盛发展
2018-06-30,2018-06-25,sz.002153,石基信息
2018-06-30,2018-06-25,sz.002202,金风科技
2018-06-30,2018-06-25,sz.002230,科大讯飞
2018-06-30,2018-06-25,sz.002236,大华股份
2018-06-30,2018-06-25,sz.002241,歌尔股份
2018-06-30,2018-06-25,sz.002252,上海莱士
2018-06-30,2018-06-25,sz.002294,信立泰
2018-06-30,2018-06-25,sz.002304,洋河股份
2018-06-30,2018-06-25,sz.002310,东方园林
2018-06-30,2018-06-25,sz.002352,顺丰控股
2018-06-30,2018-06-25,sz.002385,大北农
2018-06-30,2018-06-25,sz.002411,必康股份
2018-06-30,2018-06-25,sz.002415,海康威视
2018-06-30,2018-06-25,sz.002450,康得新
2018-06-30,2018-06-25,sz.002456,欧菲科技
2018-06-30,2018-06-25,sz.002460,赣锋锂业
2018-06-30,2018-06-25,sz.002466,天齐锂业
2018-06-30,2018-06-25,sz.002468,申通快递
2018-06-30,2018-06-25,sz.002470,金正大
2018-06-30,2018-06-25,sz.002475,立讯精密
2018-06-30,2018-06-25,sz.002493,荣盛石化
2018-06-30,2018-06-25,sz.002500,山西证券
2018-06-30,2018-06-25,sz.002508,老板电器
2018-06-30,2018-06-25,sz.002555,三七互娱
2018-06-30,2018-06-25,sz.002558,巨人网络
2018-06-30,2018-06-25,sz.002572,索菲亚
2018-06-30,2018-06-25,sz.002594,比亚迪
2018-06-30,2018-06-25,sz.002601,龙蟒佰利
2018-06-30,2018-06-25,sz.002602,世纪华通
2018-06-30,2018-06-25,sz.002608,江苏国信
2018-06-30,2018-06-25,sz.002624,完美世界
2018-06-30,2018-06-25,sz.002625,光启技术
2018-06-30,2018-06-25,sz.002673,西部证券
2018-06-30,2018-06-25,sz.002714,牧原股份
2018-06-30,2018-06-25,sz.002736,国信证券
2018-06-30,2018-06-25,sz.002739,万达电影
2018-06-30,2018-06-25,sz.002797,第一创业
2018-06-30,2018-06-25,sz.002925,盈趣科技
2018-06-30,2018-06-25,sz.300003,乐普医疗
2018-06-30,2018-06-25,sz.300015,爱尔眼科
2018-06-30,2018-06-25,sz.300017,网宿科技
2018-06-30,2018-06-25,sz.300024,机器人
2018-06-30,2018-06-25,sz.300027,华谊兄弟
2018-06-30,2018-06-25,sz.300033,同花顺
2018-06-30,2018-06-25,sz.300059,东方财富
2018-06-30,2018-06-25,sz.300070,碧水源
2018-06-30,2018-06-25,sz.300072,三聚环保
2018-06-30,2018-06-25,sz.300122,智飞生物
2018-06-30,2018-06-25,sz.300124,汇川技术
2018-06-30,2018-06-25,sz.300136,信维通信
2018-06-30,2018-06-25,sz.300144,宋城演艺
2018-06-30,2018-06-25,sz.300251,光线传媒
2018-06-30,2018-06-25,sz.300408,三环集团
2018-06-30,2018-06-25,sz.300433,蓝思科技
2018-07-31,2018-07-30,sh.600000,浦发银行
2018-07-31,2018-07-30,sh.600008,首创股份
2018-07-31,2018-07-30,sh.600009,上海机场
2018-07-31,2018-07-30,sh.600010,包钢股份
2018-07-31,2018-07-30,sh.600011,华能国际
2018-07-31,2018-07-30,sh.600015,华夏银行
2018-07-31,2018-07-30,sh.600016,民生银行
2018-07-31,2018-07-30,sh.600018,上港集团
2018-07-31,2018-07-30,sh.600019,宝钢股份
2018-07-31,2018-07-30,sh.600023,浙能电力
2018-07-31,2018-07-30,sh.600025,华能水电
2018-07-31,2018-07-30,sh.600028,中国石化
2018-07-31,2018-07-30,sh.600029,南方航空
2018-07-31,2018-07-30,sh.600030,中信证券
2018-07-31,2018-07-30,sh.600031,三一重工
2018-07-31,2018-07-30,sh.600036,招商银行
2018-07-31,2018-07-30,sh.600038,中直股份
2018-07-31,2018-07-30,sh.600048,保利地产
2018-07-31,2018-07-30,sh.600050,中国联通
2018-07-31,2018-07-30,sh.600061,国投资本
2018-07-31,2018-07-30,sh.600066,宇通客车
2018-07-31,2018-07-30,sh.600068,葛洲坝
2018-07-31,2018-07-30,sh.600085,同仁堂
2018-07-31,2018-07-30,sh.600089,特变电工
2018-07-31,2018-07-30,sh.600100,同方股份
2018-07-31,2018-07-30,sh.600104,上汽集团
2018-07-31,2018-07-30,sh.600109,国金证券
2018-07-31,2018-07-30,sh.600111,北方稀土
2018-07-31,2018-07-30,sh.600115,东方航空
2018-07-31,2018-07-30,sh.600118,中国卫星
2018-07-31,2018-07-30,sh.600153,建发股份
2018-07-31,2018-07-30,sh.600157,永泰能源
2018-07-31,2018-07-30,sh.600170,上海建工
2018-07-31,2018-07-30,sh.600176,中国巨石
2018-07-31,2018-07-30,sh.600177,雅戈尔
2018-07-31,2018-07-30,sh.600188,兖州煤业
2018-07-31,2018-07-30,sh.600196,复星医药
2018-07-31,2018-07-30,sh.600208,新湖中宝
2018-07-31,2018-07-30,sh.600219,南山铝业
2018-07-31,2018-07-30,sh.600221,海航控股
2018-07-31,2018-07-30,sh.600233,圆通速递
2018-07-31,2018-07-30,sh.600271,航天信息
2018-07-31,2018-07-30,sh.600276,恒瑞医药
2018-07-31,2018-07-30,sh.600297,广汇汽车
2018-07-31,2018-07-30,sh.600309,万华化学
2018-07-31,2018-07-30,sh.600332,白云山
2018-07-31,2018-07-30,sh.600339,中油工程
2018-07-31,2018-07-30,sh.600340,华夏幸福
2018-07-31,2018-07-30,sh.600346,恒力股份
2018-07-31,2018-07-30,sh.600352,浙江龙盛
2018-07-31,2018-07-30,sh.600362,江西铜业
2018-07-31,2018-07-30,sh.600369,西南证券
2018-07-31,2018-07-30,sh.600372,中航电子
2018-07-31,2018-07-30,sh.600373,中文传媒
2018-07-31,2018-07-30,sh.600376,首开股份
2018-07-31,2018-07-30,sh.600383,金地集团
2018-07-31,2018-07-30,sh.600390,五矿资本
2018-07-31,2018-07-30,sh.600398,海澜之家
2018-07-31,2018-07-30,sh.600406,国电南瑞
2018-07-31,2018-07-30,sh.600415,小商品城
2018-07-31,2018-07-30,sh.600436,片仔癀
2018-07-31,2018-07-30,sh.600438,通威股份
2018-07-31,2018-07-30,sh.600482,中国动力
2018-07-31,2018-07-30,sh.600487,亨通光电
2018-07-31,2018-07-30,sh.600489,中金黄金
2018-07-31,2018-07-30,sh.600498,烽火通信
2018-07-31,2018-07-30,sh.600516,方大炭素
2018-07-31,2018-07-30,sh.600518,康美药业
2018-07-31,2018-07-30,sh.600519,贵州茅台
2018-07-31,2018-07-30,sh.600522,中天科技
2018-07-31,2018-07-30,sh.600535,天士力
2018-07-31,2018-07-30,sh.600547,山东黄金
2018-07-31,2018-07-30,sh.600549,厦门钨业
2018-07-31,2018-07-30,sh.600570,恒生电子
2018-07-31,2018-07-30,sh.600583,海油工程
2018-07-31,2018-07-30,sh.600585,海螺水泥
2018-07-31,2018-07-30,sh.600588,用友网络
2018-07-31,2018-07-30,sh.600606,绿地控股
2018-07-31,2018-07-30,sh.600637,东方明珠
2018-07-31,2018-07-30,sh.600660,福耀玻璃
2018-07-31,2018-07-30,sh.600663,陆家嘴
2018-07-31,2018-07-30,sh.600674,川投能源
2018-07-31,2018-07-30,sh.600682,南京新百
2018-07-31,2018-07-30,sh.600688,上海石化
2018-07-31,2018-07-30,sh.600690,青岛海尔
2018-07-31,2018-07-30,sh.600703,三安光电
2018-07-31,2018-07-30,sh.600704,物产中大
2018-07-31,2018-07-30,sh.600705,中航资本
2018-07-31,2018-07-30,sh.600739,辽宁成大
2018-07-31,2018-07-30,sh.600741,华域汽车
2018-07-31,2018-07-30,sh.600795,国电电力
2018-07-31,2018-07-30,sh.600804,鹏博士
2018-07-31,2018-07-30,sh.600809,山西汾酒
2018-07-31,2018-07-30,sh.600816,安信信托
2018-07-31,2018-07-30,sh.600820,隧道股份
2018-07-31,2018-07-30,sh.600837,海通证券
2018-07-31,2018-07-30,sh.600867,通化东宝
2018-07-31,2018-07-30,sh.600886,国投电力
2018-07-31,2018-07-30,sh.600887,伊利股份
2018-07-31,2018-07-30,sh.600893,航发动力
2018-07-31,2018-07-30,sh.600900,长江电力
2018-07-31,2018-07-30,sh.600909,华安证券
2018-07-31,2018-07-30,sh.600919,江苏银行
2018-07-31,2018-07-30,sh.600926,杭州银行
2018-07-31,2018-07-30,sh.600958,东方证券
2018-07-31,2018-07-30,sh.600959,江苏有线
2018-07-31,2018-07-30,sh.600977,中国电影
2018-07-31,2018-07-30,sh.600999,招商证券
2018-07-31,2018-07-30,sh.601006,大秦铁路
2018-07-31,2018-07-30,sh.601009,南京银行
2018-07-31,2018-07-30,sh.601012,隆基股份
2018-07-31,2018-07-30,sh.601018,宁波港
2018-07-31,2018-07-30,sh.601021,春秋航空
2018-07-31,2018-07-30,sh.601088,中国神华
2018-07-31,2018-07-30,sh.601099,太平洋
2018-07-31,2018-07-30,sh.601108,财通证券
2018-07-31,2018-07-30,sh.601111,中国国航
2018-07-31,2018-07-30,sh.601117,中国化学
2018-07-31,2018-07-30,sh.601155,新城控股
2018-07-31,2018-07-30,sh.601166,兴业银行
2018-07-31,2018-07-30,sh.601169,北京银行
2018-07-31,2018-07-30,sh.601186,中国铁建
2018-07-31,2018-07-30,sh.601198,东兴证券
2018-07-31,2018-07-30,sh.601211,国泰君安
2018-07-31,2018-07-30,sh.601212,白银有色
2018-07-31,2018-07-30,sh.601216,君正集团
2018-07-31,2018-07-30,sh.601225,陕西煤业
2018-07-31,2018-07-30,sh.601228,广州港
2018-07-31,2018-07-30,sh.601229,上海银行
2018-07-31,2018-07-30,sh.601238,广汽集团
2018-07-31,2018-07-30,sh.601288,农业银行
2018-07-31,2018-07-30,sh.601318,中国平安
2018-07-31,2018-07-30,sh.601328,交通银行
2018-07-31,2018-07-30,sh.601333,广深铁路
2018-07-31,2018-07-30,sh.601336,新华保险
2018-07-31,2018-07-30,sh.601360,三六零
2018-07-31,2018-07-30,sh.601377,兴业证券
2018-07-31,2018-07-30,sh.601390,中国中铁
2018-07-31,2018-07-30,sh.601398,工商银行
2018-07-31,2018-07-30,sh.601555,东吴证券
2018-07-31,2018-07-30,sh.601600,中国铝业
2018-07-31,2018-07-30,sh.601601,中国太保
2018-07-31,2018-07-30,sh.601607,上海医药
2018-07-31,2018-07-30,sh.601611,中国核建
2018-07-31,2018-07-30,sh.601618,中国中冶
2018-07-31,2018-07-30,sh.601628,中国人寿
2018-07-31,2018-07-30,sh.601633,长城汽车
2018-07-31,2018-07-30,sh.601668,中国建筑
2018-07-31,2018-07-30,sh.601669,中国电建
2018-07-31,2018-07-30,sh.601688,华泰证券
2018-07-31,2018-07-30,sh.601718,际华集团
2018-07-31,2018-07-30,sh.601727,上海电气
2018-07-31,2018-07-30,sh.601766,中国中车
2018-07-31,2018-07-30,sh.601788,光大证券
2018-07-31,2018-07-30,sh.601800,中国交建
2018-07-31,2018-07-30,sh.601808,中海油服
2018-07-31,2018-07-30,sh.601818,光大银行
2018-07-31,2018-07-30,sh.601828,美凯龙
2018-07-31,2018-07-30,sh.601838,成都银行
2018-07-31,2018-07-30,sh.601857,中国石油
2018-07-31,2018-07-30,sh.601866,中远海发
2018-07-31,2018-07-30,sh.601877,正泰电器
2018-07-31,2018-07-30,sh.601878,浙商证券
2018-07-31,2018-07-30,sh.601881,中国银河
2018-07-31,2018-07-30,sh.601888,中国国旅
2018-07-31,2018-07-30,sh.601898,中煤能源
2018-07-31,2018-07-30,sh.601899,紫金矿业
2018-07-31,2018-07-30,sh.601901,方正证券
2018-07-31,2018-07-30,sh.601919,中远海控
2018-07-31,2018-07-30,sh.601933,永辉超市
2018-07-31,2018-07-30,sh.601939,建设银行
2018-07-31,2018-07-30,sh.601958,金钼股份
2018-07-31,2018-07-30,sh.601985,中国核电
2018-07-31,2018-07-30,sh.601988,中国银行
2018-07-31,2018-07-30,sh.601989,中国重工
2018-07-31,2018-07-30,sh.601991,大唐发电
2018-07-31,2018-07-30,sh.601992,金隅集团
2018-07-31,2018-07-30,sh.601997,贵阳银行
2018-07-31,2018-07-30,sh.601998,中信银行
2018-07-31,2018-07-30,sh.603160,汇顶科技
2018-07-31,2018-07-30,sh.603260,合盛硅业
2018-07-31,2018-07-30,sh.603288,海天味业
2018-07-31,2018-07-30,sh.603799,华友钴业
2018-07-31,2018-07-30,sh.603833,欧派家居
2018-07-31,2018-07-30,sh.603858,步长制药
2018-07-31,2018-07-30,sh.603993,洛阳钼业
2018-07-31,2018-07-30,sz.000001,平安银行
2018-07-31,2018-07-30,sz.000002,万科A
2018-07-31,2018-07-30,sz.000060,中金岭南
2018-07-31,2018-07-30,sz.000063,中兴通讯
2018-07-31,2018-07-30,sz.000069,华侨城A
2018-07-31,2018-07-30,sz.000100,TCL集团
2018-07-31,2018-07-30,sz.000157,中联重科
2018-07-31,2018-07-30,sz.000166,申万宏源
2018-07-31,2018-07-30,sz.000333,美的集团
2018-07-31,2018-07-30,sz.000338,潍柴动力
2018-07-31,2018-07-30,sz.000402,金融街
2018-07-31,2018-07-30,sz.000413,东旭光电
2018-07-31,2018-07-30,sz.000415,渤海金控
2018-07-31,2018-07-30,sz.000423,东阿阿胶
2018-07-31,2018-07-30,sz.000425,徐工机械
2018-07-31,2018-07-30,sz.000503,国新健康
2018-07-31,2018-07-30,sz.000538,云南白药
2018-07-31,2018-07-30,sz.000540,中天金融
2018-07-31,2018-07-30,sz.000559,万向钱潮
2018-07-31,2018-07-30,sz.000568,泸州老窖
2018-07-31,2018-07-30,sz.000623,吉林敖东
2018-07-31,2018-07-30,sz.000625,长安汽车
2018-07-31,2018-07-30,sz.000627,天茂集团
2018-07-31,2018-07-30,sz.000630,铜陵有色
2018-07-31,2018-07-30,sz.000651,格力电器
2018-07-31,2018-07-30,sz.000671,阳光城
2018-07-31,2018-07-30,sz.000709,河钢股份
2018-07-31,2018-07-30,sz.000723,美锦能源
2018-07-31,2018-07-30,sz.000725,京东方A
2018-07-31,2018-07-30,sz.000728,国元证券
2018-07-31,2018-07-30,sz.000768,中航飞机
2018-07-31,2018-07-30,sz.000776,广发证券
2018-07-31,2018-07-30,sz.000783,长江证券
2018-07-31,2018-07-30,sz.000786,北新建材
2018-07-31,2018-07-30,sz.000792,盐湖股份
2018-07-31,2018-07-30,sz.000826,启迪桑德
2018-07-31,2018-07-30,sz.000839,中信国安
2018-07-31,2018-07-30,sz.000858,五粮液
2018-07-31,2018-07-30,sz.000876,新希望
2018-07-31,2018-07-30,sz.000895,双汇发展
2018-07-31,2018-07-30,sz.000898,鞍钢股份
2018-07-31,2018-07-30,sz.000938,紫光股份
2018-07-31,2018-07-30,sz.000959,首钢股份
2018-07-31,2018-07-30,sz.000961,中南建设
2018-07-31,2018-07-30,sz.000963,华东医药
2018-07-31,2018-07-30,sz.000983,西山煤电
2018-07-31,2018-07-30,sz.001965,招商公路
2018-07-31,2018-07-30,sz.001979,招商蛇口
2018-07-31,2018-07-30,sz.002007,华兰生物
2018-07-31,2018-07-30,sz.002008,大族激光
2018-07-31,2018-07-30,sz.002024,苏宁易购
2018-07-31,2018-07-30,sz.002027,分众传媒
2018-07-31,2018-07-30,sz.002044,美年健康
2018-07-31,2018-07-30,sz.002050,三花智控
2018-07-31,2018-07-30,sz.002065,东华软件
2018-07-31,2018-07-30,sz.002074,国轩高科
2018-07-31,2018-07-30,sz.002081,金螳螂
2018-07-31,2018-07-30,sz.002085,万丰奥威
2018-07-31,2018-07-30,sz.002142,宁波银行
2018-07-31,2018-07-30,sz.002146,荣盛发展
2018-07-31,2018-07-30,sz.002153,石基信息
2018-07-31,2018-07-30,sz.002202,金风科技
2018-07-31,2018-07-30,sz.002230,科大讯飞
2018-07-31,2018-07-30,sz.002236,大华股份
2018-07-31,2018-07-30,sz.002241,歌尔股份
2018-07-31,2018-07-30,sz.002252,上海莱士
2018-07-31,2018-07-30,sz.002294,信立泰
2018-07-31,2018-07-30,sz.002304,洋河股份
2018-07-31,2018-07-30,sz.002310,东方园林
2018-07-31,2018-07-30,sz.002352,顺丰控股
2018-07-31,2018-07-30,sz.002385,大北农
2018-07-31,2018-07-30,sz.002411,必康股份
2018-07-31,2018-07-30,sz.002415,海康威视
2018-07-31,2018-07-30,sz.002450,康得新
2018-07-31,2018-07-30,sz.002456,欧菲科技
2018-07-31,2018-07-30,sz.002460,赣锋锂业
2018-07-31,2018-07-30,sz.002466,天齐锂业
2018-07-31,2018-07-30,sz.002468,申通快递
2018-07-31,2018-07-30,sz.002470,金正大
2018-07-31,2018-07-30,sz.002475,立讯精密
2018-07-31,2018-07-30,sz.002493,荣盛石化
2018-07-31,2018-07-30,sz.002500,山西证券
2018-07-31,2018-07-30,sz.002508,老板电器
2018-07-31,2018-07-30,sz.002555,三七互娱
2018-07-31,2018-07-30,sz.002558,巨人网络
2018-07-31,2018-07-30,sz.002572,索菲亚
2018-07-31,2018-07-30,sz.002594,比亚迪
2018-07-31,2018-07-30,sz.002601,龙蟒佰利
2018-07-31,2018-07-30,sz.002602,世纪华通
2018-07-31,2018-07-30,sz.002608,江苏国信
2018-07-31,2018-07-30,sz.002624,完美世界
2018-07-31,2018-07-30,sz.002625,光启技术
2018-07-31,2018-07-30,sz.002673,西部证券
2018-07-31,2018-07-30,sz.002714,牧原股份
2018-07-31,2018-07-30,sz.002736,国信证券
2018-07-31,2018-07-30,sz.002739,万达电影
2018-07-31,2018-07-30,sz.002797,第一创业
2018-07-31,2018-07-30,sz.002925,盈趣科技
2018-07-31,2018-07-30,sz.300003,乐普医疗
2018-07-31,2018-07-30,sz.300015,爱尔眼科
2018-07-31,2018-07-30,sz.300017,网宿科技
2018-07-31,2018-07-30,sz.300024,机器人
2018-07-31,2018-07-30,sz.300027,华谊兄弟
2018-07-31,2018-07-30,sz.300033,同花顺
2018-07-31,2018-07-30,sz.300059,东方财富
2018-07-31,2018-07-30,sz.300070,碧水源
2018-07-31,2018-07-30,sz.300072,三聚环保
2018-07-31,2018-07-30,sz.300122,智飞生物
2018-07-31,2018-07-30,sz.300124,汇川技术
2018-07-31,2018-07-30,sz.300136,信维通信
2018-07-31,2018-07-30,sz.300144,宋城演艺
2018-07-31,2018-07-30,sz.300251,光线传媒
2018-07-31,2018-07-30,sz.300408,三环集团
2018-07-31,2018-07-30,sz.300433,蓝思科技
2018-08-31,2018-08-27,sh.600000,浦发银行
2018-08-31,2018-08-27,sh.600008,首创股份
2018-08-31,2018-08-27,sh.600009,上海机场
2018-08-31,2018-08-27,sh.600010,包钢股份
2018-08-31,2018-08-27,sh.600011,华能国际
2018-08-31,2018-08-27,sh.600015,华夏银行
2018-08-31,2018-08-27,sh.600016,民生银行
2018-08-31,2018-08-27,sh.600018,上港集团
2018-08-31,2018-08-27,sh.600019,宝钢股份
2018-08-31,2018-08-27,sh.600023,浙能电力
2018-08-31,2018-08-27,sh.600025,华能水电
2018-08-31,2018-08-27,sh.600028,中国石化
2018-08-31,2018-08-27,sh.600029,南方航空
2018-08-31,2018-08-27,sh.600030,中信证券
2018-08-31,2018-08-27,sh.600031,三一重工
2018-08-31,2018-08-27,sh.600036,招商银行
2018-08-31,2018-08-27,sh.600038,中直股份
2018-08-31,2018-08-27,sh.600048,保利地产
2018-08-31,2018-08-27,sh.600050,中国联通
2018-08-31,2018-08-27,sh.600061,国投资本
2018-08-31,2018-08-27,sh.600066,宇通客车
2018-08-31,2018-08-27,sh.600068,葛洲坝
2018-08-31,2018-08-27,sh.600085,同仁堂
2018-08-31,2018-08-27,sh.600089,特变电工
2018-08-31,2018-08-27,sh.600100,同方股份
2018-08-31,2018-08-27,sh.600104,上汽集团
2018-08-31,2018-08-27,sh.600109,国金证券
2018-08-31,2018-08-27,sh.600111,北方稀土
2018-08-31,2018-08-27,sh.600115,东方航空
2018-08-31,2018-08-27,sh.600118,中国卫星
2018-08-31,2018-08-27,sh.600153,建发股份
2018-08-31,2018-08-27,sh.600157,永泰能源
2018-08-31,2018-08-27,sh.600170,上海建工
2018-08-31,2018-08-27,sh.600176,中国巨石
2018-08-31,2018-08-27,sh.600177,雅戈尔
2018-08-31,2018-08-27,sh.600188,兖州煤业
2018-08-31,2018-08-27,sh.600196,复星医药
2018-08-31,2018-08-27,sh.600208,新湖中宝
2018-08-31,2018-08-27,sh.600219,南山铝业
2018-08-31,2018-08-27,sh.600221,海航控股
2018-08-31,2018-08-27,sh.600233,圆通速递
2018-08-31,2018-08-27,sh.600271,航天信息
2018-08-31,2018-08-27,sh.600276,恒瑞医药
2018-08-31,2018-08-27,sh.600297,广汇汽车
2018-08-31,2018-08-27,sh.600309,万华化学
2018-08-31,2018-08-27,sh.600332,白云山
2018-08-31,2018-08-27,sh.600339,中油工程
2018-08-31,2018-08-27,sh.600340,华夏幸福
2018-08-31,2018-08-27,sh.600346,恒力股份
2018-08-31,2018-08-27,sh.600352,浙江龙盛
2018-08-31,2018-08-27,sh.600362,江西铜业
2018-08-31,2018-08-27,sh.600369,西南证券
2018-08-31,2018-08-27,sh.600372,中航电子
2018-08-31,2018-08-27,sh.600373,中文传媒
2018-08-31,2018-08-27,sh.600376,首开股份
2018-08-31,2018-08-27,sh.600383,金地集团
2018-08-31,2018-08-27,sh.600390,五矿资本
2018-08-31,2018-08-27,sh.600398,海澜之家
2018-08-31,2018-08-27,sh.600406,国电南瑞
2018-08-31,2018-08-27,sh.600415,小商品城
2018-08-31,2018-08-27,sh.600436,片仔癀
2018-08-31,2018-08-27,sh.600438,通威股份
2018-08-31,2018-08-27,sh.600482,中国动力
2018-08-31,2018-08-27,sh.600487,亨通光电
2018-08-31,2018-08-27,sh.600489,中金黄金
2018-08-31,2018-08-27,sh.600498,烽火通信
2018-08-31,2018-08-27,sh.600516,方大炭素
2018-08-31,2018-08-27,sh.600518,康美药业
2018-08-31,2018-08-27,sh.600519,贵州茅台
2018-08-31,2018-08-27,sh.600522,中天科技
2018-08-31,2018-08-27,sh.600535,天士力
2018-08-31,2018-08-27,sh.600547,山东黄金
2018-08-31,2018-08-27,sh.600549,厦门钨业
2018-08-31,2018-08-27,sh.600570,恒生电子
2018-08-31,2018-08-27,sh.600583,海油工程
2018-08-31,2018-08-27,sh.600585,海螺水泥
2018-08-31,2018-08-27,sh.600588,用友网络
2018-08-31,2018-08-27,sh.600606,绿地控股
2018-08-31,2018-08-27,sh.600637,东方明珠
2018-08-31,2018-08-27,sh.600660,福耀玻璃
2018-08-31,2018-08-27,sh.600663,陆家嘴
2018-08-31,2018-08-27,sh.600674,川投能源
2018-08-31,2018-08-27,sh.600682,南京新百
2018-08-31,2018-08-27,sh.600688,上海石化
2018-08-31,2018-08-27,sh.600690,青岛海尔
2018-08-31,2018-08-27,sh.600703,三安光电
2018-08-31,2018-08-27,sh.600704,物产中大
2018-08-31,2018-08-27,sh.600705,中航资本
2018-08-31,2018-08-27,sh.600739,辽宁成大
2018-08-31,2018-08-27,sh.600741,华域汽车
2018-08-31,2018-08-27,sh.600795,国电电力
2018-08-31,2018-08-27,sh.600804,鹏博士
2018-08-31,2018-08-27,sh.600809,山西汾酒
2018-08-31,2018-08-27,sh.600816,安信信托
2018-08-31,2018-08-27,sh.600820,隧道股份
2018-08-31,2018-08-27,sh.600837,海通证券
2018-08-31,2018-08-27,sh.600867,通化东宝
2018-08-31,2018-08-27,sh.600886,国投电力
2018-08-31,2018-08-27,sh.600887,伊利股份
2018-08-31,2018-08-27,sh.600893,航发动力
2018-08-31,2018-08-27,sh.600900,长江电力
2018-08-31,2018-08-27,sh.600909,华安证券
2018-08-31,2018-08-27,sh.600919,江苏银行
2018-08-31,2018-08-27,sh.600926,杭州银行
2018-08-31,2018-08-27,sh.600958,东方证券
2018-08-31,2018-08-27,sh.600959,江苏有线
2018-08-31,2018-08-27,sh.600977,中国电影
2018-08-31,2018-08-27,sh.600999,招商证券
2018-08-31,2018-08-27,sh.601006,大秦铁路
2018-08-31,2018-08-27,sh.601009,南京银行
2018-08-31,2018-08-27,sh.601012,隆基股份
2018-08-31,2018-08-27,sh.601018,宁波港
2018-08-31,2018-08-27,sh.601021,春秋航空
2018-08-31,2018-08-27,sh.601088,中国神华
2018-08-31,2018-08-27,sh.601099,太平洋
2018-08-31,2018-08-27,sh.601108,财通证券
2018-08-31,2018-08-27,sh.601111,中国国航
2018-08-31,2018-08-27,sh.601117,中国化学
2018-08-31,2018-08-27,sh.601155,新城控股
2018-08-31,2018-08-27,sh.601166,兴业银行
2018-08-31,2018-08-27,sh.601169,北京银行
2018-08-31,2018-08-27,sh.601186,中国铁建
2018-08-31,2018-08-27,sh.601198,东兴证券
2018-08-31,2018-08-27,sh.601211,国泰君安
2018-08-31,2018-08-27,sh.601212,白银有色
2018-08-31,2018-08-27,sh.601216,君正集团
2018-08-31,2018-08-27,sh.601225,陕西煤业
2018-08-31,2018-08-27,sh.601228,广州港
2018-08-31,2018-08-27,sh.601229,上海银行
2018-08-31,2018-08-27,sh.601238,广汽集团
2018-08-31,2018-08-27,sh.601288,农业银行
2018-08-31,2018-08-27,sh.601318,中国平安
2018-08-31,2018-08-27,sh.601328,交通银行
2018-08-31,2018-08-27,sh.601333,广深铁路
2018-08-31,2018-08-27,sh.601336,新华保险
2018-08-31,2018-08-27,sh.601360,三六零
2018-08-31,2018-08-27,sh.601377,兴业证券
2018-08-31,2018-08-27,sh.601390,中国中铁
2018-08-31,2018-08-27,sh.601398,工商银行
2018-08-31,2018-08-27,sh.601555,东吴证券
2018-08-31,2018-08-27,sh.601600,中国铝业
2018-08-31,2018-08-27,sh.601601,中国太保
2018-08-31,2018-08-27,sh.601607,上海医药
2018-08-31,2018-08-27,sh.601611,中国核建
2018-08-31,2018-08-27,sh.601618,中国中冶
2018-08-31,2018-08-27,sh.601628,中国人寿
2018-08-31,2018-08-27,sh.601633,长城汽车
2018-08-31,2018-08-27,sh.601668,中国建筑
2018-08-31,2018-08-27,sh.601669,中国电建
2018-08-31,2018-08-27,sh.601688,华泰证券
2018-08-31,2018-08-27,sh.601718,际华集团
2018-08-31,2018-08-27,sh.601727,上海电气
2018-08-31,2018-08-27,sh.601766,中国中车
2018-08-31,2018-08-27,sh.601788,光大证券
2018-08-31,2018-08-27,sh.601800,中国交建
2018-08-31,2018-08-27,sh.601808,中海油服
2018-08-31,2018-08-27,sh.601818,光大银行
2018-08-31,2018-08-27,sh.601828,美凯龙
2018-08-31,2018-08-27,sh.601838,成都银行
2018-08-31,2018-08-27,sh.601857,中国石油
2018-08-31,2018-08-27,sh.601866,中远海发
2018-08-31,2018-08-27,sh.601877,正泰电器
2018-08-31,2018-08-27,sh.601878,浙商证券
2018-08-31,2018-08-27,sh.601881,中国银河
2018-08-31,2018-08-27,sh.601888,中国国旅
2018-08-31,2018-08-27,sh.601898,中煤能源
2018-08-31,2018-08-27,sh.601899,紫金矿业
2018-08-31,2018-08-27,sh.601901,方正证券
2018-08-31,2018-08-27,sh.601919,中远海控
2018-08-31,2018-08-27,sh.601933,永辉超市
2018-08-31,2018-08-27,sh.601939,建设银行
2018-08-31,2018-08-27,sh.601958,金钼股份
2018-08-31,2018-08-27,sh.601985,中国核电
2018-08-31,2018-08-27,sh.601988,中国银行
2018-08-31,2018-08-27,sh.601989,中国重工
2018-08-31,2018-08-27,sh.601991,大唐发电
2018-08-31,2018-08-27,sh.601992,金隅集团
2018-08-31,2018-08-27,sh.601997,贵阳银行
2018-08-31,2018-08-27,sh.601998,中信银行
2018-08-31,2018-08-27,sh.603160,汇顶科技
2018-08-31,2018-08-27,sh.603260,合盛硅业
2018-08-31,2018-08-27,sh.603288,海天味业
2018-08-31,2018-08-27,sh.603799,华友钴业
2018-08-31,2018-08-27,sh.603833,欧派家居
2018-08-31,2018-08-27,sh.603858,步长制药
2018-08-31,2018-08-27,sh.603993,洛阳钼业
2018-08-31,2018-08-27,sz.000001,平安银行
2018-08-31,2018-08-27,sz.000002,万科A
2018-08-31,2018-08-27,sz.000060,中金岭南
2018-08-31,2018-08-27,sz.000063,中兴通讯
2018-08-31,2018-08-27,sz.000069,华侨城A
2018-08-31,2018-08-27,sz.000100,TCL集团
2018-08-31,2018-08-27,sz.000157,中联重科
2018-08-31,2018-08-27,sz.000166,申万宏源
2018-08-31,2018-08-27,sz.000333,美的集团
2018-08-31,2018-08-27,sz.000338,潍柴动力
2018-08-31,2018-08-27,sz.000402,金融街
2018-08-31,2018-08-27,sz.000413,东旭光电
2018-08-31,2018-08-27,sz.000415,渤海金控
2018-08-31,2018-08-27,sz.000423,东阿阿胶
2018-08-31,2018-08-27,sz.000425,徐工机械
2018-08-31,2018-08-27,sz.000503,国新健康
2018-08-31,2018-08-27,sz.000538,云南白药
2018-08-31,2018-08-27,sz.000540,中天金融
2018-08-31,2018-08-27,sz.000559,万向钱潮
2018-08-31,2018-08-27,sz.000568,泸州老窖
2018-08-31,2018-08-27,sz.000623,吉林敖东
2018-08-31,2018-08-27,sz.000625,长安汽车
2018-08-31,2018-08-27,sz.000627,天茂集团
2018-08-31,2018-08-27,sz.000630,铜陵有色
2018-08-31,2018-08-27,sz.000651,格力电器
2018-08-31,2018-08-27,sz.000671,阳光城
2018-08-31,2018-08-27,sz.000709,河钢股份
2018-08-31,2018-08-27,sz.000723,美锦能源
2018-08-31,2018-08-27,sz.000725,京东方A
2018-08-31,2018-08-27,sz.000728,国元证券
2018-08-31,2018-08-27,sz.000768,中航飞机
2018-08-31,2018-08-27,sz.000776,广发证券
2018-08-31,2018-08-27,sz.000783,长江证券
2018-08-31,2018-08-27,sz.000786,北新建材
2018-08-31,2018-08-27,sz.000792,盐湖股份
2018-08-31,2018-08-27,sz.000826,启迪桑德
2018-08-31,2018-08-27,sz.000839,中信国安
2018-08-31,2018-08-27,sz.000858,五粮液
2018-08-31,2018-08-27,sz.000876,新希望
2018-08-31,2018-08-27,sz.000895,双汇发展
2018-08-31,2018-08-27,sz.000898,鞍钢股份
2018-08-31,2018-08-27,sz.000938,紫光股份
2018-08-31,2018-08-27,sz.000959,首钢股份
2018-08-31,2018-08-27,sz.000961,中南建设
2018-08-31,2018-08-27,sz.000963,华东医药
2018-08-31,2018-08-27,sz.000983,西山煤电
2018-08-31,2018-08-27,sz.001965,招商公路
2018-08-31,2018-08-27,sz.001979,招商蛇口
2018-08-31,2018-08-27,sz.002007,华兰生物
2018-08-31,2018-08-27,sz.002008,大族激光
2018-08-31,2018-08-27,sz.002024,苏宁易购
2018-08-31,2018-08-27,sz.002027,分众传媒
2018-08-31,2018-08-27,sz.002044,美年健康
2018-08-31,2018-08-27,sz.002050,三花智控
2018-08-31,2018-08-27,sz.002065,东华软件
2018-08-31,2018-08-27,sz.002074,国轩高科
2018-08-31,2018-08-27,sz.002081,金螳螂
2018-08-31,2018-08-27,sz.002085,万丰奥威
2018-08-31,2018-08-27,sz.002142,宁波银行
2018-08-31,2018-08-27,sz.002146,荣盛发展
2018-08-31,2018-08-27,sz.002153,石基信息
2018-08-31,2018-08-27,sz.002202,金风科技
2018-08-31,2018-08-27,sz.002230,科大讯飞
2018-08-31,2018-08-27,sz.002236,大华股份
2018-08-31,2018-08-27,sz.002241,歌尔股份
2018-08-31,2018-08-27,sz.002252,上海莱士
2018-08-31,2018-08-27,sz.002294,信立泰
2018-08-31,2018-08-27,sz.002304,洋河股份
2018-08-31,2018-08-27,sz.002310,东方园林
2018-08-31,2018-08-27,sz.002352,顺丰控股
2018-08-31,2018-08-27,sz.002385,大北农
2018-08-31,2018-08-27,sz.002411,必康股份
2018-08-31,2018-08-27,sz.002415,海康威视
2018-08-31,2018-08-27,sz.002450,康得新
2018-08-31,2018-08-27,sz.002456,欧菲科技
2018-08-31,2018-08-27,sz.002460,赣锋锂业
2018-08-31,2018-08-27,sz.002466,天齐锂业
2018-08-31,2018-08-27,sz.002468,申通快递
2018-08-31,2018-08-27,sz.002470,金正大
2018-08-31,2018-08-27,sz.002475,立讯精密
2018-08-31,2018-08-27,sz.002493,荣盛石化
2018-08-31,2018-08-27,sz.002500,山西证券
2018-08-31,2018-08-27,sz.002508,老板电器
2018-08-31,2018-08-27,sz.002555,三七互娱
2018-08-31,2018-08-27,sz.002558,巨人网络
2018-08-31,2018-08-27,sz.002572,索菲亚
2018-08-31,2018-08-27,sz.002594,比亚迪
2018-08-31,2018-08-27,sz.002601,龙蟒佰利
2018-08-31,2018-08-27,sz.002602,世纪华通
2018-08-31,2018-08-27,sz.002608,江苏国信
2018-08-31,2018-08-27,sz.002624,完美世界
2018-08-31,2018-08-27,sz.002625,光启技术
2018-08-31,2018-08-27,sz.002673,西部证券
2018-08-31,2018-08-27,sz.002714,牧原股份
2018-08-31,2018-08-27,sz.002736,国信证券
2018-08-31,2018-08-27,sz.002739,万达电影
2018-08-31,2018-08-27,sz.002797,第一创业
2018-08-31,2018-08-27,sz.002925,盈趣科技
2018-08-31,2018-08-27,sz.300003,乐普医疗
2018-08-31,2018-08-27,sz.300015,爱尔眼科
2018-08-31,2018-08-27,sz.300017,网宿科技
2018-08-31,2018-08-27,sz.300024,机器人
2018-08-31,2018-08-27,sz.300027,华谊兄弟
2018-08-31,2018-08-27,sz.300033,同花顺
2018-08-31,2018-08-27,sz.300059,东方财富
2018-08-31,2018-08-27,sz.300070,碧水源
2018-08-31,2018-08-27,sz.300072,三聚环保
2018-08-31,2018-08-27,sz.300122,智飞生物
2018-08-31,2018-08-27,sz.300124,汇川技术
2018-08-31,2018-08-27,sz.300136,信维通信
2018-08-31,2018-08-27,sz.300144,宋城演艺
2018-08-31,2018-08-27,sz.300251,光线传媒
2018-08-31,2018-08-27,sz.300408,三环集团
2018-08-31,2018-08-27,sz.300433,蓝思科技
2018-09-30,2018-09-24,sh.600000,浦发银行
2018-09-30,2018-09-24,sh.600008,首创股份
2018-09-30,2018-09-24,sh.600009,上海机场
2018-09-30,2018-09-24,sh.600010,包钢股份
2018-09-30,2018-09-24,sh.600011,华能国际
2018-09-30,2018-09-24,sh.600015,华夏银行
2018-09-30,2018-09-24,sh.600016,民生银行
2018-09-30,2018-09-24,sh.600018,上港集团
2018-09-30,2018-09-24,sh.600019,宝钢股份
2018-09-30,2018-09-24,sh.600023,浙能电力
2018-09-30,2018-09-24,sh.600025,华能水电
2018-09-30,2018-09-24,sh.600028,中国石化
2018-09-30,2018-09-24,sh.600029,南方航空
2018-09-30,2018-09-24,sh.600030,中信证券
2018-09-30,2018-09-24,sh.600031,三一重工
2018-09-30,2018-09-24,sh.600036,招商银行
2018-09-30,2018-09-24,sh.600038,中直股份
2018-09-30,2018-09-24,sh.600048,保利地产
2018-09-30,2018-09-24,sh.600050,中国联通
2018-09-30,2018-09-24,sh.600061,国投资本
2018-09-30,2018-09-24,sh.600066,宇通客车
2018-09-30,2018-09-24,sh.600068,葛洲坝
2018-09-30,2018-09-24,sh.600085,同仁堂
2018-09-30,2018-09-24,sh.600089,特变电工
2018-09-30,2018-09-24,sh.600100,同方股份
2018-09-30,2018-09-24,sh.600104,上汽集团
2018-09-30,2018-09-24,sh.600109,国金证券
2018-09-30,2018-09-24,sh.600111,北方稀土
2018-09-30,2018-09-24,sh.600115,东方航空
2018-09-30,2018-09-24,sh.600118,中国卫星
2018-09-30,2018-09-24,sh.600153,建发股份
2018-09-30,2018-09-24,sh.600157,永泰能源
2018-09-30,2018-09-24,sh.600170,上海建工
2018-09-30,2018-09-24,sh.600176,中国巨石
2018-09-30,2018-09-24,sh.600177,雅戈尔
2018-09-30,2018-09-24,sh.600188,兖州煤业
2018-09-30,2018-09-24,sh.600196,复星医药
2018-09-30,2018-09-24,sh.600208,新湖中宝
2018-09-30,2018-09-24,sh.600219,南山铝业
2018-09-30,2018-09-24,sh.600221,海航控股
2018-09-30,2018-09-24,sh.600233,圆通速递
2018-09-30,2018-09-24,sh.600271,航天信息
2018-09-30,2018-09-24,sh.600276,恒瑞医药
2018-09-30,2018-09-24,sh.600297,广汇汽车
2018-09-30,2018-09-24,sh.600309,万华化学
2018-09-30,2018-09-24,sh.600332,白云山
2018-09-30,2018-09-24,sh.600339,中油工程
2018-09-30,2018-09-24,sh.600340,华夏幸福
2018-09-30,2018-09-24,sh.600346,恒力股份
2018-09-30,2018-09-24,sh.600352,浙江龙盛
2018-09-30,2018-09-24,sh.600362,江西铜业
2018-09-30,2018-09-24,sh.600369,西南证券
2018-09-30,2018-09-24,sh.600372,中航电子
2018-09-30,2018-09-24,sh.600373,中文传媒
2018-09-30,2018-09-24,sh.600376,首开股份
2018-09-30,2018-09-24,sh.600383,金地集团
2018-09-30,2018-09-24,sh.600390,五矿资本
2018-09-30,2018-09-24,sh.600398,海澜之家
2018-09-30,2018-09-24,sh.600406,国电南瑞
2018-09-30,2018-09-24,sh.600415,小商品城
2018-09-30,2018-09-24,sh.600436,片仔癀
2018-09-30,2018-09-24,sh.600438,通威股份
2018-09-30,2018-09-24,sh.600482,中国动力
2018-09-30,2018-09-24,sh.600487,亨通光电
2018-09-30,2018-09-24,sh.600489,中金黄金
2018-09-30,2018-09-24,sh.600498,烽火通信
2018-09-30,2018-09-24,sh.600516,方大炭素
2018-09-30,2018-09-24,sh.600518,康美药业
2018-09-30,2018-09-24,sh.600519,贵州茅台
2018-09-30,2018-09-24,sh.600522,中天科技
2018-09-30,2018-09-24,sh.600535,天士力
2018-09-30,2018-09-24,sh.600547,山东黄金
2018-09-30,2018-09-24,sh.600549,厦门钨业
2018-09-30,2018-09-24,sh.600570,恒生电子
2018-09-30,2018-09-24,sh.600583,海油工程
2018-09-30,2018-09-24,sh.600585,海螺水泥
2018-09-30,2018-09-24,sh.600588,用友网络
2018-09-30,2018-09-24,sh.600606,绿地控股
2018-09-30,2018-09-24,sh.600637,东方明珠
2018-09-30,2018-09-24,sh.600660,福耀玻璃
2018-09-30,2018-09-24,sh.600663,陆家嘴
2018-09-30,2018-09-24,sh.600674,川投能源
2018-09-30,2018-09-24,sh.600682,南京新百
2018-09-30,2018-09-24,sh.600688,上海石化
2018-09-30,2018-09-24,sh.600690,青岛海尔
2018-09-30,2018-09-24,sh.600703,三安光电
2018-09-30,2018-09-24,sh.600704,物产中大
2018-09-30,2018-09-24,sh.600705,中航资本
2018-09-30,2018-09-24,sh.600739,辽宁成大
2018-09-30,2018-09-24,sh.600741,华域汽车
2018-09-30,2018-09-24,sh.600795,国电电力
2018-09-30,2018-09-24,sh.600804,鹏博士
2018-09-30,2018-09-24,sh.600809,山西汾酒
2018-09-30,2018-09-24,sh.600816,安信信托
2018-09-30,2018-09-24,sh.600820,隧道股份
2018-09-30,2018-09-24,sh.600837,海通证券
2018-09-30,2018-09-24,sh.600867,通化东宝
2018-09-30,2018-09-24,sh.600886,国投电力
2018-09-30,2018-09-24,sh.600887,伊利股份
2018-09-30,2018-09-24,sh.600893,航发动力
2018-09-30,2018-09-24,sh.600900,长江电力
2018-09-30,2018-09-24,sh.600909,华安证券
2018-09-30,2018-09-24,sh.600919,江苏银行
2018-09-30,2018-09-24,sh.600926,杭州银行
2018-09-30,2018-09-24,sh.600958,东方证券
2018-09-30,2018-09-24,sh.600959,江苏有线
2018-09-30,2018-09-24,sh.600977,中国电影
2018-09-30,2018-09-24,sh.600999,招商证券
2018-09-30,2018-09-24,sh.601006,大秦铁路
2018-09-30,2018-09-24,sh.601009,南京银行
2018-09-30,2018-09-24,sh.601012,隆基股份
2018-09-30,2018-09-24,sh.601018,宁波港
2018-09-30,2018-09-24,sh.601021,春秋航空
2018-09-30,2018-09-24,sh.601088,中国神华
2018-09-30,2018-09-24,sh.601099,太平洋
2018-09-30,2018-09-24,sh.601108,财通证券
2018-09-30,2018-09-24,sh.601111,中国国航
2018-09-30,2018-09-24,sh.601117,中国化学
2018-09-30,2018-09-24,sh.601155,新城控股
2018-09-30,2018-09-24,sh.601166,兴业银行
2018-09-30,2018-09-24,sh.601169,北京银行
2018-09-30,2018-09-24,sh.601186,中国铁建
2018-09-30,2018-09-24,sh.601198,东兴证券
2018-09-30,2018-09-24,sh.601211,国泰君安
2018-09-30,2018-09-24,sh.601212,白银有色
2018-09-30,2018-09-24,sh.601216,君正集团
2018-09-30,2018-09-24,sh.601225,陕西煤业
2018-09-30,2018-09-24,sh.601228,广州港
2018-09-30,2018-09-24,sh.601229,上海银行
2018-09-30,2018-09-24,sh.601238,广汽集团
2018-09-30,2018-09-24,sh.601288,农业银行
2018-09-30,2018-09-24,sh.601318,中国平安
2018-09-30,2018-09-24,sh.601328,交通银行
2018-09-30,2018-09-24,sh.601333,广深铁路
2018-09-30,2018-09-24,sh.601336,新华保险
2018-09-30,2018-09-24,sh.601360,三六零
2018-09-30,2018-09-24,sh.601377,兴业证券
2018-09-30,2018-09-24,sh.601390,中国中铁
2018-09-30,2018-09-24,sh.601398,工商银行
2018-09-30,2018-09-24,sh.601555,东吴证券
2018-09-30,2018-09-24,sh.601600,中国铝业
2018-09-30,2018-09-24,sh.601601,中国太保
2018-09-30,2018-09-24,sh.601607,上海医药
2018-09-30,2018-09-24,sh.601611,中国核建
2018-09-30,2018-09-24,sh.601618,中国中冶
2018-09-30,2018-09-24,sh.601628,中国人寿
2018-09-30,2018-09-24,sh.601633,长城汽车
2018-09-30,2018-09-24,sh.601668,中国建筑
2018-09-30,2018-09-24,sh.601669,中国电建
2018-09-30,2018-09-24,sh.601688,华泰证券
2018-09-30,2018-09-24,sh.601718,际华集团
2018-09-30,2018-09-24,sh.601727,上海电气
2018-09-30,2018-09-24,sh.601766,中国中车
2018-09-30,2018-09-24,sh.601788,光大证券
2018-09-30,2018-09-24,sh.601800,中国交建
2018-09-30,2018-09-24,sh.601808,中海油服
2018-09-30,2018-09-24,sh.601818,光大银行
2018-09-30,2018-09-24,sh.601828,美凯龙
2018-09-30,2018-09-24,sh.601838,成都银行
2018-09-30,2018-09-24,sh.601857,中国石油
2018-09-30,2018-09-24,sh.601866,中远海发
2018-09-30,2018-09-24,sh.601877,正泰电器
2018-09-30,2018-09-24,sh.601878,浙商证券
2018-09-30,2018-09-24,sh.601881,中国银河
2018-09-30,2018-09-24,sh.601888,中国国旅
2018-09-30,2018-09-24,sh.601898,中煤能源
2018-09-30,2018-09-24,sh.601899,紫金矿业
2018-09-30,2018-09-24,sh.601901,方正证券
2018-09-30,2018-09-24,sh.601919,中远海控
2018-09-30,2018-09-24,sh.601933,永辉超市
2018-09-30,2018-09-24,sh.601939,建设银行
2018-09-30,2018-09-24,sh.601958,金钼股份
2018-09-30,2018-09-24,sh.601985,中国核电
2018-09-30,2018-09-24,sh.601988,中国银行
2018-09-30,2018-09-24,sh.601989,中国重工
2018-09-30,2018-09-24,sh.601991,大唐发电
2018-09-30,2018-09-24,sh.601992,金隅集团
2018-09-30,2018-09-24,sh.601997,贵阳银行
2018-09-30,2018-09-24,sh.601998,中信银行
2018-09-30,2018-09-24,sh.603160,汇顶科技
2018-09-30,2018-09-24,sh.603260,合盛硅业
2018-09-30,2018-09-24,sh.603288,海天味业
2018-09-30,2018-09-24,sh.603799,华友钴业
2018-09-30,2018-09-24,sh.603833,欧派家居
2018-09-30,2018-09-24,sh.603858,步长制药
2018-09-30,2018-09-24,sh.603993,洛阳钼业
2018-09-30,2018-09-24,sz.000001,平安银行
2018-09-30,2018-09-24,sz.000002,万科A
2018-09-30,2018-09-24,sz.000060,中金岭南
2018-09-30,2018-09-24,sz.000063,中兴通讯
2018-09-30,2018-09-24,sz.000069,华侨城A
2018-09-30,2018-09-24,sz.000100,TCL集团
2018-09-30,2018-09-24,sz.000157,中联重科
2018-09-30,2018-09-24,sz.000166,申万宏源
2018-09-30,2018-09-24,sz.000333,美的集团
2018-09-30,2018-09-24,sz.000338,潍柴动力
2018-09-30,2018-09-24,sz.000402,金融街
2018-09-30,2018-09-24,sz.000413,东旭光电
2018-09-30,2018-09-24,sz.000415,渤海金控
2018-09-30,2018-09-24,sz.000423,东阿阿胶
2018-09-30,2018-09-24,sz.000425,徐工机械
2018-09-30,2018-09-24,sz.000503,国新健康
2018-09-30,2018-09-24,sz.000538,云南白药
2018-09-30,2018-09-24,sz.000540,中天金融
2018-09-30,2018-09-24,sz.000559,万向钱潮
2018-09-30,2018-09-24,sz.000568,泸州老窖
2018-09-30,2018-09-24,sz.000623,吉林敖东
2018-09-30,2018-09-24,sz.000625,长安汽车
2018-09-30,2018-09-24,sz.000627,天茂集团
2018-09-30,2018-09-24,sz.000630,铜陵有色
2018-09-30,2018-09-24,sz.000651,格力电器
2018-09-30,2018-09-24,sz.000671,阳光城
2018-09-30,2018-09-24,sz.000709,河钢股份
2018-09-30,2018-09-24,sz.000723,美锦能源
2018-09-30,2018-09-24,sz.000725,京东方A
2018-09-30,2018-09-24,sz.000728,国元证券
2018-09-30,2018-09-24,sz.000768,中航飞机
2018-09-30,2018-09-24,sz.000776,广发证券
2018-09-30,2018-09-24,sz.000783,长江证券
2018-09-30,2018-09-24,sz.000786,北新建材
2018-09-30,2018-09-24,sz.000792,盐湖股份
2018-09-30,2018-09-24,sz.000826,启迪桑德
2018-09-30,2018-09-24,sz.000839,中信国安
2018-09-30,2018-09-24,sz.000858,五粮液
2018-09-30,2018-09-24,sz.000876,新希望
2018-09-30,2018-09-24,sz.000895,双汇发展
2018-09-30,2018-09-24,sz.000898,鞍钢股份
2018-09-30,2018-09-24,sz.000938,紫光股份
2018-09-30,2018-09-24,sz.000959,首钢股份
2018-09-30,2018-09-24,sz.000961,中南建设
2018-09-30,2018-09-24,sz.000963,华东医药
2018-09-30,2018-09-24,sz.000983,西山煤电
2018-09-30,2018-09-24,sz.001965,招商公路
2018-09-30,2018-09-24,sz.001979,招商蛇口
2018-09-30,2018-09-24,sz.002007,华兰生物
2018-09-30,2018-09-24,sz.002008,大族激光
2018-09-30,2018-09-24,sz.002024,苏宁易购
2018-09-30,2018-09-24,sz.002027,分众传媒
2018-09-30,2018-09-24,sz.002044,美年健康
2018-09-30,2018-09-24,sz.002050,三花智控
2018-09-30,2018-09-24,sz.002065,东华软件
2018-09-30,2018-09-24,sz.002074,国轩高科
2018-09-30,2018-09-24,sz.002081,金螳螂
2018-09-30,2018-09-24,sz.002085,万丰奥威
2018-09-30,2018-09-24,sz.002142,宁波银行
2018-09-30,2018-09-24,sz.002146,荣盛发展
2018-09-30,2018-09-24,sz.002153,石基信息
2018-09-30,2018-09-24,sz.002202,金风科技
2018-09-30,2018-09-24,sz.002230,科大讯飞
2018-09-30,2018-09-24,sz.002236,大华股份
2018-09-30,2018-09-24,sz.002241,歌尔股份
2018-09-30,2018-09-24,sz.002252,上海莱士
2018-09-30,2018-09-24,sz.002294,信立泰
2018-09-30,2018-09-24,sz.002304,洋河股份
2018-09-30,2018-09-24,sz.002310,东方园林
2018-09-30,2018-09-24,sz.002352,顺丰控股
2018-09-30,2018-09-24,sz.002385,大北农
2018-09-30,2018-09-24,sz.002411,必康股份
2018-09-30,2018-09-24,sz.002415,海康威视
2018-09-30,2018-09-24,sz.002450,康得新
2018-09-30,2018-09-24,sz.002456,欧菲科技
2018-09-30,2018-09-24,sz.002460,赣锋锂业
2018-09-30,2018-09-24,sz.002466,天齐锂业
2018-09-30,2018-09-24,sz.002468,申通快递
2018-09-30,2018-09-24,sz.002470,金正大
2018-09-30,2018-09-24,sz.002475,立讯精密
2018-09-30,2018-09-24,sz.002493,荣盛石化
2018-09-30,2018-09-24,sz.002500,山西证券
2018-09-30,2018-09-24,sz.002508,老板电器
2018-09-30,2018-09-24,sz.002555,三七互娱
2018-09-30,2018-09-24,sz.002558,巨人网络
2018-09-30,2018-09-24,sz.002572,索菲亚
2018-09-30,2018-09-24,sz.002594,比亚迪
2018-09-30,2018-09-24,sz.002601,龙蟒佰利
2018-09-30,2018-09-24,sz.002602,世纪华通
2018-09-30,2018-09-24,sz.002608,江苏国信
2018-09-30,2018-09-24,sz.002624,完美世界
2018-09-30,2018-09-24,sz.002625,光启技术
2018-09-30,2018-09-24,sz.002673,西部证券
2018-09-30,2018-09-24,sz.002714,牧原股份
2018-09-30,2018-09-24,sz.002736,国信证券
2018-09-30,2018-09-24,sz.002739,万达电影
2018-09-30,2018-09-24,sz.002797,第一创业
2018-09-30,2018-09-24,sz.002925,盈趣科技
2018-09-30,2018-09-24,sz.300003,乐普医疗
2018-09-30,2018-09-24,sz.300015,爱尔眼科
2018-09-30,2018-09-24,sz.300017,网宿科技
2018-09-30,2018-09-24,sz.300024,机器人
2018-09-30,2018-09-24,sz.300027,华谊兄弟
2018-09-30,2018-09-24,sz.300033,同花顺
2018-09-30,2018-09-24,sz.300059,东方财富
2018-09-30,2018-09-24,sz.300070,碧水源
2018-09-30,2018-09-24,sz.300072,三聚环保
2018-09-30,2018-09-24,sz.300122,智飞生物
2018-09-30,2018-09-24,sz.300124,汇川技术
2018-09-30,2018-09-24,sz.300136,信维通信
2018-09-30,2018-09-24,sz.300144,宋城演艺
2018-09-30,2018-09-24,sz.300251,光线传媒
2018-09-30,2018-09-24,sz.300408,三环集团
2018-09-30,2018-09-24,sz.300433,蓝思科技
2018-10-31,2018-10-29,sh.600000,浦发银行
2018-10-31,2018-10-29,sh.600008,首创股份
2018-10-31,2018-10-29,sh.600009,上海机场
2018-10-31,2018-10-29,sh.600010,包钢股份
2018-10-31,2018-10-29,sh.600011,华能国际
2018-10-31,2018-10-29,sh.600015,华夏银行
2018-10-31,2018-10-29,sh.600016,民生银行
2018-10-31,2018-10-29,sh.600018,上港集团
2018-10-31,2018-10-29,sh.600019,宝钢股份
2018-10-31,2018-10-29,sh.600023,浙能电力
2018-10-31,2018-10-29,sh.600025,华能水电
2018-10-31,2018-10-29,sh.600028,中国石化
2018-10-31,2018-10-29,sh.600029,南方航空
2018-10-31,2018-10-29,sh.600030,中信证券
2018-10-31,2018-10-29,sh.600031,三一重工
2018-10-31,2018-10-29,sh.600036,招商银行
2018-10-31,2018-10-29,sh.600038,中直股份
2018-10-31,2018-10-29,sh.600048,保利地产
2018-10-31,2018-10-29,sh.600050,中国联通
2018-10-31,2018-10-29,sh.600061,国投资本
2018-10-31,2018-10-29,sh.600066,宇通客车
2018-10-31,2018-10-29,sh.600068,葛洲坝
2018-10-31,2018-10-29,sh.600085,同仁堂
2018-10-31,2018-10-29,sh.600089,特变电工
2018-10-31,2018-10-29,sh.600100,同方股份
2018-10-31,2018-10-29,sh.600104,上汽集团
2018-10-31,2018-10-29,sh.600109,国金证券
2018-10-31,2018-10-29,sh.600111,北方稀土
2018-10-31,2018-10-29,sh.600115,东方航空
2018-10-31,2018-10-29,sh.600118,中国卫星
2018-10-31,2018-10-29,sh.600153,建发股份
2018-10-31,2018-10-29,sh.600157,永泰能源
2018-10-31,2018-10-29,sh.600170,上海建工
2018-10-31,2018-10-29,sh.600176,中国巨石
2018-10-31,2018-10-29,sh.600177,雅戈尔
2018-10-31,2018-10-29,sh.600188,兖州煤业
2018-10-31,2018-10-29,sh.600196,复星医药
2018-10-31,2018-10-29,sh.600208,新湖中宝
2018-10-31,2018-10-29,sh.600219,南山铝业
2018-10-31,2018-10-29,sh.600221,海航控股
2018-10-31,2018-10-29,sh.600233,圆通速递
2018-10-31,2018-10-29,sh.600271,航天信息
2018-10-31,2018-10-29,sh.600276,恒瑞医药
2018-10-31,2018-10-29,sh.600297,广汇汽车
2018-10-31,2018-10-29,sh.600309,万华化学
2018-10-31,2018-10-29,sh.600332,白云山
2018-10-31,2018-10-29,sh.600339,中油工程
2018-10-31,2018-10-29,sh.600340,华夏幸福
2018-10-31,2018-10-29,sh.600346,恒力股份
2018-10-31,2018-10-29,sh.600352,浙江龙盛
2018-10-31,2018-10-29,sh.600362,江西铜业
2018-10-31,2018-10-29,sh.600369,西南证券
2018-10-31,2018-10-29,sh.600372,中航电子
2018-10-31,2018-10-29,sh.600373,中文传媒
2018-10-31,2018-10-29,sh.600376,首开股份
2018-10-31,2018-10-29,sh.600383,金地集团
2018-10-31,2018-10-29,sh.600390,五矿资本
2018-10-31,2018-10-29,sh.600398,海澜之家
2018-10-31,2018-10-29,sh.600406,国电南瑞
2018-10-31,2018-10-29,sh.600415,小商品城
2018-10-31,2018-10-29,sh.600436,片仔癀
2018-10-31,2018-10-29,sh.600438,通威股份
2018-10-31,2018-10-29,sh.600482,中国动力
2018-10-31,2018-10-29,sh.600487,亨通光电
2018-10-31,2018-10-29,sh.600489,中金黄金
2018-10-31,2018-10-29,sh.600498,烽火通信
2018-10-31,2018-10-29,sh.600516,方大炭素
2018-10-31,2018-10-29,sh.600518,康美药业
2018-10-31,2018-10-29,sh.600519,贵州茅台
2018-10-31,2018-10-29,sh.600522,中天科技
2018-10-31,2018-10-29,sh.600535,天士力
2018-10-31,2018-10-29,sh.600547,山东黄金
2018-10-31,2018-10-29,sh.600549,厦门钨业
2018-10-31,2018-10-29,sh.600570,恒生电子
2018-10-31,2018-10-29,sh.600583,海油工程
2018-10-31,2018-10-29,sh.600585,海螺水泥
2018-10-31,2018-10-29,sh.600588,用友网络
2018-10-31,2018-10-29,sh.600606,绿地控股
2018-10-31,2018-10-29,sh.600637,东方明珠
2018-10-31,2018-10-29,sh.600660,福耀玻璃
2018-10-31,2018-10-29,sh.600663,陆家嘴
2018-10-31,2018-10-29,sh.600674,川投能源
2018-10-31,2018-10-29,sh.600682,南京新百
2018-10-31,2018-10-29,sh.600688,上海石化
2018-10-31,2018-10-29,sh.600690,青岛海尔
2018-10-31,2018-10-29,sh.600703,三安光电
2018-10-31,2018-10-29,sh.600704,物产中大
2018-10-31,2018-10-29,sh.600705,中航资本
2018-10-31,2018-10-29,sh.600739,辽宁成大
2018-10-31,2018-10-29,sh.600741,华域汽车
2018-10-31,2018-10-29,sh.600795,国电电力
2018-10-31,2018-10-29,sh.600804,鹏博士
2018-10-31,2018-10-29,sh.600809,山西汾酒
2018-10-31,2018-10-29,sh.600816,安信信托
2018-10-31,2018-10-29,sh.600820,隧道股份
2018-10-31,2018-10-29,sh.600837,海通证券
2018-10-31,2018-10-29,sh.600867,通化东宝
2018-10-31,2018-10-29,sh.600886,国投电力
2018-10-31,2018-10-29,sh.600887,伊利股份
2018-10-31,2018-10-29,sh.600893,航发动力
2018-10-31,2018-10-29,sh.600900,长江电力
2018-10-31,2018-10-29,sh.600909,华安证券
2018-10-31,2018-10-29,sh.600919,江苏银行
2018-10-31,2018-10-29,sh.600926,杭州银行
2018-10-31,2018-10-29,sh.600958,东方证券
2018-10-31,2018-10-29,sh.600959,江苏有线
2018-10-31,2018-10-29,sh.600977,中国电影
2018-10-31,2018-10-29,sh.600999,招商证券
2018-10-31,2018-10-29,sh.601006,大秦铁路
2018-10-31,2018-10-29,sh.601009,南京银行
2018-10-31,2018-10-29,sh.601012,隆基股份
2018-10-31,2018-10-29,sh.601018,宁波港
2018-10-31,2018-10-29,sh.601021,春秋航空
2018-10-31,2018-10-29,sh.601088,中国神华
2018-10-31,2018-10-29,sh.601099,太平洋
2018-10-31,2018-10-29,sh.601108,财通证券
2018-10-31,2018-10-29,sh.601111,中国国航
2018-10-31,2018-10-29,sh.601117,中国化学
2018-10-31,2018-10-29,sh.601155,新城控股
2018-10-31,2018-10-29,sh.601166,兴业银行
2018-10-31,2018-10-29,sh.601169,北京银行
2018-10-31,2018-10-29,sh.601186,中国铁建
2018-10-31,2018-10-29,sh.601198,东兴证券
2018-10-31,2018-10-29,sh.601211,国泰君安
2018-10-31,2018-10-29,sh.601212,白银有色
2018-10-31,2018-10-29,sh.601216,君正集团
2018-10-31,2018-10-29,sh.601225,陕西煤业
2018-10-31,2018-10-29,sh.601228,广州港
2018-10-31,2018-10-29,sh.601229,上海银行
2018-10-31,2018-10-29,sh.601238,广汽集团
2018-10-31,2018-10-29,sh.601288,农业银行
2018-10-31,2018-10-29,sh.601318,中国平安
2018-10-31,2018-10-29,sh.601328,交通银行
2018-10-31,2018-10-29,sh.601333,广深铁路
2018-10-31,2018-10-29,sh.601336,新华保险
2018-10-31,2018-10-29,sh.601360,三六零
2018-10-31,2018-10-29,sh.601377,兴业证券
2018-10-31,2018-10-29,sh.601390,中国中铁
2018-10-31,2018-10-29,sh.601398,工商银行
2018-10-31,2018-10-29,sh.601555,东吴证券
2018-10-31,2018-10-29,sh.601600,中国铝业
2018-10-31,2018-10-29,sh.601601,中国太保
2018-10-31,2018-10-29,sh.601607,上海医药
2018-10-31,2018-10-29,sh.601611,中国核建
2018-10-31,2018-10-29,sh.601618,中国中冶
2018-10-31,2018-10-29,sh.601628,中国人寿
2018-10-31,2018-10-29,sh.601633,长城汽车
2018-10-31,2018-10-29,sh.601668,中国建筑
2018-10-31,2018-10-29,sh.601669,中国电建
2018-10-31,2018-10-29,sh.601688,华泰证券
2018-10-31,2018-10-29,sh.601718,际华集团
2018-10-31,2018-10-29,sh.601727,上海电气
2018-10-31,2018-10-29,sh.601766,中国中车
2018-10-31,2018-10-29,sh.601788,光大证券
2018-10-31,2018-10-29,sh.601800,中国交建
2018-10-31,2018-10-29,sh.601808,中海油服
2018-10-31,2018-10-29,sh.601818,光大银行
2018-10-31,2018-10-29,sh.601828,美凯龙
2018-10-31,2018-10-29,sh.601838,成都银行
2018-10-31,2018-10-29,sh.601857,中国石油
2018-10-31,2018-10-29,sh.601866,中远海发
2018-10-31,2018-10-29,sh.601877,正泰电器
2018-10-31,2018-10-29,sh.601878,浙商证券
2018-10-31,2018-10-29,sh.601881,中国银河
2018-10-31,2018-10-29,sh.601888,中国国旅
2018-10-31,2018-10-29,sh.601898,中煤能源
2018-10-31,2018-10-29,sh.601899,紫金矿业
2018-10-31,2018-10-29,sh.601901,方正证券
2018-10-31,2018-10-29,sh.601919,中远海控
2018-10-31,2018-10-29,sh.601933,永辉超市
2018-10-31,2018-10-29,sh.601939,建设银行
2018-10-31,2018-10-29,sh.601958,金钼股份
2018-10-31,2018-10-29,sh.601985,中国核电
2018-10-31,2018-10-29,sh.601988,中国银行
2018-10-31,2018-10-29,sh.601989,中国重工
2018-10-31,2018-10-29,sh.601991,大唐发电
2018-10-31,2018-10-29,sh.601992,金隅集团
2018-10-31,2018-10-29,sh.601997,贵阳银行
2018-10-31,2018-10-29,sh.601998,中信银行
2018-10-31,2018-10-29,sh.603160,汇顶科技
2018-10-31,2018-10-29,sh.603260,合盛硅业
2018-10-31,2018-10-29,sh.603288,海天味业
2018-10-31,2018-10-29,sh.603799,华友钴业
2018-10-31,2018-10-29,sh.603833,欧派家居
2018-10-31,2018-10-29,sh.603858,步长制药
2018-10-31,2018-10-29,sh.603993,洛阳钼业
2018-10-31,2018-10-29,sz.000001,平安银行
2018-10-31,2018-10-29,sz.000002,万科A
2018-10-31,2018-10-29,sz.000060,中金岭南
2018-10-31,2018-10-29,sz.000063,中兴通讯
2018-10-31,2018-10-29,sz.000069,华侨城A
2018-10-31,2018-10-29,sz.000100,TCL集团
2018-10-31,2018-10-29,sz.000157,中联重科
2018-10-31,2018-10-29,sz.000166,申万宏源
2018-10-31,2018-10-29,sz.000333,美的集团
2018-10-31,2018-10-29,sz.000338,潍柴动力
2018-10-31,2018-10-29,sz.000402,金融街
2018-10-31,2018-10-29,sz.000413,东旭光电
2018-10-31,2018-10-29,sz.000415,渤海金控
2018-10-31,2018-10-29,sz.000423,东阿阿胶
2018-10-31,2018-10-29,sz.000425,徐工机械
2018-10-31,2018-10-29,sz.000503,国新健康
2018-10-31,2018-10-29,sz.000538,云南白药
2018-10-31,2018-10-29,sz.000540,中天金融
2018-10-31,2018-10-29,sz.000559,万向钱潮
2018-10-31,2018-10-29,sz.000568,泸州老窖
2018-10-31,2018-10-29,sz.000623,吉林敖东
2018-10-31,2018-10-29,sz.000625,长安汽车
2018-10-31,2018-10-29,sz.000627,天茂集团
2018-10-31,2018-10-29,sz.000630,铜陵有色
2018-10-31,2018-10-29,sz.000651,格力电器
2018-10-31,2018-10-29,sz.000671,阳光城
2018-10-31,2018-10-29,sz.000709,河钢股份
2018-10-31,2018-10-29,sz.000723,美锦能源
2018-10-31,2018-10-29,sz.000725,京东方A
2018-10-31,2018-10-29,sz.000728,国元证券
2018-10-31,2018-10-29,sz.000768,中航飞机
2018-10-31,2018-10-29,sz.000776,广发证券
2018-10-31,2018-10-29,sz.000783,长江证券
2018-10-31,2018-10-29,sz.000786,北新建材
2018-10-31,2018-10-29,sz.000792,盐湖股份
2018-10-31,2018-10-29,sz.000826,启迪桑德
2018-10-31,2018-10-29,sz.000839,中信国安
2018-10-31,2018-10-29,sz.000858,五粮液
2018-10-31,2018-10-29,sz.000876,新希望
2018-10-31,2018-10-29,sz.000895,双汇发展
2018-10-31,2018-10-29,sz.000898,鞍钢股份
2018-10-31,2018-10-29,sz.000938,紫光股份
2018-10-31,2018-10-29,sz.000959,首钢股份
2018-10-31,2018-10-29,sz.000961,中南建设
2018-10-31,2018-10-29,sz.000963,华东医药
2018-10-31,2018-10-29,sz.000983,西山煤电
2018-10-31,2018-10-29,sz.001965,招商公路
2018-10-31,2018-10-29,sz.001979,招商蛇口
2018-10-31,2018-10-29,sz.002007,华兰生物
2018-10-31,2018-10-29,sz.002008,大族激光
2018-10-31,2018-10-29,sz.002024,苏宁易购
2018-10-31,2018-10-29,sz.002027,分众传媒
2018-10-31,2018-10-29,sz.002044,美年健康
2018-10-31,2018-10-29,sz.002050,三花智控
2018-10-31,2018-10-29,sz.002065,东华软件
2018-10-31,2018-10-29,sz.002074,国轩高科
2018-10-31,2018-10-29,sz.002081,金螳螂
2018-10-31,2018-10-29,sz.002085,万丰奥威
2018-10-31,2018-10-29,sz.002142,宁波银行
2018-10-31,2018-10-29,sz.002146,荣盛发展
2018-10-31,2018-10-29,sz.002153,石基信息
2018-10-31,2018-10-29,sz.002202,金风科技
2018-10-31,2018-10-29,sz.002230,科大讯飞
2018-10-31,2018-10-29,sz.002236,大华股份
2018-10-31,2018-10-29,sz.002241,歌尔股份
2018-10-31,2018-10-29,sz.002252,上海莱士
2018-10-31,2018-10-29,sz.002294,信立泰
2018-10-31,2018-10-29,sz.002304,洋河股份
2018-10-31,2018-10-29,sz.002310,东方园林
2018-10-31,2018-10-29,sz.002352,顺丰控股
2018-10-31,2018-10-29,sz.002385,大北农
2018-10-31,2018-10-29,sz.002411,必康股份
2018-10-31,2018-10-29,sz.002415,海康威视
2018-10-31,2018-10-29,sz.002450,康得新
2018-10-31,2018-10-29,sz.002456,欧菲科技
2018-10-31,2018-10-29,sz.002460,赣锋锂业
2018-10-31,2018-10-29,sz.002466,天齐锂业
2018-10-31,2018-10-29,sz.002468,申通快递
2018-10-31,2018-10-29,sz.002470,金正大
2018-10-31,2018-10-29,sz.002475,立讯精密
2018-10-31,2018-10-29,sz.002493,荣盛石化
2018-10-31,2018-10-29,sz.002500,山西证券
2018-10-31,2018-10-29,sz.002508,老板电器
2018-10-31,2018-10-29,sz.002555,三七互娱
2018-10-31,2018-10-29,sz.002558,巨人网络
2018-10-31,2018-10-29,sz.002572,索菲亚
2018-10-31,2018-10-29,sz.002594,比亚迪
2018-10-31,2018-10-29,sz.002601,龙蟒佰利
2018-10-31,2018-10-29,sz.002602,世纪华通
2018-10-31,2018-10-29,sz.002608,江苏国信
2018-10-31,2018-10-29,sz.002624,完美世界
2018-10-31,2018-10-29,sz.002625,光启技术
2018-10-31,2018-10-29,sz.002673,西部证券
2018-10-31,2018-10-29,sz.002714,牧原股份
2018-10-31,2018-10-29,sz.002736,国信证券
2018-10-31,2018-10-29,sz.002739,万达电影
2018-10-31,2018-10-29,sz.002797,第一创业
2018-10-31,2018-10-29,sz.002925,盈趣科技
2018-10-31,2018-10-29,sz.300003,乐普医疗
2018-10-31,2018-10-29,sz.300015,爱尔眼科
2018-10-31,2018-10-29,sz.300017,网宿科技
2018-10-31,2018-10-29,sz.300024,机器人
2018-10-31,2018-10-29,sz.300027,华谊兄弟
2018-10-31,2018-10-29,sz.300033,同花顺
2018-10-31,2018-10-29,sz.300059,东方财富
2018-10-31,2018-10-29,sz.300070,碧水源
2018-10-31,2018-10-29,sz.300072,三聚环保
2018-10-31,2018-10-29,sz.300122,智飞生物
2018-10-31,2018-10-29,sz.300124,汇川技术
2018-10-31,2018-10-29,sz.300136,信维通信
2018-10-31,2018-10-29,sz.300144,宋城演艺
2018-10-31,2018-10-29,sz.300251,光线传媒
2018-10-31,2018-10-29,sz.300408,三环集团
2018-10-31,2018-10-29,sz.300433,蓝思科技
2018-11-30,2018-11-26,sh.600000,浦发银行
2018-11-30,2018-11-26,sh.600008,首创股份
2018-11-30,2018-11-26,sh.600009,上海机场
2018-11-30,2018-11-26,sh.600010,包钢股份
2018-11-30,2018-11-26,sh.600011,华能国际
2018-11-30,2018-11-26,sh.600015,华夏银行
2018-11-30,2018-11-26,sh.600016,民生银行
2018-11-30,2018-11-26,sh.600018,上港集团
2018-11-30,2018-11-26,sh.600019,宝钢股份
2018-11-30,2018-11-26,sh.600023,浙能电力
2018-11-30,2018-11-26,sh.600025,华能水电
2018-11-30,2018-11-26,sh.600028,中国石化
2018-11-30,2018-11-26,sh.600029,南方航空
2018-11-30,2018-11-26,sh.600030,中信证券
2018-11-30,2018-11-26,sh.600031,三一重工
2018-11-30,2018-11-26,sh.600036,招商银行
2018-11-30,2018-11-26,sh.600038,中直股份
2018-11-30,2018-11-26,sh.600048,保利地产
2018-11-30,2018-11-26,sh.600050,中国联通
2018-11-30,2018-11-26,sh.600061,国投资本
2018-11-30,2018-11-26,sh.600066,宇通客车
2018-11-30,2018-11-26,sh.600068,葛洲坝
2018-11-30,2018-11-26,sh.600085,同仁堂
2018-11-30,2018-11-26,sh.600089,特变电工
2018-11-30,2018-11-26,sh.600100,同方股份
2018-11-30,2018-11-26,sh.600104,上汽集团
2018-11-30,2018-11-26,sh.600109,国金证券
2018-11-30,2018-11-26,sh.600111,北方稀土
2018-11-30,2018-11-26,sh.600115,东方航空
2018-11-30,2018-11-26,sh.600118,中国卫星
2018-11-30,2018-11-26,sh.600153,建发股份
2018-11-30,2018-11-26,sh.600157,永泰能源
2018-11-30,2018-11-26,sh.600170,上海建工
2018-11-30,2018-11-26,sh.600176,中国巨石
2018-11-30,2018-11-26,sh.600177,雅戈尔
2018-11-30,2018-11-26,sh.600188,兖州煤业
2018-11-30,2018-11-26,sh.600196,复星医药
2018-11-30,2018-11-26,sh.600208,新湖中宝
2018-11-30,2018-11-26,sh.600219,南山铝业
2018-11-30,2018-11-26,sh.600221,海航控股
2018-11-30,2018-11-26,sh.600233,圆通速递
2018-11-30,2018-11-26,sh.600271,航天信息
2018-11-30,2018-11-26,sh.600276,恒瑞医药
2018-11-30,2018-11-26,sh.600297,广汇汽车
2018-11-30,2018-11-26,sh.600309,万华化学
2018-11-30,2018-11-26,sh.600332,白云山
2018-11-30,2018-11-26,sh.600339,中油工程
2018-11-30,2018-11-26,sh.600340,华夏幸福
2018-11-30,2018-11-26,sh.600346,恒力股份
2018-11-30,2018-11-26,sh.600352,浙江龙盛
2018-11-30,2018-11-26,sh.600362,江西铜业
2018-11-30,2018-11-26,sh.600369,西南证券
2018-11-30,2018-11-26,sh.600372,中航电子
2018-11-30,2018-11-26,sh.600373,中文传媒
2018-11-30,2018-11-26,sh.600376,首开股份
2018-11-30,2018-11-26,sh.600383,金地集团
2018-11-30,2018-11-26,sh.600390,五矿资本
2018-11-30,2018-11-26,sh.600398,海澜之家
2018-11-30,2018-11-26,sh.600406,国电南瑞
2018-11-30,2018-11-26,sh.600415,小商品城
2018-11-30,2018-11-26,sh.600436,片仔癀
2018-11-30,2018-11-26,sh.600438,通威股份
2018-11-30,2018-11-26,sh.600482,中国动力
2018-11-30,2018-11-26,sh.600487,亨通光电
2018-11-30,2018-11-26,sh.600489,中金黄金
2018-11-30,2018-11-26,sh.600498,烽火通信
2018-11-30,2018-11-26,sh.600516,方大炭素
2018-11-30,2018-11-26,sh.600518,康美药业
2018-11-30,2018-11-26,sh.600519,贵州茅台
2018-11-30,2018-11-26,sh.600522,中天科技
2018-11-30,2018-11-26,sh.600535,天士力
2018-11-30,2018-11-26,sh.600547,山东黄金
2018-11-30,2018-11-26,sh.600549,厦门钨业
2018-11-30,2018-11-26,sh.600570,恒生电子
2018-11-30,2018-11-26,sh.600583,海油工程
2018-11-30,2018-11-26,sh.600585,海螺水泥
2018-11-30,2018-11-26,sh.600588,用友网络
2018-11-30,2018-11-26,sh.600606,绿地控股
2018-11-30,2018-11-26,sh.600637,东方明珠
2018-11-30,2018-11-26,sh.600660,福耀玻璃
2018-11-30,2018-11-26,sh.600663,陆家嘴
2018-11-30,2018-11-26,sh.600674,川投能源
2018-11-30,2018-11-26,sh.600682,南京新百
2018-11-30,2018-11-26,sh.600688,上海石化
2018-11-30,2018-11-26,sh.600690,青岛海尔
2018-11-30,2018-11-26,sh.600703,三安光电
2018-11-30,2018-11-26,sh.600704,物产中大
2018-11-30,2018-11-26,sh.600705,中航资本
2018-11-30,2018-11-26,sh.600739,辽宁成大
2018-11-30,2018-11-26,sh.600741,华域汽车
2018-11-30,2018-11-26,sh.600795,国电电力
2018-11-30,2018-11-26,sh.600804,鹏博士
2018-11-30,2018-11-26,sh.600809,山西汾酒
2018-11-30,2018-11-26,sh.600816,安信信托
2018-11-30,2018-11-26,sh.600820,隧道股份
2018-11-30,2018-11-26,sh.600837,海通证券
2018-11-30,2018-11-26,sh.600867,通化东宝
2018-11-30,2018-11-26,sh.600886,国投电力
2018-11-30,2018-11-26,sh.600887,伊利股份
2018-11-30,2018-11-26,sh.600893,航发动力
2018-11-30,2018-11-26,sh.600900,长江电力
2018-11-30,2018-11-26,sh.600909,华安证券
2018-11-30,2018-11-26,sh.600919,江苏银行
2018-11-30,2018-11-26,sh.600926,杭州银行
2018-11-30,2018-11-26,sh.600958,东方证券
2018-11-30,2018-11-26,sh.600959,江苏有线
2018-11-30,2018-11-26,sh.600977,中国电影
2018-11-30,2018-11-26,sh.600999,招商证券
2018-11-30,2018-11-26,sh.601006,大秦铁路
2018-11-30,2018-11-26,sh.601009,南京银行
2018-11-30,2018-11-26,sh.601012,隆基股份
2018-11-30,2018-11-26,sh.601018,宁波港
2018-11-30,2018-11-26,sh.601021,春秋航空
2018-11-30,2018-11-26,sh.601088,中国神华
2018-11-30,2018-11-26,sh.601099,太平洋
2018-11-30,2018-11-26,sh.601108,财通证券
2018-11-30,2018-11-26,sh.601111,中国国航
2018-11-30,2018-11-26,sh.601117,中国化学
2018-11-30,2018-11-26,sh.601155,新城控股
2018-11-30,2018-11-26,sh.601166,兴业银行
2018-11-30,2018-11-26,sh.601169,北京银行
2018-11-30,2018-11-26,sh.601186,中国铁建
2018-11-30,2018-11-26,sh.601198,东兴证券
2018-11-30,2018-11-26,sh.601211,国泰君安
2018-11-30,2018-11-26,sh.601212,白银有色
2018-11-30,2018-11-26,sh.601216,君正集团
2018-11-30,2018-11-26,sh.601225,陕西煤业
2018-11-30,2018-11-26,sh.601228,广州港
2018-11-30,2018-11-26,sh.601229,上海银行
2018-11-30,2018-11-26,sh.601238,广汽集团
2018-11-30,2018-11-26,sh.601288,农业银行
2018-11-30,2018-11-26,sh.601318,中国平安
2018-11-30,2018-11-26,sh.601328,交通银行
2018-11-30,2018-11-26,sh.601333,广深铁路
2018-11-30,2018-11-26,sh.601336,新华保险
2018-11-30,2018-11-26,sh.601360,三六零
2018-11-30,2018-11-26,sh.601377,兴业证券
2018-11-30,2018-11-26,sh.601390,中国中铁
2018-11-30,2018-11-26,sh.601398,工商银行
2018-11-30,2018-11-26,sh.601555,东吴证券
2018-11-30,2018-11-26,sh.601600,中国铝业
2018-11-30,2018-11-26,sh.601601,中国太保
2018-11-30,2018-11-26,sh.601607,上海医药
2018-11-30,2018-11-26,sh.601611,中国核建
2018-11-30,2018-11-26,sh.601618,中国中冶
2018-11-30,2018-11-26,sh.601628,中国人寿
2018-11-30,2018-11-26,sh.601633,长城汽车
2018-11-30,2018-11-26,sh.601668,中国建筑
2018-11-30,2018-11-26,sh.601669,中国电建
2018-11-30,2018-11-26,sh.601688,华泰证券
2018-11-30,2018-11-26,sh.601718,际华集团
2018-11-30,2018-11-26,sh.601727,上海电气
2018-11-30,2018-11-26,sh.601766,中国中车
2018-11-30,2018-11-26,sh.601788,光大证券
2018-11-30,2018-11-26,sh.601800,中国交建
2018-11-30,2018-11-26,sh.601808,中海油服
2018-11-30,2018-11-26,sh.601818,光大银行
2018-11-30,2018-11-26,sh.601828,美凯龙
2018-11-30,2018-11-26,sh.601838,成都银行
2018-11-30,2018-11-26,sh.601857,中国石油
2018-11-30,2018-11-26,sh.601866,中远海发
2018-11-30,2018-11-26,sh.601877,正泰电器
2018-11-30,2018-11-26,sh.601878,浙商证券
2018-11-30,2018-11-26,sh.601881,中国银河
2018-11-30,2018-11-26,sh.601888,中国国旅
2018-11-30,2018-11-26,sh.601898,中煤能源
2018-11-30,2018-11-26,sh.601899,紫金矿业
2018-11-30,2018-11-26,sh.601901,方正证券
2018-11-30,2018-11-26,sh.601919,中远海控
2018-11-30,2018-11-26,sh.601933,永辉超市
2018-11-30,2018-11-26,sh.601939,建设银行
2018-11-30,2018-11-26,sh.601958,金钼股份
2018-11-30,2018-11-26,sh.601985,中国核电
2018-11-30,2018-11-26,sh.601988,中国银行
2018-11-30,2018-11-26,sh.601989,中国重工
2018-11-30,2018-11-26,sh.601991,大唐发电
2018-11-30,2018-11-26,sh.601992,金隅集团
2018-11-30,2018-11-26,sh.601997,贵阳银行
2018-11-30,2018-11-26,sh.601998,中信银行
2018-11-30,2018-11-26,sh.603160,汇顶科技
2018-11-30,2018-11-26,sh.603260,合盛硅业
2018-11-30,2018-11-26,sh.603288,海天味业
2018-11-30,2018-11-26,sh.603799,华友钴业
2018-11-30,2018-11-26,sh.603833,欧派家居
2018-11-30,2018-11-26,sh.603858,步长制药
2018-11-30,2018-11-26,sh.603993,洛阳钼业
2018-11-30,2018-11-26,sz.000001,平安银行
2018-11-30,2018-11-26,sz.000002,万科A
2018-11-30,2018-11-26,sz.000060,中金岭南
2018-11-30,2018-11-26,sz.000063,中兴通讯
2018-11-30,2018-11-26,sz.000069,华侨城A
2018-11-30,2018-11-26,sz.000100,TCL集团
2018-11-30,2018-11-26,sz.000157,中联重科
2018-11-30,2018-11-26,sz.000166,申万宏源
2018-11-30,2018-11-26,sz.000333,美的集团
2018-11-30,2018-11-26,sz.000338,潍柴动力
2018-11-30,2018-11-26,sz.000402,金融街
2018-11-30,2018-11-26,sz.000413,东旭光电
2018-11-30,2018-11-26,sz.000415,渤海租赁
2018-11-30,2018-11-26,sz.000423,东阿阿胶
2018-11-30,2018-11-26,sz.000425,徐工机械
2018-11-30,2018-11-26,sz.000503,国新健康
2018-11-30,2018-11-26,sz.000538,云南白药
2018-11-30,2018-11-26,sz.000540,中天金融
2018-11-30,2018-11-26,sz.000559,万向钱潮
2018-11-30,2018-11-26,sz.000568,泸州老窖
2018-11-30,2018-11-26,sz.000623,吉林敖东
2018-11-30,2018-11-26,sz.000625,长安汽车
2018-11-30,2018-11-26,sz.000627,天茂集团
2018-11-30,2018-11-26,sz.000630,铜陵有色
2018-11-30,2018-11-26,sz.000651,格力电器
2018-11-30,2018-11-26,sz.000671,阳光城
2018-11-30,2018-11-26,sz.000709,河钢股份
2018-11-30,2018-11-26,sz.000723,美锦能源
2018-11-30,2018-11-26,sz.000725,京东方A
2018-11-30,2018-11-26,sz.000728,国元证券
2018-11-30,2018-11-26,sz.000768,中航飞机
2018-11-30,2018-11-26,sz.000776,广发证券
2018-11-30,2018-11-26,sz.000783,长江证券
2018-11-30,2018-11-26,sz.000786,北新建材
2018-11-30,2018-11-26,sz.000792,盐湖股份
2018-11-30,2018-11-26,sz.000826,启迪桑德
2018-11-30,2018-11-26,sz.000839,中信国安
2018-11-30,2018-11-26,sz.000858,五粮液
2018-11-30,2018-11-26,sz.000876,新希望
2018-11-30,2018-11-26,sz.000895,双汇发展
2018-11-30,2018-11-26,sz.000898,鞍钢股份
2018-11-30,2018-11-26,sz.000938,紫光股份
2018-11-30,2018-11-26,sz.000959,首钢股份
2018-11-30,2018-11-26,sz.000961,中南建设
2018-11-30,2018-11-26,sz.000963,华东医药
2018-11-30,2018-11-26,sz.000983,西山煤电
2018-11-30,2018-11-26,sz.001965,招商公路
2018-11-30,2018-11-26,sz.001979,招商蛇口
2018-11-30,2018-11-26,sz.002007,华兰生物
2018-11-30,2018-11-26,sz.002008,大族激光
2018-11-30,2018-11-26,sz.002024,苏宁易购
2018-11-30,2018-11-26,sz.002027,分众传媒
2018-11-30,2018-11-26,sz.002044,美年健康
2018-11-30,2018-11-26,sz.002050,三花智控
2018-11-30,2018-11-26,sz.002065,东华软件
2018-11-30,2018-11-26,sz.002074,国轩高科
2018-11-30,2018-11-26,sz.002081,金螳螂
2018-11-30,2018-11-26,sz.002085,万丰奥威
2018-11-30,2018-11-26,sz.002142,宁波银行
2018-11-30,2018-11-26,sz.002146,荣盛发展
2018-11-30,2018-11-26,sz.002153,石基信息
2018-11-30,2018-11-26,sz.002202,金风科技
2018-11-30,2018-11-26,sz.002230,科大讯飞
2018-11-30,2018-11-26,sz.002236,大华股份
2018-11-30,2018-11-26,sz.002241,歌尔股份
2018-11-30,2018-11-26,sz.002252,上海莱士
2018-11-30,2018-11-26,sz.002294,信立泰
2018-11-30,2018-11-26,sz.002304,洋河股份
2018-11-30,2018-11-26,sz.002310,东方园林
2018-11-30,2018-11-26,sz.002352,顺丰控股
2018-11-30,2018-11-26,sz.002385,大北农
2018-11-30,2018-11-26,sz.002411,延安必康
2018-11-30,2018-11-26,sz.002415,海康威视
2018-11-30,2018-11-26,sz.002450,康得新
2018-11-30,2018-11-26,sz.002456,欧菲科技
2018-11-30,2018-11-26,sz.002460,赣锋锂业
2018-11-30,2018-11-26,sz.002466,天齐锂业
2018-11-30,2018-11-26,sz.002468,申通快递
2018-11-30,2018-11-26,sz.002470,金正大
2018-11-30,2018-11-26,sz.002475,立讯精密
2018-11-30,2018-11-26,sz.002493,荣盛石化
2018-11-30,2018-11-26,sz.002500,山西证券
2018-11-30,2018-11-26,sz.002508,老板电器
2018-11-30,2018-11-26,sz.002555,三七互娱
2018-11-30,2018-11-26,sz.002558,巨人网络
2018-11-30,2018-11-26,sz.002572,索菲亚
2018-11-30,2018-11-26,sz.002594,比亚迪
2018-11-30,2018-11-26,sz.002601,龙蟒佰利
2018-11-30,2018-11-26,sz.002602,世纪华通
2018-11-30,2018-11-26,sz.002608,江苏国信
2018-11-30,2018-11-26,sz.002624,完美世界
2018-11-30,2018-11-26,sz.002625,光启技术
2018-11-30,2018-11-26,sz.002673,西部证券
2018-11-30,2018-11-26,sz.002714,牧原股份
2018-11-30,2018-11-26,sz.002736,国信证券
2018-11-30,2018-11-26,sz.002739,万达电影
2018-11-30,2018-11-26,sz.002797,第一创业
2018-11-30,2018-11-26,sz.002925,盈趣科技
2018-11-30,2018-11-26,sz.300003,乐普医疗
2018-11-30,2018-11-26,sz.300015,爱尔眼科
2018-11-30,2018-11-26,sz.300017,网宿科技
2018-11-30,2018-11-26,sz.300024,机器人
2018-11-30,2018-11-26,sz.300027,华谊兄弟
2018-11-30,2018-11-26,sz.300033,同花顺
2018-11-30,2018-11-26,sz.300059,东方财富
2018-11-30,2018-11-26,sz.300070,碧水源
2018-11-30,2018-11-26,sz.300072,三聚环保
2018-11-30,2018-11-26,sz.300122,智飞生物
2018-11-30,2018-11-26,sz.300124,汇川技术
2018-11-30,2018-11-26,sz.300136,信维通信
2018-11-30,2018-11-26,sz.300144,宋城演艺
2018-11-30,2018-11-26,sz.300251,光线传媒
2018-11-30,2018-11-26,sz.300408,三环集团
2018-11-30,2018-11-26,sz.300433,蓝思科技
2018-12-31,2018-12-24,sh.600000,浦发银行
2018-12-31,2018-12-24,sh.600004,白云机场
2018-12-31,2018-12-24,sh.600009,上海机场
2018-12-31,2018-12-24,sh.600010,包钢股份
2018-12-31,2018-12-24,sh.600011,华能国际
2018-12-31,2018-12-24,sh.600015,华夏银行
2018-12-31,2018-12-24,sh.600016,民生银行
2018-12-31,2018-12-24,sh.600018,上港集团
2018-12-31,2018-12-24,sh.600019,宝钢股份
2018-12-31,2018-12-24,sh.600023,浙能电力
2018-12-31,2018-12-24,sh.600025,华能水电
2018-12-31,2018-12-24,sh.600027,华电国际
2018-12-31,2018-12-24,sh.600028,中国石化
2018-12-31,2018-12-24,sh.600029,南方航空
2018-12-31,2018-12-24,sh.600030,中信证券
2018-12-31,2018-12-24,sh.600031,三一重工
2018-12-31,2018-12-24,sh.600036,招商银行
2018-12-31,2018-12-24,sh.600038,中直股份
2018-12-31,2018-12-24,sh.600048,保利地产
2018-12-31,2018-12-24,sh.600050,中国联通
2018-12-31,2018-12-24,sh.600061,国投资本
2018-12-31,2018-12-24,sh.600066,宇通客车
2018-12-31,2018-12-24,sh.600068,葛洲坝
2018-12-31,2018-12-24,sh.600085,同仁堂
2018-12-31,2018-12-24,sh.600089,特变电工
2018-12-31,2018-12-24,sh.600100,同方股份
2018-12-31,2018-12-24,sh.600104,上汽集团
2018-12-31,2018-12-24,sh.600109,国金证券
2018-12-31,2018-12-24,sh.600111,北方稀土
2018-12-31,2018-12-24,sh.600115,东方航空
2018-12-31,2018-12-24,sh.600118,中国卫星
2018-12-31,2018-12-24,sh.600153,建发股份
2018-12-31,2018-12-24,sh.600157,永泰能源
2018-12-31,2018-12-24,sh.600170,上海建工
2018-12-31,2018-12-24,sh.600176,中国巨石
2018-12-31,2018-12-24,sh.600177,雅戈尔
2018-12-31,2018-12-24,sh.600188,兖州煤业
2018-12-31,2018-12-24,sh.600196,复星医药
2018-12-31,2018-12-24,sh.600208,新湖中宝
2018-12-31,2018-12-24,sh.600219,南山铝业
2018-12-31,2018-12-24,sh.600221,海航控股
2018-12-31,2018-12-24,sh.600233,圆通速递
2018-12-31,2018-12-24,sh.600271,航天信息
2018-12-31,2018-12-24,sh.600276,恒瑞医药
2018-12-31,2018-12-24,sh.600297,广汇汽车
2018-12-31,2018-12-24,sh.600309,万华化学
2018-12-31,2018-12-24,sh.600332,白云山
2018-12-31,2018-12-24,sh.600339,中油工程
2018-12-31,2018-12-24,sh.600340,华夏幸福
2018-12-31,2018-12-24,sh.600346,恒力股份
2018-12-31,2018-12-24,sh.600352,浙江龙盛
2018-12-31,2018-12-24,sh.600362,江西铜业
2018-12-31,2018-12-24,sh.600369,西南证券
2018-12-31,2018-12-24,sh.600372,中航电子
2018-12-31,2018-12-24,sh.600383,金地集团
2018-12-31,2018-12-24,sh.600390,五矿资本
2018-12-31,2018-12-24,sh.600398,海澜之家
2018-12-31,2018-12-24,sh.600406,国电南瑞
2018-12-31,2018-12-24,sh.600415,小商品城
2018-12-31,2018-12-24,sh.600436,片仔癀
2018-12-31,2018-12-24,sh.600438,通威股份
2018-12-31,2018-12-24,sh.600482,中国动力
2018-12-31,2018-12-24,sh.600487,亨通光电
2018-12-31,2018-12-24,sh.600489,中金黄金
2018-12-31,2018-12-24,sh.600498,烽火通信
2018-12-31,2018-12-24,sh.600516,方大炭素
2018-12-31,2018-12-24,sh.600518,康美药业
2018-12-31,2018-12-24,sh.600519,贵州茅台
2018-12-31,2018-12-24,sh.600522,中天科技
2018-12-31,2018-12-24,sh.600535,天士力
2018-12-31,2018-12-24,sh.600547,山东黄金
2018-12-31,2018-12-24,sh.600549,厦门钨业
2018-12-31,2018-12-24,sh.600566,济川药业
2018-12-31,2018-12-24,sh.600570,恒生电子
2018-12-31,2018-12-24,sh.600583,海油工程
2018-12-31,2018-12-24,sh.600585,海螺水泥
2018-12-31,2018-12-24,sh.600588,用友网络
2018-12-31,2018-12-24,sh.600606,绿地控股
2018-12-31,2018-12-24,sh.600637,东方明珠
2018-12-31,2018-12-24,sh.600660,福耀玻璃
2018-12-31,2018-12-24,sh.600674,川投能源
2018-12-31,2018-12-24,sh.600688,上海石化
2018-12-31,2018-12-24,sh.600690,青岛海尔
2018-12-31,2018-12-24,sh.600703,三安光电
2018-12-31,2018-12-24,sh.600704,物产中大
2018-12-31,2018-12-24,sh.600705,中航资本
2018-12-31,2018-12-24,sh.600739,辽宁成大
2018-12-31,2018-12-24,sh.600741,华域汽车
2018-12-31,2018-12-24,sh.600760,中航沈飞
2018-12-31,2018-12-24,sh.600795,国电电力
2018-12-31,2018-12-24,sh.600809,山西汾酒
2018-12-31,2018-12-24,sh.600816,安信信托
2018-12-31,2018-12-24,sh.600837,海通证券
2018-12-31,2018-12-24,sh.600867,通化东宝
2018-12-31,2018-12-24,sh.600886,国投电力
2018-12-31,2018-12-24,sh.600887,伊利股份
2018-12-31,2018-12-24,sh.600893,航发动力
2018-12-31,2018-12-24,sh.600900,长江电力
2018-12-31,2018-12-24,sh.600909,华安证券
2018-12-31,2018-12-24,sh.600919,江苏银行
2018-12-31,2018-12-24,sh.600926,杭州银行
2018-12-31,2018-12-24,sh.600958,东方证券
2018-12-31,2018-12-24,sh.600977,中国电影
2018-12-31,2018-12-24,sh.600998,九州通
2018-12-31,2018-12-24,sh.600999,招商证券
2018-12-31,2018-12-24,sh.601006,大秦铁路
2018-12-31,2018-12-24,sh.601009,南京银行
2018-12-31,2018-12-24,sh.601012,隆基股份
2018-12-31,2018-12-24,sh.601018,宁波港
2018-12-31,2018-12-24,sh.601021,春秋航空
2018-12-31,2018-12-24,sh.601066,中信建投
2018-12-31,2018-12-24,sh.601088,中国神华
2018-12-31,2018-12-24,sh.601108,财通证券
2018-12-31,2018-12-24,sh.601111,中国国航
2018-12-31,2018-12-24,sh.601117,中国化学
2018-12-31,2018-12-24,sh.601138,工业富联
2018-12-31,2018-12-24,sh.601155,新城控股
2018-12-31,2018-12-24,sh.601166,兴业银行
2018-12-31,2018-12-24,sh.601169,北京银行
2018-12-31,2018-12-24,sh.601186,中国铁建
2018-12-31,2018-12-24,sh.601198,东兴证券
2018-12-31,2018-12-24,sh.601211,国泰君安
2018-12-31,2018-12-24,sh.601212,白银有色
2018-12-31,2018-12-24,sh.601216,君正集团
2018-12-31,2018-12-24,sh.601225,陕西煤业
2018-12-31,2018-12-24,sh.601228,广州港
2018-12-31,2018-12-24,sh.601229,上海银行
2018-12-31,2018-12-24,sh.601238,广汽集团
2018-12-31,2018-12-24,sh.601288,农业银行
2018-12-31,2018-12-24,sh.601318,中国平安
2018-12-31,2018-12-24,sh.601328,交通银行
2018-12-31,2018-12-24,sh.601333,广深铁路
2018-12-31,2018-12-24,sh.601336,新华保险
2018-12-31,2018-12-24,sh.601360,三六零
2018-12-31,2018-12-24,sh.601377,兴业证券
2018-12-31,2018-12-24,sh.601390,中国中铁
2018-12-31,2018-12-24,sh.601398,工商银行
2018-12-31,2018-12-24,sh.601555,东吴证券
2018-12-31,2018-12-24,sh.601600,中国铝业
2018-12-31,2018-12-24,sh.601601,中国太保
2018-12-31,2018-12-24,sh.601607,上海医药
2018-12-31,2018-12-24,sh.601611,中国核建
2018-12-31,2018-12-24,sh.601618,中国中冶
2018-12-31,2018-12-24,sh.601628,中国人寿
2018-12-31,2018-12-24,sh.601633,长城汽车
2018-12-31,2018-12-24,sh.601668,中国建筑
2018-12-31,2018-12-24,sh.601669,中国电建
2018-12-31,2018-12-24,sh.601688,华泰证券
2018-12-31,2018-12-24,sh.601727,上海电气
2018-12-31,2018-12-24,sh.601766,中国中车
2018-12-31,2018-12-24,sh.601788,光大证券
2018-12-31,2018-12-24,sh.601800,中国交建
2018-12-31,2018-12-24,sh.601808,中海油服
2018-12-31,2018-12-24,sh.601818,光大银行
2018-12-31,2018-12-24,sh.601828,美凯龙
2018-12-31,2018-12-24,sh.601838,成都银行
2018-12-31,2018-12-24,sh.601857,中国石油
2018-12-31,2018-12-24,sh.601877,正泰电器
2018-12-31,2018-12-24,sh.601878,浙商证券
2018-12-31,2018-12-24,sh.601881,中国银河
2018-12-31,2018-12-24,sh.601888,中国国旅
2018-12-31,2018-12-24,sh.601898,中煤能源
2018-12-31,2018-12-24,sh.601899,紫金矿业
2018-12-31,2018-12-24,sh.601901,方正证券
2018-12-31,2018-12-24,sh.601919,中远海控
2018-12-31,2018-12-24,sh.601933,永辉超市
2018-12-31,2018-12-24,sh.601939,建设银行
2018-12-31,2018-12-24,sh.601985,中国核电
2018-12-31,2018-12-24,sh.601988,中国银行
2018-12-31,2018-12-24,sh.601989,中国重工
2018-12-31,2018-12-24,sh.601991,大唐发电
2018-12-31,2018-12-24,sh.601992,金隅集团
2018-12-31,2018-12-24,sh.601997,贵阳银行
2018-12-31,2018-12-24,sh.601998,中信银行
2018-12-31,2018-12-24,sh.603156,养元饮品
2018-12-31,2018-12-24,sh.603160,汇顶科技
2018-12-31,2018-12-24,sh.603259,药明康德
2018-12-31,2018-12-24,sh.603260,合盛硅业
2018-12-31,2018-12-24,sh.603288,海天味业
2018-12-31,2018-12-24,sh.603799,华友钴业
2018-12-31,2018-12-24,sh.603833,欧派家居
2018-12-31,2018-12-24,sh.603858,步长制药
2018-12-31,2018-12-24,sh.603986,兆易创新
2018-12-31,2018-12-24,sh.603993,洛阳钼业
2018-12-31,2018-12-24,sz.000001,平安银行
2018-12-31,2018-12-24,sz.000002,万科A
2018-12-31,2018-12-24,sz.000063,中兴通讯
2018-12-31,2018-12-24,sz.000069,华侨城A
2018-12-31,2018-12-24,sz.000100,TCL集团
2018-12-31,2018-12-24,sz.000157,中联重科
2018-12-31,2018-12-24,sz.000166,申万宏源
2018-12-31,2018-12-24,sz.000333,美的集团
2018-12-31,2018-12-24,sz.000338,潍柴动力
2018-12-31,2018-12-24,sz.000402,金融街
2018-12-31,2018-12-24,sz.000408,藏格控股
2018-12-31,2018-12-24,sz.000413,东旭光电
2018-12-31,2018-12-24,sz.000415,渤海租赁
2018-12-31,2018-12-24,sz.000423,东阿阿胶
2018-12-31,2018-12-24,sz.000425,徐工机械
2018-12-31,2018-12-24,sz.000503,国新健康
2018-12-31,2018-12-24,sz.000538,云南白药
2018-12-31,2018-12-24,sz.000553,沙隆达A
2018-12-31,2018-12-24,sz.000568,泸州老窖
2018-12-31,2018-12-24,sz.000625,长安汽车
2018-12-31,2018-12-24,sz.000627,天茂集团
2018-12-31,2018-12-24,sz.000630,铜陵有色
2018-12-31,2018-12-24,sz.000651,格力电器
2018-12-31,2018-12-24,sz.000661,长春高新
2018-12-31,2018-12-24,sz.000671,阳光城
2018-12-31,2018-12-24,sz.000703,恒逸石化
2018-12-31,2018-12-24,sz.000709,河钢股份
2018-12-31,2018-12-24,sz.000725,京东方A
2018-12-31,2018-12-24,sz.000728,国元证券
2018-12-31,2018-12-24,sz.000768,中航飞机
2018-12-31,2018-12-24,sz.000776,广发证券
2018-12-31,2018-12-24,sz.000783,长江证券
2018-12-31,2018-12-24,sz.000786,北新建材
2018-12-31,2018-12-24,sz.000792,盐湖股份
2018-12-31,2018-12-24,sz.000826,启迪桑德
2018-12-31,2018-12-24,sz.000839,中信国安
2018-12-31,2018-12-24,sz.000858,五粮液
2018-12-31,2018-12-24,sz.000876,新希望
2018-12-31,2018-12-24,sz.000895,双汇发展
2018-12-31,2018-12-24,sz.000898,鞍钢股份
2018-12-31,2018-12-24,sz.000938,紫光股份
2018-12-31,2018-12-24,sz.000959,首钢股份
2018-12-31,2018-12-24,sz.000961,中南建设
2018-12-31,2018-12-24,sz.000963,华东医药
2018-12-31,2018-12-24,sz.000983,西山煤电
2018-12-31,2018-12-24,sz.001965,招商公路
2018-12-31,2018-12-24,sz.001979,招商蛇口
2018-12-31,2018-12-24,sz.002001,新和成
2018-12-31,2018-12-24,sz.002007,华兰生物
2018-12-31,2018-12-24,sz.002008,大族激光
2018-12-31,2018-12-24,sz.002024,苏宁易购
2018-12-31,2018-12-24,sz.002027,分众传媒
2018-12-31,2018-12-24,sz.002032,苏泊尔
2018-12-31,2018-12-24,sz.002044,美年健康
2018-12-31,2018-12-24,sz.002050,三花智控
2018-12-31,2018-12-24,sz.002065,东华软件
2018-12-31,2018-12-24,sz.002081,金螳螂
2018-12-31,2018-12-24,sz.002085,万丰奥威
2018-12-31,2018-12-24,sz.002120,韵达股份
2018-12-31,2018-12-24,sz.002142,宁波银行
2018-12-31,2018-12-24,sz.002146,荣盛发展
2018-12-31,2018-12-24,sz.002153,石基信息
2018-12-31,2018-12-24,sz.002179,中航光电
2018-12-31,2018-12-24,sz.002202,金风科技
2018-12-31,2018-12-24,sz.002230,科大讯飞
2018-12-31,2018-12-24,sz.002236,大华股份
2018-12-31,2018-12-24,sz.002241,歌尔股份
2018-12-31,2018-12-24,sz.002252,上海莱士
2018-12-31,2018-12-24,sz.002271,东方雨虹
2018-12-31,2018-12-24,sz.002294,信立泰
2018-12-31,2018-12-24,sz.002304,洋河股份
2018-12-31,2018-12-24,sz.002310,东方园林
2018-12-31,2018-12-24,sz.002311,海大集团
2018-12-31,2018-12-24,sz.002352,顺丰控股
2018-12-31,2018-12-24,sz.002411,延安必康
2018-12-31,2018-12-24,sz.002415,海康威视
2018-12-31,2018-12-24,sz.002422,科伦药业
2018-12-31,2018-12-24,sz.002450,康得新
2018-12-31,2018-12-24,sz.002456,欧菲科技
2018-12-31,2018-12-24,sz.002460,赣锋锂业
2018-12-31,2018-12-24,sz.002466,天齐锂业
2018-12-31,2018-12-24,sz.002468,申通快递
2018-12-31,2018-12-24,sz.002475,立讯精密
2018-12-31,2018-12-24,sz.002493,荣盛石化
2018-12-31,2018-12-24,sz.002508,老板电器
2018-12-31,2018-12-24,sz.002555,三七互娱
2018-12-31,2018-12-24,sz.002558,巨人网络
2018-12-31,2018-12-24,sz.002572,索菲亚
2018-12-31,2018-12-24,sz.002594,比亚迪
2018-12-31,2018-12-24,sz.002601,龙蟒佰利
2018-12-31,2018-12-24,sz.002602,世纪华通
2018-12-31,2018-12-24,sz.002624,完美世界
2018-12-31,2018-12-24,sz.002625,光启技术
2018-12-31,2018-12-24,sz.002673,西部证券
2018-12-31,2018-12-24,sz.002714,牧原股份
2018-12-31,2018-12-24,sz.002736,国信证券
2018-12-31,2018-12-24,sz.002773,康弘药业
2018-12-31,2018-12-24,sz.002797,第一创业
2018-12-31,2018-12-24,sz.002925,盈趣科技
2018-12-31,2018-12-24,sz.300003,乐普医疗
2018-12-31,2018-12-24,sz.300015,爱尔眼科
2018-12-31,2018-12-24,sz.300017,网宿科技
2018-12-31,2018-12-24,sz.300024,机器人
2018-12-31,2018-12-24,sz.300033,同花顺
2018-12-31,2018-12-24,sz.300059,东方财富
2018-12-31,2018-12-24,sz.300070,碧水源
2018-12-31,2018-12-24,sz.300072,三聚环保
2018-12-31,2018-12-24,sz.300122,智飞生物
2018-12-31,2018-12-24,sz.300124,汇川技术
2018-12-31,2018-12-24,sz.300136,信维通信
2018-12-31,2018-12-24,sz.300142,沃森生物
2018-12-31,2018-12-24,sz.300144,宋城演艺
2018-12-31,2018-12-24,sz.300251,光线传媒
2018-12-31,2018-12-24,sz.300296,利亚德
2018-12-31,2018-12-24,sz.300408,三环集团
2018-12-31,2018-12-24,sz.300433,蓝思科技
2019-01-31,2019-01-28,sh.600000,浦发银行
2019-01-31,2019-01-28,sh.600004,白云机场
2019-01-31,2019-01-28,sh.600009,上海机场
2019-01-31,2019-01-28,sh.600010,包钢股份
2019-01-31,2019-01-28,sh.600011,华能国际
2019-01-31,2019-01-28,sh.600015,华夏银行
2019-01-31,2019-01-28,sh.600016,民生银行
2019-01-31,2019-01-28,sh.600018,上港集团
2019-01-31,2019-01-28,sh.600019,宝钢股份
2019-01-31,2019-01-28,sh.600023,浙能电力
2019-01-31,2019-01-28,sh.600025,华能水电
2019-01-31,2019-01-28,sh.600027,华电国际
2019-01-31,2019-01-28,sh.600028,中国石化
2019-01-31,2019-01-28,sh.600029,南方航空
2019-01-31,2019-01-28,sh.600030,中信证券
2019-01-31,2019-01-28,sh.600031,三一重工
2019-01-31,2019-01-28,sh.600036,招商银行
2019-01-31,2019-01-28,sh.600038,中直股份
2019-01-31,2019-01-28,sh.600048,保利地产
2019-01-31,2019-01-28,sh.600050,中国联通
2019-01-31,2019-01-28,sh.600061,国投资本
2019-01-31,2019-01-28,sh.600066,宇通客车
2019-01-31,2019-01-28,sh.600068,葛洲坝
2019-01-31,2019-01-28,sh.600085,同仁堂
2019-01-31,2019-01-28,sh.600089,特变电工
2019-01-31,2019-01-28,sh.600100,同方股份
2019-01-31,2019-01-28,sh.600104,上汽集团
2019-01-31,2019-01-28,sh.600109,国金证券
2019-01-31,2019-01-28,sh.600111,北方稀土
2019-01-31,2019-01-28,sh.600115,东方航空
2019-01-31,2019-01-28,sh.600118,中国卫星
2019-01-31,2019-01-28,sh.600153,建发股份
2019-01-31,2019-01-28,sh.600157,永泰能源
2019-01-31,2019-01-28,sh.600170,上海建工
2019-01-31,2019-01-28,sh.600176,中国巨石
2019-01-31,2019-01-28,sh.600177,雅戈尔
2019-01-31,2019-01-28,sh.600188,兖州煤业
2019-01-31,2019-01-28,sh.600196,复星医药
2019-01-31,2019-01-28,sh.600208,新湖中宝
2019-01-31,2019-01-28,sh.600219,南山铝业
2019-01-31,2019-01-28,sh.600221,海航控股
2019-01-31,2019-01-28,sh.600233,圆通速递
2019-01-31,2019-01-28,sh.600271,航天信息
2019-01-31,2019-01-28,sh.600276,恒瑞医药
2019-01-31,2019-01-28,sh.600297,广汇汽车
2019-01-31,2019-01-28,sh.600309,万华化学
2019-01-31,2019-01-28,sh.600332,白云山
2019-01-31,2019-01-28,sh.600339,中油工程
2019-01-31,2019-01-28,sh.600340,华夏幸福
2019-01-31,2019-01-28,sh.600346,恒力股份
2019-01-31,2019-01-28,sh.600352,浙江龙盛
2019-01-31,2019-01-28,sh.600362,江西铜业
2019-01-31,2019-01-28,sh.600369,西南证券
2019-01-31,2019-01-28,sh.600372,中航电子
2019-01-31,2019-01-28,sh.600383,金地集团
2019-01-31,2019-01-28,sh.600390,五矿资本
2019-01-31,2019-01-28,sh.600398,海澜之家
2019-01-31,2019-01-28,sh.600406,国电南瑞
2019-01-31,2019-01-28,sh.600415,小商品城
2019-01-31,2019-01-28,sh.600436,片仔癀
2019-01-31,2019-01-28,sh.600438,通威股份
2019-01-31,2019-01-28,sh.600482,中国动力
2019-01-31,2019-01-28,sh.600487,亨通光电
2019-01-31,2019-01-28,sh.600489,中金黄金
2019-01-31,2019-01-28,sh.600498,烽火通信
2019-01-31,2019-01-28,sh.600516,方大炭素
2019-01-31,2019-01-28,sh.600518,康美药业
2019-01-31,2019-01-28,sh.600519,贵州茅台
2019-01-31,2019-01-28,sh.600522,中天科技
2019-01-31,2019-01-28,sh.600535,天士力
2019-01-31,2019-01-28,sh.600547,山东黄金
2019-01-31,2019-01-28,sh.600549,厦门钨业
2019-01-31,2019-01-28,sh.600566,济川药业
2019-01-31,2019-01-28,sh.600570,恒生电子
2019-01-31,2019-01-28,sh.600583,海油工程
2019-01-31,2019-01-28,sh.600585,海螺水泥
2019-01-31,2019-01-28,sh.600588,用友网络
2019-01-31,2019-01-28,sh.600606,绿地控股
2019-01-31,2019-01-28,sh.600637,东方明珠
2019-01-31,2019-01-28,sh.600660,福耀玻璃
2019-01-31,2019-01-28,sh.600674,川投能源
2019-01-31,2019-01-28,sh.600688,上海石化
2019-01-31,2019-01-28,sh.600690,青岛海尔
2019-01-31,2019-01-28,sh.600703,三安光电
2019-01-31,2019-01-28,sh.600704,物产中大
2019-01-31,2019-01-28,sh.600705,中航资本
2019-01-31,2019-01-28,sh.600739,辽宁成大
2019-01-31,2019-01-28,sh.600741,华域汽车
2019-01-31,2019-01-28,sh.600760,中航沈飞
2019-01-31,2019-01-28,sh.600795,国电电力
2019-01-31,2019-01-28,sh.600809,山西汾酒
2019-01-31,2019-01-28,sh.600816,安信信托
2019-01-31,2019-01-28,sh.600837,海通证券
2019-01-31,2019-01-28,sh.600867,通化东宝
2019-01-31,2019-01-28,sh.600886,国投电力
2019-01-31,2019-01-28,sh.600887,伊利股份
2019-01-31,2019-01-28,sh.600893,航发动力
2019-01-31,2019-01-28,sh.600900,长江电力
2019-01-31,2019-01-28,sh.600909,华安证券
2019-01-31,2019-01-28,sh.600919,江苏银行
2019-01-31,2019-01-28,sh.600926,杭州银行
2019-01-31,2019-01-28,sh.600958,东方证券
2019-01-31,2019-01-28,sh.600977,中国电影
2019-01-31,2019-01-28,sh.600998,九州通
2019-01-31,2019-01-28,sh.600999,招商证券
2019-01-31,2019-01-28,sh.601006,大秦铁路
2019-01-31,2019-01-28,sh.601009,南京银行
2019-01-31,2019-01-28,sh.601012,隆基股份
2019-01-31,2019-01-28,sh.601018,宁波港
2019-01-31,2019-01-28,sh.601021,春秋航空
2019-01-31,2019-01-28,sh.601066,中信建投
2019-01-31,2019-01-28,sh.601088,中国神华
2019-01-31,2019-01-28,sh.601108,财通证券
2019-01-31,2019-01-28,sh.601111,中国国航
2019-01-31,2019-01-28,sh.601117,中国化学
2019-01-31,2019-01-28,sh.601138,工业富联
2019-01-31,2019-01-28,sh.601155,新城控股
2019-01-31,2019-01-28,sh.601166,兴业银行
2019-01-31,2019-01-28,sh.601169,北京银行
2019-01-31,2019-01-28,sh.601186,中国铁建
2019-01-31,2019-01-28,sh.601198,东兴证券
2019-01-31,2019-01-28,sh.601211,国泰君安
2019-01-31,2019-01-28,sh.601212,白银有色
2019-01-31,2019-01-28,sh.601216,君正集团
2019-01-31,2019-01-28,sh.601225,陕西煤业
2019-01-31,2019-01-28,sh.601228,广州港
2019-01-31,2019-01-28,sh.601229,上海银行
2019-01-31,2019-01-28,sh.601238,广汽集团
2019-01-31,2019-01-28,sh.601288,农业银行
2019-01-31,2019-01-28,sh.601318,中国平安
2019-01-31,2019-01-28,sh.601328,交通银行
2019-01-31,2019-01-28,sh.601333,广深铁路
2019-01-31,2019-01-28,sh.601336,新华保险
2019-01-31,2019-01-28,sh.601360,三六零
2019-01-31,2019-01-28,sh.601377,兴业证券
2019-01-31,2019-01-28,sh.601390,中国中铁
2019-01-31,2019-01-28,sh.601398,工商银行
2019-01-31,2019-01-28,sh.601555,东吴证券
2019-01-31,2019-01-28,sh.601600,中国铝业
2019-01-31,2019-01-28,sh.601601,中国太保
2019-01-31,2019-01-28,sh.601607,上海医药
2019-01-31,2019-01-28,sh.601611,中国核建
2019-01-31,2019-01-28,sh.601618,中国中冶
2019-01-31,2019-01-28,sh.601628,中国人寿
2019-01-31,2019-01-28,sh.601633,长城汽车
2019-01-31,2019-01-28,sh.601668,中国建筑
2019-01-31,2019-01-28,sh.601669,中国电建
2019-01-31,2019-01-28,sh.601688,华泰证券
2019-01-31,2019-01-28,sh.601727,上海电气
2019-01-31,2019-01-28,sh.601766,中国中车
2019-01-31,2019-01-28,sh.601788,光大证券
2019-01-31,2019-01-28,sh.601800,中国交建
2019-01-31,2019-01-28,sh.601808,中海油服
2019-01-31,2019-01-28,sh.601818,光大银行
2019-01-31,2019-01-28,sh.601828,美凯龙
2019-01-31,2019-01-28,sh.601838,成都银行
2019-01-31,2019-01-28,sh.601857,中国石油
2019-01-31,2019-01-28,sh.601877,正泰电器
2019-01-31,2019-01-28,sh.601878,浙商证券
2019-01-31,2019-01-28,sh.601881,中国银河
2019-01-31,2019-01-28,sh.601888,中国国旅
2019-01-31,2019-01-28,sh.601898,中煤能源
2019-01-31,2019-01-28,sh.601899,紫金矿业
2019-01-31,2019-01-28,sh.601901,方正证券
2019-01-31,2019-01-28,sh.601919,中远海控
2019-01-31,2019-01-28,sh.601933,永辉超市
2019-01-31,2019-01-28,sh.601939,建设银行
2019-01-31,2019-01-28,sh.601985,中国核电
2019-01-31,2019-01-28,sh.601988,中国银行
2019-01-31,2019-01-28,sh.601989,中国重工
2019-01-31,2019-01-28,sh.601991,大唐发电
2019-01-31,2019-01-28,sh.601992,金隅集团
2019-01-31,2019-01-28,sh.601997,贵阳银行
2019-01-31,2019-01-28,sh.601998,中信银行
2019-01-31,2019-01-28,sh.603156,养元饮品
2019-01-31,2019-01-28,sh.603160,汇顶科技
2019-01-31,2019-01-28,sh.603259,药明康德
2019-01-31,2019-01-28,sh.603260,合盛硅业
2019-01-31,2019-01-28,sh.603288,海天味业
2019-01-31,2019-01-28,sh.603799,华友钴业
2019-01-31,2019-01-28,sh.603833,欧派家居
2019-01-31,2019-01-28,sh.603858,步长制药
2019-01-31,2019-01-28,sh.603986,兆易创新
2019-01-31,2019-01-28,sh.603993,洛阳钼业
2019-01-31,2019-01-28,sz.000001,平安银行
2019-01-31,2019-01-28,sz.000002,万科A
2019-01-31,2019-01-28,sz.000063,中兴通讯
2019-01-31,2019-01-28,sz.000069,华侨城A
2019-01-31,2019-01-28,sz.000100,TCL集团
2019-01-31,2019-01-28,sz.000157,中联重科
2019-01-31,2019-01-28,sz.000166,申万宏源
2019-01-31,2019-01-28,sz.000333,美的集团
2019-01-31,2019-01-28,sz.000338,潍柴动力
2019-01-31,2019-01-28,sz.000402,金融街
2019-01-31,2019-01-28,sz.000408,藏格控股
2019-01-31,2019-01-28,sz.000413,东旭光电
2019-01-31,2019-01-28,sz.000415,渤海租赁
2019-01-31,2019-01-28,sz.000423,东阿阿胶
2019-01-31,2019-01-28,sz.000425,徐工机械
2019-01-31,2019-01-28,sz.000503,国新健康
2019-01-31,2019-01-28,sz.000538,云南白药
2019-01-31,2019-01-28,sz.000553,安道麦A
2019-01-31,2019-01-28,sz.000568,泸州老窖
2019-01-31,2019-01-28,sz.000625,长安汽车
2019-01-31,2019-01-28,sz.000627,天茂集团
2019-01-31,2019-01-28,sz.000630,铜陵有色
2019-01-31,2019-01-28,sz.000651,格力电器
2019-01-31,2019-01-28,sz.000661,长春高新
2019-01-31,2019-01-28,sz.000671,阳光城
2019-01-31,2019-01-28,sz.000703,恒逸石化
2019-01-31,2019-01-28,sz.000709,河钢股份
2019-01-31,2019-01-28,sz.000725,京东方A
2019-01-31,2019-01-28,sz.000728,国元证券
2019-01-31,2019-01-28,sz.000768,中航飞机
2019-01-31,2019-01-28,sz.000776,广发证券
2019-01-31,2019-01-28,sz.000783,长江证券
2019-01-31,2019-01-28,sz.000786,北新建材
2019-01-31,2019-01-28,sz.000792,盐湖股份
2019-01-31,2019-01-28,sz.000826,启迪桑德
2019-01-31,2019-01-28,sz.000839,中信国安
2019-01-31,2019-01-28,sz.000858,五粮液
2019-01-31,2019-01-28,sz.000876,新希望
2019-01-31,2019-01-28,sz.000895,双汇发展
2019-01-31,2019-01-28,sz.000898,鞍钢股份
2019-01-31,2019-01-28,sz.000938,紫光股份
2019-01-31,2019-01-28,sz.000959,首钢股份
2019-01-31,2019-01-28,sz.000961,中南建设
2019-01-31,2019-01-28,sz.000963,华东医药
2019-01-31,2019-01-28,sz.000983,西山煤电
2019-01-31,2019-01-28,sz.001965,招商公路
2019-01-31,2019-01-28,sz.001979,招商蛇口
2019-01-31,2019-01-28,sz.002001,新和成
2019-01-31,2019-01-28,sz.002007,华兰生物
2019-01-31,2019-01-28,sz.002008,大族激光
2019-01-31,2019-01-28,sz.002024,苏宁易购
2019-01-31,2019-01-28,sz.002027,分众传媒
2019-01-31,2019-01-28,sz.002032,苏泊尔
2019-01-31,2019-01-28,sz.002044,美年健康
2019-01-31,2019-01-28,sz.002050,三花智控
2019-01-31,2019-01-28,sz.002065,东华软件
2019-01-31,2019-01-28,sz.002081,金螳螂
2019-01-31,2019-01-28,sz.002085,万丰奥威
2019-01-31,2019-01-28,sz.002120,韵达股份
2019-01-31,2019-01-28,sz.002142,宁波银行
2019-01-31,2019-01-28,sz.002146,荣盛发展
2019-01-31,2019-01-28,sz.002153,石基信息
2019-01-31,2019-01-28,sz.002179,中航光电
2019-01-31,2019-01-28,sz.002202,金风科技
2019-01-31,2019-01-28,sz.002230,科大讯飞
2019-01-31,2019-01-28,sz.002236,大华股份
2019-01-31,2019-01-28,sz.002241,歌尔股份
2019-01-31,2019-01-28,sz.002252,上海莱士
2019-01-31,2019-01-28,sz.002271,东方雨虹
2019-01-31,2019-01-28,sz.002294,信立泰
2019-01-31,2019-01-28,sz.002304,洋河股份
2019-01-31,2019-01-28,sz.002310,东方园林
2019-01-31,2019-01-28,sz.002311,海大集团
2019-01-31,2019-01-28,sz.002352,顺丰控股
2019-01-31,2019-01-28,sz.002411,延安必康
2019-01-31,2019-01-28,sz.002415,海康威视
2019-01-31,2019-01-28,sz.002422,科伦药业
2019-01-31,2019-01-28,sz.002450,ST康得新
2019-01-31,2019-01-28,sz.002456,欧菲科技
2019-01-31,2019-01-28,sz.002460,赣锋锂业
2019-01-31,2019-01-28,sz.002466,天齐锂业
2019-01-31,2019-01-28,sz.002468,申通快递
2019-01-31,2019-01-28,sz.002475,立讯精密
2019-01-31,2019-01-28,sz.002493,荣盛石化
2019-01-31,2019-01-28,sz.002508,老板电器
2019-01-31,2019-01-28,sz.002555,三七互娱
2019-01-31,2019-01-28,sz.002558,巨人网络
2019-01-31,2019-01-28,sz.002572,索菲亚
2019-01-31,2019-01-28,sz.002594,比亚迪
2019-01-31,2019-01-28,sz.002601,龙蟒佰利
2019-01-31,2019-01-28,sz.002602,世纪华通
2019-01-31,2019-01-28,sz.002624,完美世界
2019-01-31,2019-01-28,sz.002625,光启技术
2019-01-31,2019-01-28,sz.002673,西部证券
2019-01-31,2019-01-28,sz.002714,牧原股份
2019-01-31,2019-01-28,sz.002736,国信证券
2019-01-31,2019-01-28,sz.002773,康弘药业
2019-01-31,2019-01-28,sz.002797,第一创业
2019-01-31,2019-01-28,sz.002925,盈趣科技
2019-01-31,2019-01-28,sz.300003,乐普医疗
2019-01-31,2019-01-28,sz.300015,爱尔眼科
2019-01-31,2019-01-28,sz.300017,网宿科技
2019-01-31,2019-01-28,sz.300024,机器人
2019-01-31,2019-01-28,sz.300033,同花顺
2019-01-31,2019-01-28,sz.300059,东方财富
2019-01-31,2019-01-28,sz.300070,碧水源
2019-01-31,2019-01-28,sz.300072,三聚环保
2019-01-31,2019-01-28,sz.300122,智飞生物
2019-01-31,2019-01-28,sz.300124,汇川技术
2019-01-31,2019-01-28,sz.300136,信维通信
2019-01-31,2019-01-28,sz.300142,沃森生物
2019-01-31,2019-01-28,sz.300144,宋城演艺
2019-01-31,2019-01-28,sz.300251,光线传媒
2019-01-31,2019-01-28,sz.300296,利亚德
2019-01-31,2019-01-28,sz.300408,三环集团
2019-01-31,2019-01-28,sz.300433,蓝思科技
2019-02-28,2019-02-25,sh.600000,浦发银行
2019-02-28,2019-02-25,sh.600004,白云机场
2019-02-28,2019-02-25,sh.600009,上海机场
2019-02-28,2019-02-25,sh.600010,包钢股份
2019-02-28,2019-02-25,sh.600011,华能国际
2019-02-28,2019-02-25,sh.600015,华夏银行
2019-02-28,2019-02-25,sh.600016,民生银行
2019-02-28,2019-02-25,sh.600018,上港集团
2019-02-28,2019-02-25,sh.600019,宝钢股份
2019-02-28,2019-02-25,sh.600023,浙能电力
2019-02-28,2019-02-25,sh.600025,华能水电
2019-02-28,2019-02-25,sh.600027,华电国际
2019-02-28,2019-02-25,sh.600028,中国石化
2019-02-28,2019-02-25,sh.600029,南方航空
2019-02-28,2019-02-25,sh.600030,中信证券
2019-02-28,2019-02-25,sh.600031,三一重工
2019-02-28,2019-02-25,sh.600036,招商银行
2019-02-28,2019-02-25,sh.600038,中直股份
2019-02-28,2019-02-25,sh.600048,保利地产
2019-02-28,2019-02-25,sh.600050,中国联通
2019-02-28,2019-02-25,sh.600061,国投资本
2019-02-28,2019-02-25,sh.600066,宇通客车
2019-02-28,2019-02-25,sh.600068,葛洲坝
2019-02-28,2019-02-25,sh.600085,同仁堂
2019-02-28,2019-02-25,sh.600089,特变电工
2019-02-28,2019-02-25,sh.600100,同方股份
2019-02-28,2019-02-25,sh.600104,上汽集团
2019-02-28,2019-02-25,sh.600109,国金证券
2019-02-28,2019-02-25,sh.600111,北方稀土
2019-02-28,2019-02-25,sh.600115,东方航空
2019-02-28,2019-02-25,sh.600118,中国卫星
2019-02-28,2019-02-25,sh.600153,建发股份
2019-02-28,2019-02-25,sh.600157,永泰能源
2019-02-28,2019-02-25,sh.600170,上海建工
2019-02-28,2019-02-25,sh.600176,中国巨石
2019-02-28,2019-02-25,sh.600177,雅戈尔
2019-02-28,2019-02-25,sh.600188,兖州煤业
2019-02-28,2019-02-25,sh.600196,复星医药
2019-02-28,2019-02-25,sh.600208,新湖中宝
2019-02-28,2019-02-25,sh.600219,南山铝业
2019-02-28,2019-02-25,sh.600221,海航控股
2019-02-28,2019-02-25,sh.600233,圆通速递
2019-02-28,2019-02-25,sh.600271,航天信息
2019-02-28,2019-02-25,sh.600276,恒瑞医药
2019-02-28,2019-02-25,sh.600297,广汇汽车
2019-02-28,2019-02-25,sh.600309,万华化学
2019-02-28,2019-02-25,sh.600332,白云山
2019-02-28,2019-02-25,sh.600339,中油工程
2019-02-28,2019-02-25,sh.600340,华夏幸福
2019-02-28,2019-02-25,sh.600346,恒力股份
2019-02-28,2019-02-25,sh.600352,浙江龙盛
2019-02-28,2019-02-25,sh.600362,江西铜业
2019-02-28,2019-02-25,sh.600369,西南证券
2019-02-28,2019-02-25,sh.600372,中航电子
2019-02-28,2019-02-25,sh.600383,金地集团
2019-02-28,2019-02-25,sh.600390,五矿资本
2019-02-28,2019-02-25,sh.600398,海澜之家
2019-02-28,2019-02-25,sh.600406,国电南瑞
2019-02-28,2019-02-25,sh.600415,小商品城
2019-02-28,2019-02-25,sh.600436,片仔癀
2019-02-28,2019-02-25,sh.600438,通威股份
2019-02-28,2019-02-25,sh.600482,中国动力
2019-02-28,2019-02-25,sh.600487,亨通光电
2019-02-28,2019-02-25,sh.600489,中金黄金
2019-02-28,2019-02-25,sh.600498,烽火通信
2019-02-28,2019-02-25,sh.600516,方大炭素
2019-02-28,2019-02-25,sh.600518,康美药业
2019-02-28,2019-02-25,sh.600519,贵州茅台
2019-02-28,2019-02-25,sh.600522,中天科技
2019-02-28,2019-02-25,sh.600535,天士力
2019-02-28,2019-02-25,sh.600547,山东黄金
2019-02-28,2019-02-25,sh.600549,厦门钨业
2019-02-28,2019-02-25,sh.600566,济川药业
2019-02-28,2019-02-25,sh.600570,恒生电子
2019-02-28,2019-02-25,sh.600583,海油工程
2019-02-28,2019-02-25,sh.600585,海螺水泥
2019-02-28,2019-02-25,sh.600588,用友网络
2019-02-28,2019-02-25,sh.600606,绿地控股
2019-02-28,2019-02-25,sh.600637,东方明珠
2019-02-28,2019-02-25,sh.600660,福耀玻璃
2019-02-28,2019-02-25,sh.600674,川投能源
2019-02-28,2019-02-25,sh.600688,上海石化
2019-02-28,2019-02-25,sh.600690,青岛海尔
2019-02-28,2019-02-25,sh.600703,三安光电
2019-02-28,2019-02-25,sh.600704,物产中大
2019-02-28,2019-02-25,sh.600705,中航资本
2019-02-28,2019-02-25,sh.600739,辽宁成大
2019-02-28,2019-02-25,sh.600741,华域汽车
2019-02-28,2019-02-25,sh.600760,中航沈飞
2019-02-28,2019-02-25,sh.600795,国电电力
2019-02-28,2019-02-25,sh.600809,山西汾酒
2019-02-28,2019-02-25,sh.600816,安信信托
2019-02-28,2019-02-25,sh.600837,海通证券
2019-02-28,2019-02-25,sh.600867,通化东宝
2019-02-28,2019-02-25,sh.600886,国投电力
2019-02-28,2019-02-25,sh.600887,伊利股份
2019-02-28,2019-02-25,sh.600893,航发动力
2019-02-28,2019-02-25,sh.600900,长江电力
2019-02-28,2019-02-25,sh.600909,华安证券
2019-02-28,2019-02-25,sh.600919,江苏银行
2019-02-28,2019-02-25,sh.600926,杭州银行
2019-02-28,2019-02-25,sh.600958,东方证券
2019-02-28,2019-02-25,sh.600977,中国电影
2019-02-28,2019-02-25,sh.600998,九州通
2019-02-28,2019-02-25,sh.600999,招商证券
2019-02-28,2019-02-25,sh.601006,大秦铁路
2019-02-28,2019-02-25,sh.601009,南京银行
2019-02-28,2019-02-25,sh.601012,隆基股份
2019-02-28,2019-02-25,sh.601018,宁波港
2019-02-28,2019-02-25,sh.601021,春秋航空
2019-02-28,2019-02-25,sh.601066,中信建投
2019-02-28,2019-02-25,sh.601088,中国神华
2019-02-28,2019-02-25,sh.601108,财通证券
2019-02-28,2019-02-25,sh.601111,中国国航
2019-02-28,2019-02-25,sh.601117,中国化学
2019-02-28,2019-02-25,sh.601138,工业富联
2019-02-28,2019-02-25,sh.601155,新城控股
2019-02-28,2019-02-25,sh.601166,兴业银行
2019-02-28,2019-02-25,sh.601169,北京银行
2019-02-28,2019-02-25,sh.601186,中国铁建
2019-02-28,2019-02-25,sh.601198,东兴证券
2019-02-28,2019-02-25,sh.601211,国泰君安
2019-02-28,2019-02-25,sh.601212,白银有色
2019-02-28,2019-02-25,sh.601216,君正集团
2019-02-28,2019-02-25,sh.601225,陕西煤业
2019-02-28,2019-02-25,sh.601228,广州港
2019-02-28,2019-02-25,sh.601229,上海银行
2019-02-28,2019-02-25,sh.601238,广汽集团
2019-02-28,2019-02-25,sh.601288,农业银行
2019-02-28,2019-02-25,sh.601318,中国平安
2019-02-28,2019-02-25,sh.601328,交通银行
2019-02-28,2019-02-25,sh.601333,广深铁路
2019-02-28,2019-02-25,sh.601336,新华保险
2019-02-28,2019-02-25,sh.601360,三六零
2019-02-28,2019-02-25,sh.601377,兴业证券
2019-02-28,2019-02-25,sh.601390,中国中铁
2019-02-28,2019-02-25,sh.601398,工商银行
2019-02-28,2019-02-25,sh.601555,东吴证券
2019-02-28,2019-02-25,sh.601600,中国铝业
2019-02-28,2019-02-25,sh.601601,中国太保
2019-02-28,2019-02-25,sh.601607,上海医药
2019-02-28,2019-02-25,sh.601611,中国核建
2019-02-28,2019-02-25,sh.601618,中国中冶
2019-02-28,2019-02-25,sh.601628,中国人寿
2019-02-28,2019-02-25,sh.601633,长城汽车
2019-02-28,2019-02-25,sh.601668,中国建筑
2019-02-28,2019-02-25,sh.601669,中国电建
2019-02-28,2019-02-25,sh.601688,华泰证券
2019-02-28,2019-02-25,sh.601727,上海电气
2019-02-28,2019-02-25,sh.601766,中国中车
2019-02-28,2019-02-25,sh.601788,光大证券
2019-02-28,2019-02-25,sh.601800,中国交建
2019-02-28,2019-02-25,sh.601808,中海油服
2019-02-28,2019-02-25,sh.601818,光大银行
2019-02-28,2019-02-25,sh.601828,美凯龙
2019-02-28,2019-02-25,sh.601838,成都银行
2019-02-28,2019-02-25,sh.601857,中国石油
2019-02-28,2019-02-25,sh.601877,正泰电器
2019-02-28,2019-02-25,sh.601878,浙商证券
2019-02-28,2019-02-25,sh.601881,中国银河
2019-02-28,2019-02-25,sh.601888,中国国旅
2019-02-28,2019-02-25,sh.601898,中煤能源
2019-02-28,2019-02-25,sh.601899,紫金矿业
2019-02-28,2019-02-25,sh.601901,方正证券
2019-02-28,2019-02-25,sh.601919,中远海控
2019-02-28,2019-02-25,sh.601933,永辉超市
2019-02-28,2019-02-25,sh.601939,建设银行
2019-02-28,2019-02-25,sh.601985,中国核电
2019-02-28,2019-02-25,sh.601988,中国银行
2019-02-28,2019-02-25,sh.601989,中国重工
2019-02-28,2019-02-25,sh.601991,大唐发电
2019-02-28,2019-02-25,sh.601992,金隅集团
2019-02-28,2019-02-25,sh.601997,贵阳银行
2019-02-28,2019-02-25,sh.601998,中信银行
2019-02-28,2019-02-25,sh.603156,养元饮品
2019-02-28,2019-02-25,sh.603160,汇顶科技
2019-02-28,2019-02-25,sh.603259,药明康德
2019-02-28,2019-02-25,sh.603260,合盛硅业
2019-02-28,2019-02-25,sh.603288,海天味业
2019-02-28,2019-02-25,sh.603799,华友钴业
2019-02-28,2019-02-25,sh.603833,欧派家居
2019-02-28,2019-02-25,sh.603858,步长制药
2019-02-28,2019-02-25,sh.603986,兆易创新
2019-02-28,2019-02-25,sh.603993,洛阳钼业
2019-02-28,2019-02-25,sz.000001,平安银行
2019-02-28,2019-02-25,sz.000002,万科A
2019-02-28,2019-02-25,sz.000063,中兴通讯
2019-02-28,2019-02-25,sz.000069,华侨城A
2019-02-28,2019-02-25,sz.000100,TCL集团
2019-02-28,2019-02-25,sz.000157,中联重科
2019-02-28,2019-02-25,sz.000166,申万宏源
2019-02-28,2019-02-25,sz.000333,美的集团
2019-02-28,2019-02-25,sz.000338,潍柴动力
2019-02-28,2019-02-25,sz.000402,金融街
2019-02-28,2019-02-25,sz.000408,藏格控股
2019-02-28,2019-02-25,sz.000413,东旭光电
2019-02-28,2019-02-25,sz.000415,渤海租赁
2019-02-28,2019-02-25,sz.000423,东阿阿胶
2019-02-28,2019-02-25,sz.000425,徐工机械
2019-02-28,2019-02-25,sz.000503,国新健康
2019-02-28,2019-02-25,sz.000538,云南白药
2019-02-28,2019-02-25,sz.000553,安道麦A
2019-02-28,2019-02-25,sz.000568,泸州老窖
2019-02-28,2019-02-25,sz.000625,长安汽车
2019-02-28,2019-02-25,sz.000627,天茂集团
2019-02-28,2019-02-25,sz.000630,铜陵有色
2019-02-28,2019-02-25,sz.000651,格力电器
2019-02-28,2019-02-25,sz.000661,长春高新
2019-02-28,2019-02-25,sz.000671,阳光城
2019-02-28,2019-02-25,sz.000703,恒逸石化
2019-02-28,2019-02-25,sz.000709,河钢股份
2019-02-28,2019-02-25,sz.000725,京东方A
2019-02-28,2019-02-25,sz.000728,国元证券
2019-02-28,2019-02-25,sz.000768,中航飞机
2019-02-28,2019-02-25,sz.000776,广发证券
2019-02-28,2019-02-25,sz.000783,长江证券
2019-02-28,2019-02-25,sz.000786,北新建材
2019-02-28,2019-02-25,sz.000792,盐湖股份
2019-02-28,2019-02-25,sz.000826,启迪桑德
2019-02-28,2019-02-25,sz.000839,中信国安
2019-02-28,2019-02-25,sz.000858,五粮液
2019-02-28,2019-02-25,sz.000876,新希望
2019-02-28,2019-02-25,sz.000895,双汇发展
2019-02-28,2019-02-25,sz.000898,鞍钢股份
2019-02-28,2019-02-25,sz.000938,紫光股份
2019-02-28,2019-02-25,sz.000959,首钢股份
2019-02-28,2019-02-25,sz.000961,中南建设
2019-02-28,2019-02-25,sz.000963,华东医药
2019-02-28,2019-02-25,sz.000983,西山煤电
2019-02-28,2019-02-25,sz.001965,招商公路
2019-02-28,2019-02-25,sz.001979,招商蛇口
2019-02-28,2019-02-25,sz.002001,新和成
2019-02-28,2019-02-25,sz.002007,华兰生物
2019-02-28,2019-02-25,sz.002008,大族激光
2019-02-28,2019-02-25,sz.002024,苏宁易购
2019-02-28,2019-02-25,sz.002027,分众传媒
2019-02-28,2019-02-25,sz.002032,苏泊尔
2019-02-28,2019-02-25,sz.002044,美年健康
2019-02-28,2019-02-25,sz.002050,三花智控
2019-02-28,2019-02-25,sz.002065,东华软件
2019-02-28,2019-02-25,sz.002081,金螳螂
2019-02-28,2019-02-25,sz.002085,万丰奥威
2019-02-28,2019-02-25,sz.002120,韵达股份
2019-02-28,2019-02-25,sz.002142,宁波银行
2019-02-28,2019-02-25,sz.002146,荣盛发展
2019-02-28,2019-02-25,sz.002153,石基信息
2019-02-28,2019-02-25,sz.002179,中航光电
2019-02-28,2019-02-25,sz.002202,金风科技
2019-02-28,2019-02-25,sz.002230,科大讯飞
2019-02-28,2019-02-25,sz.002236,大华股份
2019-02-28,2019-02-25,sz.002241,歌尔股份
2019-02-28,2019-02-25,sz.002252,上海莱士
2019-02-28,2019-02-25,sz.002271,东方雨虹
2019-02-28,2019-02-25,sz.002294,信立泰
2019-02-28,2019-02-25,sz.002304,洋河股份
2019-02-28,2019-02-25,sz.002310,东方园林
2019-02-28,2019-02-25,sz.002311,海大集团
2019-02-28,2019-02-25,sz.002352,顺丰控股
2019-02-28,2019-02-25,sz.002411,延安必康
2019-02-28,2019-02-25,sz.002415,海康威视
2019-02-28,2019-02-25,sz.002422,科伦药业
2019-02-28,2019-02-25,sz.002450,ST康得新
2019-02-28,2019-02-25,sz.002456,欧菲科技
2019-02-28,2019-02-25,sz.002460,赣锋锂业
2019-02-28,2019-02-25,sz.002466,天齐锂业
2019-02-28,2019-02-25,sz.002468,申通快递
2019-02-28,2019-02-25,sz.002475,立讯精密
2019-02-28,2019-02-25,sz.002493,荣盛石化
2019-02-28,2019-02-25,sz.002508,老板电器
2019-02-28,2019-02-25,sz.002555,三七互娱
2019-02-28,2019-02-25,sz.002558,巨人网络
2019-02-28,2019-02-25,sz.002572,索菲亚
2019-02-28,2019-02-25,sz.002594,比亚迪
2019-02-28,2019-02-25,sz.002601,龙蟒佰利
2019-02-28,2019-02-25,sz.002602,世纪华通
2019-02-28,2019-02-25,sz.002624,完美世界
2019-02-28,2019-02-25,sz.002625,光启技术
2019-02-28,2019-02-25,sz.002673,西部证券
2019-02-28,2019-02-25,sz.002714,牧原股份
2019-02-28,2019-02-25,sz.002736,国信证券
2019-02-28,2019-02-25,sz.002773,康弘药业
2019-02-28,2019-02-25,sz.002797,第一创业
2019-02-28,2019-02-25,sz.002925,盈趣科技
2019-02-28,2019-02-25,sz.300003,乐普医疗
2019-02-28,2019-02-25,sz.300015,爱尔眼科
2019-02-28,2019-02-25,sz.300017,网宿科技
2019-02-28,2019-02-25,sz.300024,机器人
2019-02-28,2019-02-25,sz.300033,同花顺
2019-02-28,2019-02-25,sz.300059,东方财富
2019-02-28,2019-02-25,sz.300070,碧水源
2019-02-28,2019-02-25,sz.300072,三聚环保
2019-02-28,2019-02-25,sz.300122,智飞生物
2019-02-28,2019-02-25,sz.300124,汇川技术
2019-02-28,2019-02-25,sz.300136,信维通信
2019-02-28,2019-02-25,sz.300142,沃森生物
2019-02-28,2019-02-25,sz.300144,宋城演艺
2019-02-28,2019-02-25,sz.300251,光线传媒
2019-02-28,2019-02-25,sz.300296,利亚德
2019-02-28,2019-02-25,sz.300408,三环集团
2019-02-28,2019-02-25,sz.300433,蓝思科技
2019-03-31,2019-03-25,sh.600000,浦发银行
2019-03-31,2019-03-25,sh.600004,白云机场
2019-03-31,2019-03-25,sh.600009,上海机场
2019-03-31,2019-03-25,sh.600010,包钢股份
2019-03-31,2019-03-25,sh.600011,华能国际
2019-03-31,2019-03-25,sh.600015,华夏银行
2019-03-31,2019-03-25,sh.600016,民生银行
2019-03-31,2019-03-25,sh.600018,上港集团
2019-03-31,2019-03-25,sh.600019,宝钢股份
2019-03-31,2019-03-25,sh.600023,浙能电力
2019-03-31,2019-03-25,sh.600025,华能水电
2019-03-31,2019-03-25,sh.600027,华电国际
2019-03-31,2019-03-25,sh.600028,中国石化
2019-03-31,2019-03-25,sh.600029,南方航空
2019-03-31,2019-03-25,sh.600030,中信证券
2019-03-31,2019-03-25,sh.600031,三一重工
2019-03-31,2019-03-25,sh.600036,招商银行
2019-03-31,2019-03-25,sh.600038,中直股份
2019-03-31,2019-03-25,sh.600048,保利地产
2019-03-31,2019-03-25,sh.600050,中国联通
2019-03-31,2019-03-25,sh.600061,国投资本
2019-03-31,2019-03-25,sh.600066,宇通客车
2019-03-31,2019-03-25,sh.600068,葛洲坝
2019-03-31,2019-03-25,sh.600085,同仁堂
2019-03-31,2019-03-25,sh.600089,特变电工
2019-03-31,2019-03-25,sh.600100,同方股份
2019-03-31,2019-03-25,sh.600104,上汽集团
2019-03-31,2019-03-25,sh.600109,国金证券
2019-03-31,2019-03-25,sh.600111,北方稀土
2019-03-31,2019-03-25,sh.600115,东方航空
2019-03-31,2019-03-25,sh.600118,中国卫星
2019-03-31,2019-03-25,sh.600153,建发股份
2019-03-31,2019-03-25,sh.600157,永泰能源
2019-03-31,2019-03-25,sh.600170,上海建工
2019-03-31,2019-03-25,sh.600176,中国巨石
2019-03-31,2019-03-25,sh.600177,雅戈尔
2019-03-31,2019-03-25,sh.600188,兖州煤业
2019-03-31,2019-03-25,sh.600196,复星医药
2019-03-31,2019-03-25,sh.600208,新湖中宝
2019-03-31,2019-03-25,sh.600219,南山铝业
2019-03-31,2019-03-25,sh.600221,海航控股
2019-03-31,2019-03-25,sh.600233,圆通速递
2019-03-31,2019-03-25,sh.600271,航天信息
2019-03-31,2019-03-25,sh.600276,恒瑞医药
2019-03-31,2019-03-25,sh.600297,广汇汽车
2019-03-31,2019-03-25,sh.600309,万华化学
2019-03-31,2019-03-25,sh.600332,白云山
2019-03-31,2019-03-25,sh.600339,中油工程
2019-03-31,2019-03-25,sh.600340,华夏幸福
2019-03-31,2019-03-25,sh.600346,恒力股份
2019-03-31,2019-03-25,sh.600352,浙江龙盛
2019-03-31,2019-03-25,sh.600362,江西铜业
2019-03-31,2019-03-25,sh.600369,西南证券
2019-03-31,2019-03-25,sh.600372,中航电子
2019-03-31,2019-03-25,sh.600383,金地集团
2019-03-31,2019-03-25,sh.600390,五矿资本
2019-03-31,2019-03-25,sh.600398,海澜之家
2019-03-31,2019-03-25,sh.600406,国电南瑞
2019-03-31,2019-03-25,sh.600415,小商品城
2019-03-31,2019-03-25,sh.600436,片仔癀
2019-03-31,2019-03-25,sh.600438,通威股份
2019-03-31,2019-03-25,sh.600482,中国动力
2019-03-31,2019-03-25,sh.600487,亨通光电
2019-03-31,2019-03-25,sh.600489,中金黄金
2019-03-31,2019-03-25,sh.600498,烽火通信
2019-03-31,2019-03-25,sh.600516,方大炭素
2019-03-31,2019-03-25,sh.600518,康美药业
2019-03-31,2019-03-25,sh.600519,贵州茅台
2019-03-31,2019-03-25,sh.600522,中天科技
2019-03-31,2019-03-25,sh.600535,天士力
2019-03-31,2019-03-25,sh.600547,山东黄金
2019-03-31,2019-03-25,sh.600549,厦门钨业
2019-03-31,2019-03-25,sh.600566,济川药业
2019-03-31,2019-03-25,sh.600570,恒生电子
2019-03-31,2019-03-25,sh.600583,海油工程
2019-03-31,2019-03-25,sh.600585,海螺水泥
2019-03-31,2019-03-25,sh.600588,用友网络
2019-03-31,2019-03-25,sh.600606,绿地控股
2019-03-31,2019-03-25,sh.600637,东方明珠
2019-03-31,2019-03-25,sh.600660,福耀玻璃
2019-03-31,2019-03-25,sh.600674,川投能源
2019-03-31,2019-03-25,sh.600688,上海石化
2019-03-31,2019-03-25,sh.600690,青岛海尔
2019-03-31,2019-03-25,sh.600703,三安光电
2019-03-31,2019-03-25,sh.600704,物产中大
2019-03-31,2019-03-25,sh.600705,中航资本
2019-03-31,2019-03-25,sh.600739,辽宁成大
2019-03-31,2019-03-25,sh.600741,华域汽车
2019-03-31,2019-03-25,sh.600760,中航沈飞
2019-03-31,2019-03-25,sh.600795,国电电力
2019-03-31,2019-03-25,sh.600809,山西汾酒
2019-03-31,2019-03-25,sh.600816,安信信托
2019-03-31,2019-03-25,sh.600837,海通证券
2019-03-31,2019-03-25,sh.600867,通化东宝
2019-03-31,2019-03-25,sh.600886,国投电力
2019-03-31,2019-03-25,sh.600887,伊利股份
2019-03-31,2019-03-25,sh.600893,航发动力
2019-03-31,2019-03-25,sh.600900,长江电力
2019-03-31,2019-03-25,sh.600909,华安证券
2019-03-31,2019-03-25,sh.600919,江苏银行
2019-03-31,2019-03-25,sh.600926,杭州银行
2019-03-31,2019-03-25,sh.600958,东方证券
2019-03-31,2019-03-25,sh.600977,中国电影
2019-03-31,2019-03-25,sh.600998,九州通
2019-03-31,2019-03-25,sh.600999,招商证券
2019-03-31,2019-03-25,sh.601006,大秦铁路
2019-03-31,2019-03-25,sh.601009,南京银行
2019-03-31,2019-03-25,sh.601012,隆基股份
2019-03-31,2019-03-25,sh.601018,宁波港
2019-03-31,2019-03-25,sh.601021,春秋航空
2019-03-31,2019-03-25,sh.601066,中信建投
2019-03-31,2019-03-25,sh.601088,中国神华
2019-03-31,2019-03-25,sh.601108,财通证券
2019-03-31,2019-03-25,sh.601111,中国国航
2019-03-31,2019-03-25,sh.601117,中国化学
2019-03-31,2019-03-25,sh.601138,工业富联
2019-03-31,2019-03-25,sh.601155,新城控股
2019-03-31,2019-03-25,sh.601166,兴业银行
2019-03-31,2019-03-25,sh.601169,北京银行
2019-03-31,2019-03-25,sh.601186,中国铁建
2019-03-31,2019-03-25,sh.601198,东兴证券
2019-03-31,2019-03-25,sh.601211,国泰君安
2019-03-31,2019-03-25,sh.601212,白银有色
2019-03-31,2019-03-25,sh.601216,君正集团
2019-03-31,2019-03-25,sh.601225,陕西煤业
2019-03-31,2019-03-25,sh.601228,广州港
2019-03-31,2019-03-25,sh.601229,上海银行
2019-03-31,2019-03-25,sh.601238,广汽集团
2019-03-31,2019-03-25,sh.601288,农业银行
2019-03-31,2019-03-25,sh.601318,中国平安
2019-03-31,2019-03-25,sh.601328,交通银行
2019-03-31,2019-03-25,sh.601333,广深铁路
2019-03-31,2019-03-25,sh.601336,新华保险
2019-03-31,2019-03-25,sh.601360,三六零
2019-03-31,2019-03-25,sh.601377,兴业证券
2019-03-31,2019-03-25,sh.601390,中国中铁
2019-03-31,2019-03-25,sh.601398,工商银行
2019-03-31,2019-03-25,sh.601555,东吴证券
2019-03-31,2019-03-25,sh.601600,中国铝业
2019-03-31,2019-03-25,sh.601601,中国太保
2019-03-31,2019-03-25,sh.601607,上海医药
2019-03-31,2019-03-25,sh.601611,中国核建
2019-03-31,2019-03-25,sh.601618,中国中冶
2019-03-31,2019-03-25,sh.601628,中国人寿
2019-03-31,2019-03-25,sh.601633,长城汽车
2019-03-31,2019-03-25,sh.601668,中国建筑
2019-03-31,2019-03-25,sh.601669,中国电建
2019-03-31,2019-03-25,sh.601688,华泰证券
2019-03-31,2019-03-25,sh.601727,上海电气
2019-03-31,2019-03-25,sh.601766,中国中车
2019-03-31,2019-03-25,sh.601788,光大证券
2019-03-31,2019-03-25,sh.601800,中国交建
2019-03-31,2019-03-25,sh.601808,中海油服
2019-03-31,2019-03-25,sh.601818,光大银行
2019-03-31,2019-03-25,sh.601828,美凯龙
2019-03-31,2019-03-25,sh.601838,成都银行
2019-03-31,2019-03-25,sh.601857,中国石油
2019-03-31,2019-03-25,sh.601877,正泰电器
2019-03-31,2019-03-25,sh.601878,浙商证券
2019-03-31,2019-03-25,sh.601881,中国银河
2019-03-31,2019-03-25,sh.601888,中国国旅
2019-03-31,2019-03-25,sh.601898,中煤能源
2019-03-31,2019-03-25,sh.601899,紫金矿业
2019-03-31,2019-03-25,sh.601901,方正证券
2019-03-31,2019-03-25,sh.601919,中远海控
2019-03-31,2019-03-25,sh.601933,永辉超市
2019-03-31,2019-03-25,sh.601939,建设银行
2019-03-31,2019-03-25,sh.601985,中国核电
2019-03-31,2019-03-25,sh.601988,中国银行
2019-03-31,2019-03-25,sh.601989,中国重工
2019-03-31,2019-03-25,sh.601991,大唐发电
2019-03-31,2019-03-25,sh.601992,金隅集团
2019-03-31,2019-03-25,sh.601997,贵阳银行
2019-03-31,2019-03-25,sh.601998,中信银行
2019-03-31,2019-03-25,sh.603156,养元饮品
2019-03-31,2019-03-25,sh.603160,汇顶科技
2019-03-31,2019-03-25,sh.603259,药明康德
2019-03-31,2019-03-25,sh.603260,合盛硅业
2019-03-31,2019-03-25,sh.603288,海天味业
2019-03-31,2019-03-25,sh.603799,华友钴业
2019-03-31,2019-03-25,sh.603833,欧派家居
2019-03-31,2019-03-25,sh.603858,步长制药
2019-03-31,2019-03-25,sh.603986,兆易创新
2019-03-31,2019-03-25,sh.603993,洛阳钼业
2019-03-31,2019-03-25,sz.000001,平安银行
2019-03-31,2019-03-25,sz.000002,万科A
2019-03-31,2019-03-25,sz.000063,中兴通讯
2019-03-31,2019-03-25,sz.000069,华侨城A
2019-03-31,2019-03-25,sz.000100,TCL集团
2019-03-31,2019-03-25,sz.000157,中联重科
2019-03-31,2019-03-25,sz.000166,申万宏源
2019-03-31,2019-03-25,sz.000333,美的集团
2019-03-31,2019-03-25,sz.000338,潍柴动力
2019-03-31,2019-03-25,sz.000402,金融街
2019-03-31,2019-03-25,sz.000408,藏格控股
2019-03-31,2019-03-25,sz.000413,东旭光电
2019-03-31,2019-03-25,sz.000415,渤海租赁
2019-03-31,2019-03-25,sz.000423,东阿阿胶
2019-03-31,2019-03-25,sz.000425,徐工机械
2019-03-31,2019-03-25,sz.000503,国新健康
2019-03-31,2019-03-25,sz.000538,云南白药
2019-03-31,2019-03-25,sz.000553,安道麦A
2019-03-31,2019-03-25,sz.000568,泸州老窖
2019-03-31,2019-03-25,sz.000625,长安汽车
2019-03-31,2019-03-25,sz.000627,天茂集团
2019-03-31,2019-03-25,sz.000630,铜陵有色
2019-03-31,2019-03-25,sz.000651,格力电器
2019-03-31,2019-03-25,sz.000661,长春高新
2019-03-31,2019-03-25,sz.000671,阳光城
2019-03-31,2019-03-25,sz.000703,恒逸石化
2019-03-31,2019-03-25,sz.000709,河钢股份
2019-03-31,2019-03-25,sz.000725,京东方A
2019-03-31,2019-03-25,sz.000728,国元证券
2019-03-31,2019-03-25,sz.000768,中航飞机
2019-03-31,2019-03-25,sz.000776,广发证券
2019-03-31,2019-03-25,sz.000783,长江证券
2019-03-31,2019-03-25,sz.000786,北新建材
2019-03-31,2019-03-25,sz.000792,盐湖股份
2019-03-31,2019-03-25,sz.000826,启迪桑德
2019-03-31,2019-03-25,sz.000839,中信国安
2019-03-31,2019-03-25,sz.000858,五粮液
2019-03-31,2019-03-25,sz.000876,新希望
2019-03-31,2019-03-25,sz.000895,双汇发展
2019-03-31,2019-03-25,sz.000898,鞍钢股份
2019-03-31,2019-03-25,sz.000938,紫光股份
2019-03-31,2019-03-25,sz.000959,首钢股份
2019-03-31,2019-03-25,sz.000961,中南建设
2019-03-31,2019-03-25,sz.000963,华东医药
2019-03-31,2019-03-25,sz.000983,西山煤电
2019-03-31,2019-03-25,sz.001965,招商公路
2019-03-31,2019-03-25,sz.001979,招商蛇口
2019-03-31,2019-03-25,sz.002001,新和成
2019-03-31,2019-03-25,sz.002007,华兰生物
2019-03-31,2019-03-25,sz.002008,大族激光
2019-03-31,2019-03-25,sz.002024,苏宁易购
2019-03-31,2019-03-25,sz.002027,分众传媒
2019-03-31,2019-03-25,sz.002032,苏泊尔
2019-03-31,2019-03-25,sz.002044,美年健康
2019-03-31,2019-03-25,sz.002050,三花智控
2019-03-31,2019-03-25,sz.002065,东华软件
2019-03-31,2019-03-25,sz.002081,金螳螂
2019-03-31,2019-03-25,sz.002085,万丰奥威
2019-03-31,2019-03-25,sz.002120,韵达股份
2019-03-31,2019-03-25,sz.002142,宁波银行
2019-03-31,2019-03-25,sz.002146,荣盛发展
2019-03-31,2019-03-25,sz.002153,石基信息
2019-03-31,2019-03-25,sz.002179,中航光电
2019-03-31,2019-03-25,sz.002202,金风科技
2019-03-31,2019-03-25,sz.002230,科大讯飞
2019-03-31,2019-03-25,sz.002236,大华股份
2019-03-31,2019-03-25,sz.002241,歌尔股份
2019-03-31,2019-03-25,sz.002252,上海莱士
2019-03-31,2019-03-25,sz.002271,东方雨虹
2019-03-31,2019-03-25,sz.002294,信立泰
2019-03-31,2019-03-25,sz.002304,洋河股份
2019-03-31,2019-03-25,sz.002310,东方园林
2019-03-31,2019-03-25,sz.002311,海大集团
2019-03-31,2019-03-25,sz.002352,顺丰控股
2019-03-31,2019-03-25,sz.002411,延安必康
2019-03-31,2019-03-25,sz.002415,海康威视
2019-03-31,2019-03-25,sz.002422,科伦药业
2019-03-31,2019-03-25,sz.002450,ST康得新
2019-03-31,2019-03-25,sz.002456,欧菲科技
2019-03-31,2019-03-25,sz.002460,赣锋锂业
2019-03-31,2019-03-25,sz.002466,天齐锂业
2019-03-31,2019-03-25,sz.002468,申通快递
2019-03-31,2019-03-25,sz.002475,立讯精密
2019-03-31,2019-03-25,sz.002493,荣盛石化
2019-03-31,2019-03-25,sz.002508,老板电器
2019-03-31,2019-03-25,sz.002555,三七互娱
2019-03-31,2019-03-25,sz.002558,巨人网络
2019-03-31,2019-03-25,sz.002572,索菲亚
2019-03-31,2019-03-25,sz.002594,比亚迪
2019-03-31,2019-03-25,sz.002601,龙蟒佰利
2019-03-31,2019-03-25,sz.002602,世纪华通
2019-03-31,2019-03-25,sz.002624,完美世界
2019-03-31,2019-03-25,sz.002625,光启技术
2019-03-31,2019-03-25,sz.002673,西部证券
2019-03-31,2019-03-25,sz.002714,牧原股份
2019-03-31,2019-03-25,sz.002736,国信证券
2019-03-31,2019-03-25,sz.002773,康弘药业
2019-03-31,2019-03-25,sz.002797,第一创业
2019-03-31,2019-03-25,sz.002925,盈趣科技
2019-03-31,2019-03-25,sz.300003,乐普医疗
2019-03-31,2019-03-25,sz.300015,爱尔眼科
2019-03-31,2019-03-25,sz.300017,网宿科技
2019-03-31,2019-03-25,sz.300024,机器人
2019-03-31,2019-03-25,sz.300033,同花顺
2019-03-31,2019-03-25,sz.300059,东方财富
2019-03-31,2019-03-25,sz.300070,碧水源
2019-03-31,2019-03-25,sz.300072,三聚环保
2019-03-31,2019-03-25,sz.300122,智飞生物
2019-03-31,2019-03-25,sz.300124,汇川技术
2019-03-31,2019-03-25,sz.300136,信维通信
2019-03-31,2019-03-25,sz.300142,沃森生物
2019-03-31,2019-03-25,sz.300144,宋城演艺
2019-03-31,2019-03-25,sz.300251,光线传媒
2019-03-31,2019-03-25,sz.300296,利亚德
2019-03-31,2019-03-25,sz.300408,三环集团
2019-03-31,2019-03-25,sz.300433,蓝思科技
2019-04-30,2019-04-29,sh.600000,浦发银行
2019-04-30,2019-04-29,sh.600004,白云机场
2019-04-30,2019-04-29,sh.600009,上海机场
2019-04-30,2019-04-29,sh.600010,包钢股份
2019-04-30,2019-04-29,sh.600011,华能国际
2019-04-30,2019-04-29,sh.600015,华夏银行
2019-04-30,2019-04-29,sh.600016,民生银行
2019-04-30,2019-04-29,sh.600018,上港集团
2019-04-30,2019-04-29,sh.600019,宝钢股份
2019-04-30,2019-04-29,sh.600023,浙能电力
2019-04-30,2019-04-29,sh.600025,华能水电
2019-04-30,2019-04-29,sh.600027,华电国际
2019-04-30,2019-04-29,sh.600028,中国石化
2019-04-30,2019-04-29,sh.600029,南方航空
2019-04-30,2019-04-29,sh.600030,中信证券
2019-04-30,2019-04-29,sh.600031,三一重工
2019-04-30,2019-04-29,sh.600036,招商银行
2019-04-30,2019-04-29,sh.600038,中直股份
2019-04-30,2019-04-29,sh.600048,保利地产
2019-04-30,2019-04-29,sh.600050,中国联通
2019-04-30,2019-04-29,sh.600061,国投资本
2019-04-30,2019-04-29,sh.600066,宇通客车
2019-04-30,2019-04-29,sh.600068,葛洲坝
2019-04-30,2019-04-29,sh.600085,同仁堂
2019-04-30,2019-04-29,sh.600089,特变电工
2019-04-30,2019-04-29,sh.600100,同方股份
2019-04-30,2019-04-29,sh.600104,上汽集团
2019-04-30,2019-04-29,sh.600109,国金证券
2019-04-30,2019-04-29,sh.600111,北方稀土
2019-04-30,2019-04-29,sh.600115,东方航空
2019-04-30,2019-04-29,sh.600118,中国卫星
2019-04-30,2019-04-29,sh.600153,建发股份
2019-04-30,2019-04-29,sh.600157,永泰能源
2019-04-30,2019-04-29,sh.600170,上海建工
2019-04-30,2019-04-29,sh.600176,中国巨石
2019-04-30,2019-04-29,sh.600177,雅戈尔
2019-04-30,2019-04-29,sh.600188,兖州煤业
2019-04-30,2019-04-29,sh.600196,复星医药
2019-04-30,2019-04-29,sh.600208,新湖中宝
2019-04-30,2019-04-29,sh.600219,南山铝业
2019-04-30,2019-04-29,sh.600221,海航控股
2019-04-30,2019-04-29,sh.600233,圆通速递
2019-04-30,2019-04-29,sh.600271,航天信息
2019-04-30,2019-04-29,sh.600276,恒瑞医药
2019-04-30,2019-04-29,sh.600297,广汇汽车
2019-04-30,2019-04-29,sh.600309,万华化学
2019-04-30,2019-04-29,sh.600332,白云山
2019-04-30,2019-04-29,sh.600339,中油工程
2019-04-30,2019-04-29,sh.600340,华夏幸福
2019-04-30,2019-04-29,sh.600346,恒力股份
2019-04-30,2019-04-29,sh.600352,浙江龙盛
2019-04-30,2019-04-29,sh.600362,江西铜业
2019-04-30,2019-04-29,sh.600369,西南证券
2019-04-30,2019-04-29,sh.600372,中航电子
2019-04-30,2019-04-29,sh.600383,金地集团
2019-04-30,2019-04-29,sh.600390,五矿资本
2019-04-30,2019-04-29,sh.600398,海澜之家
2019-04-30,2019-04-29,sh.600406,国电南瑞
2019-04-30,2019-04-29,sh.600415,小商品城
2019-04-30,2019-04-29,sh.600436,片仔癀
2019-04-30,2019-04-29,sh.600438,通威股份
2019-04-30,2019-04-29,sh.600482,中国动力
2019-04-30,2019-04-29,sh.600487,亨通光电
2019-04-30,2019-04-29,sh.600489,中金黄金
2019-04-30,2019-04-29,sh.600498,烽火通信
2019-04-30,2019-04-29,sh.600516,方大炭素
2019-04-30,2019-04-29,sh.600518,康美药业
2019-04-30,2019-04-29,sh.600519,贵州茅台
2019-04-30,2019-04-29,sh.600522,中天科技
2019-04-30,2019-04-29,sh.600535,天士力
2019-04-30,2019-04-29,sh.600547,山东黄金
2019-04-30,2019-04-29,sh.600549,厦门钨业
2019-04-30,2019-04-29,sh.600566,济川药业
2019-04-30,2019-04-29,sh.600570,恒生电子
2019-04-30,2019-04-29,sh.600583,海油工程
2019-04-30,2019-04-29,sh.600585,海螺水泥
2019-04-30,2019-04-29,sh.600588,用友网络
2019-04-30,2019-04-29,sh.600606,绿地控股
2019-04-30,2019-04-29,sh.600637,东方明珠
2019-04-30,2019-04-29,sh.600660,福耀玻璃
2019-04-30,2019-04-29,sh.600674,川投能源
2019-04-30,2019-04-29,sh.600688,上海石化
2019-04-30,2019-04-29,sh.600690,青岛海尔
2019-04-30,2019-04-29,sh.600703,三安光电
2019-04-30,2019-04-29,sh.600704,物产中大
2019-04-30,2019-04-29,sh.600705,中航资本
2019-04-30,2019-04-29,sh.600739,辽宁成大
2019-04-30,2019-04-29,sh.600741,华域汽车
2019-04-30,2019-04-29,sh.600760,中航沈飞
2019-04-30,2019-04-29,sh.600795,国电电力
2019-04-30,2019-04-29,sh.600809,山西汾酒
2019-04-30,2019-04-29,sh.600816,安信信托
2019-04-30,2019-04-29,sh.600837,海通证券
2019-04-30,2019-04-29,sh.600867,通化东宝
2019-04-30,2019-04-29,sh.600886,国投电力
2019-04-30,2019-04-29,sh.600887,伊利股份
2019-04-30,2019-04-29,sh.600893,航发动力
2019-04-30,2019-04-29,sh.600900,长江电力
2019-04-30,2019-04-29,sh.600909,华安证券
2019-04-30,2019-04-29,sh.600919,江苏银行
2019-04-30,2019-04-29,sh.600926,杭州银行
2019-04-30,2019-04-29,sh.600958,东方证券
2019-04-30,2019-04-29,sh.600977,中国电影
2019-04-30,2019-04-29,sh.600998,九州通
2019-04-30,2019-04-29,sh.600999,招商证券
2019-04-30,2019-04-29,sh.601006,大秦铁路
2019-04-30,2019-04-29,sh.601009,南京银行
2019-04-30,2019-04-29,sh.601012,隆基股份
2019-04-30,2019-04-29,sh.601018,宁波港
2019-04-30,2019-04-29,sh.601021,春秋航空
2019-04-30,2019-04-29,sh.601066,中信建投
2019-04-30,2019-04-29,sh.601088,中国神华
2019-04-30,2019-04-29,sh.601108,财通证券
2019-04-30,2019-04-29,sh.601111,中国国航
2019-04-30,2019-04-29,sh.601117,中国化学
2019-04-30,2019-04-29,sh.601138,工业富联
2019-04-30,2019-04-29,sh.601155,新城控股
2019-04-30,2019-04-29,sh.601166,兴业银行
2019-04-30,2019-04-29,sh.601169,北京银行
2019-04-30,2019-04-29,sh.601186,中国铁建
2019-04-30,2019-04-29,sh.601198,东兴证券
2019-04-30,2019-04-29,sh.601211,国泰君安
2019-04-30,2019-04-29,sh.601212,白银有色
2019-04-30,2019-04-29,sh.601216,君正集团
2019-04-30,2019-04-29,sh.601225,陕西煤业
2019-04-30,2019-04-29,sh.601228,广州港
2019-04-30,2019-04-29,sh.601229,上海银行
2019-04-30,2019-04-29,sh.601238,广汽集团
2019-04-30,2019-04-29,sh.601288,农业银行
2019-04-30,2019-04-29,sh.601318,中国平安
2019-04-30,2019-04-29,sh.601328,交通银行
2019-04-30,2019-04-29,sh.601333,广深铁路
2019-04-30,2019-04-29,sh.601336,新华保险
2019-04-30,2019-04-29,sh.601360,三六零
2019-04-30,2019-04-29,sh.601377,兴业证券
2019-04-30,2019-04-29,sh.601390,中国中铁
2019-04-30,2019-04-29,sh.601398,工商银行
2019-04-30,2019-04-29,sh.601555,东吴证券
2019-04-30,2019-04-29,sh.601600,中国铝业
2019-04-30,2019-04-29,sh.601601,中国太保
2019-04-30,2019-04-29,sh.601607,上海医药
2019-04-30,2019-04-29,sh.601611,中国核建
2019-04-30,2019-04-29,sh.601618,中国中冶
2019-04-30,2019-04-29,sh.601628,中国人寿
2019-04-30,2019-04-29,sh.601633,长城汽车
2019-04-30,2019-04-29,sh.601668,中国建筑
2019-04-30,2019-04-29,sh.601669,中国电建
2019-04-30,2019-04-29,sh.601688,华泰证券
2019-04-30,2019-04-29,sh.601727,上海电气
2019-04-30,2019-04-29,sh.601766,中国中车
2019-04-30,2019-04-29,sh.601788,光大证券
2019-04-30,2019-04-29,sh.601800,中国交建
2019-04-30,2019-04-29,sh.601808,中海油服
2019-04-30,2019-04-29,sh.601818,光大银行
2019-04-30,2019-04-29,sh.601828,美凯龙
2019-04-30,2019-04-29,sh.601838,成都银行
2019-04-30,2019-04-29,sh.601857,中国石油
2019-04-30,2019-04-29,sh.601877,正泰电器
2019-04-30,2019-04-29,sh.601878,浙商证券
2019-04-30,2019-04-29,sh.601881,中国银河
2019-04-30,2019-04-29,sh.601888,中国国旅
2019-04-30,2019-04-29,sh.601898,中煤能源
2019-04-30,2019-04-29,sh.601899,紫金矿业
2019-04-30,2019-04-29,sh.601901,方正证券
2019-04-30,2019-04-29,sh.601919,中远海控
2019-04-30,2019-04-29,sh.601933,永辉超市
2019-04-30,2019-04-29,sh.601939,建设银行
2019-04-30,2019-04-29,sh.601985,中国核电
2019-04-30,2019-04-29,sh.601988,中国银行
2019-04-30,2019-04-29,sh.601989,中国重工
2019-04-30,2019-04-29,sh.601991,大唐发电
2019-04-30,2019-04-29,sh.601992,金隅集团
2019-04-30,2019-04-29,sh.601997,贵阳银行
2019-04-30,2019-04-29,sh.601998,中信银行
2019-04-30,2019-04-29,sh.603156,养元饮品
2019-04-30,2019-04-29,sh.603160,汇顶科技
2019-04-30,2019-04-29,sh.603259,药明康德
2019-04-30,2019-04-29,sh.603260,合盛硅业
2019-04-30,2019-04-29,sh.603288,海天味业
2019-04-30,2019-04-29,sh.603799,华友钴业
2019-04-30,2019-04-29,sh.603833,欧派家居
2019-04-30,2019-04-29,sh.603858,步长制药
2019-04-30,2019-04-29,sh.603986,兆易创新
2019-04-30,2019-04-29,sh.603993,洛阳钼业
2019-04-30,2019-04-29,sz.000001,平安银行
2019-04-30,2019-04-29,sz.000002,万科A
2019-04-30,2019-04-29,sz.000063,中兴通讯
2019-04-30,2019-04-29,sz.000069,华侨城A
2019-04-30,2019-04-29,sz.000100,TCL集团
2019-04-30,2019-04-29,sz.000157,中联重科
2019-04-30,2019-04-29,sz.000166,申万宏源
2019-04-30,2019-04-29,sz.000333,美的集团
2019-04-30,2019-04-29,sz.000338,潍柴动力
2019-04-30,2019-04-29,sz.000402,金融街
2019-04-30,2019-04-29,sz.000408,藏格控股
2019-04-30,2019-04-29,sz.000413,东旭光电
2019-04-30,2019-04-29,sz.000415,渤海租赁
2019-04-30,2019-04-29,sz.000423,东阿阿胶
2019-04-30,2019-04-29,sz.000425,徐工机械
2019-04-30,2019-04-29,sz.000503,国新健康
2019-04-30,2019-04-29,sz.000538,云南白药
2019-04-30,2019-04-29,sz.000553,安道麦A
2019-04-30,2019-04-29,sz.000568,泸州老窖
2019-04-30,2019-04-29,sz.000625,长安汽车
2019-04-30,2019-04-29,sz.000627,天茂集团
2019-04-30,2019-04-29,sz.000630,铜陵有色
2019-04-30,2019-04-29,sz.000651,格力电器
2019-04-30,2019-04-29,sz.000661,长春高新
2019-04-30,2019-04-29,sz.000671,阳光城
2019-04-30,2019-04-29,sz.000703,恒逸石化
2019-04-30,2019-04-29,sz.000709,河钢股份
2019-04-30,2019-04-29,sz.000725,京东方A
2019-04-30,2019-04-29,sz.000728,国元证券
2019-04-30,2019-04-29,sz.000768,中航飞机
2019-04-30,2019-04-29,sz.000776,广发证券
2019-04-30,2019-04-29,sz.000783,长江证券
2019-04-30,2019-04-29,sz.000786,北新建材
2019-04-30,2019-04-29,sz.000792,*ST盐湖
2019-04-30,2019-04-29,sz.000826,启迪桑德
2019-04-30,2019-04-29,sz.000839,中信国安
2019-04-30,2019-04-29,sz.000858,五粮液
2019-04-30,2019-04-29,sz.000876,新希望
2019-04-30,2019-04-29,sz.000895,双汇发展
2019-04-30,2019-04-29,sz.000898,鞍钢股份
2019-04-30,2019-04-29,sz.000938,紫光股份
2019-04-30,2019-04-29,sz.000959,首钢股份
2019-04-30,2019-04-29,sz.000961,中南建设
2019-04-30,2019-04-29,sz.000963,华东医药
2019-04-30,2019-04-29,sz.000983,西山煤电
2019-04-30,2019-04-29,sz.001965,招商公路
2019-04-30,2019-04-29,sz.001979,招商蛇口
2019-04-30,2019-04-29,sz.002001,新和成
2019-04-30,2019-04-29,sz.002007,华兰生物
2019-04-30,2019-04-29,sz.002008,大族激光
2019-04-30,2019-04-29,sz.002024,苏宁易购
2019-04-30,2019-04-29,sz.002027,分众传媒
2019-04-30,2019-04-29,sz.002032,苏泊尔
2019-04-30,2019-04-29,sz.002044,美年健康
2019-04-30,2019-04-29,sz.002050,三花智控
2019-04-30,2019-04-29,sz.002065,东华软件
2019-04-30,2019-04-29,sz.002081,金螳螂
2019-04-30,2019-04-29,sz.002085,万丰奥威
2019-04-30,2019-04-29,sz.002120,韵达股份
2019-04-30,2019-04-29,sz.002142,宁波银行
2019-04-30,2019-04-29,sz.002146,荣盛发展
2019-04-30,2019-04-29,sz.002153,石基信息
2019-04-30,2019-04-29,sz.002179,中航光电
2019-04-30,2019-04-29,sz.002202,金风科技
2019-04-30,2019-04-29,sz.002230,科大讯飞
2019-04-30,2019-04-29,sz.002236,大华股份
2019-04-30,2019-04-29,sz.002241,歌尔股份
2019-04-30,2019-04-29,sz.002252,上海莱士
2019-04-30,2019-04-29,sz.002271,东方雨虹
2019-04-30,2019-04-29,sz.002294,信立泰
2019-04-30,2019-04-29,sz.002304,洋河股份
2019-04-30,2019-04-29,sz.002310,东方园林
2019-04-30,2019-04-29,sz.002311,海大集团
2019-04-30,2019-04-29,sz.002352,顺丰控股
2019-04-30,2019-04-29,sz.002411,延安必康
2019-04-30,2019-04-29,sz.002415,海康威视
2019-04-30,2019-04-29,sz.002422,科伦药业
2019-04-30,2019-04-29,sz.002450,ST康得新
2019-04-30,2019-04-29,sz.002456,欧菲光
2019-04-30,2019-04-29,sz.002460,赣锋锂业
2019-04-30,2019-04-29,sz.002466,天齐锂业
2019-04-30,2019-04-29,sz.002468,申通快递
2019-04-30,2019-04-29,sz.002475,立讯精密
2019-04-30,2019-04-29,sz.002493,荣盛石化
2019-04-30,2019-04-29,sz.002508,老板电器
2019-04-30,2019-04-29,sz.002555,三七互娱
2019-04-30,2019-04-29,sz.002558,巨人网络
2019-04-30,2019-04-29,sz.002572,索菲亚
2019-04-30,2019-04-29,sz.002594,比亚迪
2019-04-30,2019-04-29,sz.002601,龙蟒佰利
2019-04-30,2019-04-29,sz.002602,世纪华通
2019-04-30,2019-04-29,sz.002624,完美世界
2019-04-30,2019-04-29,sz.002625,光启技术
2019-04-30,2019-04-29,sz.002673,西部证券
2019-04-30,2019-04-29,sz.002714,牧原股份
2019-04-30,2019-04-29,sz.002736,国信证券
2019-04-30,2019-04-29,sz.002773,康弘药业
2019-04-30,2019-04-29,sz.002797,第一创业
2019-04-30,2019-04-29,sz.002925,盈趣科技
2019-04-30,2019-04-29,sz.300003,乐普医疗
2019-04-30,2019-04-29,sz.300015,爱尔眼科
2019-04-30,2019-04-29,sz.300017,网宿科技
2019-04-30,2019-04-29,sz.300024,机器人
2019-04-30,2019-04-29,sz.300033,同花顺
2019-04-30,2019-04-29,sz.300059,东方财富
2019-04-30,2019-04-29,sz.300070,碧水源
2019-04-30,2019-04-29,sz.300072,三聚环保
2019-04-30,2019-04-29,sz.300122,智飞生物
2019-04-30,2019-04-29,sz.300124,汇川技术
2019-04-30,2019-04-29,sz.300136,信维通信
2019-04-30,2019-04-29,sz.300142,沃森生物
2019-04-30,2019-04-29,sz.300144,宋城演艺
2019-04-30,2019-04-29,sz.300251,光线传媒
2019-04-30,2019-04-29,sz.300296,利亚德
2019-04-30,2019-04-29,sz.300408,三环集团
2019-04-30,2019-04-29,sz.300433,蓝思科技
2019-05-31,2019-05-27,sh.600000,浦发银行
2019-05-31,2019-05-27,sh.600004,白云机场
2019-05-31,2019-05-27,sh.600009,上海机场
2019-05-31,2019-05-27,sh.600010,包钢股份
2019-05-31,2019-05-27,sh.600011,华能国际
2019-05-31,2019-05-27,sh.600015,华夏银行
2019-05-31,2019-05-27,sh.600016,民生银行
2019-05-31,2019-05-27,sh.600018,上港集团
2019-05-31,2019-05-27,sh.600019,宝钢股份
2019-05-31,2019-05-27,sh.600023,浙能电力
2019-05-31,2019-05-27,sh.600025,华能水电
2019-05-31,2019-05-27,sh.600027,华电国际
2019-05-31,2019-05-27,sh.600028,中国石化
2019-05-31,2019-05-27,sh.600029,南方航空
2019-05-31,2019-05-27,sh.600030,中信证券
2019-05-31,2019-05-27,sh.600031,三一重工
2019-05-31,2019-05-27,sh.600036,招商银行
2019-05-31,2019-05-27,sh.600038,中直股份
2019-05-31,2019-05-27,sh.600048,保利地产
2019-05-31,2019-05-27,sh.600050,中国联通
2019-05-31,2019-05-27,sh.600061,国投资本
2019-05-31,2019-05-27,sh.600066,宇通客车
2019-05-31,2019-05-27,sh.600068,葛洲坝
2019-05-31,2019-05-27,sh.600085,同仁堂
2019-05-31,2019-05-27,sh.600089,特变电工
2019-05-31,2019-05-27,sh.600100,同方股份
2019-05-31,2019-05-27,sh.600104,上汽集团
2019-05-31,2019-05-27,sh.600109,国金证券
2019-05-31,2019-05-27,sh.600111,北方稀土
2019-05-31,2019-05-27,sh.600115,东方航空
2019-05-31,2019-05-27,sh.600118,中国卫星
2019-05-31,2019-05-27,sh.600153,建发股份
2019-05-31,2019-05-27,sh.600157,永泰能源
2019-05-31,2019-05-27,sh.600170,上海建工
2019-05-31,2019-05-27,sh.600176,中国巨石
2019-05-31,2019-05-27,sh.600177,雅戈尔
2019-05-31,2019-05-27,sh.600188,兖州煤业
2019-05-31,2019-05-27,sh.600196,复星医药
2019-05-31,2019-05-27,sh.600208,新湖中宝
2019-05-31,2019-05-27,sh.600219,南山铝业
2019-05-31,2019-05-27,sh.600221,海航控股
2019-05-31,2019-05-27,sh.600233,圆通速递
2019-05-31,2019-05-27,sh.600271,航天信息
2019-05-31,2019-05-27,sh.600276,恒瑞医药
2019-05-31,2019-05-27,sh.600297,广汇汽车
2019-05-31,2019-05-27,sh.600309,万华化学
2019-05-31,2019-05-27,sh.600332,白云山
2019-05-31,2019-05-27,sh.600339,中油工程
2019-05-31,2019-05-27,sh.600340,华夏幸福
2019-05-31,2019-05-27,sh.600346,恒力股份
2019-05-31,2019-05-27,sh.600352,浙江龙盛
2019-05-31,2019-05-27,sh.600362,江西铜业
2019-05-31,2019-05-27,sh.600369,西南证券
2019-05-31,2019-05-27,sh.600372,中航电子
2019-05-31,2019-05-27,sh.600383,金地集团
2019-05-31,2019-05-27,sh.600390,五矿资本
2019-05-31,2019-05-27,sh.600398,海澜之家
2019-05-31,2019-05-27,sh.600406,国电南瑞
2019-05-31,2019-05-27,sh.600415,小商品城
2019-05-31,2019-05-27,sh.600436,片仔癀
2019-05-31,2019-05-27,sh.600438,通威股份
2019-05-31,2019-05-27,sh.600482,中国动力
2019-05-31,2019-05-27,sh.600487,亨通光电
2019-05-31,2019-05-27,sh.600489,中金黄金
2019-05-31,2019-05-27,sh.600498,烽火通信
2019-05-31,2019-05-27,sh.600516,方大炭素
2019-05-31,2019-05-27,sh.600518,ST康美
2019-05-31,2019-05-27,sh.600519,贵州茅台
2019-05-31,2019-05-27,sh.600522,中天科技
2019-05-31,2019-05-27,sh.600535,天士力
2019-05-31,2019-05-27,sh.600547,山东黄金
2019-05-31,2019-05-27,sh.600549,厦门钨业
2019-05-31,2019-05-27,sh.600566,济川药业
2019-05-31,2019-05-27,sh.600570,恒生电子
2019-05-31,2019-05-27,sh.600583,海油工程
2019-05-31,2019-05-27,sh.600585,海螺水泥
2019-05-31,2019-05-27,sh.600588,用友网络
2019-05-31,2019-05-27,sh.600606,绿地控股
2019-05-31,2019-05-27,sh.600637,东方明珠
2019-05-31,2019-05-27,sh.600660,福耀玻璃
2019-05-31,2019-05-27,sh.600674,川投能源
2019-05-31,2019-05-27,sh.600688,上海石化
2019-05-31,2019-05-27,sh.600690,青岛海尔
2019-05-31,2019-05-27,sh.600703,三安光电
2019-05-31,2019-05-27,sh.600704,物产中大
2019-05-31,2019-05-27,sh.600705,中航资本
2019-05-31,2019-05-27,sh.600739,辽宁成大
2019-05-31,2019-05-27,sh.600741,华域汽车
2019-05-31,2019-05-27,sh.600760,中航沈飞
2019-05-31,2019-05-27,sh.600795,国电电力
2019-05-31,2019-05-27,sh.600809,山西汾酒
2019-05-31,2019-05-27,sh.600816,安信信托
2019-05-31,2019-05-27,sh.600837,海通证券
2019-05-31,2019-05-27,sh.600867,通化东宝
2019-05-31,2019-05-27,sh.600886,国投电力
2019-05-31,2019-05-27,sh.600887,伊利股份
2019-05-31,2019-05-27,sh.600893,航发动力
2019-05-31,2019-05-27,sh.600900,长江电力
2019-05-31,2019-05-27,sh.600909,华安证券
2019-05-31,2019-05-27,sh.600919,江苏银行
2019-05-31,2019-05-27,sh.600926,杭州银行
2019-05-31,2019-05-27,sh.600958,东方证券
2019-05-31,2019-05-27,sh.600977,中国电影
2019-05-31,2019-05-27,sh.600998,九州通
2019-05-31,2019-05-27,sh.600999,招商证券
2019-05-31,2019-05-27,sh.601006,大秦铁路
2019-05-31,2019-05-27,sh.601009,南京银行
2019-05-31,2019-05-27,sh.601012,隆基股份
2019-05-31,2019-05-27,sh.601018,宁波港
2019-05-31,2019-05-27,sh.601021,春秋航空
2019-05-31,2019-05-27,sh.601066,中信建投
2019-05-31,2019-05-27,sh.601088,中国神华
2019-05-31,2019-05-27,sh.601108,财通证券
2019-05-31,2019-05-27,sh.601111,中国国航
2019-05-31,2019-05-27,sh.601117,中国化学
2019-05-31,2019-05-27,sh.601138,工业富联
2019-05-31,2019-05-27,sh.601155,新城控股
2019-05-31,2019-05-27,sh.601166,兴业银行
2019-05-31,2019-05-27,sh.601169,北京银行
2019-05-31,2019-05-27,sh.601186,中国铁建
2019-05-31,2019-05-27,sh.601198,东兴证券
2019-05-31,2019-05-27,sh.601211,国泰君安
2019-05-31,2019-05-27,sh.601212,白银有色
2019-05-31,2019-05-27,sh.601216,君正集团
2019-05-31,2019-05-27,sh.601225,陕西煤业
2019-05-31,2019-05-27,sh.601228,广州港
2019-05-31,2019-05-27,sh.601229,上海银行
2019-05-31,2019-05-27,sh.601238,广汽集团
2019-05-31,2019-05-27,sh.601288,农业银行
2019-05-31,2019-05-27,sh.601318,中国平安
2019-05-31,2019-05-27,sh.601328,交通银行
2019-05-31,2019-05-27,sh.601333,广深铁路
2019-05-31,2019-05-27,sh.601336,新华保险
2019-05-31,2019-05-27,sh.601360,三六零
2019-05-31,2019-05-27,sh.601377,兴业证券
2019-05-31,2019-05-27,sh.601390,中国中铁
2019-05-31,2019-05-27,sh.601398,工商银行
2019-05-31,2019-05-27,sh.601555,东吴证券
2019-05-31,2019-05-27,sh.601600,中国铝业
2019-05-31,2019-05-27,sh.601601,中国太保
2019-05-31,2019-05-27,sh.601607,上海医药
2019-05-31,2019-05-27,sh.601611,中国核建
2019-05-31,2019-05-27,sh.601618,中国中冶
2019-05-31,2019-05-27,sh.601628,中国人寿
2019-05-31,2019-05-27,sh.601633,长城汽车
2019-05-31,2019-05-27,sh.601668,中国建筑
2019-05-31,2019-05-27,sh.601669,中国电建
2019-05-31,2019-05-27,sh.601688,华泰证券
2019-05-31,2019-05-27,sh.601727,上海电气
2019-05-31,2019-05-27,sh.601766,中国中车
2019-05-31,2019-05-27,sh.601788,光大证券
2019-05-31,2019-05-27,sh.601800,中国交建
2019-05-31,2019-05-27,sh.601808,中海油服
2019-05-31,2019-05-27,sh.601818,光大银行
2019-05-31,2019-05-27,sh.601828,美凯龙
2019-05-31,2019-05-27,sh.601838,成都银行
2019-05-31,2019-05-27,sh.601857,中国石油
2019-05-31,2019-05-27,sh.601877,正泰电器
2019-05-31,2019-05-27,sh.601878,浙商证券
2019-05-31,2019-05-27,sh.601881,中国银河
2019-05-31,2019-05-27,sh.601888,中国国旅
2019-05-31,2019-05-27,sh.601898,中煤能源
2019-05-31,2019-05-27,sh.601899,紫金矿业
2019-05-31,2019-05-27,sh.601901,方正证券
2019-05-31,2019-05-27,sh.601919,中远海控
2019-05-31,2019-05-27,sh.601933,永辉超市
2019-05-31,2019-05-27,sh.601939,建设银行
2019-05-31,2019-05-27,sh.601985,中国核电
2019-05-31,2019-05-27,sh.601988,中国银行
2019-05-31,2019-05-27,sh.601989,中国重工
2019-05-31,2019-05-27,sh.601991,大唐发电
2019-05-31,2019-05-27,sh.601992,金隅集团
2019-05-31,2019-05-27,sh.601997,贵阳银行
2019-05-31,2019-05-27,sh.601998,中信银行
2019-05-31,2019-05-27,sh.603156,养元饮品
2019-05-31,2019-05-27,sh.603160,汇顶科技
2019-05-31,2019-05-27,sh.603259,药明康德
2019-05-31,2019-05-27,sh.603260,合盛硅业
2019-05-31,2019-05-27,sh.603288,海天味业
2019-05-31,2019-05-27,sh.603799,华友钴业
2019-05-31,2019-05-27,sh.603833,欧派家居
2019-05-31,2019-05-27,sh.603858,步长制药
2019-05-31,2019-05-27,sh.603986,兆易创新
2019-05-31,2019-05-27,sh.603993,洛阳钼业
2019-05-31,2019-05-27,sz.000001,平安银行
2019-05-31,2019-05-27,sz.000002,万科A
2019-05-31,2019-05-27,sz.000063,中兴通讯
2019-05-31,2019-05-27,sz.000069,华侨城A
2019-05-31,2019-05-27,sz.000100,TCL集团
2019-05-31,2019-05-27,sz.000157,中联重科
2019-05-31,2019-05-27,sz.000166,申万宏源
2019-05-31,2019-05-27,sz.000333,美的集团
2019-05-31,2019-05-27,sz.000338,潍柴动力
2019-05-31,2019-05-27,sz.000402,金融街
2019-05-31,2019-05-27,sz.000408,藏格控股
2019-05-31,2019-05-27,sz.000413,东旭光电
2019-05-31,2019-05-27,sz.000415,渤海租赁
2019-05-31,2019-05-27,sz.000423,东阿阿胶
2019-05-31,2019-05-27,sz.000425,徐工机械
2019-05-31,2019-05-27,sz.000503,国新健康
2019-05-31,2019-05-27,sz.000538,云南白药
2019-05-31,2019-05-27,sz.000553,安道麦A
2019-05-31,2019-05-27,sz.000568,泸州老窖
2019-05-31,2019-05-27,sz.000625,长安汽车
2019-05-31,2019-05-27,sz.000627,天茂集团
2019-05-31,2019-05-27,sz.000630,铜陵有色
2019-05-31,2019-05-27,sz.000651,格力电器
2019-05-31,2019-05-27,sz.000661,长春高新
2019-05-31,2019-05-27,sz.000671,阳光城
2019-05-31,2019-05-27,sz.000703,恒逸石化
2019-05-31,2019-05-27,sz.000709,河钢股份
2019-05-31,2019-05-27,sz.000725,京东方A
2019-05-31,2019-05-27,sz.000728,国元证券
2019-05-31,2019-05-27,sz.000768,中航飞机
2019-05-31,2019-05-27,sz.000776,广发证券
2019-05-31,2019-05-27,sz.000783,长江证券
2019-05-31,2019-05-27,sz.000786,北新建材
2019-05-31,2019-05-27,sz.000792,*ST盐湖
2019-05-31,2019-05-27,sz.000826,启迪桑德
2019-05-31,2019-05-27,sz.000839,中信国安
2019-05-31,2019-05-27,sz.000858,五粮液
2019-05-31,2019-05-27,sz.000876,新希望
2019-05-31,2019-05-27,sz.000895,双汇发展
2019-05-31,2019-05-27,sz.000898,鞍钢股份
2019-05-31,2019-05-27,sz.000938,紫光股份
2019-05-31,2019-05-27,sz.000959,首钢股份
2019-05-31,2019-05-27,sz.000961,中南建设
2019-05-31,2019-05-27,sz.000963,华东医药
2019-05-31,2019-05-27,sz.000983,西山煤电
2019-05-31,2019-05-27,sz.001965,招商公路
2019-05-31,2019-05-27,sz.001979,招商蛇口
2019-05-31,2019-05-27,sz.002001,新和成
2019-05-31,2019-05-27,sz.002007,华兰生物
2019-05-31,2019-05-27,sz.002008,大族激光
2019-05-31,2019-05-27,sz.002024,苏宁易购
2019-05-31,2019-05-27,sz.002027,分众传媒
2019-05-31,2019-05-27,sz.002032,苏泊尔
2019-05-31,2019-05-27,sz.002044,美年健康
2019-05-31,2019-05-27,sz.002050,三花智控
2019-05-31,2019-05-27,sz.002065,东华软件
2019-05-31,2019-05-27,sz.002081,金螳螂
2019-05-31,2019-05-27,sz.002085,万丰奥威
2019-05-31,2019-05-27,sz.002120,韵达股份
2019-05-31,2019-05-27,sz.002142,宁波银行
2019-05-31,2019-05-27,sz.002146,荣盛发展
2019-05-31,2019-05-27,sz.002153,石基信息
2019-05-31,2019-05-27,sz.002179,中航光电
2019-05-31,2019-05-27,sz.002202,金风科技
2019-05-31,2019-05-27,sz.002230,科大讯飞
2019-05-31,2019-05-27,sz.002236,大华股份
2019-05-31,2019-05-27,sz.002241,歌尔股份
2019-05-31,2019-05-27,sz.002252,上海莱士
2019-05-31,2019-05-27,sz.002271,东方雨虹
2019-05-31,2019-05-27,sz.002294,信立泰
2019-05-31,2019-05-27,sz.002304,洋河股份
2019-05-31,2019-05-27,sz.002310,东方园林
2019-05-31,2019-05-27,sz.002311,海大集团
2019-05-31,2019-05-27,sz.002352,顺丰控股
2019-05-31,2019-05-27,sz.002411,延安必康
2019-05-31,2019-05-27,sz.002415,海康威视
2019-05-31,2019-05-27,sz.002422,科伦药业
2019-05-31,2019-05-27,sz.002450,*ST康得
2019-05-31,2019-05-27,sz.002456,欧菲光
2019-05-31,2019-05-27,sz.002460,赣锋锂业
2019-05-31,2019-05-27,sz.002466,天齐锂业
2019-05-31,2019-05-27,sz.002468,申通快递
2019-05-31,2019-05-27,sz.002475,立讯精密
2019-05-31,2019-05-27,sz.002493,荣盛石化
2019-05-31,2019-05-27,sz.002508,老板电器
2019-05-31,2019-05-27,sz.002555,三七互娱
2019-05-31,2019-05-27,sz.002558,巨人网络
2019-05-31,2019-05-27,sz.002572,索菲亚
2019-05-31,2019-05-27,sz.002594,比亚迪
2019-05-31,2019-05-27,sz.002601,龙蟒佰利
2019-05-31,2019-05-27,sz.002602,世纪华通
2019-05-31,2019-05-27,sz.002624,完美世界
2019-05-31,2019-05-27,sz.002625,光启技术
2019-05-31,2019-05-27,sz.002673,西部证券
2019-05-31,2019-05-27,sz.002714,牧原股份
2019-05-31,2019-05-27,sz.002736,国信证券
2019-05-31,2019-05-27,sz.002773,康弘药业
2019-05-31,2019-05-27,sz.002797,第一创业
2019-05-31,2019-05-27,sz.002925,盈趣科技
2019-05-31,2019-05-27,sz.300003,乐普医疗
2019-05-31,2019-05-27,sz.300015,爱尔眼科
2019-05-31,2019-05-27,sz.300017,网宿科技
2019-05-31,2019-05-27,sz.300024,机器人
2019-05-31,2019-05-27,sz.300033,同花顺
2019-05-31,2019-05-27,sz.300059,东方财富
2019-05-31,2019-05-27,sz.300070,碧水源
2019-05-31,2019-05-27,sz.300072,三聚环保
2019-05-31,2019-05-27,sz.300122,智飞生物
2019-05-31,2019-05-27,sz.300124,汇川技术
2019-05-31,2019-05-27,sz.300136,信维通信
2019-05-31,2019-05-27,sz.300142,沃森生物
2019-05-31,2019-05-27,sz.300144,宋城演艺
2019-05-31,2019-05-27,sz.300251,光线传媒
2019-05-31,2019-05-27,sz.300296,利亚德
2019-05-31,2019-05-27,sz.300408,三环集团
2019-05-31,2019-05-27,sz.300433,蓝思科技
2019-06-30,2019-06-24,sh.600000,浦发银行
2019-06-30,2019-06-24,sh.600004,白云机场
2019-06-30,2019-06-24,sh.600009,上海机场
2019-06-30,2019-06-24,sh.600010,包钢股份
2019-06-30,2019-06-24,sh.600011,华能国际
2019-06-30,2019-06-24,sh.600015,华夏银行
2019-06-30,2019-06-24,sh.600016,民生银行
2019-06-30,2019-06-24,sh.600018,上港集团
2019-06-30,2019-06-24,sh.600019,宝钢股份
2019-06-30,2019-06-24,sh.600023,浙能电力
2019-06-30,2019-06-24,sh.600025,华能水电
2019-06-30,2019-06-24,sh.600027,华电国际
2019-06-30,2019-06-24,sh.600028,中国石化
2019-06-30,2019-06-24,sh.600029,南方航空
2019-06-30,2019-06-24,sh.600030,中信证券
2019-06-30,2019-06-24,sh.600031,三一重工
2019-06-30,2019-06-24,sh.600036,招商银行
2019-06-30,2019-06-24,sh.600038,中直股份
2019-06-30,2019-06-24,sh.600048,保利地产
2019-06-30,2019-06-24,sh.600050,中国联通
2019-06-30,2019-06-24,sh.600061,国投资本
2019-06-30,2019-06-24,sh.600066,宇通客车
2019-06-30,2019-06-24,sh.600068,葛洲坝
2019-06-30,2019-06-24,sh.600085,同仁堂
2019-06-30,2019-06-24,sh.600089,特变电工
2019-06-30,2019-06-24,sh.600100,同方股份
2019-06-30,2019-06-24,sh.600104,上汽集团
2019-06-30,2019-06-24,sh.600109,国金证券
2019-06-30,2019-06-24,sh.600111,北方稀土
2019-06-30,2019-06-24,sh.600115,东方航空
2019-06-30,2019-06-24,sh.600118,中国卫星
2019-06-30,2019-06-24,sh.600153,建发股份
2019-06-30,2019-06-24,sh.600170,上海建工
2019-06-30,2019-06-24,sh.600176,中国巨石
2019-06-30,2019-06-24,sh.600177,雅戈尔
2019-06-30,2019-06-24,sh.600188,兖州煤业
2019-06-30,2019-06-24,sh.600196,复星医药
2019-06-30,2019-06-24,sh.600208,新湖中宝
2019-06-30,2019-06-24,sh.600219,南山铝业
2019-06-30,2019-06-24,sh.600221,海航控股
2019-06-30,2019-06-24,sh.600233,圆通速递
2019-06-30,2019-06-24,sh.600271,航天信息
2019-06-30,2019-06-24,sh.600276,恒瑞医药
2019-06-30,2019-06-24,sh.600297,广汇汽车
2019-06-30,2019-06-24,sh.600299,安迪苏
2019-06-30,2019-06-24,sh.600309,万华化学
2019-06-30,2019-06-24,sh.600332,白云山
2019-06-30,2019-06-24,sh.600339,中油工程
2019-06-30,2019-06-24,sh.600340,华夏幸福
2019-06-30,2019-06-24,sh.600346,恒力股份
2019-06-30,2019-06-24,sh.600352,浙江龙盛
2019-06-30,2019-06-24,sh.600362,江西铜业
2019-06-30,2019-06-24,sh.600369,西南证券
2019-06-30,2019-06-24,sh.600372,中航电子
2019-06-30,2019-06-24,sh.600383,金地集团
2019-06-30,2019-06-24,sh.600390,五矿资本
2019-06-30,2019-06-24,sh.600398,海澜之家
2019-06-30,2019-06-24,sh.600406,国电南瑞
2019-06-30,2019-06-24,sh.600415,小商品城
2019-06-30,2019-06-24,sh.600436,片仔癀
2019-06-30,2019-06-24,sh.600438,通威股份
2019-06-30,2019-06-24,sh.600482,中国动力
2019-06-30,2019-06-24,sh.600487,亨通光电
2019-06-30,2019-06-24,sh.600489,中金黄金
2019-06-30,2019-06-24,sh.600498,烽火通信
2019-06-30,2019-06-24,sh.600516,方大炭素
2019-06-30,2019-06-24,sh.600519,贵州茅台
2019-06-30,2019-06-24,sh.600522,中天科技
2019-06-30,2019-06-24,sh.600535,天士力
2019-06-30,2019-06-24,sh.600547,山东黄金
2019-06-30,2019-06-24,sh.600566,济川药业
2019-06-30,2019-06-24,sh.600570,恒生电子
2019-06-30,2019-06-24,sh.600583,海油工程
2019-06-30,2019-06-24,sh.600585,海螺水泥
2019-06-30,2019-06-24,sh.600588,用友网络
2019-06-30,2019-06-24,sh.600606,绿地控股
2019-06-30,2019-06-24,sh.600637,东方明珠
2019-06-30,2019-06-24,sh.600660,福耀玻璃
2019-06-30,2019-06-24,sh.600663,陆家嘴
2019-06-30,2019-06-24,sh.600674,川投能源
2019-06-30,2019-06-24,sh.600688,上海石化
2019-06-30,2019-06-24,sh.600690,青岛海尔
2019-06-30,2019-06-24,sh.600703,三安光电
2019-06-30,2019-06-24,sh.600704,物产中大
2019-06-30,2019-06-24,sh.600705,中航资本
2019-06-30,2019-06-24,sh.600733,北汽蓝谷
2019-06-30,2019-06-24,sh.600741,华域汽车
2019-06-30,2019-06-24,sh.600760,中航沈飞
2019-06-30,2019-06-24,sh.600795,国电电力
2019-06-30,2019-06-24,sh.600809,山西汾酒
2019-06-30,2019-06-24,sh.600816,安信信托
2019-06-30,2019-06-24,sh.600837,海通证券
2019-06-30,2019-06-24,sh.600867,通化东宝
2019-06-30,2019-06-24,sh.600886,国投电力
2019-06-30,2019-06-24,sh.600887,伊利股份
2019-06-30,2019-06-24,sh.600893,航发动力
2019-06-30,2019-06-24,sh.600900,长江电力
2019-06-30,2019-06-24,sh.600919,江苏银行
2019-06-30,2019-06-24,sh.600926,杭州银行
2019-06-30,2019-06-24,sh.600958,东方证券
2019-06-30,2019-06-24,sh.600977,中国电影
2019-06-30,2019-06-24,sh.600998,九州通
2019-06-30,2019-06-24,sh.600999,招商证券
2019-06-30,2019-06-24,sh.601006,大秦铁路
2019-06-30,2019-06-24,sh.601009,南京银行
2019-06-30,2019-06-24,sh.601012,隆基股份
2019-06-30,2019-06-24,sh.601018,宁波港
2019-06-30,2019-06-24,sh.601021,春秋航空
2019-06-30,2019-06-24,sh.601066,中信建投
2019-06-30,2019-06-24,sh.601088,中国神华
2019-06-30,2019-06-24,sh.601108,财通证券
2019-06-30,2019-06-24,sh.601111,中国国航
2019-06-30,2019-06-24,sh.601117,中国化学
2019-06-30,2019-06-24,sh.601138,工业富联
2019-06-30,2019-06-24,sh.601155,新城控股
2019-06-30,2019-06-24,sh.601162,天风证券
2019-06-30,2019-06-24,sh.601166,兴业银行
2019-06-30,2019-06-24,sh.601169,北京银行
2019-06-30,2019-06-24,sh.601186,中国铁建
2019-06-30,2019-06-24,sh.601198,东兴证券
2019-06-30,2019-06-24,sh.601211,国泰君安
2019-06-30,2019-06-24,sh.601212,白银有色
2019-06-30,2019-06-24,sh.601216,君正集团
2019-06-30,2019-06-24,sh.601225,陕西煤业
2019-06-30,2019-06-24,sh.601228,广州港
2019-06-30,2019-06-24,sh.601229,上海银行
2019-06-30,2019-06-24,sh.601238,广汽集团
2019-06-30,2019-06-24,sh.601288,农业银行
2019-06-30,2019-06-24,sh.601298,青岛港
2019-06-30,2019-06-24,sh.601318,中国平安
2019-06-30,2019-06-24,sh.601319,中国人保
2019-06-30,2019-06-24,sh.601328,交通银行
2019-06-30,2019-06-24,sh.601336,新华保险
2019-06-30,2019-06-24,sh.601360,三六零
2019-06-30,2019-06-24,sh.601377,兴业证券
2019-06-30,2019-06-24,sh.601390,中国中铁
2019-06-30,2019-06-24,sh.601398,工商银行
2019-06-30,2019-06-24,sh.601555,东吴证券
2019-06-30,2019-06-24,sh.601577,长沙银行
2019-06-30,2019-06-24,sh.601600,中国铝业
2019-06-30,2019-06-24,sh.601601,中国太保
2019-06-30,2019-06-24,sh.601607,上海医药
2019-06-30,2019-06-24,sh.601618,中国中冶
2019-06-30,2019-06-24,sh.601628,中国人寿
2019-06-30,2019-06-24,sh.601633,长城汽车
2019-06-30,2019-06-24,sh.601668,中国建筑
2019-06-30,2019-06-24,sh.601669,中国电建
2019-06-30,2019-06-24,sh.601688,华泰证券
2019-06-30,2019-06-24,sh.601727,上海电气
2019-06-30,2019-06-24,sh.601766,中国中车
2019-06-30,2019-06-24,sh.601788,光大证券
2019-06-30,2019-06-24,sh.601800,中国交建
2019-06-30,2019-06-24,sh.601808,中海油服
2019-06-30,2019-06-24,sh.601818,光大银行
2019-06-30,2019-06-24,sh.601828,美凯龙
2019-06-30,2019-06-24,sh.601838,成都银行
2019-06-30,2019-06-24,sh.601857,中国石油
2019-06-30,2019-06-24,sh.601877,正泰电器
2019-06-30,2019-06-24,sh.601878,浙商证券
2019-06-30,2019-06-24,sh.601881,中国银河
2019-06-30,2019-06-24,sh.601888,中国国旅
2019-06-30,2019-06-24,sh.601898,中煤能源
2019-06-30,2019-06-24,sh.601899,紫金矿业
2019-06-30,2019-06-24,sh.601901,方正证券
2019-06-30,2019-06-24,sh.601919,中远海控
2019-06-30,2019-06-24,sh.601933,永辉超市
2019-06-30,2019-06-24,sh.601939,建设银行
2019-06-30,2019-06-24,sh.601985,中国核电
2019-06-30,2019-06-24,sh.601988,中国银行
2019-06-30,2019-06-24,sh.601989,中国重工
2019-06-30,2019-06-24,sh.601992,金隅集团
2019-06-30,2019-06-24,sh.601997,贵阳银行
2019-06-30,2019-06-24,sh.601998,中信银行
2019-06-30,2019-06-24,sh.603019,中科曙光
2019-06-30,2019-06-24,sh.603156,养元饮品
2019-06-30,2019-06-24,sh.603160,汇顶科技
2019-06-30,2019-06-24,sh.603259,药明康德
2019-06-30,2019-06-24,sh.603260,合盛硅业
2019-06-30,2019-06-24,sh.603288,海天味业
2019-06-30,2019-06-24,sh.603799,华友钴业
2019-06-30,2019-06-24,sh.603833,欧派家居
2019-06-30,2019-06-24,sh.603858,步长制药
2019-06-30,2019-06-24,sh.603986,兆易创新
2019-06-30,2019-06-24,sh.603993,洛阳钼业
2019-06-30,2019-06-24,sz.000001,平安银行
2019-06-30,2019-06-24,sz.000002,万科A
2019-06-30,2019-06-24,sz.000063,中兴通讯
2019-06-30,2019-06-24,sz.000069,华侨城A
2019-06-30,2019-06-24,sz.000100,TCL集团
2019-06-30,2019-06-24,sz.000157,中联重科
2019-06-30,2019-06-24,sz.000166,申万宏源
2019-06-30,2019-06-24,sz.000333,美的集团
2019-06-30,2019-06-24,sz.000338,潍柴动力
2019-06-30,2019-06-24,sz.000402,金融街
2019-06-30,2019-06-24,sz.000408,藏格控股
2019-06-30,2019-06-24,sz.000413,东旭光电
2019-06-30,2019-06-24,sz.000415,渤海租赁
2019-06-30,2019-06-24,sz.000423,东阿阿胶
2019-06-30,2019-06-24,sz.000425,徐工机械
2019-06-30,2019-06-24,sz.000538,云南白药
2019-06-30,2019-06-24,sz.000553,安道麦A
2019-06-30,2019-06-24,sz.000568,泸州老窖
2019-06-30,2019-06-24,sz.000596,古井贡酒
2019-06-30,2019-06-24,sz.000625,长安汽车
2019-06-30,2019-06-24,sz.000627,天茂集团
2019-06-30,2019-06-24,sz.000629,攀钢钒钛
2019-06-30,2019-06-24,sz.000630,铜陵有色
2019-06-30,2019-06-24,sz.000651,格力电器
2019-06-30,2019-06-24,sz.000656,金科股份
2019-06-30,2019-06-24,sz.000661,长春高新
2019-06-30,2019-06-24,sz.000671,阳光城
2019-06-30,2019-06-24,sz.000703,恒逸石化
2019-06-30,2019-06-24,sz.000709,河钢股份
2019-06-30,2019-06-24,sz.000725,京东方A
2019-06-30,2019-06-24,sz.000728,国元证券
2019-06-30,2019-06-24,sz.000768,中航飞机
2019-06-30,2019-06-24,sz.000776,广发证券
2019-06-30,2019-06-24,sz.000783,长江证券
2019-06-30,2019-06-24,sz.000786,北新建材
2019-06-30,2019-06-24,sz.000858,五粮液
2019-06-30,2019-06-24,sz.000876,新希望
2019-06-30,2019-06-24,sz.000895,双汇发展
2019-06-30,2019-06-24,sz.000898,鞍钢股份
2019-06-30,2019-06-24,sz.000938,紫光股份
2019-06-30,2019-06-24,sz.000961,中南建设
2019-06-30,2019-06-24,sz.000963,华东医药
2019-06-30,2019-06-24,sz.001979,招商蛇口
2019-06-30,2019-06-24,sz.002001,新和成
2019-06-30,2019-06-24,sz.002007,华兰生物
2019-06-30,2019-06-24,sz.002008,大族激光
2019-06-30,2019-06-24,sz.002010,传化智联
2019-06-30,2019-06-24,sz.002024,苏宁易购
2019-06-30,2019-06-24,sz.002027,分众传媒
2019-06-30,2019-06-24,sz.002032,苏泊尔
2019-06-30,2019-06-24,sz.002044,美年健康
2019-06-30,2019-06-24,sz.002050,三花智控
2019-06-30,2019-06-24,sz.002065,东华软件
2019-06-30,2019-06-24,sz.002081,金螳螂
2019-06-30,2019-06-24,sz.002120,韵达股份
2019-06-30,2019-06-24,sz.002142,宁波银行
2019-06-30,2019-06-24,sz.002146,荣盛发展
2019-06-30,2019-06-24,sz.002153,石基信息
2019-06-30,2019-06-24,sz.002179,中航光电
2019-06-30,2019-06-24,sz.002202,金风科技
2019-06-30,2019-06-24,sz.002230,科大讯飞
2019-06-30,2019-06-24,sz.002236,大华股份
2019-06-30,2019-06-24,sz.002241,歌尔股份
2019-06-30,2019-06-24,sz.002252,上海莱士
2019-06-30,2019-06-24,sz.002271,东方雨虹
2019-06-30,2019-06-24,sz.002294,信立泰
2019-06-30,2019-06-24,sz.002304,洋河股份
2019-06-30,2019-06-24,sz.002310,东方园林
2019-06-30,2019-06-24,sz.002311,海大集团
2019-06-30,2019-06-24,sz.002352,顺丰控股
2019-06-30,2019-06-24,sz.002410,广联达
2019-06-30,2019-06-24,sz.002411,延安必康
2019-06-30,2019-06-24,sz.002415,海康威视
2019-06-30,2019-06-24,sz.002422,科伦药业
2019-06-30,2019-06-24,sz.002456,欧菲光
2019-06-30,2019-06-24,sz.002460,赣锋锂业
2019-06-30,2019-06-24,sz.002466,天齐锂业
2019-06-30,2019-06-24,sz.002468,申通快递
2019-06-30,2019-06-24,sz.002475,立讯精密
2019-06-30,2019-06-24,sz.002493,荣盛石化
2019-06-30,2019-06-24,sz.002508,老板电器
2019-06-30,2019-06-24,sz.002555,三七互娱
2019-06-30,2019-06-24,sz.002558,巨人网络
2019-06-30,2019-06-24,sz.002594,比亚迪
2019-06-30,2019-06-24,sz.002601,龙蟒佰利
2019-06-30,2019-06-24,sz.002602,世纪华通
2019-06-30,2019-06-24,sz.002624,完美世界
2019-06-30,2019-06-24,sz.002625,光启技术
2019-06-30,2019-06-24,sz.002673,西部证券
2019-06-30,2019-06-24,sz.002714,牧原股份
2019-06-30,2019-06-24,sz.002736,国信证券
2019-06-30,2019-06-24,sz.002739,万达电影
2019-06-30,2019-06-24,sz.002773,康弘药业
2019-06-30,2019-06-24,sz.002925,盈趣科技
2019-06-30,2019-06-24,sz.002938,鹏鼎控股
2019-06-30,2019-06-24,sz.002939,长城证券
2019-06-30,2019-06-24,sz.002945,华林证券
2019-06-30,2019-06-24,sz.300003,乐普医疗
2019-06-30,2019-06-24,sz.300015,爱尔眼科
2019-06-30,2019-06-24,sz.300017,网宿科技
2019-06-30,2019-06-24,sz.300024,机器人
2019-06-30,2019-06-24,sz.300033,同花顺
2019-06-30,2019-06-24,sz.300059,东方财富
2019-06-30,2019-06-24,sz.300070,碧水源
2019-06-30,2019-06-24,sz.300072,三聚环保
2019-06-30,2019-06-24,sz.300122,智飞生物
2019-06-30,2019-06-24,sz.300124,汇川技术
2019-06-30,2019-06-24,sz.300136,信维通信
2019-06-30,2019-06-24,sz.300142,沃森生物
2019-06-30,2019-06-24,sz.300144,宋城演艺
2019-06-30,2019-06-24,sz.300251,光线传媒
2019-06-30,2019-06-24,sz.300296,利亚德
2019-06-30,2019-06-24,sz.300408,三环集团
2019-06-30,2019-06-24,sz.300413,芒果超媒
2019-06-30,2019-06-24,sz.300433,蓝思科技
2019-06-30,2019-06-24,sz.300498,温氏股份
2019-07-31,2019-07-29,sh.600000,浦发银行
2019-07-31,2019-07-29,sh.600004,白云机场
2019-07-31,2019-07-29,sh.600009,上海机场
2019-07-31,2019-07-29,sh.600010,包钢股份
2019-07-31,2019-07-29,sh.600011,华能国际
2019-07-31,2019-07-29,sh.600015,华夏银行
2019-07-31,2019-07-29,sh.600016,民生银行
2019-07-31,2019-07-29,sh.600018,上港集团
2019-07-31,2019-07-29,sh.600019,宝钢股份
2019-07-31,2019-07-29,sh.600023,浙能电力
2019-07-31,2019-07-29,sh.600025,华能水电
2019-07-31,2019-07-29,sh.600027,华电国际
2019-07-31,2019-07-29,sh.600028,中国石化
2019-07-31,2019-07-29,sh.600029,南方航空
2019-07-31,2019-07-29,sh.600030,中信证券
2019-07-31,2019-07-29,sh.600031,三一重工
2019-07-31,2019-07-29,sh.600036,招商银行
2019-07-31,2019-07-29,sh.600038,中直股份
2019-07-31,2019-07-29,sh.600048,保利地产
2019-07-31,2019-07-29,sh.600050,中国联通
2019-07-31,2019-07-29,sh.600061,国投资本
2019-07-31,2019-07-29,sh.600066,宇通客车
2019-07-31,2019-07-29,sh.600068,葛洲坝
2019-07-31,2019-07-29,sh.600085,同仁堂
2019-07-31,2019-07-29,sh.600089,特变电工
2019-07-31,2019-07-29,sh.600100,同方股份
2019-07-31,2019-07-29,sh.600104,上汽集团
2019-07-31,2019-07-29,sh.600109,国金证券
2019-07-31,2019-07-29,sh.600111,北方稀土
2019-07-31,2019-07-29,sh.600115,东方航空
2019-07-31,2019-07-29,sh.600118,中国卫星
2019-07-31,2019-07-29,sh.600153,建发股份
2019-07-31,2019-07-29,sh.600170,上海建工
2019-07-31,2019-07-29,sh.600176,中国巨石
2019-07-31,2019-07-29,sh.600177,雅戈尔
2019-07-31,2019-07-29,sh.600188,兖州煤业
2019-07-31,2019-07-29,sh.600196,复星医药
2019-07-31,2019-07-29,sh.600208,新湖中宝
2019-07-31,2019-07-29,sh.600219,南山铝业
2019-07-31,2019-07-29,sh.600221,海航控股
2019-07-31,2019-07-29,sh.600233,圆通速递
2019-07-31,2019-07-29,sh.600271,航天信息
2019-07-31,2019-07-29,sh.600276,恒瑞医药
2019-07-31,2019-07-29,sh.600297,广汇汽车
2019-07-31,2019-07-29,sh.600299,安迪苏
2019-07-31,2019-07-29,sh.600309,万华化学
2019-07-31,2019-07-29,sh.600332,白云山
2019-07-31,2019-07-29,sh.600339,中油工程
2019-07-31,2019-07-29,sh.600340,华夏幸福
2019-07-31,2019-07-29,sh.600346,恒力石化
2019-07-31,2019-07-29,sh.600352,浙江龙盛
2019-07-31,2019-07-29,sh.600362,江西铜业
2019-07-31,2019-07-29,sh.600369,西南证券
2019-07-31,2019-07-29,sh.600372,中航电子
2019-07-31,2019-07-29,sh.600383,金地集团
2019-07-31,2019-07-29,sh.600390,五矿资本
2019-07-31,2019-07-29,sh.600398,海澜之家
2019-07-31,2019-07-29,sh.600406,国电南瑞
2019-07-31,2019-07-29,sh.600415,小商品城
2019-07-31,2019-07-29,sh.600436,片仔癀
2019-07-31,2019-07-29,sh.600438,通威股份
2019-07-31,2019-07-29,sh.600482,中国动力
2019-07-31,2019-07-29,sh.600487,亨通光电
2019-07-31,2019-07-29,sh.600489,中金黄金
2019-07-31,2019-07-29,sh.600498,烽火通信
2019-07-31,2019-07-29,sh.600516,方大炭素
2019-07-31,2019-07-29,sh.600519,贵州茅台
2019-07-31,2019-07-29,sh.600522,中天科技
2019-07-31,2019-07-29,sh.600535,天士力
2019-07-31,2019-07-29,sh.600547,山东黄金
2019-07-31,2019-07-29,sh.600566,济川药业
2019-07-31,2019-07-29,sh.600570,恒生电子
2019-07-31,2019-07-29,sh.600583,海油工程
2019-07-31,2019-07-29,sh.600585,海螺水泥
2019-07-31,2019-07-29,sh.600588,用友网络
2019-07-31,2019-07-29,sh.600606,绿地控股
2019-07-31,2019-07-29,sh.600637,东方明珠
2019-07-31,2019-07-29,sh.600660,福耀玻璃
2019-07-31,2019-07-29,sh.600663,陆家嘴
2019-07-31,2019-07-29,sh.600674,川投能源
2019-07-31,2019-07-29,sh.600688,上海石化
2019-07-31,2019-07-29,sh.600690,海尔智家
2019-07-31,2019-07-29,sh.600703,三安光电
2019-07-31,2019-07-29,sh.600704,物产中大
2019-07-31,2019-07-29,sh.600705,中航资本
2019-07-31,2019-07-29,sh.600733,北汽蓝谷
2019-07-31,2019-07-29,sh.600741,华域汽车
2019-07-31,2019-07-29,sh.600760,中航沈飞
2019-07-31,2019-07-29,sh.600795,国电电力
2019-07-31,2019-07-29,sh.600809,山西汾酒
2019-07-31,2019-07-29,sh.600816,安信信托
2019-07-31,2019-07-29,sh.600837,海通证券
2019-07-31,2019-07-29,sh.600867,通化东宝
2019-07-31,2019-07-29,sh.600886,国投电力
2019-07-31,2019-07-29,sh.600887,伊利股份
2019-07-31,2019-07-29,sh.600893,航发动力
2019-07-31,2019-07-29,sh.600900,长江电力
2019-07-31,2019-07-29,sh.600919,江苏银行
2019-07-31,2019-07-29,sh.600926,杭州银行
2019-07-31,2019-07-29,sh.600958,东方证券
2019-07-31,2019-07-29,sh.600977,中国电影
2019-07-31,2019-07-29,sh.600998,九州通
2019-07-31,2019-07-29,sh.600999,招商证券
2019-07-31,2019-07-29,sh.601006,大秦铁路
2019-07-31,2019-07-29,sh.601009,南京银行
2019-07-31,2019-07-29,sh.601012,隆基股份
2019-07-31,2019-07-29,sh.601018,宁波港
2019-07-31,2019-07-29,sh.601021,春秋航空
2019-07-31,2019-07-29,sh.601066,中信建投
2019-07-31,2019-07-29,sh.601088,中国神华
2019-07-31,2019-07-29,sh.601108,财通证券
2019-07-31,2019-07-29,sh.601111,中国国航
2019-07-31,2019-07-29,sh.601117,中国化学
2019-07-31,2019-07-29,sh.601138,工业富联
2019-07-31,2019-07-29,sh.601155,新城控股
2019-07-31,2019-07-29,sh.601162,天风证券
2019-07-31,2019-07-29,sh.601166,兴业银行
2019-07-31,2019-07-29,sh.601169,北京银行
2019-07-31,2019-07-29,sh.601186,中国铁建
2019-07-31,2019-07-29,sh.601198,东兴证券
2019-07-31,2019-07-29,sh.601211,国泰君安
2019-07-31,2019-07-29,sh.601212,白银有色
2019-07-31,2019-07-29,sh.601216,君正集团
2019-07-31,2019-07-29,sh.601225,陕西煤业
2019-07-31,2019-07-29,sh.601228,广州港
2019-07-31,2019-07-29,sh.601229,上海银行
2019-07-31,2019-07-29,sh.601238,广汽集团
2019-07-31,2019-07-29,sh.601288,农业银行
2019-07-31,2019-07-29,sh.601298,青岛港
2019-07-31,2019-07-29,sh.601318,中国平安
2019-07-31,2019-07-29,sh.601319,中国人保
2019-07-31,2019-07-29,sh.601328,交通银行
2019-07-31,2019-07-29,sh.601336,新华保险
2019-07-31,2019-07-29,sh.601360,三六零
2019-07-31,2019-07-29,sh.601377,兴业证券
2019-07-31,2019-07-29,sh.601390,中国中铁
2019-07-31,2019-07-29,sh.601398,工商银行
2019-07-31,2019-07-29,sh.601555,东吴证券
2019-07-31,2019-07-29,sh.601577,长沙银行
2019-07-31,2019-07-29,sh.601600,中国铝业
2019-07-31,2019-07-29,sh.601601,中国太保
2019-07-31,2019-07-29,sh.601607,上海医药
2019-07-31,2019-07-29,sh.601618,中国中冶
2019-07-31,2019-07-29,sh.601628,中国人寿
2019-07-31,2019-07-29,sh.601633,长城汽车
2019-07-31,2019-07-29,sh.601668,中国建筑
2019-07-31,2019-07-29,sh.601669,中国电建
2019-07-31,2019-07-29,sh.601688,华泰证券
2019-07-31,2019-07-29,sh.601727,上海电气
2019-07-31,2019-07-29,sh.601766,中国中车
2019-07-31,2019-07-29,sh.601788,光大证券
2019-07-31,2019-07-29,sh.601800,中国交建
2019-07-31,2019-07-29,sh.601808,中海油服
2019-07-31,2019-07-29,sh.601818,光大银行
2019-07-31,2019-07-29,sh.601828,美凯龙
2019-07-31,2019-07-29,sh.601838,成都银行
2019-07-31,2019-07-29,sh.601857,中国石油
2019-07-31,2019-07-29,sh.601877,正泰电器
2019-07-31,2019-07-29,sh.601878,浙商证券
2019-07-31,2019-07-29,sh.601881,中国银河
2019-07-31,2019-07-29,sh.601888,中国国旅
2019-07-31,2019-07-29,sh.601898,中煤能源
2019-07-31,2019-07-29,sh.601899,紫金矿业
2019-07-31,2019-07-29,sh.601901,方正证券
2019-07-31,2019-07-29,sh.601919,中远海控
2019-07-31,2019-07-29,sh.601933,永辉超市
2019-07-31,2019-07-29,sh.601939,建设银行
2019-07-31,2019-07-29,sh.601985,中国核电
2019-07-31,2019-07-29,sh.601988,中国银行
2019-07-31,2019-07-29,sh.601989,中国重工
2019-07-31,2019-07-29,sh.601992,金隅集团
2019-07-31,2019-07-29,sh.601997,贵阳银行
2019-07-31,2019-07-29,sh.601998,中信银行
2019-07-31,2019-07-29,sh.603019,中科曙光
2019-07-31,2019-07-29,sh.603156,养元饮品
2019-07-31,2019-07-29,sh.603160,汇顶科技
2019-07-31,2019-07-29,sh.603259,药明康德
2019-07-31,2019-07-29,sh.603260,合盛硅业
2019-07-31,2019-07-29,sh.603288,海天味业
2019-07-31,2019-07-29,sh.603799,华友钴业
2019-07-31,2019-07-29,sh.603833,欧派家居
2019-07-31,2019-07-29,sh.603858,步长制药
2019-07-31,2019-07-29,sh.603986,兆易创新
2019-07-31,2019-07-29,sh.603993,洛阳钼业
2019-07-31,2019-07-29,sz.000001,平安银行
2019-07-31,2019-07-29,sz.000002,万科A
2019-07-31,2019-07-29,sz.000063,中兴通讯
2019-07-31,2019-07-29,sz.000069,华侨城A
2019-07-31,2019-07-29,sz.000100,TCL集团
2019-07-31,2019-07-29,sz.000157,中联重科
2019-07-31,2019-07-29,sz.000166,申万宏源
2019-07-31,2019-07-29,sz.000333,美的集团
2019-07-31,2019-07-29,sz.000338,潍柴动力
2019-07-31,2019-07-29,sz.000402,金融街
2019-07-31,2019-07-29,sz.000408,藏格控股
2019-07-31,2019-07-29,sz.000413,东旭光电
2019-07-31,2019-07-29,sz.000415,渤海租赁
2019-07-31,2019-07-29,sz.000423,东阿阿胶
2019-07-31,2019-07-29,sz.000425,徐工机械
2019-07-31,2019-07-29,sz.000538,云南白药
2019-07-31,2019-07-29,sz.000553,安道麦A
2019-07-31,2019-07-29,sz.000568,泸州老窖
2019-07-31,2019-07-29,sz.000596,古井贡酒
2019-07-31,2019-07-29,sz.000625,长安汽车
2019-07-31,2019-07-29,sz.000627,天茂集团
2019-07-31,2019-07-29,sz.000629,攀钢钒钛
2019-07-31,2019-07-29,sz.000630,铜陵有色
2019-07-31,2019-07-29,sz.000651,格力电器
2019-07-31,2019-07-29,sz.000656,金科股份
2019-07-31,2019-07-29,sz.000661,长春高新
2019-07-31,2019-07-29,sz.000671,阳光城
2019-07-31,2019-07-29,sz.000703,恒逸石化
2019-07-31,2019-07-29,sz.000709,河钢股份
2019-07-31,2019-07-29,sz.000725,京东方A
2019-07-31,2019-07-29,sz.000728,国元证券
2019-07-31,2019-07-29,sz.000768,中航飞机
2019-07-31,2019-07-29,sz.000776,广发证券
2019-07-31,2019-07-29,sz.000783,长江证券
2019-07-31,2019-07-29,sz.000786,北新建材
2019-07-31,2019-07-29,sz.000858,五粮液
2019-07-31,2019-07-29,sz.000876,新希望
2019-07-31,2019-07-29,sz.000895,双汇发展
2019-07-31,2019-07-29,sz.000898,鞍钢股份
2019-07-31,2019-07-29,sz.000938,紫光股份
2019-07-31,2019-07-29,sz.000961,中南建设
2019-07-31,2019-07-29,sz.000963,华东医药
2019-07-31,2019-07-29,sz.001979,招商蛇口
2019-07-31,2019-07-29,sz.002001,新和成
2019-07-31,2019-07-29,sz.002007,华兰生物
2019-07-31,2019-07-29,sz.002008,大族激光
2019-07-31,2019-07-29,sz.002010,传化智联
2019-07-31,2019-07-29,sz.002024,苏宁易购
2019-07-31,2019-07-29,sz.002027,分众传媒
2019-07-31,2019-07-29,sz.002032,苏泊尔
2019-07-31,2019-07-29,sz.002044,美年健康
2019-07-31,2019-07-29,sz.002050,三花智控
2019-07-31,2019-07-29,sz.002065,东华软件
2019-07-31,2019-07-29,sz.002081,金螳螂
2019-07-31,2019-07-29,sz.002120,韵达股份
2019-07-31,2019-07-29,sz.002142,宁波银行
2019-07-31,2019-07-29,sz.002146,荣盛发展
2019-07-31,2019-07-29,sz.002153,石基信息
2019-07-31,2019-07-29,sz.002179,中航光电
2019-07-31,2019-07-29,sz.002202,金风科技
2019-07-31,2019-07-29,sz.002230,科大讯飞
2019-07-31,2019-07-29,sz.002236,大华股份
2019-07-31,2019-07-29,sz.002241,歌尔股份
2019-07-31,2019-07-29,sz.002252,上海莱士
2019-07-31,2019-07-29,sz.002271,东方雨虹
2019-07-31,2019-07-29,sz.002294,信立泰
2019-07-31,2019-07-29,sz.002304,洋河股份
2019-07-31,2019-07-29,sz.002310,东方园林
2019-07-31,2019-07-29,sz.002311,海大集团
2019-07-31,2019-07-29,sz.002352,顺丰控股
2019-07-31,2019-07-29,sz.002410,广联达
2019-07-31,2019-07-29,sz.002411,延安必康
2019-07-31,2019-07-29,sz.002415,海康威视
2019-07-31,2019-07-29,sz.002422,科伦药业
2019-07-31,2019-07-29,sz.002456,欧菲光
2019-07-31,2019-07-29,sz.002460,赣锋锂业
2019-07-31,2019-07-29,sz.002466,天齐锂业
2019-07-31,2019-07-29,sz.002468,申通快递
2019-07-31,2019-07-29,sz.002475,立讯精密
2019-07-31,2019-07-29,sz.002493,荣盛石化
2019-07-31,2019-07-29,sz.002508,老板电器
2019-07-31,2019-07-29,sz.002555,三七互娱
2019-07-31,2019-07-29,sz.002558,巨人网络
2019-07-31,2019-07-29,sz.002594,比亚迪
2019-07-31,2019-07-29,sz.002601,龙蟒佰利
2019-07-31,2019-07-29,sz.002602,世纪华通
2019-07-31,2019-07-29,sz.002624,完美世界
2019-07-31,2019-07-29,sz.002625,光启技术
2019-07-31,2019-07-29,sz.002673,西部证券
2019-07-31,2019-07-29,sz.002714,牧原股份
2019-07-31,2019-07-29,sz.002736,国信证券
2019-07-31,2019-07-29,sz.002739,万达电影
2019-07-31,2019-07-29,sz.002773,康弘药业
2019-07-31,2019-07-29,sz.002925,盈趣科技
2019-07-31,2019-07-29,sz.002938,鹏鼎控股
2019-07-31,2019-07-29,sz.002939,长城证券
2019-07-31,2019-07-29,sz.002945,华林证券
2019-07-31,2019-07-29,sz.300003,乐普医疗
2019-07-31,2019-07-29,sz.300015,爱尔眼科
2019-07-31,2019-07-29,sz.300017,网宿科技
2019-07-31,2019-07-29,sz.300024,机器人
2019-07-31,2019-07-29,sz.300033,同花顺
2019-07-31,2019-07-29,sz.300059,东方财富
2019-07-31,2019-07-29,sz.300070,碧水源
2019-07-31,2019-07-29,sz.300072,三聚环保
2019-07-31,2019-07-29,sz.300122,智飞生物
2019-07-31,2019-07-29,sz.300124,汇川技术
2019-07-31,2019-07-29,sz.300136,信维通信
2019-07-31,2019-07-29,sz.300142,沃森生物
2019-07-31,2019-07-29,sz.300144,宋城演艺
2019-07-31,2019-07-29,sz.300251,光线传媒
2019-07-31,2019-07-29,sz.300296,利亚德
2019-07-31,2019-07-29,sz.300408,三环集团
2019-07-31,2019-07-29,sz.300413,芒果超媒
2019-07-31,2019-07-29,sz.300433,蓝思科技
2019-07-31,2019-07-29,sz.300498,温氏股份
2019-08-31,2019-08-26,sh.600000,浦发银行
2019-08-31,2019-08-26,sh.600004,白云机场
2019-08-31,2019-08-26,sh.600009,上海机场
2019-08-31,2019-08-26,sh.600010,包钢股份
2019-08-31,2019-08-26,sh.600011,华能国际
2019-08-31,2019-08-26,sh.600015,华夏银行
2019-08-31,2019-08-26,sh.600016,民生银行
2019-08-31,2019-08-26,sh.600018,上港集团
2019-08-31,2019-08-26,sh.600019,宝钢股份
2019-08-31,2019-08-26,sh.600023,浙能电力
2019-08-31,2019-08-26,sh.600025,华能水电
2019-08-31,2019-08-26,sh.600027,华电国际
2019-08-31,2019-08-26,sh.600028,中国石化
2019-08-31,2019-08-26,sh.600029,南方航空
2019-08-31,2019-08-26,sh.600030,中信证券
2019-08-31,2019-08-26,sh.600031,三一重工
2019-08-31,2019-08-26,sh.600036,招商银行
2019-08-31,2019-08-26,sh.600038,中直股份
2019-08-31,2019-08-26,sh.600048,保利地产
2019-08-31,2019-08-26,sh.600050,中国联通
2019-08-31,2019-08-26,sh.600061,国投资本
2019-08-31,2019-08-26,sh.600066,宇通客车
2019-08-31,2019-08-26,sh.600068,葛洲坝
2019-08-31,2019-08-26,sh.600085,同仁堂
2019-08-31,2019-08-26,sh.600089,特变电工
2019-08-31,2019-08-26,sh.600100,同方股份
2019-08-31,2019-08-26,sh.600104,上汽集团
2019-08-31,2019-08-26,sh.600109,国金证券
2019-08-31,2019-08-26,sh.600111,北方稀土
2019-08-31,2019-08-26,sh.600115,东方航空
2019-08-31,2019-08-26,sh.600118,中国卫星
2019-08-31,2019-08-26,sh.600153,建发股份
2019-08-31,2019-08-26,sh.600170,上海建工
2019-08-31,2019-08-26,sh.600176,中国巨石
2019-08-31,2019-08-26,sh.600177,雅戈尔
2019-08-31,2019-08-26,sh.600188,兖州煤业
2019-08-31,2019-08-26,sh.600196,复星医药
2019-08-31,2019-08-26,sh.600208,新湖中宝
2019-08-31,2019-08-26,sh.600219,南山铝业
2019-08-31,2019-08-26,sh.600221,海航控股
2019-08-31,2019-08-26,sh.600233,圆通速递
2019-08-31,2019-08-26,sh.600271,航天信息
2019-08-31,2019-08-26,sh.600276,恒瑞医药
2019-08-31,2019-08-26,sh.600297,广汇汽车
2019-08-31,2019-08-26,sh.600299,安迪苏
2019-08-31,2019-08-26,sh.600309,万华化学
2019-08-31,2019-08-26,sh.600332,白云山
2019-08-31,2019-08-26,sh.600339,中油工程
2019-08-31,2019-08-26,sh.600340,华夏幸福
2019-08-31,2019-08-26,sh.600346,恒力石化
2019-08-31,2019-08-26,sh.600352,浙江龙盛
2019-08-31,2019-08-26,sh.600362,江西铜业
2019-08-31,2019-08-26,sh.600369,西南证券
2019-08-31,2019-08-26,sh.600372,中航电子
2019-08-31,2019-08-26,sh.600383,金地集团
2019-08-31,2019-08-26,sh.600390,五矿资本
2019-08-31,2019-08-26,sh.600398,海澜之家
2019-08-31,2019-08-26,sh.600406,国电南瑞
2019-08-31,2019-08-26,sh.600415,小商品城
2019-08-31,2019-08-26,sh.600436,片仔癀
2019-08-31,2019-08-26,sh.600438,通威股份
2019-08-31,2019-08-26,sh.600482,中国动力
2019-08-31,2019-08-26,sh.600487,亨通光电
2019-08-31,2019-08-26,sh.600489,中金黄金
2019-08-31,2019-08-26,sh.600498,烽火通信
2019-08-31,2019-08-26,sh.600516,方大炭素
2019-08-31,2019-08-26,sh.600519,贵州茅台
2019-08-31,2019-08-26,sh.600522,中天科技
2019-08-31,2019-08-26,sh.600535,天士力
2019-08-31,2019-08-26,sh.600547,山东黄金
2019-08-31,2019-08-26,sh.600566,济川药业
2019-08-31,2019-08-26,sh.600570,恒生电子
2019-08-31,2019-08-26,sh.600583,海油工程
2019-08-31,2019-08-26,sh.600585,海螺水泥
2019-08-31,2019-08-26,sh.600588,用友网络
2019-08-31,2019-08-26,sh.600606,绿地控股
2019-08-31,2019-08-26,sh.600637,东方明珠
2019-08-31,2019-08-26,sh.600660,福耀玻璃
2019-08-31,2019-08-26,sh.600663,陆家嘴
2019-08-31,2019-08-26,sh.600674,川投能源
2019-08-31,2019-08-26,sh.600688,上海石化
2019-08-31,2019-08-26,sh.600690,海尔智家
2019-08-31,2019-08-26,sh.600703,三安光电
2019-08-31,2019-08-26,sh.600704,物产中大
2019-08-31,2019-08-26,sh.600705,中航资本
2019-08-31,2019-08-26,sh.600733,北汽蓝谷
2019-08-31,2019-08-26,sh.600741,华域汽车
2019-08-31,2019-08-26,sh.600760,中航沈飞
2019-08-31,2019-08-26,sh.600795,国电电力
2019-08-31,2019-08-26,sh.600809,山西汾酒
2019-08-31,2019-08-26,sh.600816,安信信托
2019-08-31,2019-08-26,sh.600837,海通证券
2019-08-31,2019-08-26,sh.600867,通化东宝
2019-08-31,2019-08-26,sh.600886,国投电力
2019-08-31,2019-08-26,sh.600887,伊利股份
2019-08-31,2019-08-26,sh.600893,航发动力
2019-08-31,2019-08-26,sh.600900,长江电力
2019-08-31,2019-08-26,sh.600919,江苏银行
2019-08-31,2019-08-26,sh.600926,杭州银行
2019-08-31,2019-08-26,sh.600958,东方证券
2019-08-31,2019-08-26,sh.600977,中国电影
2019-08-31,2019-08-26,sh.600998,九州通
2019-08-31,2019-08-26,sh.600999,招商证券
2019-08-31,2019-08-26,sh.601006,大秦铁路
2019-08-31,2019-08-26,sh.601009,南京银行
2019-08-31,2019-08-26,sh.601012,隆基股份
2019-08-31,2019-08-26,sh.601018,宁波港
2019-08-31,2019-08-26,sh.601021,春秋航空
2019-08-31,2019-08-26,sh.601066,中信建投
2019-08-31,2019-08-26,sh.601088,中国神华
2019-08-31,2019-08-26,sh.601108,财通证券
2019-08-31,2019-08-26,sh.601111,中国国航
2019-08-31,2019-08-26,sh.601117,中国化学
2019-08-31,2019-08-26,sh.601138,工业富联
2019-08-31,2019-08-26,sh.601155,新城控股
2019-08-31,2019-08-26,sh.601162,天风证券
2019-08-31,2019-08-26,sh.601166,兴业银行
2019-08-31,2019-08-26,sh.601169,北京银行
2019-08-31,2019-08-26,sh.601186,中国铁建
2019-08-31,2019-08-26,sh.601198,东兴证券
2019-08-31,2019-08-26,sh.601211,国泰君安
2019-08-31,2019-08-26,sh.601212,白银有色
2019-08-31,2019-08-26,sh.601216,君正集团
2019-08-31,2019-08-26,sh.601225,陕西煤业
2019-08-31,2019-08-26,sh.601228,广州港
2019-08-31,2019-08-26,sh.601229,上海银行
2019-08-31,2019-08-26,sh.601238,广汽集团
2019-08-31,2019-08-26,sh.601288,农业银行
2019-08-31,2019-08-26,sh.601298,青岛港
2019-08-31,2019-08-26,sh.601318,中国平安
2019-08-31,2019-08-26,sh.601319,中国人保
2019-08-31,2019-08-26,sh.601328,交通银行
2019-08-31,2019-08-26,sh.601336,新华保险
2019-08-31,2019-08-26,sh.601360,三六零
2019-08-31,2019-08-26,sh.601377,兴业证券
2019-08-31,2019-08-26,sh.601390,中国中铁
2019-08-31,2019-08-26,sh.601398,工商银行
2019-08-31,2019-08-26,sh.601555,东吴证券
2019-08-31,2019-08-26,sh.601577,长沙银行
2019-08-31,2019-08-26,sh.601600,中国铝业
2019-08-31,2019-08-26,sh.601601,中国太保
2019-08-31,2019-08-26,sh.601607,上海医药
2019-08-31,2019-08-26,sh.601618,中国中冶
2019-08-31,2019-08-26,sh.601628,中国人寿
2019-08-31,2019-08-26,sh.601633,长城汽车
2019-08-31,2019-08-26,sh.601668,中国建筑
2019-08-31,2019-08-26,sh.601669,中国电建
2019-08-31,2019-08-26,sh.601688,华泰证券
2019-08-31,2019-08-26,sh.601727,上海电气
2019-08-31,2019-08-26,sh.601766,中国中车
2019-08-31,2019-08-26,sh.601788,光大证券
2019-08-31,2019-08-26,sh.601800,中国交建
2019-08-31,2019-08-26,sh.601808,中海油服
2019-08-31,2019-08-26,sh.601818,光大银行
2019-08-31,2019-08-26,sh.601828,美凯龙
2019-08-31,2019-08-26,sh.601838,成都银行
2019-08-31,2019-08-26,sh.601857,中国石油
2019-08-31,2019-08-26,sh.601877,正泰电器
2019-08-31,2019-08-26,sh.601878,浙商证券
2019-08-31,2019-08-26,sh.601881,中国银河
2019-08-31,2019-08-26,sh.601888,中国国旅
2019-08-31,2019-08-26,sh.601898,中煤能源
2019-08-31,2019-08-26,sh.601899,紫金矿业
2019-08-31,2019-08-26,sh.601901,方正证券
2019-08-31,2019-08-26,sh.601919,中远海控
2019-08-31,2019-08-26,sh.601933,永辉超市
2019-08-31,2019-08-26,sh.601939,建设银行
2019-08-31,2019-08-26,sh.601985,中国核电
2019-08-31,2019-08-26,sh.601988,中国银行
2019-08-31,2019-08-26,sh.601989,中国重工
2019-08-31,2019-08-26,sh.601992,金隅集团
2019-08-31,2019-08-26,sh.601997,贵阳银行
2019-08-31,2019-08-26,sh.601998,中信银行
2019-08-31,2019-08-26,sh.603019,中科曙光
2019-08-31,2019-08-26,sh.603156,养元饮品
2019-08-31,2019-08-26,sh.603160,汇顶科技
2019-08-31,2019-08-26,sh.603259,药明康德
2019-08-31,2019-08-26,sh.603260,合盛硅业
2019-08-31,2019-08-26,sh.603288,海天味业
2019-08-31,2019-08-26,sh.603799,华友钴业
2019-08-31,2019-08-26,sh.603833,欧派家居
2019-08-31,2019-08-26,sh.603858,步长制药
2019-08-31,2019-08-26,sh.603986,兆易创新
2019-08-31,2019-08-26,sh.603993,洛阳钼业
2019-08-31,2019-08-26,sz.000001,平安银行
2019-08-31,2019-08-26,sz.000002,万科A
2019-08-31,2019-08-26,sz.000063,中兴通讯
2019-08-31,2019-08-26,sz.000069,华侨城A
2019-08-31,2019-08-26,sz.000100,TCL集团
2019-08-31,2019-08-26,sz.000157,中联重科
2019-08-31,2019-08-26,sz.000166,申万宏源
2019-08-31,2019-08-26,sz.000333,美的集团
2019-08-31,2019-08-26,sz.000338,潍柴动力
2019-08-31,2019-08-26,sz.000402,金融街
2019-08-31,2019-08-26,sz.000408,藏格控股
2019-08-31,2019-08-26,sz.000413,东旭光电
2019-08-31,2019-08-26,sz.000415,渤海租赁
2019-08-31,2019-08-26,sz.000423,东阿阿胶
2019-08-31,2019-08-26,sz.000425,徐工机械
2019-08-31,2019-08-26,sz.000538,云南白药
2019-08-31,2019-08-26,sz.000553,安道麦A
2019-08-31,2019-08-26,sz.000568,泸州老窖
2019-08-31,2019-08-26,sz.000596,古井贡酒
2019-08-31,2019-08-26,sz.000625,长安汽车
2019-08-31,2019-08-26,sz.000627,天茂集团
2019-08-31,2019-08-26,sz.000629,攀钢钒钛
2019-08-31,2019-08-26,sz.000630,铜陵有色
2019-08-31,2019-08-26,sz.000651,格力电器
2019-08-31,2019-08-26,sz.000656,金科股份
2019-08-31,2019-08-26,sz.000661,长春高新
2019-08-31,2019-08-26,sz.000671,阳光城
2019-08-31,2019-08-26,sz.000703,恒逸石化
2019-08-31,2019-08-26,sz.000709,河钢股份
2019-08-31,2019-08-26,sz.000725,京东方A
2019-08-31,2019-08-26,sz.000728,国元证券
2019-08-31,2019-08-26,sz.000768,中航飞机
2019-08-31,2019-08-26,sz.000776,广发证券
2019-08-31,2019-08-26,sz.000783,长江证券
2019-08-31,2019-08-26,sz.000786,北新建材
2019-08-31,2019-08-26,sz.000858,五粮液
2019-08-31,2019-08-26,sz.000876,新希望
2019-08-31,2019-08-26,sz.000895,双汇发展
2019-08-31,2019-08-26,sz.000898,鞍钢股份
2019-08-31,2019-08-26,sz.000938,紫光股份
2019-08-31,2019-08-26,sz.000961,中南建设
2019-08-31,2019-08-26,sz.000963,华东医药
2019-08-31,2019-08-26,sz.001979,招商蛇口
2019-08-31,2019-08-26,sz.002001,新和成
2019-08-31,2019-08-26,sz.002007,华兰生物
2019-08-31,2019-08-26,sz.002008,大族激光
2019-08-31,2019-08-26,sz.002010,传化智联
2019-08-31,2019-08-26,sz.002024,苏宁易购
2019-08-31,2019-08-26,sz.002027,分众传媒
2019-08-31,2019-08-26,sz.002032,苏泊尔
2019-08-31,2019-08-26,sz.002044,美年健康
2019-08-31,2019-08-26,sz.002050,三花智控
2019-08-31,2019-08-26,sz.002065,东华软件
2019-08-31,2019-08-26,sz.002081,金螳螂
2019-08-31,2019-08-26,sz.002120,韵达股份
2019-08-31,2019-08-26,sz.002142,宁波银行
2019-08-31,2019-08-26,sz.002146,荣盛发展
2019-08-31,2019-08-26,sz.002153,石基信息
2019-08-31,2019-08-26,sz.002179,中航光电
2019-08-31,2019-08-26,sz.002202,金风科技
2019-08-31,2019-08-26,sz.002230,科大讯飞
2019-08-31,2019-08-26,sz.002236,大华股份
2019-08-31,2019-08-26,sz.002241,歌尔股份
2019-08-31,2019-08-26,sz.002252,上海莱士
2019-08-31,2019-08-26,sz.002271,东方雨虹
2019-08-31,2019-08-26,sz.002294,信立泰
2019-08-31,2019-08-26,sz.002304,洋河股份
2019-08-31,2019-08-26,sz.002310,东方园林
2019-08-31,2019-08-26,sz.002311,海大集团
2019-08-31,2019-08-26,sz.002352,顺丰控股
2019-08-31,2019-08-26,sz.002410,广联达
2019-08-31,2019-08-26,sz.002411,延安必康
2019-08-31,2019-08-26,sz.002415,海康威视
2019-08-31,2019-08-26,sz.002422,科伦药业
2019-08-31,2019-08-26,sz.002456,欧菲光
2019-08-31,2019-08-26,sz.002460,赣锋锂业
2019-08-31,2019-08-26,sz.002466,天齐锂业
2019-08-31,2019-08-26,sz.002468,申通快递
2019-08-31,2019-08-26,sz.002475,立讯精密
2019-08-31,2019-08-26,sz.002493,荣盛石化
2019-08-31,2019-08-26,sz.002508,老板电器
2019-08-31,2019-08-26,sz.002555,三七互娱
2019-08-31,2019-08-26,sz.002558,巨人网络
2019-08-31,2019-08-26,sz.002594,比亚迪
2019-08-31,2019-08-26,sz.002601,龙蟒佰利
2019-08-31,2019-08-26,sz.002602,世纪华通
2019-08-31,2019-08-26,sz.002624,完美世界
2019-08-31,2019-08-26,sz.002625,光启技术
2019-08-31,2019-08-26,sz.002673,西部证券
2019-08-31,2019-08-26,sz.002714,牧原股份
2019-08-31,2019-08-26,sz.002736,国信证券
2019-08-31,2019-08-26,sz.002739,万达电影
2019-08-31,2019-08-26,sz.002773,康弘药业
2019-08-31,2019-08-26,sz.002925,盈趣科技
2019-08-31,2019-08-26,sz.002938,鹏鼎控股
2019-08-31,2019-08-26,sz.002939,长城证券
2019-08-31,2019-08-26,sz.002945,华林证券
2019-08-31,2019-08-26,sz.300003,乐普医疗
2019-08-31,2019-08-26,sz.300015,爱尔眼科
2019-08-31,2019-08-26,sz.300017,网宿科技
2019-08-31,2019-08-26,sz.300024,机器人
2019-08-31,2019-08-26,sz.300033,同花顺
2019-08-31,2019-08-26,sz.300059,东方财富
2019-08-31,2019-08-26,sz.300070,碧水源
2019-08-31,2019-08-26,sz.300072,三聚环保
2019-08-31,2019-08-26,sz.300122,智飞生物
2019-08-31,2019-08-26,sz.300124,汇川技术
2019-08-31,2019-08-26,sz.300136,信维通信
2019-08-31,2019-08-26,sz.300142,沃森生物
2019-08-31,2019-08-26,sz.300144,宋城演艺
2019-08-31,2019-08-26,sz.300251,光线传媒
2019-08-31,2019-08-26,sz.300296,利亚德
2019-08-31,2019-08-26,sz.300408,三环集团
2019-08-31,2019-08-26,sz.300413,芒果超媒
2019-08-31,2019-08-26,sz.300433,蓝思科技
2019-08-31,2019-08-26,sz.300498,温氏股份
2019-09-30,2019-09-30,sh.600000,浦发银行
2019-09-30,2019-09-30,sh.600004,白云机场
2019-09-30,2019-09-30,sh.600009,上海机场
2019-09-30,2019-09-30,sh.600010,包钢股份
2019-09-30,2019-09-30,sh.600011,华能国际
2019-09-30,2019-09-30,sh.600015,华夏银行
2019-09-30,2019-09-30,sh.600016,民生银行
2019-09-30,2019-09-30,sh.600018,上港集团
2019-09-30,2019-09-30,sh.600019,宝钢股份
2019-09-30,2019-09-30,sh.600023,浙能电力
2019-09-30,2019-09-30,sh.600025,华能水电
2019-09-30,2019-09-30,sh.600027,华电国际
2019-09-30,2019-09-30,sh.600028,中国石化
2019-09-30,2019-09-30,sh.600029,南方航空
2019-09-30,2019-09-30,sh.600030,中信证券
2019-09-30,2019-09-30,sh.600031,三一重工
2019-09-30,2019-09-30,sh.600036,招商银行
2019-09-30,2019-09-30,sh.600038,中直股份
2019-09-30,2019-09-30,sh.600048,保利地产
2019-09-30,2019-09-30,sh.600050,中国联通
2019-09-30,2019-09-30,sh.600061,国投资本
2019-09-30,2019-09-30,sh.600066,宇通客车
2019-09-30,2019-09-30,sh.600068,葛洲坝
2019-09-30,2019-09-30,sh.600085,同仁堂
2019-09-30,2019-09-30,sh.600089,特变电工
2019-09-30,2019-09-30,sh.600100,同方股份
2019-09-30,2019-09-30,sh.600104,上汽集团
2019-09-30,2019-09-30,sh.600109,国金证券
2019-09-30,2019-09-30,sh.600111,北方稀土
2019-09-30,2019-09-30,sh.600115,东方航空
2019-09-30,2019-09-30,sh.600118,中国卫星
2019-09-30,2019-09-30,sh.600153,建发股份
2019-09-30,2019-09-30,sh.600170,上海建工
2019-09-30,2019-09-30,sh.600176,中国巨石
2019-09-30,2019-09-30,sh.600177,雅戈尔
2019-09-30,2019-09-30,sh.600188,兖州煤业
2019-09-30,2019-09-30,sh.600196,复星医药
2019-09-30,2019-09-30,sh.600208,新湖中宝
2019-09-30,2019-09-30,sh.600219,南山铝业
2019-09-30,2019-09-30,sh.600221,海航控股
2019-09-30,2019-09-30,sh.600233,圆通速递
2019-09-30,2019-09-30,sh.600271,航天信息
2019-09-30,2019-09-30,sh.600276,恒瑞医药
2019-09-30,2019-09-30,sh.600297,广汇汽车
2019-09-30,2019-09-30,sh.600299,安迪苏
2019-09-30,2019-09-30,sh.600309,万华化学
2019-09-30,2019-09-30,sh.600332,白云山
2019-09-30,2019-09-30,sh.600339,中油工程
2019-09-30,2019-09-30,sh.600340,华夏幸福
2019-09-30,2019-09-30,sh.600346,恒力石化
2019-09-30,2019-09-30,sh.600352,浙江龙盛
2019-09-30,2019-09-30,sh.600362,江西铜业
2019-09-30,2019-09-30,sh.600369,西南证券
2019-09-30,2019-09-30,sh.600372,中航电子
2019-09-30,2019-09-30,sh.600383,金地集团
2019-09-30,2019-09-30,sh.600390,五矿资本
2019-09-30,2019-09-30,sh.600398,海澜之家
2019-09-30,2019-09-30,sh.600406,国电南瑞
2019-09-30,2019-09-30,sh.600415,小商品城
2019-09-30,2019-09-30,sh.600436,片仔癀
2019-09-30,2019-09-30,sh.600438,通威股份
2019-09-30,2019-09-30,sh.600482,中国动力
2019-09-30,2019-09-30,sh.600487,亨通光电
2019-09-30,2019-09-30,sh.600489,中金黄金
2019-09-30,2019-09-30,sh.600498,烽火通信
2019-09-30,2019-09-30,sh.600516,方大炭素
2019-09-30,2019-09-30,sh.600519,贵州茅台
2019-09-30,2019-09-30,sh.600522,中天科技
2019-09-30,2019-09-30,sh.600535,天士力
2019-09-30,2019-09-30,sh.600547,山东黄金
2019-09-30,2019-09-30,sh.600566,济川药业
2019-09-30,2019-09-30,sh.600570,恒生电子
2019-09-30,2019-09-30,sh.600583,海油工程
2019-09-30,2019-09-30,sh.600585,海螺水泥
2019-09-30,2019-09-30,sh.600588,用友网络
2019-09-30,2019-09-30,sh.600606,绿地控股
2019-09-30,2019-09-30,sh.600637,东方明珠
2019-09-30,2019-09-30,sh.600660,福耀玻璃
2019-09-30,2019-09-30,sh.600663,陆家嘴
2019-09-30,2019-09-30,sh.600674,川投能源
2019-09-30,2019-09-30,sh.600688,上海石化
2019-09-30,2019-09-30,sh.600690,海尔智家
2019-09-30,2019-09-30,sh.600703,三安光电
2019-09-30,2019-09-30,sh.600704,物产中大
2019-09-30,2019-09-30,sh.600705,中航资本
2019-09-30,2019-09-30,sh.600733,北汽蓝谷
2019-09-30,2019-09-30,sh.600741,华域汽车
2019-09-30,2019-09-30,sh.600760,中航沈飞
2019-09-30,2019-09-30,sh.600795,国电电力
2019-09-30,2019-09-30,sh.600809,山西汾酒
2019-09-30,2019-09-30,sh.600816,安信信托
2019-09-30,2019-09-30,sh.600837,海通证券
2019-09-30,2019-09-30,sh.600867,通化东宝
2019-09-30,2019-09-30,sh.600886,国投电力
2019-09-30,2019-09-30,sh.600887,伊利股份
2019-09-30,2019-09-30,sh.600893,航发动力
2019-09-30,2019-09-30,sh.600900,长江电力
2019-09-30,2019-09-30,sh.600919,江苏银行
2019-09-30,2019-09-30,sh.600926,杭州银行
2019-09-30,2019-09-30,sh.600958,东方证券
2019-09-30,2019-09-30,sh.600977,中国电影
2019-09-30,2019-09-30,sh.600998,九州通
2019-09-30,2019-09-30,sh.600999,招商证券
2019-09-30,2019-09-30,sh.601006,大秦铁路
2019-09-30,2019-09-30,sh.601009,南京银行
2019-09-30,2019-09-30,sh.601012,隆基股份
2019-09-30,2019-09-30,sh.601018,宁波港
2019-09-30,2019-09-30,sh.601021,春秋航空
2019-09-30,2019-09-30,sh.601066,中信建投
2019-09-30,2019-09-30,sh.601088,中国神华
2019-09-30,2019-09-30,sh.601108,财通证券
2019-09-30,2019-09-30,sh.601111,中国国航
2019-09-30,2019-09-30,sh.601117,中国化学
2019-09-30,2019-09-30,sh.601138,工业富联
2019-09-30,2019-09-30,sh.601155,新城控股
2019-09-30,2019-09-30,sh.601162,天风证券
2019-09-30,2019-09-30,sh.601166,兴业银行
2019-09-30,2019-09-30,sh.601169,北京银行
2019-09-30,2019-09-30,sh.601186,中国铁建
2019-09-30,2019-09-30,sh.601198,东兴证券
2019-09-30,2019-09-30,sh.601211,国泰君安
2019-09-30,2019-09-30,sh.601212,白银有色
2019-09-30,2019-09-30,sh.601216,君正集团
2019-09-30,2019-09-30,sh.601225,陕西煤业
2019-09-30,2019-09-30,sh.601228,广州港
2019-09-30,2019-09-30,sh.601229,上海银行
2019-09-30,2019-09-30,sh.601238,广汽集团
2019-09-30,2019-09-30,sh.601288,农业银行
2019-09-30,2019-09-30,sh.601298,青岛港
2019-09-30,2019-09-30,sh.601318,中国平安
2019-09-30,2019-09-30,sh.601319,中国人保
2019-09-30,2019-09-30,sh.601328,交通银行
2019-09-30,2019-09-30,sh.601336,新华保险
2019-09-30,2019-09-30,sh.601360,三六零
2019-09-30,2019-09-30,sh.601377,兴业证券
2019-09-30,2019-09-30,sh.601390,中国中铁
2019-09-30,2019-09-30,sh.601398,工商银行
2019-09-30,2019-09-30,sh.601555,东吴证券
2019-09-30,2019-09-30,sh.601577,长沙银行
2019-09-30,2019-09-30,sh.601600,中国铝业
2019-09-30,2019-09-30,sh.601601,中国太保
2019-09-30,2019-09-30,sh.601607,上海医药
2019-09-30,2019-09-30,sh.601618,中国中冶
2019-09-30,2019-09-30,sh.601628,中国人寿
2019-09-30,2019-09-30,sh.601633,长城汽车
2019-09-30,2019-09-30,sh.601668,中国建筑
2019-09-30,2019-09-30,sh.601669,中国电建
2019-09-30,2019-09-30,sh.601688,华泰证券
2019-09-30,2019-09-30,sh.601727,上海电气
2019-09-30,2019-09-30,sh.601766,中国中车
2019-09-30,2019-09-30,sh.601788,光大证券
2019-09-30,2019-09-30,sh.601800,中国交建
2019-09-30,2019-09-30,sh.601808,中海油服
2019-09-30,2019-09-30,sh.601818,光大银行
2019-09-30,2019-09-30,sh.601828,美凯龙
2019-09-30,2019-09-30,sh.601838,成都银行
2019-09-30,2019-09-30,sh.601857,中国石油
2019-09-30,2019-09-30,sh.601877,正泰电器
2019-09-30,2019-09-30,sh.601878,浙商证券
2019-09-30,2019-09-30,sh.601881,中国银河
2019-09-30,2019-09-30,sh.601888,中国国旅
2019-09-30,2019-09-30,sh.601898,中煤能源
2019-09-30,2019-09-30,sh.601899,紫金矿业
2019-09-30,2019-09-30,sh.601901,方正证券
2019-09-30,2019-09-30,sh.601919,中远海控
2019-09-30,2019-09-30,sh.601933,永辉超市
2019-09-30,2019-09-30,sh.601939,建设银行
2019-09-30,2019-09-30,sh.601985,中国核电
2019-09-30,2019-09-30,sh.601988,中国银行
2019-09-30,2019-09-30,sh.601989,中国重工
2019-09-30,2019-09-30,sh.601992,金隅集团
2019-09-30,2019-09-30,sh.601997,贵阳银行
2019-09-30,2019-09-30,sh.601998,中信银行
2019-09-30,2019-09-30,sh.603019,中科曙光
2019-09-30,2019-09-30,sh.603156,养元饮品
2019-09-30,2019-09-30,sh.603160,汇顶科技
2019-09-30,2019-09-30,sh.603259,药明康德
2019-09-30,2019-09-30,sh.603260,合盛硅业
2019-09-30,2019-09-30,sh.603288,海天味业
2019-09-30,2019-09-30,sh.603799,华友钴业
2019-09-30,2019-09-30,sh.603833,欧派家居
2019-09-30,2019-09-30,sh.603858,步长制药
2019-09-30,2019-09-30,sh.603986,兆易创新
2019-09-30,2019-09-30,sh.603993,洛阳钼业
2019-09-30,2019-09-30,sz.000001,平安银行
2019-09-30,2019-09-30,sz.000002,万科A
2019-09-30,2019-09-30,sz.000063,中兴通讯
2019-09-30,2019-09-30,sz.000069,华侨城A
2019-09-30,2019-09-30,sz.000100,TCL集团
2019-09-30,2019-09-30,sz.000157,中联重科
2019-09-30,2019-09-30,sz.000166,申万宏源
2019-09-30,2019-09-30,sz.000333,美的集团
2019-09-30,2019-09-30,sz.000338,潍柴动力
2019-09-30,2019-09-30,sz.000402,金融街
2019-09-30,2019-09-30,sz.000408,藏格控股
2019-09-30,2019-09-30,sz.000413,东旭光电
2019-09-30,2019-09-30,sz.000415,渤海租赁
2019-09-30,2019-09-30,sz.000423,东阿阿胶
2019-09-30,2019-09-30,sz.000425,徐工机械
2019-09-30,2019-09-30,sz.000538,云南白药
2019-09-30,2019-09-30,sz.000553,安道麦A
2019-09-30,2019-09-30,sz.000568,泸州老窖
2019-09-30,2019-09-30,sz.000596,古井贡酒
2019-09-30,2019-09-30,sz.000625,长安汽车
2019-09-30,2019-09-30,sz.000627,天茂集团
2019-09-30,2019-09-30,sz.000629,攀钢钒钛
2019-09-30,2019-09-30,sz.000630,铜陵有色
2019-09-30,2019-09-30,sz.000651,格力电器
2019-09-30,2019-09-30,sz.000656,金科股份
2019-09-30,2019-09-30,sz.000661,长春高新
2019-09-30,2019-09-30,sz.000671,阳光城
2019-09-30,2019-09-30,sz.000703,恒逸石化
2019-09-30,2019-09-30,sz.000709,河钢股份
2019-09-30,2019-09-30,sz.000725,京东方A
2019-09-30,2019-09-30,sz.000728,国元证券
2019-09-30,2019-09-30,sz.000768,中航飞机
2019-09-30,2019-09-30,sz.000776,广发证券
2019-09-30,2019-09-30,sz.000783,长江证券
2019-09-30,2019-09-30,sz.000786,北新建材
2019-09-30,2019-09-30,sz.000858,五粮液
2019-09-30,2019-09-30,sz.000876,新希望
2019-09-30,2019-09-30,sz.000895,双汇发展
2019-09-30,2019-09-30,sz.000898,鞍钢股份
2019-09-30,2019-09-30,sz.000938,紫光股份
2019-09-30,2019-09-30,sz.000961,中南建设
2019-09-30,2019-09-30,sz.000963,华东医药
2019-09-30,2019-09-30,sz.001979,招商蛇口
2019-09-30,2019-09-30,sz.002001,新和成
2019-09-30,2019-09-30,sz.002007,华兰生物
2019-09-30,2019-09-30,sz.002008,大族激光
2019-09-30,2019-09-30,sz.002010,传化智联
2019-09-30,2019-09-30,sz.002024,苏宁易购
2019-09-30,2019-09-30,sz.002027,分众传媒
2019-09-30,2019-09-30,sz.002032,苏泊尔
2019-09-30,2019-09-30,sz.002044,美年健康
2019-09-30,2019-09-30,sz.002050,三花智控
2019-09-30,2019-09-30,sz.002065,东华软件
2019-09-30,2019-09-30,sz.002081,金螳螂
2019-09-30,2019-09-30,sz.002120,韵达股份
2019-09-30,2019-09-30,sz.002142,宁波银行
2019-09-30,2019-09-30,sz.002146,荣盛发展
2019-09-30,2019-09-30,sz.002153,石基信息
2019-09-30,2019-09-30,sz.002179,中航光电
2019-09-30,2019-09-30,sz.002202,金风科技
2019-09-30,2019-09-30,sz.002230,科大讯飞
2019-09-30,2019-09-30,sz.002236,大华股份
2019-09-30,2019-09-30,sz.002241,歌尔股份
2019-09-30,2019-09-30,sz.002252,上海莱士
2019-09-30,2019-09-30,sz.002271,东方雨虹
2019-09-30,2019-09-30,sz.002294,信立泰
2019-09-30,2019-09-30,sz.002304,洋河股份
2019-09-30,2019-09-30,sz.002310,东方园林
2019-09-30,2019-09-30,sz.002311,海大集团
2019-09-30,2019-09-30,sz.002352,顺丰控股
2019-09-30,2019-09-30,sz.002410,广联达
2019-09-30,2019-09-30,sz.002411,延安必康
2019-09-30,2019-09-30,sz.002415,海康威视
2019-09-30,2019-09-30,sz.002422,科伦药业
2019-09-30,2019-09-30,sz.002456,欧菲光
2019-09-30,2019-09-30,sz.002460,赣锋锂业
2019-09-30,2019-09-30,sz.002466,天齐锂业
2019-09-30,2019-09-30,sz.002468,申通快递
2019-09-30,2019-09-30,sz.002475,立讯精密
2019-09-30,2019-09-30,sz.002493,荣盛石化
2019-09-30,2019-09-30,sz.002508,老板电器
2019-09-30,2019-09-30,sz.002555,三七互娱
2019-09-30,2019-09-30,sz.002558,巨人网络
2019-09-30,2019-09-30,sz.002594,比亚迪
2019-09-30,2019-09-30,sz.002601,龙蟒佰利
2019-09-30,2019-09-30,sz.002602,世纪华通
2019-09-30,2019-09-30,sz.002624,完美世界
2019-09-30,2019-09-30,sz.002625,光启技术
2019-09-30,2019-09-30,sz.002673,西部证券
2019-09-30,2019-09-30,sz.002714,牧原股份
2019-09-30,2019-09-30,sz.002736,国信证券
2019-09-30,2019-09-30,sz.002739,万达电影
2019-09-30,2019-09-30,sz.002773,康弘药业
2019-09-30,2019-09-30,sz.002925,盈趣科技
2019-09-30,2019-09-30,sz.002938,鹏鼎控股
2019-09-30,2019-09-30,sz.002939,长城证券
2019-09-30,2019-09-30,sz.002945,华林证券
2019-09-30,2019-09-30,sz.300003,乐普医疗
2019-09-30,2019-09-30,sz.300015,爱尔眼科
2019-09-30,2019-09-30,sz.300017,网宿科技
2019-09-30,2019-09-30,sz.300024,机器人
2019-09-30,2019-09-30,sz.300033,同花顺
2019-09-30,2019-09-30,sz.300059,东方财富
2019-09-30,2019-09-30,sz.300070,碧水源
2019-09-30,2019-09-30,sz.300072,三聚环保
2019-09-30,2019-09-30,sz.300122,智飞生物
2019-09-30,2019-09-30,sz.300124,汇川技术
2019-09-30,2019-09-30,sz.300136,信维通信
2019-09-30,2019-09-30,sz.300142,沃森生物
2019-09-30,2019-09-30,sz.300144,宋城演艺
2019-09-30,2019-09-30,sz.300251,光线传媒
2019-09-30,2019-09-30,sz.300296,利亚德
2019-09-30,2019-09-30,sz.300408,三环集团
2019-09-30,2019-09-30,sz.300413,芒果超媒
2019-09-30,2019-09-30,sz.300433,蓝思科技
2019-09-30,2019-09-30,sz.300498,温氏股份
2019-10-31,2019-10-28,sh.600000,浦发银行
2019-10-31,2019-10-28,sh.600004,白云机场
2019-10-31,2019-10-28,sh.600009,上海机场
2019-10-31,2019-10-28,sh.600010,包钢股份
2019-10-31,2019-10-28,sh.600011,华能国际
2019-10-31,2019-10-28,sh.600015,华夏银行
2019-10-31,2019-10-28,sh.600016,民生银行
2019-10-31,2019-10-28,sh.600018,上港集团
2019-10-31,2019-10-28,sh.600019,宝钢股份
2019-10-31,2019-10-28,sh.600023,浙能电力
2019-10-31,2019-10-28,sh.600025,华能水电
2019-10-31,2019-10-28,sh.600027,华电国际
2019-10-31,2019-10-28,sh.600028,中国石化
2019-10-31,2019-10-28,sh.600029,南方航空
2019-10-31,2019-10-28,sh.600030,中信证券
2019-10-31,2019-10-28,sh.600031,三一重工
2019-10-31,2019-10-28,sh.600036,招商银行
2019-10-31,2019-10-28,sh.600038,中直股份
2019-10-31,2019-10-28,sh.600048,保利地产
2019-10-31,2019-10-28,sh.600050,中国联通
2019-10-31,2019-10-28,sh.600061,国投资本
2019-10-31,2019-10-28,sh.600066,宇通客车
2019-10-31,2019-10-28,sh.600068,葛洲坝
2019-10-31,2019-10-28,sh.600085,同仁堂
2019-10-31,2019-10-28,sh.600089,特变电工
2019-10-31,2019-10-28,sh.600100,同方股份
2019-10-31,2019-10-28,sh.600104,上汽集团
2019-10-31,2019-10-28,sh.600109,国金证券
2019-10-31,2019-10-28,sh.600111,北方稀土
2019-10-31,2019-10-28,sh.600115,东方航空
2019-10-31,2019-10-28,sh.600118,中国卫星
2019-10-31,2019-10-28,sh.600153,建发股份
2019-10-31,2019-10-28,sh.600170,上海建工
2019-10-31,2019-10-28,sh.600176,中国巨石
2019-10-31,2019-10-28,sh.600177,雅戈尔
2019-10-31,2019-10-28,sh.600188,兖州煤业
2019-10-31,2019-10-28,sh.600196,复星医药
2019-10-31,2019-10-28,sh.600208,新湖中宝
2019-10-31,2019-10-28,sh.600219,南山铝业
2019-10-31,2019-10-28,sh.600221,海航控股
2019-10-31,2019-10-28,sh.600233,圆通速递
2019-10-31,2019-10-28,sh.600271,航天信息
2019-10-31,2019-10-28,sh.600276,恒瑞医药
2019-10-31,2019-10-28,sh.600297,广汇汽车
2019-10-31,2019-10-28,sh.600299,安迪苏
2019-10-31,2019-10-28,sh.600309,万华化学
2019-10-31,2019-10-28,sh.600332,白云山
2019-10-31,2019-10-28,sh.600339,中油工程
2019-10-31,2019-10-28,sh.600340,华夏幸福
2019-10-31,2019-10-28,sh.600346,恒力石化
2019-10-31,2019-10-28,sh.600352,浙江龙盛
2019-10-31,2019-10-28,sh.600362,江西铜业
2019-10-31,2019-10-28,sh.600369,西南证券
2019-10-31,2019-10-28,sh.600372,中航电子
2019-10-31,2019-10-28,sh.600383,金地集团
2019-10-31,2019-10-28,sh.600390,五矿资本
2019-10-31,2019-10-28,sh.600398,海澜之家
2019-10-31,2019-10-28,sh.600406,国电南瑞
2019-10-31,2019-10-28,sh.600415,小商品城
2019-10-31,2019-10-28,sh.600436,片仔癀
2019-10-31,2019-10-28,sh.600438,通威股份
2019-10-31,2019-10-28,sh.600482,中国动力
2019-10-31,2019-10-28,sh.600487,亨通光电
2019-10-31,2019-10-28,sh.600489,中金黄金
2019-10-31,2019-10-28,sh.600498,烽火通信
2019-10-31,2019-10-28,sh.600516,方大炭素
2019-10-31,2019-10-28,sh.600519,贵州茅台
2019-10-31,2019-10-28,sh.600522,中天科技
2019-10-31,2019-10-28,sh.600535,天士力
2019-10-31,2019-10-28,sh.600547,山东黄金
2019-10-31,2019-10-28,sh.600566,济川药业
2019-10-31,2019-10-28,sh.600570,恒生电子
2019-10-31,2019-10-28,sh.600583,海油工程
2019-10-31,2019-10-28,sh.600585,海螺水泥
2019-10-31,2019-10-28,sh.600588,用友网络
2019-10-31,2019-10-28,sh.600606,绿地控股
2019-10-31,2019-10-28,sh.600637,东方明珠
2019-10-31,2019-10-28,sh.600660,福耀玻璃
2019-10-31,2019-10-28,sh.600663,陆家嘴
2019-10-31,2019-10-28,sh.600674,川投能源
2019-10-31,2019-10-28,sh.600688,上海石化
2019-10-31,2019-10-28,sh.600690,海尔智家
2019-10-31,2019-10-28,sh.600703,三安光电
2019-10-31,2019-10-28,sh.600704,物产中大
2019-10-31,2019-10-28,sh.600705,中航资本
2019-10-31,2019-10-28,sh.600733,北汽蓝谷
2019-10-31,2019-10-28,sh.600741,华域汽车
2019-10-31,2019-10-28,sh.600760,中航沈飞
2019-10-31,2019-10-28,sh.600795,国电电力
2019-10-31,2019-10-28,sh.600809,山西汾酒
2019-10-31,2019-10-28,sh.600816,安信信托
2019-10-31,2019-10-28,sh.600837,海通证券
2019-10-31,2019-10-28,sh.600867,通化东宝
2019-10-31,2019-10-28,sh.600886,国投电力
2019-10-31,2019-10-28,sh.600887,伊利股份
2019-10-31,2019-10-28,sh.600893,航发动力
2019-10-31,2019-10-28,sh.600900,长江电力
2019-10-31,2019-10-28,sh.600919,江苏银行
2019-10-31,2019-10-28,sh.600926,杭州银行
2019-10-31,2019-10-28,sh.600958,东方证券
2019-10-31,2019-10-28,sh.600977,中国电影
2019-10-31,2019-10-28,sh.600998,九州通
2019-10-31,2019-10-28,sh.600999,招商证券
2019-10-31,2019-10-28,sh.601006,大秦铁路
2019-10-31,2019-10-28,sh.601009,南京银行
2019-10-31,2019-10-28,sh.601012,隆基股份
2019-10-31,2019-10-28,sh.601018,宁波港
2019-10-31,2019-10-28,sh.601021,春秋航空
2019-10-31,2019-10-28,sh.601066,中信建投
2019-10-31,2019-10-28,sh.601088,中国神华
2019-10-31,2019-10-28,sh.601108,财通证券
2019-10-31,2019-10-28,sh.601111,中国国航
2019-10-31,2019-10-28,sh.601117,中国化学
2019-10-31,2019-10-28,sh.601138,工业富联
2019-10-31,2019-10-28,sh.601155,新城控股
2019-10-31,2019-10-28,sh.601162,天风证券
2019-10-31,2019-10-28,sh.601166,兴业银行
2019-10-31,2019-10-28,sh.601169,北京银行
2019-10-31,2019-10-28,sh.601186,中国铁建
2019-10-31,2019-10-28,sh.601198,东兴证券
2019-10-31,2019-10-28,sh.601211,国泰君安
2019-10-31,2019-10-28,sh.601212,白银有色
2019-10-31,2019-10-28,sh.601216,君正集团
2019-10-31,2019-10-28,sh.601225,陕西煤业
2019-10-31,2019-10-28,sh.601228,广州港
2019-10-31,2019-10-28,sh.601229,上海银行
2019-10-31,2019-10-28,sh.601238,广汽集团
2019-10-31,2019-10-28,sh.601288,农业银行
2019-10-31,2019-10-28,sh.601298,青岛港
2019-10-31,2019-10-28,sh.601318,中国平安
2019-10-31,2019-10-28,sh.601319,中国人保
2019-10-31,2019-10-28,sh.601328,交通银行
2019-10-31,2019-10-28,sh.601336,新华保险
2019-10-31,2019-10-28,sh.601360,三六零
2019-10-31,2019-10-28,sh.601377,兴业证券
2019-10-31,2019-10-28,sh.601390,中国中铁
2019-10-31,2019-10-28,sh.601398,工商银行
2019-10-31,2019-10-28,sh.601555,东吴证券
2019-10-31,2019-10-28,sh.601577,长沙银行
2019-10-31,2019-10-28,sh.601600,中国铝业
2019-10-31,2019-10-28,sh.601601,中国太保
2019-10-31,2019-10-28,sh.601607,上海医药
2019-10-31,2019-10-28,sh.601618,中国中冶
2019-10-31,2019-10-28,sh.601628,中国人寿
2019-10-31,2019-10-28,sh.601633,长城汽车
2019-10-31,2019-10-28,sh.601668,中国建筑
2019-10-31,2019-10-28,sh.601669,中国电建
2019-10-31,2019-10-28,sh.601688,华泰证券
2019-10-31,2019-10-28,sh.601727,上海电气
2019-10-31,2019-10-28,sh.601766,中国中车
2019-10-31,2019-10-28,sh.601788,光大证券
2019-10-31,2019-10-28,sh.601800,中国交建
2019-10-31,2019-10-28,sh.601808,中海油服
2019-10-31,2019-10-28,sh.601818,光大银行
2019-10-31,2019-10-28,sh.601828,美凯龙
2019-10-31,2019-10-28,sh.601838,成都银行
2019-10-31,2019-10-28,sh.601857,中国石油
2019-10-31,2019-10-28,sh.601877,正泰电器
2019-10-31,2019-10-28,sh.601878,浙商证券
2019-10-31,2019-10-28,sh.601881,中国银河
2019-10-31,2019-10-28,sh.601888,中国国旅
2019-10-31,2019-10-28,sh.601898,中煤能源
2019-10-31,2019-10-28,sh.601899,紫金矿业
2019-10-31,2019-10-28,sh.601901,方正证券
2019-10-31,2019-10-28,sh.601919,中远海控
2019-10-31,2019-10-28,sh.601933,永辉超市
2019-10-31,2019-10-28,sh.601939,建设银行
2019-10-31,2019-10-28,sh.601985,中国核电
2019-10-31,2019-10-28,sh.601988,中国银行
2019-10-31,2019-10-28,sh.601989,中国重工
2019-10-31,2019-10-28,sh.601992,金隅集团
2019-10-31,2019-10-28,sh.601997,贵阳银行
2019-10-31,2019-10-28,sh.601998,中信银行
2019-10-31,2019-10-28,sh.603019,中科曙光
2019-10-31,2019-10-28,sh.603156,养元饮品
2019-10-31,2019-10-28,sh.603160,汇顶科技
2019-10-31,2019-10-28,sh.603259,药明康德
2019-10-31,2019-10-28,sh.603260,合盛硅业
2019-10-31,2019-10-28,sh.603288,海天味业
2019-10-31,2019-10-28,sh.603799,华友钴业
2019-10-31,2019-10-28,sh.603833,欧派家居
2019-10-31,2019-10-28,sh.603858,步长制药
2019-10-31,2019-10-28,sh.603986,兆易创新
2019-10-31,2019-10-28,sh.603993,洛阳钼业
2019-10-31,2019-10-28,sz.000001,平安银行
2019-10-31,2019-10-28,sz.000002,万科A
2019-10-31,2019-10-28,sz.000063,中兴通讯
2019-10-31,2019-10-28,sz.000069,华侨城A
2019-10-31,2019-10-28,sz.000100,TCL集团
2019-10-31,2019-10-28,sz.000157,中联重科
2019-10-31,2019-10-28,sz.000166,申万宏源
2019-10-31,2019-10-28,sz.000333,美的集团
2019-10-31,2019-10-28,sz.000338,潍柴动力
2019-10-31,2019-10-28,sz.000402,金融街
2019-10-31,2019-10-28,sz.000408,藏格控股
2019-10-31,2019-10-28,sz.000413,东旭光电
2019-10-31,2019-10-28,sz.000415,渤海租赁
2019-10-31,2019-10-28,sz.000423,东阿阿胶
2019-10-31,2019-10-28,sz.000425,徐工机械
2019-10-31,2019-10-28,sz.000538,云南白药
2019-10-31,2019-10-28,sz.000553,安道麦A
2019-10-31,2019-10-28,sz.000568,泸州老窖
2019-10-31,2019-10-28,sz.000596,古井贡酒
2019-10-31,2019-10-28,sz.000625,长安汽车
2019-10-31,2019-10-28,sz.000627,天茂集团
2019-10-31,2019-10-28,sz.000629,攀钢钒钛
2019-10-31,2019-10-28,sz.000630,铜陵有色
2019-10-31,2019-10-28,sz.000651,格力电器
2019-10-31,2019-10-28,sz.000656,金科股份
2019-10-31,2019-10-28,sz.000661,长春高新
2019-10-31,2019-10-28,sz.000671,阳光城
2019-10-31,2019-10-28,sz.000703,恒逸石化
2019-10-31,2019-10-28,sz.000709,河钢股份
2019-10-31,2019-10-28,sz.000725,京东方A
2019-10-31,2019-10-28,sz.000728,国元证券
2019-10-31,2019-10-28,sz.000768,中航飞机
2019-10-31,2019-10-28,sz.000776,广发证券
2019-10-31,2019-10-28,sz.000783,长江证券
2019-10-31,2019-10-28,sz.000786,北新建材
2019-10-31,2019-10-28,sz.000858,五粮液
2019-10-31,2019-10-28,sz.000876,新希望
2019-10-31,2019-10-28,sz.000895,双汇发展
2019-10-31,2019-10-28,sz.000898,鞍钢股份
2019-10-31,2019-10-28,sz.000938,紫光股份
2019-10-31,2019-10-28,sz.000961,中南建设
2019-10-31,2019-10-28,sz.000963,华东医药
2019-10-31,2019-10-28,sz.001979,招商蛇口
2019-10-31,2019-10-28,sz.002001,新和成
2019-10-31,2019-10-28,sz.002007,华兰生物
2019-10-31,2019-10-28,sz.002008,大族激光
2019-10-31,2019-10-28,sz.002010,传化智联
2019-10-31,2019-10-28,sz.002024,苏宁易购
2019-10-31,2019-10-28,sz.002027,分众传媒
2019-10-31,2019-10-28,sz.002032,苏泊尔
2019-10-31,2019-10-28,sz.002044,美年健康
2019-10-31,2019-10-28,sz.002050,三花智控
2019-10-31,2019-10-28,sz.002065,东华软件
2019-10-31,2019-10-28,sz.002081,金螳螂
2019-10-31,2019-10-28,sz.002120,韵达股份
2019-10-31,2019-10-28,sz.002142,宁波银行
2019-10-31,2019-10-28,sz.002146,荣盛发展
2019-10-31,2019-10-28,sz.002153,石基信息
2019-10-31,2019-10-28,sz.002179,中航光电
2019-10-31,2019-10-28,sz.002202,金风科技
2019-10-31,2019-10-28,sz.002230,科大讯飞
2019-10-31,2019-10-28,sz.002236,大华股份
2019-10-31,2019-10-28,sz.002241,歌尔股份
2019-10-31,2019-10-28,sz.002252,上海莱士
2019-10-31,2019-10-28,sz.002271,东方雨虹
2019-10-31,2019-10-28,sz.002294,信立泰
2019-10-31,2019-10-28,sz.002304,洋河股份
2019-10-31,2019-10-28,sz.002310,东方园林
2019-10-31,2019-10-28,sz.002311,海大集团
2019-10-31,2019-10-28,sz.002352,顺丰控股
2019-10-31,2019-10-28,sz.002410,广联达
2019-10-31,2019-10-28,sz.002411,延安必康
2019-10-31,2019-10-28,sz.002415,海康威视
2019-10-31,2019-10-28,sz.002422,科伦药业
2019-10-31,2019-10-28,sz.002456,欧菲光
2019-10-31,2019-10-28,sz.002460,赣锋锂业
2019-10-31,2019-10-28,sz.002466,天齐锂业
2019-10-31,2019-10-28,sz.002468,申通快递
2019-10-31,2019-10-28,sz.002475,立讯精密
2019-10-31,2019-10-28,sz.002493,荣盛石化
2019-10-31,2019-10-28,sz.002508,老板电器
2019-10-31,2019-10-28,sz.002555,三七互娱
2019-10-31,2019-10-28,sz.002558,巨人网络
2019-10-31,2019-10-28,sz.002594,比亚迪
2019-10-31,2019-10-28,sz.002601,龙蟒佰利
2019-10-31,2019-10-28,sz.002602,世纪华通
2019-10-31,2019-10-28,sz.002624,完美世界
2019-10-31,2019-10-28,sz.002625,光启技术
2019-10-31,2019-10-28,sz.002673,西部证券
2019-10-31,2019-10-28,sz.002714,牧原股份
2019-10-31,2019-10-28,sz.002736,国信证券
2019-10-31,2019-10-28,sz.002739,万达电影
2019-10-31,2019-10-28,sz.002773,康弘药业
2019-10-31,2019-10-28,sz.002925,盈趣科技
2019-10-31,2019-10-28,sz.002938,鹏鼎控股
2019-10-31,2019-10-28,sz.002939,长城证券
2019-10-31,2019-10-28,sz.002945,华林证券
2019-10-31,2019-10-28,sz.300003,乐普医疗
2019-10-31,2019-10-28,sz.300015,爱尔眼科
2019-10-31,2019-10-28,sz.300017,网宿科技
2019-10-31,2019-10-28,sz.300024,机器人
2019-10-31,2019-10-28,sz.300033,同花顺
2019-10-31,2019-10-28,sz.300059,东方财富
2019-10-31,2019-10-28,sz.300070,碧水源
2019-10-31,2019-10-28,sz.300072,三聚环保
2019-10-31,2019-10-28,sz.300122,智飞生物
2019-10-31,2019-10-28,sz.300124,汇川技术
2019-10-31,2019-10-28,sz.300136,信维通信
2019-10-31,2019-10-28,sz.300142,沃森生物
2019-10-31,2019-10-28,sz.300144,宋城演艺
2019-10-31,2019-10-28,sz.300251,光线传媒
2019-10-31,2019-10-28,sz.300296,利亚德
2019-10-31,2019-10-28,sz.300408,三环集团
2019-10-31,2019-10-28,sz.300413,芒果超媒
2019-10-31,2019-10-28,sz.300433,蓝思科技
2019-10-31,2019-10-28,sz.300498,温氏股份
2019-11-30,2019-11-25,sh.600000,浦发银行
2019-11-30,2019-11-25,sh.600004,白云机场
2019-11-30,2019-11-25,sh.600009,上海机场
2019-11-30,2019-11-25,sh.600010,包钢股份
2019-11-30,2019-11-25,sh.600011,华能国际
2019-11-30,2019-11-25,sh.600015,华夏银行
2019-11-30,2019-11-25,sh.600016,民生银行
2019-11-30,2019-11-25,sh.600018,上港集团
2019-11-30,2019-11-25,sh.600019,宝钢股份
2019-11-30,2019-11-25,sh.600023,浙能电力
2019-11-30,2019-11-25,sh.600025,华能水电
2019-11-30,2019-11-25,sh.600027,华电国际
2019-11-30,2019-11-25,sh.600028,中国石化
2019-11-30,2019-11-25,sh.600029,南方航空
2019-11-30,2019-11-25,sh.600030,中信证券
2019-11-30,2019-11-25,sh.600031,三一重工
2019-11-30,2019-11-25,sh.600036,招商银行
2019-11-30,2019-11-25,sh.600038,中直股份
2019-11-30,2019-11-25,sh.600048,保利地产
2019-11-30,2019-11-25,sh.600050,中国联通
2019-11-30,2019-11-25,sh.600061,国投资本
2019-11-30,2019-11-25,sh.600066,宇通客车
2019-11-30,2019-11-25,sh.600068,葛洲坝
2019-11-30,2019-11-25,sh.600085,同仁堂
2019-11-30,2019-11-25,sh.600089,特变电工
2019-11-30,2019-11-25,sh.600100,同方股份
2019-11-30,2019-11-25,sh.600104,上汽集团
2019-11-30,2019-11-25,sh.600109,国金证券
2019-11-30,2019-11-25,sh.600111,北方稀土
2019-11-30,2019-11-25,sh.600115,东方航空
2019-11-30,2019-11-25,sh.600118,中国卫星
2019-11-30,2019-11-25,sh.600153,建发股份
2019-11-30,2019-11-25,sh.600170,上海建工
2019-11-30,2019-11-25,sh.600176,中国巨石
2019-11-30,2019-11-25,sh.600177,雅戈尔
2019-11-30,2019-11-25,sh.600188,兖州煤业
2019-11-30,2019-11-25,sh.600196,复星医药
2019-11-30,2019-11-25,sh.600208,新湖中宝
2019-11-30,2019-11-25,sh.600219,南山铝业
2019-11-30,2019-11-25,sh.600221,海航控股
2019-11-30,2019-11-25,sh.600233,圆通速递
2019-11-30,2019-11-25,sh.600271,航天信息
2019-11-30,2019-11-25,sh.600276,恒瑞医药
2019-11-30,2019-11-25,sh.600297,广汇汽车
2019-11-30,2019-11-25,sh.600299,安迪苏
2019-11-30,2019-11-25,sh.600309,万华化学
2019-11-30,2019-11-25,sh.600332,白云山
2019-11-30,2019-11-25,sh.600339,中油工程
2019-11-30,2019-11-25,sh.600340,华夏幸福
2019-11-30,2019-11-25,sh.600346,恒力石化
2019-11-30,2019-11-25,sh.600352,浙江龙盛
2019-11-30,2019-11-25,sh.600362,江西铜业
2019-11-30,2019-11-25,sh.600369,西南证券
2019-11-30,2019-11-25,sh.600372,中航电子
2019-11-30,2019-11-25,sh.600383,金地集团
2019-11-30,2019-11-25,sh.600390,五矿资本
2019-11-30,2019-11-25,sh.600398,海澜之家
2019-11-30,2019-11-25,sh.600406,国电南瑞
2019-11-30,2019-11-25,sh.600415,小商品城
2019-11-30,2019-11-25,sh.600436,片仔癀
2019-11-30,2019-11-25,sh.600438,通威股份
2019-11-30,2019-11-25,sh.600482,中国动力
2019-11-30,2019-11-25,sh.600487,亨通光电
2019-11-30,2019-11-25,sh.600489,中金黄金
2019-11-30,2019-11-25,sh.600498,烽火通信
2019-11-30,2019-11-25,sh.600516,方大炭素
2019-11-30,2019-11-25,sh.600519,贵州茅台
2019-11-30,2019-11-25,sh.600522,中天科技
2019-11-30,2019-11-25,sh.600535,天士力
2019-11-30,2019-11-25,sh.600547,山东黄金
2019-11-30,2019-11-25,sh.600566,济川药业
2019-11-30,2019-11-25,sh.600570,恒生电子
2019-11-30,2019-11-25,sh.600583,海油工程
2019-11-30,2019-11-25,sh.600585,海螺水泥
2019-11-30,2019-11-25,sh.600588,用友网络
2019-11-30,2019-11-25,sh.600606,绿地控股
2019-11-30,2019-11-25,sh.600637,东方明珠
2019-11-30,2019-11-25,sh.600660,福耀玻璃
2019-11-30,2019-11-25,sh.600663,陆家嘴
2019-11-30,2019-11-25,sh.600674,川投能源
2019-11-30,2019-11-25,sh.600688,上海石化
2019-11-30,2019-11-25,sh.600690,海尔智家
2019-11-30,2019-11-25,sh.600703,三安光电
2019-11-30,2019-11-25,sh.600704,物产中大
2019-11-30,2019-11-25,sh.600705,中航资本
2019-11-30,2019-11-25,sh.600733,北汽蓝谷
2019-11-30,2019-11-25,sh.600741,华域汽车
2019-11-30,2019-11-25,sh.600760,中航沈飞
2019-11-30,2019-11-25,sh.600795,国电电力
2019-11-30,2019-11-25,sh.600809,山西汾酒
2019-11-30,2019-11-25,sh.600816,安信信托
2019-11-30,2019-11-25,sh.600837,海通证券
2019-11-30,2019-11-25,sh.600867,通化东宝
2019-11-30,2019-11-25,sh.600886,国投电力
2019-11-30,2019-11-25,sh.600887,伊利股份
2019-11-30,2019-11-25,sh.600893,航发动力
2019-11-30,2019-11-25,sh.600900,长江电力
2019-11-30,2019-11-25,sh.600919,江苏银行
2019-11-30,2019-11-25,sh.600926,杭州银行
2019-11-30,2019-11-25,sh.600958,东方证券
2019-11-30,2019-11-25,sh.600977,中国电影
2019-11-30,2019-11-25,sh.600998,九州通
2019-11-30,2019-11-25,sh.600999,招商证券
2019-11-30,2019-11-25,sh.601006,大秦铁路
2019-11-30,2019-11-25,sh.601009,南京银行
2019-11-30,2019-11-25,sh.601012,隆基股份
2019-11-30,2019-11-25,sh.601018,宁波港
2019-11-30,2019-11-25,sh.601021,春秋航空
2019-11-30,2019-11-25,sh.601066,中信建投
2019-11-30,2019-11-25,sh.601088,中国神华
2019-11-30,2019-11-25,sh.601108,财通证券
2019-11-30,2019-11-25,sh.601111,中国国航
2019-11-30,2019-11-25,sh.601117,中国化学
2019-11-30,2019-11-25,sh.601138,工业富联
2019-11-30,2019-11-25,sh.601155,新城控股
2019-11-30,2019-11-25,sh.601162,天风证券
2019-11-30,2019-11-25,sh.601166,兴业银行
2019-11-30,2019-11-25,sh.601169,北京银行
2019-11-30,2019-11-25,sh.601186,中国铁建
2019-11-30,2019-11-25,sh.601198,东兴证券
2019-11-30,2019-11-25,sh.601211,国泰君安
2019-11-30,2019-11-25,sh.601212,白银有色
2019-11-30,2019-11-25,sh.601216,君正集团
2019-11-30,2019-11-25,sh.601225,陕西煤业
2019-11-30,2019-11-25,sh.601228,广州港
2019-11-30,2019-11-25,sh.601229,上海银行
2019-11-30,2019-11-25,sh.601238,广汽集团
2019-11-30,2019-11-25,sh.601288,农业银行
2019-11-30,2019-11-25,sh.601298,青岛港
2019-11-30,2019-11-25,sh.601318,中国平安
2019-11-30,2019-11-25,sh.601319,中国人保
2019-11-30,2019-11-25,sh.601328,交通银行
2019-11-30,2019-11-25,sh.601336,新华保险
2019-11-30,2019-11-25,sh.601360,三六零
2019-11-30,2019-11-25,sh.601377,兴业证券
2019-11-30,2019-11-25,sh.601390,中国中铁
2019-11-30,2019-11-25,sh.601398,工商银行
2019-11-30,2019-11-25,sh.601555,东吴证券
2019-11-30,2019-11-25,sh.601577,长沙银行
2019-11-30,2019-11-25,sh.601600,中国铝业
2019-11-30,2019-11-25,sh.601601,中国太保
2019-11-30,2019-11-25,sh.601607,上海医药
2019-11-30,2019-11-25,sh.601618,中国中冶
2019-11-30,2019-11-25,sh.601628,中国人寿
2019-11-30,2019-11-25,sh.601633,长城汽车
2019-11-30,2019-11-25,sh.601668,中国建筑
2019-11-30,2019-11-25,sh.601669,中国电建
2019-11-30,2019-11-25,sh.601688,华泰证券
2019-11-30,2019-11-25,sh.601727,上海电气
2019-11-30,2019-11-25,sh.601766,中国中车
2019-11-30,2019-11-25,sh.601788,光大证券
2019-11-30,2019-11-25,sh.601800,中国交建
2019-11-30,2019-11-25,sh.601808,中海油服
2019-11-30,2019-11-25,sh.601818,光大银行
2019-11-30,2019-11-25,sh.601828,美凯龙
2019-11-30,2019-11-25,sh.601838,成都银行
2019-11-30,2019-11-25,sh.601857,中国石油
2019-11-30,2019-11-25,sh.601877,正泰电器
2019-11-30,2019-11-25,sh.601878,浙商证券
2019-11-30,2019-11-25,sh.601881,中国银河
2019-11-30,2019-11-25,sh.601888,中国国旅
2019-11-30,2019-11-25,sh.601898,中煤能源
2019-11-30,2019-11-25,sh.601899,紫金矿业
2019-11-30,2019-11-25,sh.601901,方正证券
2019-11-30,2019-11-25,sh.601919,中远海控
2019-11-30,2019-11-25,sh.601933,永辉超市
2019-11-30,2019-11-25,sh.601939,建设银行
2019-11-30,2019-11-25,sh.601985,中国核电
2019-11-30,2019-11-25,sh.601988,中国银行
2019-11-30,2019-11-25,sh.601989,中国重工
2019-11-30,2019-11-25,sh.601992,金隅集团
2019-11-30,2019-11-25,sh.601997,贵阳银行
2019-11-30,2019-11-25,sh.601998,中信银行
2019-11-30,2019-11-25,sh.603019,中科曙光
2019-11-30,2019-11-25,sh.603156,养元饮品
2019-11-30,2019-11-25,sh.603160,汇顶科技
2019-11-30,2019-11-25,sh.603259,药明康德
2019-11-30,2019-11-25,sh.603260,合盛硅业
2019-11-30,2019-11-25,sh.603288,海天味业
2019-11-30,2019-11-25,sh.603799,华友钴业
2019-11-30,2019-11-25,sh.603833,欧派家居
2019-11-30,2019-11-25,sh.603858,步长制药
2019-11-30,2019-11-25,sh.603986,兆易创新
2019-11-30,2019-11-25,sh.603993,洛阳钼业
2019-11-30,2019-11-25,sz.000001,平安银行
2019-11-30,2019-11-25,sz.000002,万科A
2019-11-30,2019-11-25,sz.000063,中兴通讯
2019-11-30,2019-11-25,sz.000069,华侨城A
2019-11-30,2019-11-25,sz.000100,TCL集团
2019-11-30,2019-11-25,sz.000157,中联重科
2019-11-30,2019-11-25,sz.000166,申万宏源
2019-11-30,2019-11-25,sz.000333,美的集团
2019-11-30,2019-11-25,sz.000338,潍柴动力
2019-11-30,2019-11-25,sz.000402,金融街
2019-11-30,2019-11-25,sz.000408,藏格控股
2019-11-30,2019-11-25,sz.000413,东旭光电
2019-11-30,2019-11-25,sz.000415,渤海租赁
2019-11-30,2019-11-25,sz.000423,东阿阿胶
2019-11-30,2019-11-25,sz.000425,徐工机械
2019-11-30,2019-11-25,sz.000538,云南白药
2019-11-30,2019-11-25,sz.000553,安道麦A
2019-11-30,2019-11-25,sz.000568,泸州老窖
2019-11-30,2019-11-25,sz.000596,古井贡酒
2019-11-30,2019-11-25,sz.000625,长安汽车
2019-11-30,2019-11-25,sz.000627,天茂集团
2019-11-30,2019-11-25,sz.000629,攀钢钒钛
2019-11-30,2019-11-25,sz.000630,铜陵有色
2019-11-30,2019-11-25,sz.000651,格力电器
2019-11-30,2019-11-25,sz.000656,金科股份
2019-11-30,2019-11-25,sz.000661,长春高新
2019-11-30,2019-11-25,sz.000671,阳光城
2019-11-30,2019-11-25,sz.000703,恒逸石化
2019-11-30,2019-11-25,sz.000709,河钢股份
2019-11-30,2019-11-25,sz.000725,京东方A
2019-11-30,2019-11-25,sz.000728,国元证券
2019-11-30,2019-11-25,sz.000768,中航飞机
2019-11-30,2019-11-25,sz.000776,广发证券
2019-11-30,2019-11-25,sz.000783,长江证券
2019-11-30,2019-11-25,sz.000786,北新建材
2019-11-30,2019-11-25,sz.000858,五粮液
2019-11-30,2019-11-25,sz.000876,新希望
2019-11-30,2019-11-25,sz.000895,双汇发展
2019-11-30,2019-11-25,sz.000898,鞍钢股份
2019-11-30,2019-11-25,sz.000938,紫光股份
2019-11-30,2019-11-25,sz.000961,中南建设
2019-11-30,2019-11-25,sz.000963,华东医药
2019-11-30,2019-11-25,sz.001979,招商蛇口
2019-11-30,2019-11-25,sz.002001,新和成
2019-11-30,2019-11-25,sz.002007,华兰生物
2019-11-30,2019-11-25,sz.002008,大族激光
2019-11-30,2019-11-25,sz.002010,传化智联
2019-11-30,2019-11-25,sz.002024,苏宁易购
2019-11-30,2019-11-25,sz.002027,分众传媒
2019-11-30,2019-11-25,sz.002032,苏泊尔
2019-11-30,2019-11-25,sz.002044,美年健康
2019-11-30,2019-11-25,sz.002050,三花智控
2019-11-30,2019-11-25,sz.002065,东华软件
2019-11-30,2019-11-25,sz.002081,金螳螂
2019-11-30,2019-11-25,sz.002120,韵达股份
2019-11-30,2019-11-25,sz.002142,宁波银行
2019-11-30,2019-11-25,sz.002146,荣盛发展
2019-11-30,2019-11-25,sz.002153,石基信息
2019-11-30,2019-11-25,sz.002179,中航光电
2019-11-30,2019-11-25,sz.002202,金风科技
2019-11-30,2019-11-25,sz.002230,科大讯飞
2019-11-30,2019-11-25,sz.002236,大华股份
2019-11-30,2019-11-25,sz.002241,歌尔股份
2019-11-30,2019-11-25,sz.002252,上海莱士
2019-11-30,2019-11-25,sz.002271,东方雨虹
2019-11-30,2019-11-25,sz.002294,信立泰
2019-11-30,2019-11-25,sz.002304,洋河股份
2019-11-30,2019-11-25,sz.002310,东方园林
2019-11-30,2019-11-25,sz.002311,海大集团
2019-11-30,2019-11-25,sz.002352,顺丰控股
2019-11-30,2019-11-25,sz.002410,广联达
2019-11-30,2019-11-25,sz.002411,延安必康
2019-11-30,2019-11-25,sz.002415,海康威视
2019-11-30,2019-11-25,sz.002422,科伦药业
2019-11-30,2019-11-25,sz.002456,欧菲光
2019-11-30,2019-11-25,sz.002460,赣锋锂业
2019-11-30,2019-11-25,sz.002466,天齐锂业
2019-11-30,2019-11-25,sz.002468,申通快递
2019-11-30,2019-11-25,sz.002475,立讯精密
2019-11-30,2019-11-25,sz.002493,荣盛石化
2019-11-30,2019-11-25,sz.002508,老板电器
2019-11-30,2019-11-25,sz.002555,三七互娱
2019-11-30,2019-11-25,sz.002558,巨人网络
2019-11-30,2019-11-25,sz.002594,比亚迪
2019-11-30,2019-11-25,sz.002601,龙蟒佰利
2019-11-30,2019-11-25,sz.002602,世纪华通
2019-11-30,2019-11-25,sz.002624,完美世界
2019-11-30,2019-11-25,sz.002625,光启技术
2019-11-30,2019-11-25,sz.002673,西部证券
2019-11-30,2019-11-25,sz.002714,牧原股份
2019-11-30,2019-11-25,sz.002736,国信证券
2019-11-30,2019-11-25,sz.002739,万达电影
2019-11-30,2019-11-25,sz.002773,康弘药业
2019-11-30,2019-11-25,sz.002925,盈趣科技
2019-11-30,2019-11-25,sz.002938,鹏鼎控股
2019-11-30,2019-11-25,sz.002939,长城证券
2019-11-30,2019-11-25,sz.002945,华林证券
2019-11-30,2019-11-25,sz.300003,乐普医疗
2019-11-30,2019-11-25,sz.300015,爱尔眼科
2019-11-30,2019-11-25,sz.300017,网宿科技
2019-11-30,2019-11-25,sz.300024,机器人
2019-11-30,2019-11-25,sz.300033,同花顺
2019-11-30,2019-11-25,sz.300059,东方财富
2019-11-30,2019-11-25,sz.300070,碧水源
2019-11-30,2019-11-25,sz.300072,三聚环保
2019-11-30,2019-11-25,sz.300122,智飞生物
2019-11-30,2019-11-25,sz.300124,汇川技术
2019-11-30,2019-11-25,sz.300136,信维通信
2019-11-30,2019-11-25,sz.300142,沃森生物
2019-11-30,2019-11-25,sz.300144,宋城演艺
2019-11-30,2019-11-25,sz.300251,光线传媒
2019-11-30,2019-11-25,sz.300296,利亚德
2019-11-30,2019-11-25,sz.300408,三环集团
2019-11-30,2019-11-25,sz.300413,芒果超媒
2019-11-30,2019-11-25,sz.300433,蓝思科技
2019-11-30,2019-11-25,sz.300498,温氏股份
2019-12-31,2019-12-30,sh.600000,浦发银行
2019-12-31,2019-12-30,sh.600004,白云机场
2019-12-31,2019-12-30,sh.600009,上海机场
2019-12-31,2019-12-30,sh.600010,包钢股份
2019-12-31,2019-12-30,sh.600011,华能国际
2019-12-31,2019-12-30,sh.600015,华夏银行
2019-12-31,2019-12-30,sh.600016,民生银行
2019-12-31,2019-12-30,sh.600018,上港集团
2019-12-31,2019-12-30,sh.600019,宝钢股份
2019-12-31,2019-12-30,sh.600023,浙能电力
2019-12-31,2019-12-30,sh.600025,华能水电
2019-12-31,2019-12-30,sh.600027,华电国际
2019-12-31,2019-12-30,sh.600028,中国石化
2019-12-31,2019-12-30,sh.600029,南方航空
2019-12-31,2019-12-30,sh.600030,中信证券
2019-12-31,2019-12-30,sh.600031,三一重工
2019-12-31,2019-12-30,sh.600036,招商银行
2019-12-31,2019-12-30,sh.600038,中直股份
2019-12-31,2019-12-30,sh.600048,保利地产
2019-12-31,2019-12-30,sh.600050,中国联通
2019-12-31,2019-12-30,sh.600061,国投资本
2019-12-31,2019-12-30,sh.600066,宇通客车
2019-12-31,2019-12-30,sh.600068,葛洲坝
2019-12-31,2019-12-30,sh.600085,同仁堂
2019-12-31,2019-12-30,sh.600089,特变电工
2019-12-31,2019-12-30,sh.600100,同方股份
2019-12-31,2019-12-30,sh.600104,上汽集团
2019-12-31,2019-12-30,sh.600109,国金证券
2019-12-31,2019-12-30,sh.600111,北方稀土
2019-12-31,2019-12-30,sh.600115,东方航空
2019-12-31,2019-12-30,sh.600118,中国卫星
2019-12-31,2019-12-30,sh.600153,建发股份
2019-12-31,2019-12-30,sh.600170,上海建工
2019-12-31,2019-12-30,sh.600176,中国巨石
2019-12-31,2019-12-30,sh.600177,雅戈尔
2019-12-31,2019-12-30,sh.600183,生益科技
2019-12-31,2019-12-30,sh.600188,兖州煤业
2019-12-31,2019-12-30,sh.600196,复星医药
2019-12-31,2019-12-30,sh.600208,新湖中宝
2019-12-31,2019-12-30,sh.600219,南山铝业
2019-12-31,2019-12-30,sh.600221,海航控股
2019-12-31,2019-12-30,sh.600233,圆通速递
2019-12-31,2019-12-30,sh.600271,航天信息
2019-12-31,2019-12-30,sh.600276,恒瑞医药
2019-12-31,2019-12-30,sh.600297,广汇汽车
2019-12-31,2019-12-30,sh.600299,安迪苏
2019-12-31,2019-12-30,sh.600309,万华化学
2019-12-31,2019-12-30,sh.600332,白云山
2019-12-31,2019-12-30,sh.600340,华夏幸福
2019-12-31,2019-12-30,sh.600346,恒力石化
2019-12-31,2019-12-30,sh.600352,浙江龙盛
2019-12-31,2019-12-30,sh.600362,江西铜业
2019-12-31,2019-12-30,sh.600369,西南证券
2019-12-31,2019-12-30,sh.600372,中航电子
2019-12-31,2019-12-30,sh.600383,金地集团
2019-12-31,2019-12-30,sh.600390,五矿资本
2019-12-31,2019-12-30,sh.600398,海澜之家
2019-12-31,2019-12-30,sh.600406,国电南瑞
2019-12-31,2019-12-30,sh.600436,片仔癀
2019-12-31,2019-12-30,sh.600438,通威股份
2019-12-31,2019-12-30,sh.600482,中国动力
2019-12-31,2019-12-30,sh.600487,亨通光电
2019-12-31,2019-12-30,sh.600489,中金黄金
2019-12-31,2019-12-30,sh.600498,烽火通信
2019-12-31,2019-12-30,sh.600516,方大炭素
2019-12-31,2019-12-30,sh.600519,贵州茅台
2019-12-31,2019-12-30,sh.600522,中天科技
2019-12-31,2019-12-30,sh.600535,天士力
2019-12-31,2019-12-30,sh.600547,山东黄金
2019-12-31,2019-12-30,sh.600566,济川药业
2019-12-31,2019-12-30,sh.600570,恒生电子
2019-12-31,2019-12-30,sh.600583,海油工程
2019-12-31,2019-12-30,sh.600585,海螺水泥
2019-12-31,2019-12-30,sh.600588,用友网络
2019-12-31,2019-12-30,sh.600606,绿地控股
2019-12-31,2019-12-30,sh.600637,东方明珠
2019-12-31,2019-12-30,sh.600655,豫园股份
2019-12-31,2019-12-30,sh.600660,福耀玻璃
2019-12-31,2019-12-30,sh.600663,陆家嘴
2019-12-31,2019-12-30,sh.600674,川投能源
2019-12-31,2019-12-30,sh.600690,海尔智家
2019-12-31,2019-12-30,sh.600703,三安光电
2019-12-31,2019-12-30,sh.600705,中航资本
2019-12-31,2019-12-30,sh.600733,北汽蓝谷
2019-12-31,2019-12-30,sh.600741,华域汽车
2019-12-31,2019-12-30,sh.600760,中航沈飞
2019-12-31,2019-12-30,sh.600795,国电电力
2019-12-31,2019-12-30,sh.600809,山西汾酒
2019-12-31,2019-12-30,sh.600816,安信信托
2019-12-31,2019-12-30,sh.600837,海通证券
2019-12-31,2019-12-30,sh.600848,上海临港
2019-12-31,2019-12-30,sh.600867,通化东宝
2019-12-31,2019-12-30,sh.600886,国投电力
2019-12-31,2019-12-30,sh.600887,伊利股份
2019-12-31,2019-12-30,sh.600893,航发动力
2019-12-31,2019-12-30,sh.600900,长江电力
2019-12-31,2019-12-30,sh.600919,江苏银行
2019-12-31,2019-12-30,sh.600926,杭州银行
2019-12-31,2019-12-30,sh.600928,西安银行
2019-12-31,2019-12-30,sh.600958,东方证券
2019-12-31,2019-12-30,sh.600968,海油发展
2019-12-31,2019-12-30,sh.600977,中国电影
2019-12-31,2019-12-30,sh.600989,宝丰能源
2019-12-31,2019-12-30,sh.600998,九州通
2019-12-31,2019-12-30,sh.600999,招商证券
2019-12-31,2019-12-30,sh.601006,大秦铁路
2019-12-31,2019-12-30,sh.601009,南京银行
2019-12-31,2019-12-30,sh.601012,隆基股份
2019-12-31,2019-12-30,sh.601018,宁波港
2019-12-31,2019-12-30,sh.601021,春秋航空
2019-12-31,2019-12-30,sh.601066,中信建投
2019-12-31,2019-12-30,sh.601088,中国神华
2019-12-31,2019-12-30,sh.601108,财通证券
2019-12-31,2019-12-30,sh.601111,中国国航
2019-12-31,2019-12-30,sh.601117,中国化学
2019-12-31,2019-12-30,sh.601138,工业富联
2019-12-31,2019-12-30,sh.601155,新城控股
2019-12-31,2019-12-30,sh.601162,天风证券
2019-12-31,2019-12-30,sh.601166,兴业银行
2019-12-31,2019-12-30,sh.601169,北京银行
2019-12-31,2019-12-30,sh.601186,中国铁建
2019-12-31,2019-12-30,sh.601198,东兴证券
2019-12-31,2019-12-30,sh.601211,国泰君安
2019-12-31,2019-12-30,sh.601212,白银有色
2019-12-31,2019-12-30,sh.601216,君正集团
2019-12-31,2019-12-30,sh.601225,陕西煤业
2019-12-31,2019-12-30,sh.601229,上海银行
2019-12-31,2019-12-30,sh.601236,红塔证券
2019-12-31,2019-12-30,sh.601238,广汽集团
2019-12-31,2019-12-30,sh.601288,农业银行
2019-12-31,2019-12-30,sh.601298,青岛港
2019-12-31,2019-12-30,sh.601318,中国平安
2019-12-31,2019-12-30,sh.601319,中国人保
2019-12-31,2019-12-30,sh.601328,交通银行
2019-12-31,2019-12-30,sh.601336,新华保险
2019-12-31,2019-12-30,sh.601360,三六零
2019-12-31,2019-12-30,sh.601377,兴业证券
2019-12-31,2019-12-30,sh.601390,中国中铁
2019-12-31,2019-12-30,sh.601398,工商银行
2019-12-31,2019-12-30,sh.601555,东吴证券
2019-12-31,2019-12-30,sh.601577,长沙银行
2019-12-31,2019-12-30,sh.601600,中国铝业
2019-12-31,2019-12-30,sh.601601,中国太保
2019-12-31,2019-12-30,sh.601607,上海医药
2019-12-31,2019-12-30,sh.601618,中国中冶
2019-12-31,2019-12-30,sh.601628,中国人寿
2019-12-31,2019-12-30,sh.601633,长城汽车
2019-12-31,2019-12-30,sh.601668,中国建筑
2019-12-31,2019-12-30,sh.601669,中国电建
2019-12-31,2019-12-30,sh.601688,华泰证券
2019-12-31,2019-12-30,sh.601698,中国卫通
2019-12-31,2019-12-30,sh.601727,上海电气
2019-12-31,2019-12-30,sh.601766,中国中车
2019-12-31,2019-12-30,sh.601788,光大证券
2019-12-31,2019-12-30,sh.601800,中国交建
2019-12-31,2019-12-30,sh.601808,中海油服
2019-12-31,2019-12-30,sh.601818,光大银行
2019-12-31,2019-12-30,sh.601828,美凯龙
2019-12-31,2019-12-30,sh.601838,成都银行
2019-12-31,2019-12-30,sh.601857,中国石油
2019-12-31,2019-12-30,sh.601877,正泰电器
2019-12-31,2019-12-30,sh.601878,浙商证券
2019-12-31,2019-12-30,sh.601881,中国银河
2019-12-31,2019-12-30,sh.601888,中国国旅
2019-12-31,2019-12-30,sh.601898,中煤能源
2019-12-31,2019-12-30,sh.601899,紫金矿业
2019-12-31,2019-12-30,sh.601901,方正证券
2019-12-31,2019-12-30,sh.601919,中远海控
2019-12-31,2019-12-30,sh.601933,永辉超市
2019-12-31,2019-12-30,sh.601939,建设银行
2019-12-31,2019-12-30,sh.601985,中国核电
2019-12-31,2019-12-30,sh.601988,中国银行
2019-12-31,2019-12-30,sh.601989,中国重工
2019-12-31,2019-12-30,sh.601992,金隅集团
2019-12-31,2019-12-30,sh.601997,贵阳银行
2019-12-31,2019-12-30,sh.601998,中信银行
2019-12-31,2019-12-30,sh.603019,中科曙光
2019-12-31,2019-12-30,sh.603156,养元饮品
2019-12-31,2019-12-30,sh.603160,汇顶科技
2019-12-31,2019-12-30,sh.603259,药明康德
2019-12-31,2019-12-30,sh.603260,合盛硅业
2019-12-31,2019-12-30,sh.603288,海天味业
2019-12-31,2019-12-30,sh.603501,韦尔股份
2019-12-31,2019-12-30,sh.603799,华友钴业
2019-12-31,2019-12-30,sh.603833,欧派家居
2019-12-31,2019-12-30,sh.603899,晨光文具
2019-12-31,2019-12-30,sh.603986,兆易创新
2019-12-31,2019-12-30,sh.603993,洛阳钼业
2019-12-31,2019-12-30,sz.000001,平安银行
2019-12-31,2019-12-30,sz.000002,万科A
2019-12-31,2019-12-30,sz.000063,中兴通讯
2019-12-31,2019-12-30,sz.000069,华侨城A
2019-12-31,2019-12-30,sz.000100,TCL集团
2019-12-31,2019-12-30,sz.000157,中联重科
2019-12-31,2019-12-30,sz.000166,申万宏源
2019-12-31,2019-12-30,sz.000333,美的集团
2019-12-31,2019-12-30,sz.000338,潍柴动力
2019-12-31,2019-12-30,sz.000413,东旭光电
2019-12-31,2019-12-30,sz.000415,渤海租赁
2019-12-31,2019-12-30,sz.000423,东阿阿胶
2019-12-31,2019-12-30,sz.000425,徐工机械
2019-12-31,2019-12-30,sz.000538,云南白药
2019-12-31,2019-12-30,sz.000568,泸州老窖
2019-12-31,2019-12-30,sz.000596,古井贡酒
2019-12-31,2019-12-30,sz.000625,长安汽车
2019-12-31,2019-12-30,sz.000627,天茂集团
2019-12-31,2019-12-30,sz.000629,攀钢钒钛
2019-12-31,2019-12-30,sz.000630,铜陵有色
2019-12-31,2019-12-30,sz.000651,格力电器
2019-12-31,2019-12-30,sz.000656,金科股份
2019-12-31,2019-12-30,sz.000661,长春高新
2019-12-31,2019-12-30,sz.000671,阳光城
2019-12-31,2019-12-30,sz.000703,恒逸石化
2019-12-31,2019-12-30,sz.000709,河钢股份
2019-12-31,2019-12-30,sz.000723,美锦能源
2019-12-31,2019-12-30,sz.000725,京东方A
2019-12-31,2019-12-30,sz.000728,国元证券
2019-12-31,2019-12-30,sz.000768,中航飞机
2019-12-31,2019-12-30,sz.000776,广发证券
2019-12-31,2019-12-30,sz.000783,长江证券
2019-12-31,2019-12-30,sz.000786,北新建材
2019-12-31,2019-12-30,sz.000858,五粮液
2019-12-31,2019-12-30,sz.000876,新希望
2019-12-31,2019-12-30,sz.000895,双汇发展
2019-12-31,2019-12-30,sz.000898,鞍钢股份
2019-12-31,2019-12-30,sz.000938,紫光股份
2019-12-31,2019-12-30,sz.000961,中南建设
2019-12-31,2019-12-30,sz.000963,华东医药
2019-12-31,2019-12-30,sz.001979,招商蛇口
2019-12-31,2019-12-30,sz.002001,新和成
2019-12-31,2019-12-30,sz.002007,华兰生物
2019-12-31,2019-12-30,sz.002008,大族激光
2019-12-31,2019-12-30,sz.002010,传化智联
2019-12-31,2019-12-30,sz.002024,苏宁易购
2019-12-31,2019-12-30,sz.002027,分众传媒
2019-12-31,2019-12-30,sz.002032,苏泊尔
2019-12-31,2019-12-30,sz.002044,美年健康
2019-12-31,2019-12-30,sz.002050,三花智控
2019-12-31,2019-12-30,sz.002081,金螳螂
2019-12-31,2019-12-30,sz.002120,韵达股份
2019-12-31,2019-12-30,sz.002142,宁波银行
2019-12-31,2019-12-30,sz.002146,荣盛发展
2019-12-31,2019-12-30,sz.002153,石基信息
2019-12-31,2019-12-30,sz.002179,中航光电
2019-12-31,2019-12-30,sz.002202,金风科技
2019-12-31,2019-12-30,sz.002230,科大讯飞
2019-12-31,2019-12-30,sz.002236,大华股份
2019-12-31,2019-12-30,sz.002241,歌尔股份
2019-12-31,2019-12-30,sz.002252,上海莱士
2019-12-31,2019-12-30,sz.002271,东方雨虹
2019-12-31,2019-12-30,sz.002294,信立泰
2019-12-31,2019-12-30,sz.002304,洋河股份
2019-12-31,2019-12-30,sz.002311,海大集团
2019-12-31,2019-12-30,sz.002352,顺丰控股
2019-12-31,2019-12-30,sz.002410,广联达
2019-12-31,2019-12-30,sz.002411,延安必康
2019-12-31,2019-12-30,sz.002415,海康威视
2019-12-31,2019-12-30,sz.002422,科伦药业
2019-12-31,2019-12-30,sz.002456,欧菲光
2019-12-31,2019-12-30,sz.002460,赣锋锂业
2019-12-31,2019-12-30,sz.002466,天齐锂业
2019-12-31,2019-12-30,sz.002468,申通快递
2019-12-31,2019-12-30,sz.002475,立讯精密
2019-12-31,2019-12-30,sz.002493,荣盛石化
2019-12-31,2019-12-30,sz.002508,老板电器
2019-12-31,2019-12-30,sz.002555,三七互娱
2019-12-31,2019-12-30,sz.002558,巨人网络
2019-12-31,2019-12-30,sz.002594,比亚迪
2019-12-31,2019-12-30,sz.002601,龙蟒佰利
2019-12-31,2019-12-30,sz.002602,世纪华通
2019-12-31,2019-12-30,sz.002607,中公教育
2019-12-31,2019-12-30,sz.002624,完美世界
2019-12-31,2019-12-30,sz.002673,西部证券
2019-12-31,2019-12-30,sz.002714,牧原股份
2019-12-31,2019-12-30,sz.002736,国信证券
2019-12-31,2019-12-30,sz.002739,万达电影
2019-12-31,2019-12-30,sz.002773,康弘药业
2019-12-31,2019-12-30,sz.002841,视源股份
2019-12-31,2019-12-30,sz.002916,深南电路
2019-12-31,2019-12-30,sz.002938,鹏鼎控股
2019-12-31,2019-12-30,sz.002939,长城证券
2019-12-31,2019-12-30,sz.002945,华林证券
2019-12-31,2019-12-30,sz.002958,青农商行
2019-12-31,2019-12-30,sz.300003,乐普医疗
2019-12-31,2019-12-30,sz.300015,爱尔眼科
2019-12-31,2019-12-30,sz.300017,网宿科技
2019-12-31,2019-12-30,sz.300024,机器人
2019-12-31,2019-12-30,sz.300033,同花顺
2019-12-31,2019-12-30,sz.300059,东方财富
2019-12-31,2019-12-30,sz.300070,碧水源
2019-12-31,2019-12-30,sz.300122,智飞生物
2019-12-31,2019-12-30,sz.300124,汇川技术
2019-12-31,2019-12-30,sz.300136,信维通信
2019-12-31,2019-12-30,sz.300142,沃森生物
2019-12-31,2019-12-30,sz.300144,宋城演艺
2019-12-31,2019-12-30,sz.300347,泰格医药
2019-12-31,2019-12-30,sz.300408,三环集团
2019-12-31,2019-12-30,sz.300413,芒果超媒
2019-12-31,2019-12-30,sz.300433,蓝思科技
2019-12-31,2019-12-30,sz.300498,温氏股份
2020-01-31,2020-01-27,sh.600000,浦发银行
2020-01-31,2020-01-27,sh.600004,白云机场
2020-01-31,2020-01-27,sh.600009,上海机场
2020-01-31,2020-01-27,sh.600010,包钢股份
2020-01-31,2020-01-27,sh.600011,华能国际
2020-01-31,2020-01-27,sh.600015,华夏银行
2020-01-31,2020-01-27,sh.600016,民生银行
2020-01-31,2020-01-27,sh.600018,上港集团
2020-01-31,2020-01-27,sh.600019,宝钢股份
2020-01-31,2020-01-27,sh.600023,浙能电力
2020-01-31,2020-01-27,sh.600025,华能水电
2020-01-31,2020-01-27,sh.600027,华电国际
2020-01-31,2020-01-27,sh.600028,中国石化
2020-01-31,2020-01-27,sh.600029,南方航空
2020-01-31,2020-01-27,sh.600030,中信证券
2020-01-31,2020-01-27,sh.600031,三一重工
2020-01-31,2020-01-27,sh.600036,招商银行
2020-01-31,2020-01-27,sh.600038,中直股份
2020-01-31,2020-01-27,sh.600048,保利地产
2020-01-31,2020-01-27,sh.600050,中国联通
2020-01-31,2020-01-27,sh.600061,国投资本
2020-01-31,2020-01-27,sh.600066,宇通客车
2020-01-31,2020-01-27,sh.600068,葛洲坝
2020-01-31,2020-01-27,sh.600085,同仁堂
2020-01-31,2020-01-27,sh.600089,特变电工
2020-01-31,2020-01-27,sh.600100,同方股份
2020-01-31,2020-01-27,sh.600104,上汽集团
2020-01-31,2020-01-27,sh.600109,国金证券
2020-01-31,2020-01-27,sh.600111,北方稀土
2020-01-31,2020-01-27,sh.600115,东方航空
2020-01-31,2020-01-27,sh.600118,中国卫星
2020-01-31,2020-01-27,sh.600153,建发股份
2020-01-31,2020-01-27,sh.600170,上海建工
2020-01-31,2020-01-27,sh.600176,中国巨石
2020-01-31,2020-01-27,sh.600177,雅戈尔
2020-01-31,2020-01-27,sh.600183,生益科技
2020-01-31,2020-01-27,sh.600188,兖州煤业
2020-01-31,2020-01-27,sh.600196,复星医药
2020-01-31,2020-01-27,sh.600208,新湖中宝
2020-01-31,2020-01-27,sh.600219,南山铝业
2020-01-31,2020-01-27,sh.600221,海航控股
2020-01-31,2020-01-27,sh.600233,圆通速递
2020-01-31,2020-01-27,sh.600271,航天信息
2020-01-31,2020-01-27,sh.600276,恒瑞医药
2020-01-31,2020-01-27,sh.600297,广汇汽车
2020-01-31,2020-01-27,sh.600299,安迪苏
2020-01-31,2020-01-27,sh.600309,万华化学
2020-01-31,2020-01-27,sh.600332,白云山
2020-01-31,2020-01-27,sh.600340,华夏幸福
2020-01-31,2020-01-27,sh.600346,恒力石化
2020-01-31,2020-01-27,sh.600352,浙江龙盛
2020-01-31,2020-01-27,sh.600362,江西铜业
2020-01-31,2020-01-27,sh.600369,西南证券
2020-01-31,2020-01-27,sh.600372,中航电子
2020-01-31,2020-01-27,sh.600383,金地集团
2020-01-31,2020-01-27,sh.600390,五矿资本
2020-01-31,2020-01-27,sh.600398,海澜之家
2020-01-31,2020-01-27,sh.600406,国电南瑞
2020-01-31,2020-01-27,sh.600436,片仔癀
2020-01-31,2020-01-27,sh.600438,通威股份
2020-01-31,2020-01-27,sh.600482,中国动力
2020-01-31,2020-01-27,sh.600487,亨通光电
2020-01-31,2020-01-27,sh.600489,中金黄金
2020-01-31,2020-01-27,sh.600498,烽火通信
2020-01-31,2020-01-27,sh.600516,方大炭素
2020-01-31,2020-01-27,sh.600519,贵州茅台
2020-01-31,2020-01-27,sh.600522,中天科技
2020-01-31,2020-01-27,sh.600535,天士力
2020-01-31,2020-01-27,sh.600547,山东黄金
2020-01-31,2020-01-27,sh.600566,济川药业
2020-01-31,2020-01-27,sh.600570,恒生电子
2020-01-31,2020-01-27,sh.600583,海油工程
2020-01-31,2020-01-27,sh.600585,海螺水泥
2020-01-31,2020-01-27,sh.600588,用友网络
2020-01-31,2020-01-27,sh.600606,绿地控股
2020-01-31,2020-01-27,sh.600637,东方明珠
2020-01-31,2020-01-27,sh.600655,豫园股份
2020-01-31,2020-01-27,sh.600660,福耀玻璃
2020-01-31,2020-01-27,sh.600663,陆家嘴
2020-01-31,2020-01-27,sh.600674,川投能源
2020-01-31,2020-01-27,sh.600690,海尔智家
2020-01-31,2020-01-27,sh.600703,三安光电
2020-01-31,2020-01-27,sh.600705,中航资本
2020-01-31,2020-01-27,sh.600733,北汽蓝谷
2020-01-31,2020-01-27,sh.600741,华域汽车
2020-01-31,2020-01-27,sh.600760,中航沈飞
2020-01-31,2020-01-27,sh.600795,国电电力
2020-01-31,2020-01-27,sh.600809,山西汾酒
2020-01-31,2020-01-27,sh.600816,安信信托
2020-01-31,2020-01-27,sh.600837,海通证券
2020-01-31,2020-01-27,sh.600848,上海临港
2020-01-31,2020-01-27,sh.600867,通化东宝
2020-01-31,2020-01-27,sh.600886,国投电力
2020-01-31,2020-01-27,sh.600887,伊利股份
2020-01-31,2020-01-27,sh.600893,航发动力
2020-01-31,2020-01-27,sh.600900,长江电力
2020-01-31,2020-01-27,sh.600919,江苏银行
2020-01-31,2020-01-27,sh.600926,杭州银行
2020-01-31,2020-01-27,sh.600928,西安银行
2020-01-31,2020-01-27,sh.600958,东方证券
2020-01-31,2020-01-27,sh.600968,海油发展
2020-01-31,2020-01-27,sh.600977,中国电影
2020-01-31,2020-01-27,sh.600989,宝丰能源
2020-01-31,2020-01-27,sh.600998,九州通
2020-01-31,2020-01-27,sh.600999,招商证券
2020-01-31,2020-01-27,sh.601006,大秦铁路
2020-01-31,2020-01-27,sh.601009,南京银行
2020-01-31,2020-01-27,sh.601012,隆基股份
2020-01-31,2020-01-27,sh.601018,宁波港
2020-01-31,2020-01-27,sh.601021,春秋航空
2020-01-31,2020-01-27,sh.601066,中信建投
2020-01-31,2020-01-27,sh.601088,中国神华
2020-01-31,2020-01-27,sh.601108,财通证券
2020-01-31,2020-01-27,sh.601111,中国国航
2020-01-31,2020-01-27,sh.601117,中国化学
2020-01-31,2020-01-27,sh.601138,工业富联
2020-01-31,2020-01-27,sh.601155,新城控股
2020-01-31,2020-01-27,sh.601162,天风证券
2020-01-31,2020-01-27,sh.601166,兴业银行
2020-01-31,2020-01-27,sh.601169,北京银行
2020-01-31,2020-01-27,sh.601186,中国铁建
2020-01-31,2020-01-27,sh.601198,东兴证券
2020-01-31,2020-01-27,sh.601211,国泰君安
2020-01-31,2020-01-27,sh.601212,白银有色
2020-01-31,2020-01-27,sh.601216,君正集团
2020-01-31,2020-01-27,sh.601225,陕西煤业
2020-01-31,2020-01-27,sh.601229,上海银行
2020-01-31,2020-01-27,sh.601236,红塔证券
2020-01-31,2020-01-27,sh.601238,广汽集团
2020-01-31,2020-01-27,sh.601288,农业银行
2020-01-31,2020-01-27,sh.601298,青岛港
2020-01-31,2020-01-27,sh.601318,中国平安
2020-01-31,2020-01-27,sh.601319,中国人保
2020-01-31,2020-01-27,sh.601328,交通银行
2020-01-31,2020-01-27,sh.601336,新华保险
2020-01-31,2020-01-27,sh.601360,三六零
2020-01-31,2020-01-27,sh.601377,兴业证券
2020-01-31,2020-01-27,sh.601390,中国中铁
2020-01-31,2020-01-27,sh.601398,工商银行
2020-01-31,2020-01-27,sh.601555,东吴证券
2020-01-31,2020-01-27,sh.601577,长沙银行
2020-01-31,2020-01-27,sh.601600,中国铝业
2020-01-31,2020-01-27,sh.601601,中国太保
2020-01-31,2020-01-27,sh.601607,上海医药
2020-01-31,2020-01-27,sh.601618,中国中冶
2020-01-31,2020-01-27,sh.601628,中国人寿
2020-01-31,2020-01-27,sh.601633,长城汽车
2020-01-31,2020-01-27,sh.601668,中国建筑
2020-01-31,2020-01-27,sh.601669,中国电建
2020-01-31,2020-01-27,sh.601688,华泰证券
2020-01-31,2020-01-27,sh.601698,中国卫通
2020-01-31,2020-01-27,sh.601727,上海电气
2020-01-31,2020-01-27,sh.601766,中国中车
2020-01-31,2020-01-27,sh.601788,光大证券
2020-01-31,2020-01-27,sh.601800,中国交建
2020-01-31,2020-01-27,sh.601808,中海油服
2020-01-31,2020-01-27,sh.601818,光大银行
2020-01-31,2020-01-27,sh.601828,美凯龙
2020-01-31,2020-01-27,sh.601838,成都银行
2020-01-31,2020-01-27,sh.601857,中国石油
2020-01-31,2020-01-27,sh.601877,正泰电器
2020-01-31,2020-01-27,sh.601878,浙商证券
2020-01-31,2020-01-27,sh.601881,中国银河
2020-01-31,2020-01-27,sh.601888,中国国旅
2020-01-31,2020-01-27,sh.601898,中煤能源
2020-01-31,2020-01-27,sh.601899,紫金矿业
2020-01-31,2020-01-27,sh.601901,方正证券
2020-01-31,2020-01-27,sh.601919,中远海控
2020-01-31,2020-01-27,sh.601933,永辉超市
2020-01-31,2020-01-27,sh.601939,建设银行
2020-01-31,2020-01-27,sh.601985,中国核电
2020-01-31,2020-01-27,sh.601988,中国银行
2020-01-31,2020-01-27,sh.601989,中国重工
2020-01-31,2020-01-27,sh.601992,金隅集团
2020-01-31,2020-01-27,sh.601997,贵阳银行
2020-01-31,2020-01-27,sh.601998,中信银行
2020-01-31,2020-01-27,sh.603019,中科曙光
2020-01-31,2020-01-27,sh.603156,养元饮品
2020-01-31,2020-01-27,sh.603160,汇顶科技
2020-01-31,2020-01-27,sh.603259,药明康德
2020-01-31,2020-01-27,sh.603260,合盛硅业
2020-01-31,2020-01-27,sh.603288,海天味业
2020-01-31,2020-01-27,sh.603501,韦尔股份
2020-01-31,2020-01-27,sh.603799,华友钴业
2020-01-31,2020-01-27,sh.603833,欧派家居
2020-01-31,2020-01-27,sh.603899,晨光文具
2020-01-31,2020-01-27,sh.603986,兆易创新
2020-01-31,2020-01-27,sh.603993,洛阳钼业
2020-01-31,2020-01-27,sz.000001,平安银行
2020-01-31,2020-01-27,sz.000002,万科A
2020-01-31,2020-01-27,sz.000063,中兴通讯
2020-01-31,2020-01-27,sz.000069,华侨城A
2020-01-31,2020-01-27,sz.000100,TCL集团
2020-01-31,2020-01-27,sz.000157,中联重科
2020-01-31,2020-01-27,sz.000166,申万宏源
2020-01-31,2020-01-27,sz.000333,美的集团
2020-01-31,2020-01-27,sz.000338,潍柴动力
2020-01-31,2020-01-27,sz.000413,东旭光电
2020-01-31,2020-01-27,sz.000415,渤海租赁
2020-01-31,2020-01-27,sz.000423,东阿阿胶
2020-01-31,2020-01-27,sz.000425,徐工机械
2020-01-31,2020-01-27,sz.000538,云南白药
2020-01-31,2020-01-27,sz.000568,泸州老窖
2020-01-31,2020-01-27,sz.000596,古井贡酒
2020-01-31,2020-01-27,sz.000625,长安汽车
2020-01-31,2020-01-27,sz.000627,天茂集团
2020-01-31,2020-01-27,sz.000629,攀钢钒钛
2020-01-31,2020-01-27,sz.000630,铜陵有色
2020-01-31,2020-01-27,sz.000651,格力电器
2020-01-31,2020-01-27,sz.000656,金科股份
2020-01-31,2020-01-27,sz.000661,长春高新
2020-01-31,2020-01-27,sz.000671,阳光城
2020-01-31,2020-01-27,sz.000703,恒逸石化
2020-01-31,2020-01-27,sz.000709,河钢股份
2020-01-31,2020-01-27,sz.000723,美锦能源
2020-01-31,2020-01-27,sz.000725,京东方A
2020-01-31,2020-01-27,sz.000728,国元证券
2020-01-31,2020-01-27,sz.000768,中航飞机
2020-01-31,2020-01-27,sz.000776,广发证券
2020-01-31,2020-01-27,sz.000783,长江证券
2020-01-31,2020-01-27,sz.000786,北新建材
2020-01-31,2020-01-27,sz.000858,五粮液
2020-01-31,2020-01-27,sz.000876,新希望
2020-01-31,2020-01-27,sz.000895,双汇发展
2020-01-31,2020-01-27,sz.000898,鞍钢股份
2020-01-31,2020-01-27,sz.000938,紫光股份
2020-01-31,2020-01-27,sz.000961,中南建设
2020-01-31,2020-01-27,sz.000963,华东医药
2020-01-31,2020-01-27,sz.001979,招商蛇口
2020-01-31,2020-01-27,sz.002001,新和成
2020-01-31,2020-01-27,sz.002007,华兰生物
2020-01-31,2020-01-27,sz.002008,大族激光
2020-01-31,2020-01-27,sz.002010,传化智联
2020-01-31,2020-01-27,sz.002024,苏宁易购
2020-01-31,2020-01-27,sz.002027,分众传媒
2020-01-31,2020-01-27,sz.002032,苏泊尔
2020-01-31,2020-01-27,sz.002044,美年健康
2020-01-31,2020-01-27,sz.002050,三花智控
2020-01-31,2020-01-27,sz.002081,金螳螂
2020-01-31,2020-01-27,sz.002120,韵达股份
2020-01-31,2020-01-27,sz.002142,宁波银行
2020-01-31,2020-01-27,sz.002146,荣盛发展
2020-01-31,2020-01-27,sz.002153,石基信息
2020-01-31,2020-01-27,sz.002179,中航光电
2020-01-31,2020-01-27,sz.002202,金风科技
2020-01-31,2020-01-27,sz.002230,科大讯飞
2020-01-31,2020-01-27,sz.002236,大华股份
2020-01-31,2020-01-27,sz.002241,歌尔股份
2020-01-31,2020-01-27,sz.002252,上海莱士
2020-01-31,2020-01-27,sz.002271,东方雨虹
2020-01-31,2020-01-27,sz.002294,信立泰
2020-01-31,2020-01-27,sz.002304,洋河股份
2020-01-31,2020-01-27,sz.002311,海大集团
2020-01-31,2020-01-27,sz.002352,顺丰控股
2020-01-31,2020-01-27,sz.002410,广联达
2020-01-31,2020-01-27,sz.002411,延安必康
2020-01-31,2020-01-27,sz.002415,海康威视
2020-01-31,2020-01-27,sz.002422,科伦药业
2020-01-31,2020-01-27,sz.002456,欧菲光
2020-01-31,2020-01-27,sz.002460,赣锋锂业
2020-01-31,2020-01-27,sz.002466,天齐锂业
2020-01-31,2020-01-27,sz.002468,申通快递
2020-01-31,2020-01-27,sz.002475,立讯精密
2020-01-31,2020-01-27,sz.002493,荣盛石化
2020-01-31,2020-01-27,sz.002508,老板电器
2020-01-31,2020-01-27,sz.002555,三七互娱
2020-01-31,2020-01-27,sz.002558,巨人网络
2020-01-31,2020-01-27,sz.002594,比亚迪
2020-01-31,2020-01-27,sz.002601,龙蟒佰利
2020-01-31,2020-01-27,sz.002602,世纪华通
2020-01-31,2020-01-27,sz.002607,中公教育
2020-01-31,2020-01-27,sz.002624,完美世界
2020-01-31,2020-01-27,sz.002673,西部证券
2020-01-31,2020-01-27,sz.002714,牧原股份
2020-01-31,2020-01-27,sz.002736,国信证券
2020-01-31,2020-01-27,sz.002739,万达电影
2020-01-31,2020-01-27,sz.002773,康弘药业
2020-01-31,2020-01-27,sz.002841,视源股份
2020-01-31,2020-01-27,sz.002916,深南电路
2020-01-31,2020-01-27,sz.002938,鹏鼎控股
2020-01-31,2020-01-27,sz.002939,长城证券
2020-01-31,2020-01-27,sz.002945,华林证券
2020-01-31,2020-01-27,sz.002958,青农商行
2020-01-31,2020-01-27,sz.300003,乐普医疗
2020-01-31,2020-01-27,sz.300015,爱尔眼科
2020-01-31,2020-01-27,sz.300017,网宿科技
2020-01-31,2020-01-27,sz.300024,机器人
2020-01-31,2020-01-27,sz.300033,同花顺
2020-01-31,2020-01-27,sz.300059,东方财富
2020-01-31,2020-01-27,sz.300070,碧水源
2020-01-31,2020-01-27,sz.300122,智飞生物
2020-01-31,2020-01-27,sz.300124,汇川技术
2020-01-31,2020-01-27,sz.300136,信维通信
2020-01-31,2020-01-27,sz.300142,沃森生物
2020-01-31,2020-01-27,sz.300144,宋城演艺
2020-01-31,2020-01-27,sz.300347,泰格医药
2020-01-31,2020-01-27,sz.300408,三环集团
2020-01-31,2020-01-27,sz.300413,芒果超媒
2020-01-31,2020-01-27,sz.300433,蓝思科技
2020-01-31,2020-01-27,sz.300498,温氏股份
2020-02-29,2020-02-24,sh.600000,浦发银行
2020-02-29,2020-02-24,sh.600004,白云机场
2020-02-29,2020-02-24,sh.600009,上海机场
2020-02-29,2020-02-24,sh.600010,包钢股份
2020-02-29,2020-02-24,sh.600011,华能国际
2020-02-29,2020-02-24,sh.600015,华夏银行
2020-02-29,2020-02-24,sh.600016,民生银行
2020-02-29,2020-02-24,sh.600018,上港集团
2020-02-29,2020-02-24,sh.600019,宝钢股份
2020-02-29,2020-02-24,sh.600023,浙能电力
2020-02-29,2020-02-24,sh.600025,华能水电
2020-02-29,2020-02-24,sh.600027,华电国际
2020-02-29,2020-02-24,sh.600028,中国石化
2020-02-29,2020-02-24,sh.600029,南方航空
2020-02-29,2020-02-24,sh.600030,中信证券
2020-02-29,2020-02-24,sh.600031,三一重工
2020-02-29,2020-02-24,sh.600036,招商银行
2020-02-29,2020-02-24,sh.600038,中直股份
2020-02-29,2020-02-24,sh.600048,保利地产
2020-02-29,2020-02-24,sh.600050,中国联通
2020-02-29,2020-02-24,sh.600061,国投资本
2020-02-29,2020-02-24,sh.600066,宇通客车
2020-02-29,2020-02-24,sh.600068,葛洲坝
2020-02-29,2020-02-24,sh.600085,同仁堂
2020-02-29,2020-02-24,sh.600089,特变电工
2020-02-29,2020-02-24,sh.600100,同方股份
2020-02-29,2020-02-24,sh.600104,上汽集团
2020-02-29,2020-02-24,sh.600109,国金证券
2020-02-29,2020-02-24,sh.600111,北方稀土
2020-02-29,2020-02-24,sh.600115,东方航空
2020-02-29,2020-02-24,sh.600118,中国卫星
2020-02-29,2020-02-24,sh.600153,建发股份
2020-02-29,2020-02-24,sh.600170,上海建工
2020-02-29,2020-02-24,sh.600176,中国巨石
2020-02-29,2020-02-24,sh.600177,雅戈尔
2020-02-29,2020-02-24,sh.600183,生益科技
2020-02-29,2020-02-24,sh.600188,兖州煤业
2020-02-29,2020-02-24,sh.600196,复星医药
2020-02-29,2020-02-24,sh.600208,新湖中宝
2020-02-29,2020-02-24,sh.600219,南山铝业
2020-02-29,2020-02-24,sh.600221,海航控股
2020-02-29,2020-02-24,sh.600233,圆通速递
2020-02-29,2020-02-24,sh.600271,航天信息
2020-02-29,2020-02-24,sh.600276,恒瑞医药
2020-02-29,2020-02-24,sh.600297,广汇汽车
2020-02-29,2020-02-24,sh.600299,安迪苏
2020-02-29,2020-02-24,sh.600309,万华化学
2020-02-29,2020-02-24,sh.600332,白云山
2020-02-29,2020-02-24,sh.600340,华夏幸福
2020-02-29,2020-02-24,sh.600346,恒力石化
2020-02-29,2020-02-24,sh.600352,浙江龙盛
2020-02-29,2020-02-24,sh.600362,江西铜业
2020-02-29,2020-02-24,sh.600369,西南证券
2020-02-29,2020-02-24,sh.600372,中航电子
2020-02-29,2020-02-24,sh.600383,金地集团
2020-02-29,2020-02-24,sh.600390,五矿资本
2020-02-29,2020-02-24,sh.600398,海澜之家
2020-02-29,2020-02-24,sh.600406,国电南瑞
2020-02-29,2020-02-24,sh.600436,片仔癀
2020-02-29,2020-02-24,sh.600438,通威股份
2020-02-29,2020-02-24,sh.600482,中国动力
2020-02-29,2020-02-24,sh.600487,亨通光电
2020-02-29,2020-02-24,sh.600489,中金黄金
2020-02-29,2020-02-24,sh.600498,烽火通信
2020-02-29,2020-02-24,sh.600516,方大炭素
2020-02-29,2020-02-24,sh.600519,贵州茅台
2020-02-29,2020-02-24,sh.600522,中天科技
2020-02-29,2020-02-24,sh.600535,天士力
2020-02-29,2020-02-24,sh.600547,山东黄金
2020-02-29,2020-02-24,sh.600566,济川药业
2020-02-29,2020-02-24,sh.600570,恒生电子
2020-02-29,2020-02-24,sh.600583,海油工程
2020-02-29,2020-02-24,sh.600585,海螺水泥
2020-02-29,2020-02-24,sh.600588,用友网络
2020-02-29,2020-02-24,sh.600606,绿地控股
2020-02-29,2020-02-24,sh.600637,东方明珠
2020-02-29,2020-02-24,sh.600655,豫园股份
2020-02-29,2020-02-24,sh.600660,福耀玻璃
2020-02-29,2020-02-24,sh.600663,陆家嘴
2020-02-29,2020-02-24,sh.600674,川投能源
2020-02-29,2020-02-24,sh.600690,海尔智家
2020-02-29,2020-02-24,sh.600703,三安光电
2020-02-29,2020-02-24,sh.600705,中航资本
2020-02-29,2020-02-24,sh.600733,北汽蓝谷
2020-02-29,2020-02-24,sh.600741,华域汽车
2020-02-29,2020-02-24,sh.600760,中航沈飞
2020-02-29,2020-02-24,sh.600795,国电电力
2020-02-29,2020-02-24,sh.600809,山西汾酒
2020-02-29,2020-02-24,sh.600816,安信信托
2020-02-29,2020-02-24,sh.600837,海通证券
2020-02-29,2020-02-24,sh.600848,上海临港
2020-02-29,2020-02-24,sh.600867,通化东宝
2020-02-29,2020-02-24,sh.600886,国投电力
2020-02-29,2020-02-24,sh.600887,伊利股份
2020-02-29,2020-02-24,sh.600893,航发动力
2020-02-29,2020-02-24,sh.600900,长江电力
2020-02-29,2020-02-24,sh.600919,江苏银行
2020-02-29,2020-02-24,sh.600926,杭州银行
2020-02-29,2020-02-24,sh.600928,西安银行
2020-02-29,2020-02-24,sh.600958,东方证券
2020-02-29,2020-02-24,sh.600968,海油发展
2020-02-29,2020-02-24,sh.600977,中国电影
2020-02-29,2020-02-24,sh.600989,宝丰能源
2020-02-29,2020-02-24,sh.600998,九州通
2020-02-29,2020-02-24,sh.600999,招商证券
2020-02-29,2020-02-24,sh.601006,大秦铁路
2020-02-29,2020-02-24,sh.601009,南京银行
2020-02-29,2020-02-24,sh.601012,隆基股份
2020-02-29,2020-02-24,sh.601018,宁波港
2020-02-29,2020-02-24,sh.601021,春秋航空
2020-02-29,2020-02-24,sh.601066,中信建投
2020-02-29,2020-02-24,sh.601088,中国神华
2020-02-29,2020-02-24,sh.601108,财通证券
2020-02-29,2020-02-24,sh.601111,中国国航
2020-02-29,2020-02-24,sh.601117,中国化学
2020-02-29,2020-02-24,sh.601138,工业富联
2020-02-29,2020-02-24,sh.601155,新城控股
2020-02-29,2020-02-24,sh.601162,天风证券
2020-02-29,2020-02-24,sh.601166,兴业银行
2020-02-29,2020-02-24,sh.601169,北京银行
2020-02-29,2020-02-24,sh.601186,中国铁建
2020-02-29,2020-02-24,sh.601198,东兴证券
2020-02-29,2020-02-24,sh.601211,国泰君安
2020-02-29,2020-02-24,sh.601212,白银有色
2020-02-29,2020-02-24,sh.601216,君正集团
2020-02-29,2020-02-24,sh.601225,陕西煤业
2020-02-29,2020-02-24,sh.601229,上海银行
2020-02-29,2020-02-24,sh.601236,红塔证券
2020-02-29,2020-02-24,sh.601238,广汽集团
2020-02-29,2020-02-24,sh.601288,农业银行
2020-02-29,2020-02-24,sh.601298,青岛港
2020-02-29,2020-02-24,sh.601318,中国平安
2020-02-29,2020-02-24,sh.601319,中国人保
2020-02-29,2020-02-24,sh.601328,交通银行
2020-02-29,2020-02-24,sh.601336,新华保险
2020-02-29,2020-02-24,sh.601360,三六零
2020-02-29,2020-02-24,sh.601377,兴业证券
2020-02-29,2020-02-24,sh.601390,中国中铁
2020-02-29,2020-02-24,sh.601398,工商银行
2020-02-29,2020-02-24,sh.601555,东吴证券
2020-02-29,2020-02-24,sh.601577,长沙银行
2020-02-29,2020-02-24,sh.601600,中国铝业
2020-02-29,2020-02-24,sh.601601,中国太保
2020-02-29,2020-02-24,sh.601607,上海医药
2020-02-29,2020-02-24,sh.601618,中国中冶
2020-02-29,2020-02-24,sh.601628,中国人寿
2020-02-29,2020-02-24,sh.601633,长城汽车
2020-02-29,2020-02-24,sh.601668,中国建筑
2020-02-29,2020-02-24,sh.601669,中国电建
2020-02-29,2020-02-24,sh.601688,华泰证券
2020-02-29,2020-02-24,sh.601698,中国卫通
2020-02-29,2020-02-24,sh.601727,上海电气
2020-02-29,2020-02-24,sh.601766,中国中车
2020-02-29,2020-02-24,sh.601788,光大证券
2020-02-29,2020-02-24,sh.601800,中国交建
2020-02-29,2020-02-24,sh.601808,中海油服
2020-02-29,2020-02-24,sh.601818,光大银行
2020-02-29,2020-02-24,sh.601828,美凯龙
2020-02-29,2020-02-24,sh.601838,成都银行
2020-02-29,2020-02-24,sh.601857,中国石油
2020-02-29,2020-02-24,sh.601877,正泰电器
2020-02-29,2020-02-24,sh.601878,浙商证券
2020-02-29,2020-02-24,sh.601881,中国银河
2020-02-29,2020-02-24,sh.601888,中国国旅
2020-02-29,2020-02-24,sh.601898,中煤能源
2020-02-29,2020-02-24,sh.601899,紫金矿业
2020-02-29,2020-02-24,sh.601901,方正证券
2020-02-29,2020-02-24,sh.601919,中远海控
2020-02-29,2020-02-24,sh.601933,永辉超市
2020-02-29,2020-02-24,sh.601939,建设银行
2020-02-29,2020-02-24,sh.601985,中国核电
2020-02-29,2020-02-24,sh.601988,中国银行
2020-02-29,2020-02-24,sh.601989,中国重工
2020-02-29,2020-02-24,sh.601992,金隅集团
2020-02-29,2020-02-24,sh.601997,贵阳银行
2020-02-29,2020-02-24,sh.601998,中信银行
2020-02-29,2020-02-24,sh.603019,中科曙光
2020-02-29,2020-02-24,sh.603156,养元饮品
2020-02-29,2020-02-24,sh.603160,汇顶科技
2020-02-29,2020-02-24,sh.603259,药明康德
2020-02-29,2020-02-24,sh.603260,合盛硅业
2020-02-29,2020-02-24,sh.603288,海天味业
2020-02-29,2020-02-24,sh.603501,韦尔股份
2020-02-29,2020-02-24,sh.603799,华友钴业
2020-02-29,2020-02-24,sh.603833,欧派家居
2020-02-29,2020-02-24,sh.603899,晨光文具
2020-02-29,2020-02-24,sh.603986,兆易创新
2020-02-29,2020-02-24,sh.603993,洛阳钼业
2020-02-29,2020-02-24,sz.000001,平安银行
2020-02-29,2020-02-24,sz.000002,万科A
2020-02-29,2020-02-24,sz.000063,中兴通讯
2020-02-29,2020-02-24,sz.000069,华侨城A
2020-02-29,2020-02-24,sz.000100,TCL科技
2020-02-29,2020-02-24,sz.000157,中联重科
2020-02-29,2020-02-24,sz.000166,申万宏源
2020-02-29,2020-02-24,sz.000333,美的集团
2020-02-29,2020-02-24,sz.000338,潍柴动力
2020-02-29,2020-02-24,sz.000413,东旭光电
2020-02-29,2020-02-24,sz.000415,渤海租赁
2020-02-29,2020-02-24,sz.000423,东阿阿胶
2020-02-29,2020-02-24,sz.000425,徐工机械
2020-02-29,2020-02-24,sz.000538,云南白药
2020-02-29,2020-02-24,sz.000568,泸州老窖
2020-02-29,2020-02-24,sz.000596,古井贡酒
2020-02-29,2020-02-24,sz.000625,长安汽车
2020-02-29,2020-02-24,sz.000627,天茂集团
2020-02-29,2020-02-24,sz.000629,攀钢钒钛
2020-02-29,2020-02-24,sz.000630,铜陵有色
2020-02-29,2020-02-24,sz.000651,格力电器
2020-02-29,2020-02-24,sz.000656,金科股份
2020-02-29,2020-02-24,sz.000661,长春高新
2020-02-29,2020-02-24,sz.000671,阳光城
2020-02-29,2020-02-24,sz.000703,恒逸石化
2020-02-29,2020-02-24,sz.000709,河钢股份
2020-02-29,2020-02-24,sz.000723,美锦能源
2020-02-29,2020-02-24,sz.000725,京东方A
2020-02-29,2020-02-24,sz.000728,国元证券
2020-02-29,2020-02-24,sz.000768,中航飞机
2020-02-29,2020-02-24,sz.000776,广发证券
2020-02-29,2020-02-24,sz.000783,长江证券
2020-02-29,2020-02-24,sz.000786,北新建材
2020-02-29,2020-02-24,sz.000858,五粮液
2020-02-29,2020-02-24,sz.000876,新希望
2020-02-29,2020-02-24,sz.000895,双汇发展
2020-02-29,2020-02-24,sz.000898,鞍钢股份
2020-02-29,2020-02-24,sz.000938,紫光股份
2020-02-29,2020-02-24,sz.000961,中南建设
2020-02-29,2020-02-24,sz.000963,华东医药
2020-02-29,2020-02-24,sz.001979,招商蛇口
2020-02-29,2020-02-24,sz.002001,新和成
2020-02-29,2020-02-24,sz.002007,华兰生物
2020-02-29,2020-02-24,sz.002008,大族激光
2020-02-29,2020-02-24,sz.002010,传化智联
2020-02-29,2020-02-24,sz.002024,苏宁易购
2020-02-29,2020-02-24,sz.002027,分众传媒
2020-02-29,2020-02-24,sz.002032,苏泊尔
2020-02-29,2020-02-24,sz.002044,美年健康
2020-02-29,2020-02-24,sz.002050,三花智控
2020-02-29,2020-02-24,sz.002081,金螳螂
2020-02-29,2020-02-24,sz.002120,韵达股份
2020-02-29,2020-02-24,sz.002142,宁波银行
2020-02-29,2020-02-24,sz.002146,荣盛发展
2020-02-29,2020-02-24,sz.002153,石基信息
2020-02-29,2020-02-24,sz.002179,中航光电
2020-02-29,2020-02-24,sz.002202,金风科技
2020-02-29,2020-02-24,sz.002230,科大讯飞
2020-02-29,2020-02-24,sz.002236,大华股份
2020-02-29,2020-02-24,sz.002241,歌尔股份
2020-02-29,2020-02-24,sz.002252,上海莱士
2020-02-29,2020-02-24,sz.002271,东方雨虹
2020-02-29,2020-02-24,sz.002294,信立泰
2020-02-29,2020-02-24,sz.002304,洋河股份
2020-02-29,2020-02-24,sz.002311,海大集团
2020-02-29,2020-02-24,sz.002352,顺丰控股
2020-02-29,2020-02-24,sz.002410,广联达
2020-02-29,2020-02-24,sz.002411,延安必康
2020-02-29,2020-02-24,sz.002415,海康威视
2020-02-29,2020-02-24,sz.002422,科伦药业
2020-02-29,2020-02-24,sz.002456,欧菲光
2020-02-29,2020-02-24,sz.002460,赣锋锂业
2020-02-29,2020-02-24,sz.002466,天齐锂业
2020-02-29,2020-02-24,sz.002468,申通快递
2020-02-29,2020-02-24,sz.002475,立讯精密
2020-02-29,2020-02-24,sz.002493,荣盛石化
2020-02-29,2020-02-24,sz.002508,老板电器
2020-02-29,2020-02-24,sz.002555,三七互娱
2020-02-29,2020-02-24,sz.002558,巨人网络
2020-02-29,2020-02-24,sz.002594,比亚迪
2020-02-29,2020-02-24,sz.002601,龙蟒佰利
2020-02-29,2020-02-24,sz.002602,世纪华通
2020-02-29,2020-02-24,sz.002607,中公教育
2020-02-29,2020-02-24,sz.002624,完美世界
2020-02-29,2020-02-24,sz.002673,西部证券
2020-02-29,2020-02-24,sz.002714,牧原股份
2020-02-29,2020-02-24,sz.002736,国信证券
2020-02-29,2020-02-24,sz.002739,万达电影
2020-02-29,2020-02-24,sz.002773,康弘药业
2020-02-29,2020-02-24,sz.002841,视源股份
2020-02-29,2020-02-24,sz.002916,深南电路
2020-02-29,2020-02-24,sz.002938,鹏鼎控股
2020-02-29,2020-02-24,sz.002939,长城证券
2020-02-29,2020-02-24,sz.002945,华林证券
2020-02-29,2020-02-24,sz.002958,青农商行
2020-02-29,2020-02-24,sz.300003,乐普医疗
2020-02-29,2020-02-24,sz.300015,爱尔眼科
2020-02-29,2020-02-24,sz.300017,网宿科技
2020-02-29,2020-02-24,sz.300024,机器人
2020-02-29,2020-02-24,sz.300033,同花顺
2020-02-29,2020-02-24,sz.300059,东方财富
2020-02-29,2020-02-24,sz.300070,碧水源
2020-02-29,2020-02-24,sz.300122,智飞生物
2020-02-29,2020-02-24,sz.300124,汇川技术
2020-02-29,2020-02-24,sz.300136,信维通信
2020-02-29,2020-02-24,sz.300142,沃森生物
2020-02-29,2020-02-24,sz.300144,宋城演艺
2020-02-29,2020-02-24,sz.300347,泰格医药
2020-02-29,2020-02-24,sz.300408,三环集团
2020-02-29,2020-02-24,sz.300413,芒果超媒
2020-02-29,2020-02-24,sz.300433,蓝思科技
2020-02-29,2020-02-24,sz.300498,温氏股份
2020-03-31,2020-03-30,sh.600000,浦发银行
2020-03-31,2020-03-30,sh.600004,白云机场
2020-03-31,2020-03-30,sh.600009,上海机场
2020-03-31,2020-03-30,sh.600010,包钢股份
2020-03-31,2020-03-30,sh.600011,华能国际
2020-03-31,2020-03-30,sh.600015,华夏银行
2020-03-31,2020-03-30,sh.600016,民生银行
2020-03-31,2020-03-30,sh.600018,上港集团
2020-03-31,2020-03-30,sh.600019,宝钢股份
2020-03-31,2020-03-30,sh.600023,浙能电力
2020-03-31,2020-03-30,sh.600025,华能水电
2020-03-31,2020-03-30,sh.600027,华电国际
2020-03-31,2020-03-30,sh.600028,中国石化
2020-03-31,2020-03-30,sh.600029,南方航空
2020-03-31,2020-03-30,sh.600030,中信证券
2020-03-31,2020-03-30,sh.600031,三一重工
2020-03-31,2020-03-30,sh.600036,招商银行
2020-03-31,2020-03-30,sh.600038,中直股份
2020-03-31,2020-03-30,sh.600048,保利地产
2020-03-31,2020-03-30,sh.600050,中国联通
2020-03-31,2020-03-30,sh.600061,国投资本
2020-03-31,2020-03-30,sh.600066,宇通客车
2020-03-31,2020-03-30,sh.600068,葛洲坝
2020-03-31,2020-03-30,sh.600085,同仁堂
2020-03-31,2020-03-30,sh.600089,特变电工
2020-03-31,2020-03-30,sh.600100,同方股份
2020-03-31,2020-03-30,sh.600104,上汽集团
2020-03-31,2020-03-30,sh.600109,国金证券
2020-03-31,2020-03-30,sh.600111,北方稀土
2020-03-31,2020-03-30,sh.600115,东方航空
2020-03-31,2020-03-30,sh.600118,中国卫星
2020-03-31,2020-03-30,sh.600153,建发股份
2020-03-31,2020-03-30,sh.600170,上海建工
2020-03-31,2020-03-30,sh.600176,中国巨石
2020-03-31,2020-03-30,sh.600177,雅戈尔
2020-03-31,2020-03-30,sh.600183,生益科技
2020-03-31,2020-03-30,sh.600188,兖州煤业
2020-03-31,2020-03-30,sh.600196,复星医药
2020-03-31,2020-03-30,sh.600208,新湖中宝
2020-03-31,2020-03-30,sh.600219,南山铝业
2020-03-31,2020-03-30,sh.600221,海航控股
2020-03-31,2020-03-30,sh.600233,圆通速递
2020-03-31,2020-03-30,sh.600271,航天信息
2020-03-31,2020-03-30,sh.600276,恒瑞医药
2020-03-31,2020-03-30,sh.600297,广汇汽车
2020-03-31,2020-03-30,sh.600299,安迪苏
2020-03-31,2020-03-30,sh.600309,万华化学
2020-03-31,2020-03-30,sh.600332,白云山
2020-03-31,2020-03-30,sh.600340,华夏幸福
2020-03-31,2020-03-30,sh.600346,恒力石化
2020-03-31,2020-03-30,sh.600352,浙江龙盛
2020-03-31,2020-03-30,sh.600362,江西铜业
2020-03-31,2020-03-30,sh.600369,西南证券
2020-03-31,2020-03-30,sh.600372,中航电子
2020-03-31,2020-03-30,sh.600383,金地集团
2020-03-31,2020-03-30,sh.600390,五矿资本
2020-03-31,2020-03-30,sh.600398,海澜之家
2020-03-31,2020-03-30,sh.600406,国电南瑞
2020-03-31,2020-03-30,sh.600436,片仔癀
2020-03-31,2020-03-30,sh.600438,通威股份
2020-03-31,2020-03-30,sh.600482,中国动力
2020-03-31,2020-03-30,sh.600487,亨通光电
2020-03-31,2020-03-30,sh.600489,中金黄金
2020-03-31,2020-03-30,sh.600498,烽火通信
2020-03-31,2020-03-30,sh.600516,方大炭素
2020-03-31,2020-03-30,sh.600519,贵州茅台
2020-03-31,2020-03-30,sh.600522,中天科技
2020-03-31,2020-03-30,sh.600535,天士力
2020-03-31,2020-03-30,sh.600547,山东黄金
2020-03-31,2020-03-30,sh.600566,济川药业
2020-03-31,2020-03-30,sh.600570,恒生电子
2020-03-31,2020-03-30,sh.600583,海油工程
2020-03-31,2020-03-30,sh.600585,海螺水泥
2020-03-31,2020-03-30,sh.600588,用友网络
2020-03-31,2020-03-30,sh.600606,绿地控股
2020-03-31,2020-03-30,sh.600637,东方明珠
2020-03-31,2020-03-30,sh.600655,豫园股份
2020-03-31,2020-03-30,sh.600660,福耀玻璃
2020-03-31,2020-03-30,sh.600663,陆家嘴
2020-03-31,2020-03-30,sh.600674,川投能源
2020-03-31,2020-03-30,sh.600690,海尔智家
2020-03-31,2020-03-30,sh.600703,三安光电
2020-03-31,2020-03-30,sh.600705,中航资本
2020-03-31,2020-03-30,sh.600733,北汽蓝谷
2020-03-31,2020-03-30,sh.600741,华域汽车
2020-03-31,2020-03-30,sh.600760,中航沈飞
2020-03-31,2020-03-30,sh.600795,国电电力
2020-03-31,2020-03-30,sh.600809,山西汾酒
2020-03-31,2020-03-30,sh.600816,安信信托
2020-03-31,2020-03-30,sh.600837,海通证券
2020-03-31,2020-03-30,sh.600848,上海临港
2020-03-31,2020-03-30,sh.600867,通化东宝
2020-03-31,2020-03-30,sh.600886,国投电力
2020-03-31,2020-03-30,sh.600887,伊利股份
2020-03-31,2020-03-30,sh.600893,航发动力
2020-03-31,2020-03-30,sh.600900,长江电力
2020-03-31,2020-03-30,sh.600919,江苏银行
2020-03-31,2020-03-30,sh.600926,杭州银行
2020-03-31,2020-03-30,sh.600928,西安银行
2020-03-31,2020-03-30,sh.600958,东方证券
2020-03-31,2020-03-30,sh.600968,海油发展
2020-03-31,2020-03-30,sh.600977,中国电影
2020-03-31,2020-03-30,sh.600989,宝丰能源
2020-03-31,2020-03-30,sh.600998,九州通
2020-03-31,2020-03-30,sh.600999,招商证券
2020-03-31,2020-03-30,sh.601006,大秦铁路
2020-03-31,2020-03-30,sh.601009,南京银行
2020-03-31,2020-03-30,sh.601012,隆基股份
2020-03-31,2020-03-30,sh.601018,宁波港
2020-03-31,2020-03-30,sh.601021,春秋航空
2020-03-31,2020-03-30,sh.601066,中信建投
2020-03-31,2020-03-30,sh.601088,中国神华
2020-03-31,2020-03-30,sh.601108,财通证券
2020-03-31,2020-03-30,sh.601111,中国国航
2020-03-31,2020-03-30,sh.601117,中国化学
2020-03-31,2020-03-30,sh.601138,工业富联
2020-03-31,2020-03-30,sh.601155,新城控股
2020-03-31,2020-03-30,sh.601162,天风证券
2020-03-31,2020-03-30,sh.601166,兴业银行
2020-03-31,2020-03-30,sh.601169,北京银行
2020-03-31,2020-03-30,sh.601186,中国铁建
2020-03-31,2020-03-30,sh.601198,东兴证券
2020-03-31,2020-03-30,sh.601211,国泰君安
2020-03-31,2020-03-30,sh.601212,白银有色
2020-03-31,2020-03-30,sh.601216,君正集团
2020-03-31,2020-03-30,sh.601225,陕西煤业
2020-03-31,2020-03-30,sh.601229,上海银行
2020-03-31,2020-03-30,sh.601236,红塔证券
2020-03-31,2020-03-30,sh.601238,广汽集团
2020-03-31,2020-03-30,sh.601288,农业银行
2020-03-31,2020-03-30,sh.601298,青岛港
2020-03-31,2020-03-30,sh.601318,中国平安
2020-03-31,2020-03-30,sh.601319,中国人保
2020-03-31,2020-03-30,sh.601328,交通银行
2020-03-31,2020-03-30,sh.601336,新华保险
2020-03-31,2020-03-30,sh.601360,三六零
2020-03-31,2020-03-30,sh.601377,兴业证券
2020-03-31,2020-03-30,sh.601390,中国中铁
2020-03-31,2020-03-30,sh.601398,工商银行
2020-03-31,2020-03-30,sh.601555,东吴证券
2020-03-31,2020-03-30,sh.601577,长沙银行
2020-03-31,2020-03-30,sh.601600,中国铝业
2020-03-31,2020-03-30,sh.601601,中国太保
2020-03-31,2020-03-30,sh.601607,上海医药
2020-03-31,2020-03-30,sh.601618,中国中冶
2020-03-31,2020-03-30,sh.601628,中国人寿
2020-03-31,2020-03-30,sh.601633,长城汽车
2020-03-31,2020-03-30,sh.601668,中国建筑
2020-03-31,2020-03-30,sh.601669,中国电建
2020-03-31,2020-03-30,sh.601688,华泰证券
2020-03-31,2020-03-30,sh.601698,中国卫通
2020-03-31,2020-03-30,sh.601727,上海电气
2020-03-31,2020-03-30,sh.601766,中国中车
2020-03-31,2020-03-30,sh.601788,光大证券
2020-03-31,2020-03-30,sh.601800,中国交建
2020-03-31,2020-03-30,sh.601808,中海油服
2020-03-31,2020-03-30,sh.601818,光大银行
2020-03-31,2020-03-30,sh.601828,美凯龙
2020-03-31,2020-03-30,sh.601838,成都银行
2020-03-31,2020-03-30,sh.601857,中国石油
2020-03-31,2020-03-30,sh.601877,正泰电器
2020-03-31,2020-03-30,sh.601878,浙商证券
2020-03-31,2020-03-30,sh.601881,中国银河
2020-03-31,2020-03-30,sh.601888,中国国旅
2020-03-31,2020-03-30,sh.601898,中煤能源
2020-03-31,2020-03-30,sh.601899,紫金矿业
2020-03-31,2020-03-30,sh.601901,方正证券
2020-03-31,2020-03-30,sh.601919,中远海控
2020-03-31,2020-03-30,sh.601933,永辉超市
2020-03-31,2020-03-30,sh.601939,建设银行
2020-03-31,2020-03-30,sh.601985,中国核电
2020-03-31,2020-03-30,sh.601988,中国银行
2020-03-31,2020-03-30,sh.601989,中国重工
2020-03-31,2020-03-30,sh.601992,金隅集团
2020-03-31,2020-03-30,sh.601997,贵阳银行
2020-03-31,2020-03-30,sh.601998,中信银行
2020-03-31,2020-03-30,sh.603019,中科曙光
2020-03-31,2020-03-30,sh.603156,养元饮品
2020-03-31,2020-03-30,sh.603160,汇顶科技
2020-03-31,2020-03-30,sh.603259,药明康德
2020-03-31,2020-03-30,sh.603260,合盛硅业
2020-03-31,2020-03-30,sh.603288,海天味业
2020-03-31,2020-03-30,sh.603501,韦尔股份
2020-03-31,2020-03-30,sh.603799,华友钴业
2020-03-31,2020-03-30,sh.603833,欧派家居
2020-03-31,2020-03-30,sh.603899,晨光文具
2020-03-31,2020-03-30,sh.603986,兆易创新
2020-03-31,2020-03-30,sh.603993,洛阳钼业
2020-03-31,2020-03-30,sz.000001,平安银行
2020-03-31,2020-03-30,sz.000002,万科A
2020-03-31,2020-03-30,sz.000063,中兴通讯
2020-03-31,2020-03-30,sz.000069,华侨城A
2020-03-31,2020-03-30,sz.000100,TCL科技
2020-03-31,2020-03-30,sz.000157,中联重科
2020-03-31,2020-03-30,sz.000166,申万宏源
2020-03-31,2020-03-30,sz.000333,美的集团
2020-03-31,2020-03-30,sz.000338,潍柴动力
2020-03-31,2020-03-30,sz.000413,东旭光电
2020-03-31,2020-03-30,sz.000415,渤海租赁
2020-03-31,2020-03-30,sz.000423,东阿阿胶
2020-03-31,2020-03-30,sz.000425,徐工机械
2020-03-31,2020-03-30,sz.000538,云南白药
2020-03-31,2020-03-30,sz.000568,泸州老窖
2020-03-31,2020-03-30,sz.000596,古井贡酒
2020-03-31,2020-03-30,sz.000625,长安汽车
2020-03-31,2020-03-30,sz.000627,天茂集团
2020-03-31,2020-03-30,sz.000629,攀钢钒钛
2020-03-31,2020-03-30,sz.000630,铜陵有色
2020-03-31,2020-03-30,sz.000651,格力电器
2020-03-31,2020-03-30,sz.000656,金科股份
2020-03-31,2020-03-30,sz.000661,长春高新
2020-03-31,2020-03-30,sz.000671,阳光城
2020-03-31,2020-03-30,sz.000703,恒逸石化
2020-03-31,2020-03-30,sz.000709,河钢股份
2020-03-31,2020-03-30,sz.000723,美锦能源
2020-03-31,2020-03-30,sz.000725,京东方A
2020-03-31,2020-03-30,sz.000728,国元证券
2020-03-31,2020-03-30,sz.000768,中航飞机
2020-03-31,2020-03-30,sz.000776,广发证券
2020-03-31,2020-03-30,sz.000783,长江证券
2020-03-31,2020-03-30,sz.000786,北新建材
2020-03-31,2020-03-30,sz.000858,五粮液
2020-03-31,2020-03-30,sz.000876,新希望
2020-03-31,2020-03-30,sz.000895,双汇发展
2020-03-31,2020-03-30,sz.000898,鞍钢股份
2020-03-31,2020-03-30,sz.000938,紫光股份
2020-03-31,2020-03-30,sz.000961,中南建设
2020-03-31,2020-03-30,sz.000963,华东医药
2020-03-31,2020-03-30,sz.001979,招商蛇口
2020-03-31,2020-03-30,sz.002001,新和成
2020-03-31,2020-03-30,sz.002007,华兰生物
2020-03-31,2020-03-30,sz.002008,大族激光
2020-03-31,2020-03-30,sz.002010,传化智联
2020-03-31,2020-03-30,sz.002024,苏宁易购
2020-03-31,2020-03-30,sz.002027,分众传媒
2020-03-31,2020-03-30,sz.002032,苏泊尔
2020-03-31,2020-03-30,sz.002044,美年健康
2020-03-31,2020-03-30,sz.002050,三花智控
2020-03-31,2020-03-30,sz.002081,金螳螂
2020-03-31,2020-03-30,sz.002120,韵达股份
2020-03-31,2020-03-30,sz.002142,宁波银行
2020-03-31,2020-03-30,sz.002146,荣盛发展
2020-03-31,2020-03-30,sz.002153,石基信息
2020-03-31,2020-03-30,sz.002179,中航光电
2020-03-31,2020-03-30,sz.002202,金风科技
2020-03-31,2020-03-30,sz.002230,科大讯飞
2020-03-31,2020-03-30,sz.002236,大华股份
2020-03-31,2020-03-30,sz.002241,歌尔股份
2020-03-31,2020-03-30,sz.002252,上海莱士
2020-03-31,2020-03-30,sz.002271,东方雨虹
2020-03-31,2020-03-30,sz.002294,信立泰
2020-03-31,2020-03-30,sz.002304,洋河股份
2020-03-31,2020-03-30,sz.002311,海大集团
2020-03-31,2020-03-30,sz.002352,顺丰控股
2020-03-31,2020-03-30,sz.002410,广联达
2020-03-31,2020-03-30,sz.002411,延安必康
2020-03-31,2020-03-30,sz.002415,海康威视
2020-03-31,2020-03-30,sz.002422,科伦药业
2020-03-31,2020-03-30,sz.002456,欧菲光
2020-03-31,2020-03-30,sz.002460,赣锋锂业
2020-03-31,2020-03-30,sz.002466,天齐锂业
2020-03-31,2020-03-30,sz.002468,申通快递
2020-03-31,2020-03-30,sz.002475,立讯精密
2020-03-31,2020-03-30,sz.002493,荣盛石化
2020-03-31,2020-03-30,sz.002508,老板电器
2020-03-31,2020-03-30,sz.002555,三七互娱
2020-03-31,2020-03-30,sz.002558,巨人网络
2020-03-31,2020-03-30,sz.002594,比亚迪
2020-03-31,2020-03-30,sz.002601,龙蟒佰利
2020-03-31,2020-03-30,sz.002602,世纪华通
2020-03-31,2020-03-30,sz.002607,中公教育
2020-03-31,2020-03-30,sz.002624,完美世界
2020-03-31,2020-03-30,sz.002673,西部证券
2020-03-31,2020-03-30,sz.002714,牧原股份
2020-03-31,2020-03-30,sz.002736,国信证券
2020-03-31,2020-03-30,sz.002739,万达电影
2020-03-31,2020-03-30,sz.002773,康弘药业
2020-03-31,2020-03-30,sz.002841,视源股份
2020-03-31,2020-03-30,sz.002916,深南电路
2020-03-31,2020-03-30,sz.002938,鹏鼎控股
2020-03-31,2020-03-30,sz.002939,长城证券
2020-03-31,2020-03-30,sz.002945,华林证券
2020-03-31,2020-03-30,sz.002958,青农商行
2020-03-31,2020-03-30,sz.300003,乐普医疗
2020-03-31,2020-03-30,sz.300015,爱尔眼科
2020-03-31,2020-03-30,sz.300017,网宿科技
2020-03-31,2020-03-30,sz.300024,机器人
2020-03-31,2020-03-30,sz.300033,同花顺
2020-03-31,2020-03-30,sz.300059,东方财富
2020-03-31,2020-03-30,sz.300070,碧水源
2020-03-31,2020-03-30,sz.300122,智飞生物
2020-03-31,2020-03-30,sz.300124,汇川技术
2020-03-31,2020-03-30,sz.300136,信维通信
2020-03-31,2020-03-30,sz.300142,沃森生物
2020-03-31,2020-03-30,sz.300144,宋城演艺
2020-03-31,2020-03-30,sz.300347,泰格医药
2020-03-31,2020-03-30,sz.300408,三环集团
2020-03-31,2020-03-30,sz.300413,芒果超媒
2020-03-31,2020-03-30,sz.300433,蓝思科技
2020-03-31,2020-03-30,sz.300498,温氏股份
2020-04-30,2020-04-27,sh.600000,浦发银行
2020-04-30,2020-04-27,sh.600004,白云机场
2020-04-30,2020-04-27,sh.600009,上海机场
2020-04-30,2020-04-27,sh.600010,包钢股份
2020-04-30,2020-04-27,sh.600011,华能国际
2020-04-30,2020-04-27,sh.600015,华夏银行
2020-04-30,2020-04-27,sh.600016,民生银行
2020-04-30,2020-04-27,sh.600018,上港集团
2020-04-30,2020-04-27,sh.600019,宝钢股份
2020-04-30,2020-04-27,sh.600023,浙能电力
2020-04-30,2020-04-27,sh.600025,华能水电
2020-04-30,2020-04-27,sh.600027,华电国际
2020-04-30,2020-04-27,sh.600028,中国石化
2020-04-30,2020-04-27,sh.600029,南方航空
2020-04-30,2020-04-27,sh.600030,中信证券
2020-04-30,2020-04-27,sh.600031,三一重工
2020-04-30,2020-04-27,sh.600036,招商银行
2020-04-30,2020-04-27,sh.600038,中直股份
2020-04-30,2020-04-27,sh.600048,保利地产
2020-04-30,2020-04-27,sh.600050,中国联通
2020-04-30,2020-04-27,sh.600061,国投资本
2020-04-30,2020-04-27,sh.600066,宇通客车
2020-04-30,2020-04-27,sh.600068,葛洲坝
2020-04-30,2020-04-27,sh.600085,同仁堂
2020-04-30,2020-04-27,sh.600089,特变电工
2020-04-30,2020-04-27,sh.600100,同方股份
2020-04-30,2020-04-27,sh.600104,上汽集团
2020-04-30,2020-04-27,sh.600109,国金证券
2020-04-30,2020-04-27,sh.600111,北方稀土
2020-04-30,2020-04-27,sh.600115,东方航空
2020-04-30,2020-04-27,sh.600118,中国卫星
2020-04-30,2020-04-27,sh.600153,建发股份
2020-04-30,2020-04-27,sh.600170,上海建工
2020-04-30,2020-04-27,sh.600176,中国巨石
2020-04-30,2020-04-27,sh.600177,雅戈尔
2020-04-30,2020-04-27,sh.600183,生益科技
2020-04-30,2020-04-27,sh.600188,兖州煤业
2020-04-30,2020-04-27,sh.600196,复星医药
2020-04-30,2020-04-27,sh.600208,新湖中宝
2020-04-30,2020-04-27,sh.600219,南山铝业
2020-04-30,2020-04-27,sh.600221,海航控股
2020-04-30,2020-04-27,sh.600233,圆通速递
2020-04-30,2020-04-27,sh.600271,航天信息
2020-04-30,2020-04-27,sh.600276,恒瑞医药
2020-04-30,2020-04-27,sh.600297,广汇汽车
2020-04-30,2020-04-27,sh.600299,安迪苏
2020-04-30,2020-04-27,sh.600309,万华化学
2020-04-30,2020-04-27,sh.600332,白云山
2020-04-30,2020-04-27,sh.600340,华夏幸福
2020-04-30,2020-04-27,sh.600346,恒力石化
2020-04-30,2020-04-27,sh.600352,浙江龙盛
2020-04-30,2020-04-27,sh.600362,江西铜业
2020-04-30,2020-04-27,sh.600369,西南证券
2020-04-30,2020-04-27,sh.600372,中航电子
2020-04-30,2020-04-27,sh.600383,金地集团
2020-04-30,2020-04-27,sh.600390,五矿资本
2020-04-30,2020-04-27,sh.600398,海澜之家
2020-04-30,2020-04-27,sh.600406,国电南瑞
2020-04-30,2020-04-27,sh.600436,片仔癀
2020-04-30,2020-04-27,sh.600438,通威股份
2020-04-30,2020-04-27,sh.600482,中国动力
2020-04-30,2020-04-27,sh.600487,亨通光电
2020-04-30,2020-04-27,sh.600489,中金黄金
2020-04-30,2020-04-27,sh.600498,烽火通信
2020-04-30,2020-04-27,sh.600516,方大炭素
2020-04-30,2020-04-27,sh.600519,贵州茅台
2020-04-30,2020-04-27,sh.600522,中天科技
2020-04-30,2020-04-27,sh.600535,天士力
2020-04-30,2020-04-27,sh.600547,山东黄金
2020-04-30,2020-04-27,sh.600566,济川药业
2020-04-30,2020-04-27,sh.600570,恒生电子
2020-04-30,2020-04-27,sh.600583,海油工程
2020-04-30,2020-04-27,sh.600585,海螺水泥
2020-04-30,2020-04-27,sh.600588,用友网络
2020-04-30,2020-04-27,sh.600606,绿地控股
2020-04-30,2020-04-27,sh.600637,东方明珠
2020-04-30,2020-04-27,sh.600655,豫园股份
2020-04-30,2020-04-27,sh.600660,福耀玻璃
2020-04-30,2020-04-27,sh.600663,陆家嘴
2020-04-30,2020-04-27,sh.600674,川投能源
2020-04-30,2020-04-27,sh.600690,海尔智家
2020-04-30,2020-04-27,sh.600703,三安光电
2020-04-30,2020-04-27,sh.600705,中航资本
2020-04-30,2020-04-27,sh.600733,北汽蓝谷
2020-04-30,2020-04-27,sh.600741,华域汽车
2020-04-30,2020-04-27,sh.600760,中航沈飞
2020-04-30,2020-04-27,sh.600795,国电电力
2020-04-30,2020-04-27,sh.600809,山西汾酒
2020-04-30,2020-04-27,sh.600816,安信信托
2020-04-30,2020-04-27,sh.600837,海通证券
2020-04-30,2020-04-27,sh.600848,上海临港
2020-04-30,2020-04-27,sh.600867,通化东宝
2020-04-30,2020-04-27,sh.600886,国投电力
2020-04-30,2020-04-27,sh.600887,伊利股份
2020-04-30,2020-04-27,sh.600893,航发动力
2020-04-30,2020-04-27,sh.600900,长江电力
2020-04-30,2020-04-27,sh.600919,江苏银行
2020-04-30,2020-04-27,sh.600926,杭州银行
2020-04-30,2020-04-27,sh.600928,西安银行
2020-04-30,2020-04-27,sh.600958,东方证券
2020-04-30,2020-04-27,sh.600968,海油发展
2020-04-30,2020-04-27,sh.600977,中国电影
2020-04-30,2020-04-27,sh.600989,宝丰能源
2020-04-30,2020-04-27,sh.600998,九州通
2020-04-30,2020-04-27,sh.600999,招商证券
2020-04-30,2020-04-27,sh.601006,大秦铁路
2020-04-30,2020-04-27,sh.601009,南京银行
2020-04-30,2020-04-27,sh.601012,隆基股份
2020-04-30,2020-04-27,sh.601018,宁波港
2020-04-30,2020-04-27,sh.601021,春秋航空
2020-04-30,2020-04-27,sh.601066,中信建投
2020-04-30,2020-04-27,sh.601088,中国神华
2020-04-30,2020-04-27,sh.601108,财通证券
2020-04-30,2020-04-27,sh.601111,中国国航
2020-04-30,2020-04-27,sh.601117,中国化学
2020-04-30,2020-04-27,sh.601138,工业富联
2020-04-30,2020-04-27,sh.601155,新城控股
2020-04-30,2020-04-27,sh.601162,天风证券
2020-04-30,2020-04-27,sh.601166,兴业银行
2020-04-30,2020-04-27,sh.601169,北京银行
2020-04-30,2020-04-27,sh.601186,中国铁建
2020-04-30,2020-04-27,sh.601198,东兴证券
2020-04-30,2020-04-27,sh.601211,国泰君安
2020-04-30,2020-04-27,sh.601212,白银有色
2020-04-30,2020-04-27,sh.601216,君正集团
2020-04-30,2020-04-27,sh.601225,陕西煤业
2020-04-30,2020-04-27,sh.601229,上海银行
2020-04-30,2020-04-27,sh.601236,红塔证券
2020-04-30,2020-04-27,sh.601238,广汽集团
2020-04-30,2020-04-27,sh.601288,农业银行
2020-04-30,2020-04-27,sh.601298,青岛港
2020-04-30,2020-04-27,sh.601318,中国平安
2020-04-30,2020-04-27,sh.601319,中国人保
2020-04-30,2020-04-27,sh.601328,交通银行
2020-04-30,2020-04-27,sh.601336,新华保险
2020-04-30,2020-04-27,sh.601360,三六零
2020-04-30,2020-04-27,sh.601377,兴业证券
2020-04-30,2020-04-27,sh.601390,中国中铁
2020-04-30,2020-04-27,sh.601398,工商银行
2020-04-30,2020-04-27,sh.601555,东吴证券
2020-04-30,2020-04-27,sh.601577,长沙银行
2020-04-30,2020-04-27,sh.601600,中国铝业
2020-04-30,2020-04-27,sh.601601,中国太保
2020-04-30,2020-04-27,sh.601607,上海医药
2020-04-30,2020-04-27,sh.601618,中国中冶
2020-04-30,2020-04-27,sh.601628,中国人寿
2020-04-30,2020-04-27,sh.601633,长城汽车
2020-04-30,2020-04-27,sh.601668,中国建筑
2020-04-30,2020-04-27,sh.601669,中国电建
2020-04-30,2020-04-27,sh.601688,华泰证券
2020-04-30,2020-04-27,sh.601698,中国卫通
2020-04-30,2020-04-27,sh.601727,上海电气
2020-04-30,2020-04-27,sh.601766,中国中车
2020-04-30,2020-04-27,sh.601788,光大证券
2020-04-30,2020-04-27,sh.601800,中国交建
2020-04-30,2020-04-27,sh.601808,中海油服
2020-04-30,2020-04-27,sh.601818,光大银行
2020-04-30,2020-04-27,sh.601828,美凯龙
2020-04-30,2020-04-27,sh.601838,成都银行
2020-04-30,2020-04-27,sh.601857,中国石油
2020-04-30,2020-04-27,sh.601877,正泰电器
2020-04-30,2020-04-27,sh.601878,浙商证券
2020-04-30,2020-04-27,sh.601881,中国银河
2020-04-30,2020-04-27,sh.601888,中国国旅
2020-04-30,2020-04-27,sh.601898,中煤能源
2020-04-30,2020-04-27,sh.601899,紫金矿业
2020-04-30,2020-04-27,sh.601901,方正证券
2020-04-30,2020-04-27,sh.601919,中远海控
2020-04-30,2020-04-27,sh.601933,永辉超市
2020-04-30,2020-04-27,sh.601939,建设银行
2020-04-30,2020-04-27,sh.601985,中国核电
2020-04-30,2020-04-27,sh.601988,中国银行
2020-04-30,2020-04-27,sh.601989,中国重工
2020-04-30,2020-04-27,sh.601992,金隅集团
2020-04-30,2020-04-27,sh.601997,贵阳银行
2020-04-30,2020-04-27,sh.601998,中信银行
2020-04-30,2020-04-27,sh.603019,中科曙光
2020-04-30,2020-04-27,sh.603156,养元饮品
2020-04-30,2020-04-27,sh.603160,汇顶科技
2020-04-30,2020-04-27,sh.603259,药明康德
2020-04-30,2020-04-27,sh.603260,合盛硅业
2020-04-30,2020-04-27,sh.603288,海天味业
2020-04-30,2020-04-27,sh.603501,韦尔股份
2020-04-30,2020-04-27,sh.603799,华友钴业
2020-04-30,2020-04-27,sh.603833,欧派家居
2020-04-30,2020-04-27,sh.603899,晨光文具
2020-04-30,2020-04-27,sh.603986,兆易创新
2020-04-30,2020-04-27,sh.603993,洛阳钼业
2020-04-30,2020-04-27,sz.000001,平安银行
2020-04-30,2020-04-27,sz.000002,万科A
2020-04-30,2020-04-27,sz.000063,中兴通讯
2020-04-30,2020-04-27,sz.000069,华侨城A
2020-04-30,2020-04-27,sz.000100,TCL科技
2020-04-30,2020-04-27,sz.000157,中联重科
2020-04-30,2020-04-27,sz.000166,申万宏源
2020-04-30,2020-04-27,sz.000333,美的集团
2020-04-30,2020-04-27,sz.000338,潍柴动力
2020-04-30,2020-04-27,sz.000413,东旭光电
2020-04-30,2020-04-27,sz.000415,渤海租赁
2020-04-30,2020-04-27,sz.000423,东阿阿胶
2020-04-30,2020-04-27,sz.000425,徐工机械
2020-04-30,2020-04-27,sz.000538,云南白药
2020-04-30,2020-04-27,sz.000568,泸州老窖
2020-04-30,2020-04-27,sz.000596,古井贡酒
2020-04-30,2020-04-27,sz.000625,长安汽车
2020-04-30,2020-04-27,sz.000627,天茂集团
2020-04-30,2020-04-27,sz.000629,攀钢钒钛
2020-04-30,2020-04-27,sz.000630,铜陵有色
2020-04-30,2020-04-27,sz.000651,格力电器
2020-04-30,2020-04-27,sz.000656,金科股份
2020-04-30,2020-04-27,sz.000661,长春高新
2020-04-30,2020-04-27,sz.000671,阳光城
2020-04-30,2020-04-27,sz.000703,恒逸石化
2020-04-30,2020-04-27,sz.000709,河钢股份
2020-04-30,2020-04-27,sz.000723,美锦能源
2020-04-30,2020-04-27,sz.000725,京东方A
2020-04-30,2020-04-27,sz.000728,国元证券
2020-04-30,2020-04-27,sz.000768,中航飞机
2020-04-30,2020-04-27,sz.000776,广发证券
2020-04-30,2020-04-27,sz.000783,长江证券
2020-04-30,2020-04-27,sz.000786,北新建材
2020-04-30,2020-04-27,sz.000858,五粮液
2020-04-30,2020-04-27,sz.000876,新希望
2020-04-30,2020-04-27,sz.000895,双汇发展
2020-04-30,2020-04-27,sz.000898,鞍钢股份
2020-04-30,2020-04-27,sz.000938,紫光股份
2020-04-30,2020-04-27,sz.000961,中南建设
2020-04-30,2020-04-27,sz.000963,华东医药
2020-04-30,2020-04-27,sz.001979,招商蛇口
2020-04-30,2020-04-27,sz.002001,新和成
2020-04-30,2020-04-27,sz.002007,华兰生物
2020-04-30,2020-04-27,sz.002008,大族激光
2020-04-30,2020-04-27,sz.002010,传化智联
2020-04-30,2020-04-27,sz.002024,苏宁易购
2020-04-30,2020-04-27,sz.002027,分众传媒
2020-04-30,2020-04-27,sz.002032,苏泊尔
2020-04-30,2020-04-27,sz.002044,美年健康
2020-04-30,2020-04-27,sz.002050,三花智控
2020-04-30,2020-04-27,sz.002081,金螳螂
2020-04-30,2020-04-27,sz.002120,韵达股份
2020-04-30,2020-04-27,sz.002142,宁波银行
2020-04-30,2020-04-27,sz.002146,荣盛发展
2020-04-30,2020-04-27,sz.002153,石基信息
2020-04-30,2020-04-27,sz.002179,中航光电
2020-04-30,2020-04-27,sz.002202,金风科技
2020-04-30,2020-04-27,sz.002230,科大讯飞
2020-04-30,2020-04-27,sz.002236,大华股份
2020-04-30,2020-04-27,sz.002241,歌尔股份
2020-04-30,2020-04-27,sz.002252,上海莱士
2020-04-30,2020-04-27,sz.002271,东方雨虹
2020-04-30,2020-04-27,sz.002294,信立泰
2020-04-30,2020-04-27,sz.002304,洋河股份
2020-04-30,2020-04-27,sz.002311,海大集团
2020-04-30,2020-04-27,sz.002352,顺丰控股
2020-04-30,2020-04-27,sz.002410,广联达
2020-04-30,2020-04-27,sz.002411,延安必康
2020-04-30,2020-04-27,sz.002415,海康威视
2020-04-30,2020-04-27,sz.002422,科伦药业
2020-04-30,2020-04-27,sz.002456,欧菲光
2020-04-30,2020-04-27,sz.002460,赣锋锂业
2020-04-30,2020-04-27,sz.002466,天齐锂业
2020-04-30,2020-04-27,sz.002468,申通快递
2020-04-30,2020-04-27,sz.002475,立讯精密
2020-04-30,2020-04-27,sz.002493,荣盛石化
2020-04-30,2020-04-27,sz.002508,老板电器
2020-04-30,2020-04-27,sz.002555,三七互娱
2020-04-30,2020-04-27,sz.002558,巨人网络
2020-04-30,2020-04-27,sz.002594,比亚迪
2020-04-30,2020-04-27,sz.002601,龙蟒佰利
2020-04-30,2020-04-27,sz.002602,世纪华通
2020-04-30,2020-04-27,sz.002607,中公教育
2020-04-30,2020-04-27,sz.002624,完美世界
2020-04-30,2020-04-27,sz.002673,西部证券
2020-04-30,2020-04-27,sz.002714,牧原股份
2020-04-30,2020-04-27,sz.002736,国信证券
2020-04-30,2020-04-27,sz.002739,万达电影
2020-04-30,2020-04-27,sz.002773,康弘药业
2020-04-30,2020-04-27,sz.002841,视源股份
2020-04-30,2020-04-27,sz.002916,深南电路
2020-04-30,2020-04-27,sz.002938,鹏鼎控股
2020-04-30,2020-04-27,sz.002939,长城证券
2020-04-30,2020-04-27,sz.002945,华林证券
2020-04-30,2020-04-27,sz.002958,青农商行
2020-04-30,2020-04-27,sz.300003,乐普医疗
2020-04-30,2020-04-27,sz.300015,爱尔眼科
2020-04-30,2020-04-27,sz.300017,网宿科技
2020-04-30,2020-04-27,sz.300024,机器人
2020-04-30,2020-04-27,sz.300033,同花顺
2020-04-30,2020-04-27,sz.300059,东方财富
2020-04-30,2020-04-27,sz.300070,碧水源
2020-04-30,2020-04-27,sz.300122,智飞生物
2020-04-30,2020-04-27,sz.300124,汇川技术
2020-04-30,2020-04-27,sz.300136,信维通信
2020-04-30,2020-04-27,sz.300142,沃森生物
2020-04-30,2020-04-27,sz.300144,宋城演艺
2020-04-30,2020-04-27,sz.300347,泰格医药
2020-04-30,2020-04-27,sz.300408,三环集团
2020-04-30,2020-04-27,sz.300413,芒果超媒
2020-04-30,2020-04-27,sz.300433,蓝思科技
2020-04-30,2020-04-27,sz.300498,温氏股份
2020-05-31,2020-05-25,sh.600000,浦发银行
2020-05-31,2020-05-25,sh.600004,白云机场
2020-05-31,2020-05-25,sh.600009,上海机场
2020-05-31,2020-05-25,sh.600010,包钢股份
2020-05-31,2020-05-25,sh.600011,华能国际
2020-05-31,2020-05-25,sh.600015,华夏银行
2020-05-31,2020-05-25,sh.600016,民生银行
2020-05-31,2020-05-25,sh.600018,上港集团
2020-05-31,2020-05-25,sh.600019,宝钢股份
2020-05-31,2020-05-25,sh.600023,浙能电力
2020-05-31,2020-05-25,sh.600025,华能水电
2020-05-31,2020-05-25,sh.600027,华电国际
2020-05-31,2020-05-25,sh.600028,中国石化
2020-05-31,2020-05-25,sh.600029,南方航空
2020-05-31,2020-05-25,sh.600030,中信证券
2020-05-31,2020-05-25,sh.600031,三一重工
2020-05-31,2020-05-25,sh.600036,招商银行
2020-05-31,2020-05-25,sh.600038,中直股份
2020-05-31,2020-05-25,sh.600048,保利地产
2020-05-31,2020-05-25,sh.600050,中国联通
2020-05-31,2020-05-25,sh.600061,国投资本
2020-05-31,2020-05-25,sh.600066,宇通客车
2020-05-31,2020-05-25,sh.600068,葛洲坝
2020-05-31,2020-05-25,sh.600085,同仁堂
2020-05-31,2020-05-25,sh.600089,特变电工
2020-05-31,2020-05-25,sh.600100,同方股份
2020-05-31,2020-05-25,sh.600104,上汽集团
2020-05-31,2020-05-25,sh.600109,国金证券
2020-05-31,2020-05-25,sh.600111,北方稀土
2020-05-31,2020-05-25,sh.600115,东方航空
2020-05-31,2020-05-25,sh.600118,中国卫星
2020-05-31,2020-05-25,sh.600153,建发股份
2020-05-31,2020-05-25,sh.600170,上海建工
2020-05-31,2020-05-25,sh.600176,中国巨石
2020-05-31,2020-05-25,sh.600177,雅戈尔
2020-05-31,2020-05-25,sh.600183,生益科技
2020-05-31,2020-05-25,sh.600188,兖州煤业
2020-05-31,2020-05-25,sh.600196,复星医药
2020-05-31,2020-05-25,sh.600208,新湖中宝
2020-05-31,2020-05-25,sh.600219,南山铝业
2020-05-31,2020-05-25,sh.600221,海航控股
2020-05-31,2020-05-25,sh.600233,圆通速递
2020-05-31,2020-05-25,sh.600271,航天信息
2020-05-31,2020-05-25,sh.600276,恒瑞医药
2020-05-31,2020-05-25,sh.600297,广汇汽车
2020-05-31,2020-05-25,sh.600299,安迪苏
2020-05-31,2020-05-25,sh.600309,万华化学
2020-05-31,2020-05-25,sh.600332,白云山
2020-05-31,2020-05-25,sh.600340,华夏幸福
2020-05-31,2020-05-25,sh.600346,恒力石化
2020-05-31,2020-05-25,sh.600352,浙江龙盛
2020-05-31,2020-05-25,sh.600362,江西铜业
2020-05-31,2020-05-25,sh.600369,西南证券
2020-05-31,2020-05-25,sh.600372,中航电子
2020-05-31,2020-05-25,sh.600383,金地集团
2020-05-31,2020-05-25,sh.600390,五矿资本
2020-05-31,2020-05-25,sh.600398,海澜之家
2020-05-31,2020-05-25,sh.600406,国电南瑞
2020-05-31,2020-05-25,sh.600436,片仔癀
2020-05-31,2020-05-25,sh.600438,通威股份
2020-05-31,2020-05-25,sh.600482,中国动力
2020-05-31,2020-05-25,sh.600487,亨通光电
2020-05-31,2020-05-25,sh.600489,中金黄金
2020-05-31,2020-05-25,sh.600498,烽火通信
2020-05-31,2020-05-25,sh.600516,方大炭素
2020-05-31,2020-05-25,sh.600519,贵州茅台
2020-05-31,2020-05-25,sh.600522,中天科技
2020-05-31,2020-05-25,sh.600535,天士力
2020-05-31,2020-05-25,sh.600547,山东黄金
2020-05-31,2020-05-25,sh.600566,济川药业
2020-05-31,2020-05-25,sh.600570,恒生电子
2020-05-31,2020-05-25,sh.600583,海油工程
2020-05-31,2020-05-25,sh.600585,海螺水泥
2020-05-31,2020-05-25,sh.600588,用友网络
2020-05-31,2020-05-25,sh.600606,绿地控股
2020-05-31,2020-05-25,sh.600637,东方明珠
2020-05-31,2020-05-25,sh.600655,豫园股份
2020-05-31,2020-05-25,sh.600660,福耀玻璃
2020-05-31,2020-05-25,sh.600663,陆家嘴
2020-05-31,2020-05-25,sh.600674,川投能源
2020-05-31,2020-05-25,sh.600690,海尔智家
2020-05-31,2020-05-25,sh.600703,三安光电
2020-05-31,2020-05-25,sh.600705,中航资本
2020-05-31,2020-05-25,sh.600733,北汽蓝谷
2020-05-31,2020-05-25,sh.600741,华域汽车
2020-05-31,2020-05-25,sh.600760,中航沈飞
2020-05-31,2020-05-25,sh.600795,国电电力
2020-05-31,2020-05-25,sh.600809,山西汾酒
2020-05-31,2020-05-25,sh.600816,*ST安信
2020-05-31,2020-05-25,sh.600837,海通证券
2020-05-31,2020-05-25,sh.600848,上海临港
2020-05-31,2020-05-25,sh.600867,通化东宝
2020-05-31,2020-05-25,sh.600886,国投电力
2020-05-31,2020-05-25,sh.600887,伊利股份
2020-05-31,2020-05-25,sh.600893,航发动力
2020-05-31,2020-05-25,sh.600900,长江电力
2020-05-31,2020-05-25,sh.600919,江苏银行
2020-05-31,2020-05-25,sh.600926,杭州银行
2020-05-31,2020-05-25,sh.600928,西安银行
2020-05-31,2020-05-25,sh.600958,东方证券
2020-05-31,2020-05-25,sh.600968,海油发展
2020-05-31,2020-05-25,sh.600977,中国电影
2020-05-31,2020-05-25,sh.600989,宝丰能源
2020-05-31,2020-05-25,sh.600998,九州通
2020-05-31,2020-05-25,sh.600999,招商证券
2020-05-31,2020-05-25,sh.601006,大秦铁路
2020-05-31,2020-05-25,sh.601009,南京银行
2020-05-31,2020-05-25,sh.601012,隆基股份
2020-05-31,2020-05-25,sh.601018,宁波港
2020-05-31,2020-05-25,sh.601021,春秋航空
2020-05-31,2020-05-25,sh.601066,中信建投
2020-05-31,2020-05-25,sh.601088,中国神华
2020-05-31,2020-05-25,sh.601108,财通证券
2020-05-31,2020-05-25,sh.601111,中国国航
2020-05-31,2020-05-25,sh.601117,中国化学
2020-05-31,2020-05-25,sh.601138,工业富联
2020-05-31,2020-05-25,sh.601155,新城控股
2020-05-31,2020-05-25,sh.601162,天风证券
2020-05-31,2020-05-25,sh.601166,兴业银行
2020-05-31,2020-05-25,sh.601169,北京银行
2020-05-31,2020-05-25,sh.601186,中国铁建
2020-05-31,2020-05-25,sh.601198,东兴证券
2020-05-31,2020-05-25,sh.601211,国泰君安
2020-05-31,2020-05-25,sh.601212,白银有色
2020-05-31,2020-05-25,sh.601216,君正集团
2020-05-31,2020-05-25,sh.601225,陕西煤业
2020-05-31,2020-05-25,sh.601229,上海银行
2020-05-31,2020-05-25,sh.601236,红塔证券
2020-05-31,2020-05-25,sh.601238,广汽集团
2020-05-31,2020-05-25,sh.601288,农业银行
2020-05-31,2020-05-25,sh.601298,青岛港
2020-05-31,2020-05-25,sh.601318,中国平安
2020-05-31,2020-05-25,sh.601319,中国人保
2020-05-31,2020-05-25,sh.601328,交通银行
2020-05-31,2020-05-25,sh.601336,新华保险
2020-05-31,2020-05-25,sh.601360,三六零
2020-05-31,2020-05-25,sh.601377,兴业证券
2020-05-31,2020-05-25,sh.601390,中国中铁
2020-05-31,2020-05-25,sh.601398,工商银行
2020-05-31,2020-05-25,sh.601555,东吴证券
2020-05-31,2020-05-25,sh.601577,长沙银行
2020-05-31,2020-05-25,sh.601600,中国铝业
2020-05-31,2020-05-25,sh.601601,中国太保
2020-05-31,2020-05-25,sh.601607,上海医药
2020-05-31,2020-05-25,sh.601618,中国中冶
2020-05-31,2020-05-25,sh.601628,中国人寿
2020-05-31,2020-05-25,sh.601633,长城汽车
2020-05-31,2020-05-25,sh.601668,中国建筑
2020-05-31,2020-05-25,sh.601669,中国电建
2020-05-31,2020-05-25,sh.601688,华泰证券
2020-05-31,2020-05-25,sh.601698,中国卫通
2020-05-31,2020-05-25,sh.601727,上海电气
2020-05-31,2020-05-25,sh.601766,中国中车
2020-05-31,2020-05-25,sh.601788,光大证券
2020-05-31,2020-05-25,sh.601800,中国交建
2020-05-31,2020-05-25,sh.601808,中海油服
2020-05-31,2020-05-25,sh.601818,光大银行
2020-05-31,2020-05-25,sh.601828,美凯龙
2020-05-31,2020-05-25,sh.601838,成都银行
2020-05-31,2020-05-25,sh.601857,中国石油
2020-05-31,2020-05-25,sh.601877,正泰电器
2020-05-31,2020-05-25,sh.601878,浙商证券
2020-05-31,2020-05-25,sh.601881,中国银河
2020-05-31,2020-05-25,sh.601888,中国国旅
2020-05-31,2020-05-25,sh.601898,中煤能源
2020-05-31,2020-05-25,sh.601899,紫金矿业
2020-05-31,2020-05-25,sh.601901,方正证券
2020-05-31,2020-05-25,sh.601919,中远海控
2020-05-31,2020-05-25,sh.601933,永辉超市
2020-05-31,2020-05-25,sh.601939,建设银行
2020-05-31,2020-05-25,sh.601985,中国核电
2020-05-31,2020-05-25,sh.601988,中国银行
2020-05-31,2020-05-25,sh.601989,中国重工
2020-05-31,2020-05-25,sh.601992,金隅集团
2020-05-31,2020-05-25,sh.601997,贵阳银行
2020-05-31,2020-05-25,sh.601998,中信银行
2020-05-31,2020-05-25,sh.603019,中科曙光
2020-05-31,2020-05-25,sh.603156,养元饮品
2020-05-31,2020-05-25,sh.603160,汇顶科技
2020-05-31,2020-05-25,sh.603259,药明康德
2020-05-31,2020-05-25,sh.603260,合盛硅业
2020-05-31,2020-05-25,sh.603288,海天味业
2020-05-31,2020-05-25,sh.603501,韦尔股份
2020-05-31,2020-05-25,sh.603799,华友钴业
2020-05-31,2020-05-25,sh.603833,欧派家居
2020-05-31,2020-05-25,sh.603899,晨光文具
2020-05-31,2020-05-25,sh.603986,兆易创新
2020-05-31,2020-05-25,sh.603993,洛阳钼业
2020-05-31,2020-05-25,sz.000001,平安银行
2020-05-31,2020-05-25,sz.000002,万科A
2020-05-31,2020-05-25,sz.000063,中兴通讯
2020-05-31,2020-05-25,sz.000069,华侨城A
2020-05-31,2020-05-25,sz.000100,TCL科技
2020-05-31,2020-05-25,sz.000157,中联重科
2020-05-31,2020-05-25,sz.000166,申万宏源
2020-05-31,2020-05-25,sz.000333,美的集团
2020-05-31,2020-05-25,sz.000338,潍柴动力
2020-05-31,2020-05-25,sz.000413,东旭光电
2020-05-31,2020-05-25,sz.000415,渤海租赁
2020-05-31,2020-05-25,sz.000423,东阿阿胶
2020-05-31,2020-05-25,sz.000425,徐工机械
2020-05-31,2020-05-25,sz.000538,云南白药
2020-05-31,2020-05-25,sz.000568,泸州老窖
2020-05-31,2020-05-25,sz.000596,古井贡酒
2020-05-31,2020-05-25,sz.000625,长安汽车
2020-05-31,2020-05-25,sz.000627,天茂集团
2020-05-31,2020-05-25,sz.000629,攀钢钒钛
2020-05-31,2020-05-25,sz.000630,铜陵有色
2020-05-31,2020-05-25,sz.000651,格力电器
2020-05-31,2020-05-25,sz.000656,金科股份
2020-05-31,2020-05-25,sz.000661,长春高新
2020-05-31,2020-05-25,sz.000671,阳光城
2020-05-31,2020-05-25,sz.000703,恒逸石化
2020-05-31,2020-05-25,sz.000709,河钢股份
2020-05-31,2020-05-25,sz.000723,美锦能源
2020-05-31,2020-05-25,sz.000725,京东方A
2020-05-31,2020-05-25,sz.000728,国元证券
2020-05-31,2020-05-25,sz.000768,中航飞机
2020-05-31,2020-05-25,sz.000776,广发证券
2020-05-31,2020-05-25,sz.000783,长江证券
2020-05-31,2020-05-25,sz.000786,北新建材
2020-05-31,2020-05-25,sz.000858,五粮液
2020-05-31,2020-05-25,sz.000876,新希望
2020-05-31,2020-05-25,sz.000895,双汇发展
2020-05-31,2020-05-25,sz.000898,鞍钢股份
2020-05-31,2020-05-25,sz.000938,紫光股份
2020-05-31,2020-05-25,sz.000961,中南建设
2020-05-31,2020-05-25,sz.000963,华东医药
2020-05-31,2020-05-25,sz.001979,招商蛇口
2020-05-31,2020-05-25,sz.002001,新和成
2020-05-31,2020-05-25,sz.002007,华兰生物
2020-05-31,2020-05-25,sz.002008,大族激光
2020-05-31,2020-05-25,sz.002010,传化智联
2020-05-31,2020-05-25,sz.002024,苏宁易购
2020-05-31,2020-05-25,sz.002027,分众传媒
2020-05-31,2020-05-25,sz.002032,苏泊尔
2020-05-31,2020-05-25,sz.002044,美年健康
2020-05-31,2020-05-25,sz.002050,三花智控
2020-05-31,2020-05-25,sz.002081,金螳螂
2020-05-31,2020-05-25,sz.002120,韵达股份
2020-05-31,2020-05-25,sz.002142,宁波银行
2020-05-31,2020-05-25,sz.002146,荣盛发展
2020-05-31,2020-05-25,sz.002153,石基信息
2020-05-31,2020-05-25,sz.002179,中航光电
2020-05-31,2020-05-25,sz.002202,金风科技
2020-05-31,2020-05-25,sz.002230,科大讯飞
2020-05-31,2020-05-25,sz.002236,大华股份
2020-05-31,2020-05-25,sz.002241,歌尔股份
2020-05-31,2020-05-25,sz.002252,上海莱士
2020-05-31,2020-05-25,sz.002271,东方雨虹
2020-05-31,2020-05-25,sz.002294,信立泰
2020-05-31,2020-05-25,sz.002304,洋河股份
2020-05-31,2020-05-25,sz.002311,海大集团
2020-05-31,2020-05-25,sz.002352,顺丰控股
2020-05-31,2020-05-25,sz.002410,广联达
2020-05-31,2020-05-25,sz.002411,延安必康
2020-05-31,2020-05-25,sz.002415,海康威视
2020-05-31,2020-05-25,sz.002422,科伦药业
2020-05-31,2020-05-25,sz.002456,欧菲光
2020-05-31,2020-05-25,sz.002460,赣锋锂业
2020-05-31,2020-05-25,sz.002466,天齐锂业
2020-05-31,2020-05-25,sz.002468,申通快递
2020-05-31,2020-05-25,sz.002475,立讯精密
2020-05-31,2020-05-25,sz.002493,荣盛石化
2020-05-31,2020-05-25,sz.002508,老板电器
2020-05-31,2020-05-25,sz.002555,三七互娱
2020-05-31,2020-05-25,sz.002558,巨人网络
2020-05-31,2020-05-25,sz.002594,比亚迪
2020-05-31,2020-05-25,sz.002601,龙蟒佰利
2020-05-31,2020-05-25,sz.002602,世纪华通
2020-05-31,2020-05-25,sz.002607,中公教育
2020-05-31,2020-05-25,sz.002624,完美世界
2020-05-31,2020-05-25,sz.002673,西部证券
2020-05-31,2020-05-25,sz.002714,牧原股份
2020-05-31,2020-05-25,sz.002736,国信证券
2020-05-31,2020-05-25,sz.002739,万达电影
2020-05-31,2020-05-25,sz.002773,康弘药业
2020-05-31,2020-05-25,sz.002841,视源股份
2020-05-31,2020-05-25,sz.002916,深南电路
2020-05-31,2020-05-25,sz.002938,鹏鼎控股
2020-05-31,2020-05-25,sz.002939,长城证券
2020-05-31,2020-05-25,sz.002945,华林证券
2020-05-31,2020-05-25,sz.002958,青农商行
2020-05-31,2020-05-25,sz.300003,乐普医疗
2020-05-31,2020-05-25,sz.300015,爱尔眼科
2020-05-31,2020-05-25,sz.300017,网宿科技
2020-05-31,2020-05-25,sz.300024,机器人
2020-05-31,2020-05-25,sz.300033,同花顺
2020-05-31,2020-05-25,sz.300059,东方财富
2020-05-31,2020-05-25,sz.300070,碧水源
2020-05-31,2020-05-25,sz.300122,智飞生物
2020-05-31,2020-05-25,sz.300124,汇川技术
2020-05-31,2020-05-25,sz.300136,信维通信
2020-05-31,2020-05-25,sz.300142,沃森生物
2020-05-31,2020-05-25,sz.300144,宋城演艺
2020-05-31,2020-05-25,sz.300347,泰格医药
2020-05-31,2020-05-25,sz.300408,三环集团
2020-05-31,2020-05-25,sz.300413,芒果超媒
2020-05-31,2020-05-25,sz.300433,蓝思科技
2020-05-31,2020-05-25,sz.300498,温氏股份
2020-06-30,2020-06-29,sh.600000,浦发银行
2020-06-30,2020-06-29,sh.600004,白云机场
2020-06-30,2020-06-29,sh.600009,上海机场
2020-06-30,2020-06-29,sh.600010,包钢股份
2020-06-30,2020-06-29,sh.600011,华能国际
2020-06-30,2020-06-29,sh.600015,华夏银行
2020-06-30,2020-06-29,sh.600016,民生银行
2020-06-30,2020-06-29,sh.600018,上港集团
2020-06-30,2020-06-29,sh.600019,宝钢股份
2020-06-30,2020-06-29,sh.600025,华能水电
2020-06-30,2020-06-29,sh.600027,华电国际
2020-06-30,2020-06-29,sh.600028,中国石化
2020-06-30,2020-06-29,sh.600029,南方航空
2020-06-30,2020-06-29,sh.600030,中信证券
2020-06-30,2020-06-29,sh.600031,三一重工
2020-06-30,2020-06-29,sh.600036,招商银行
2020-06-30,2020-06-29,sh.600038,中直股份
2020-06-30,2020-06-29,sh.600048,保利地产
2020-06-30,2020-06-29,sh.600050,中国联通
2020-06-30,2020-06-29,sh.600061,国投资本
2020-06-30,2020-06-29,sh.600066,宇通客车
2020-06-30,2020-06-29,sh.600068,葛洲坝
2020-06-30,2020-06-29,sh.600085,同仁堂
2020-06-30,2020-06-29,sh.600089,特变电工
2020-06-30,2020-06-29,sh.600104,上汽集团
2020-06-30,2020-06-29,sh.600109,国金证券
2020-06-30,2020-06-29,sh.600111,北方稀土
2020-06-30,2020-06-29,sh.600115,东方航空
2020-06-30,2020-06-29,sh.600118,中国卫星
2020-06-30,2020-06-29,sh.600170,上海建工
2020-06-30,2020-06-29,sh.600176,中国巨石
2020-06-30,2020-06-29,sh.600177,雅戈尔
2020-06-30,2020-06-29,sh.600183,生益科技
2020-06-30,2020-06-29,sh.600188,兖州煤业
2020-06-30,2020-06-29,sh.600196,复星医药
2020-06-30,2020-06-29,sh.600208,新湖中宝
2020-06-30,2020-06-29,sh.600219,南山铝业
2020-06-30,2020-06-29,sh.600221,海航控股
2020-06-30,2020-06-29,sh.600233,圆通速递
2020-06-30,2020-06-29,sh.600271,航天信息
2020-06-30,2020-06-29,sh.600276,恒瑞医药
2020-06-30,2020-06-29,sh.600297,广汇汽车
2020-06-30,2020-06-29,sh.600299,安迪苏
2020-06-30,2020-06-29,sh.600309,万华化学
2020-06-30,2020-06-29,sh.600332,白云山
2020-06-30,2020-06-29,sh.600340,华夏幸福
2020-06-30,2020-06-29,sh.600346,恒力石化
2020-06-30,2020-06-29,sh.600352,浙江龙盛
2020-06-30,2020-06-29,sh.600362,江西铜业
2020-06-30,2020-06-29,sh.600369,西南证券
2020-06-30,2020-06-29,sh.600372,中航电子
2020-06-30,2020-06-29,sh.600383,金地集团
2020-06-30,2020-06-29,sh.600390,五矿资本
2020-06-30,2020-06-29,sh.600398,海澜之家
2020-06-30,2020-06-29,sh.600406,国电南瑞
2020-06-30,2020-06-29,sh.600436,片仔癀
2020-06-30,2020-06-29,sh.600438,通威股份
2020-06-30,2020-06-29,sh.600482,中国动力
2020-06-30,2020-06-29,sh.600487,亨通光电
2020-06-30,2020-06-29,sh.600489,中金黄金
2020-06-30,2020-06-29,sh.600498,烽火通信
2020-06-30,2020-06-29,sh.600516,方大炭素
2020-06-30,2020-06-29,sh.600519,贵州茅台
2020-06-30,2020-06-29,sh.600522,中天科技
2020-06-30,2020-06-29,sh.600547,山东黄金
2020-06-30,2020-06-29,sh.600570,恒生电子
2020-06-30,2020-06-29,sh.600583,海油工程
2020-06-30,2020-06-29,sh.600585,海螺水泥
2020-06-30,2020-06-29,sh.600588,用友网络
2020-06-30,2020-06-29,sh.600606,绿地控股
2020-06-30,2020-06-29,sh.600637,东方明珠
2020-06-30,2020-06-29,sh.600655,豫园股份
2020-06-30,2020-06-29,sh.600660,福耀玻璃
2020-06-30,2020-06-29,sh.600674,川投能源
2020-06-30,2020-06-29,sh.600690,海尔智家
2020-06-30,2020-06-29,sh.600703,三安光电
2020-06-30,2020-06-29,sh.600705,中航资本
2020-06-30,2020-06-29,sh.600741,华域汽车
2020-06-30,2020-06-29,sh.600745,闻泰科技
2020-06-30,2020-06-29,sh.600760,中航沈飞
2020-06-30,2020-06-29,sh.600795,国电电力
2020-06-30,2020-06-29,sh.600809,山西汾酒
2020-06-30,2020-06-29,sh.600837,海通证券
2020-06-30,2020-06-29,sh.600848,上海临港
2020-06-30,2020-06-29,sh.600867,通化东宝
2020-06-30,2020-06-29,sh.600886,国投电力
2020-06-30,2020-06-29,sh.600887,伊利股份
2020-06-30,2020-06-29,sh.600893,航发动力
2020-06-30,2020-06-29,sh.600900,长江电力
2020-06-30,2020-06-29,sh.600919,江苏银行
2020-06-30,2020-06-29,sh.600926,杭州银行
2020-06-30,2020-06-29,sh.600928,西安银行
2020-06-30,2020-06-29,sh.600958,东方证券
2020-06-30,2020-06-29,sh.600968,海油发展
2020-06-30,2020-06-29,sh.600977,中国电影
2020-06-30,2020-06-29,sh.600989,宝丰能源
2020-06-30,2020-06-29,sh.600998,九州通
2020-06-30,2020-06-29,sh.600999,招商证券
2020-06-30,2020-06-29,sh.601006,大秦铁路
2020-06-30,2020-06-29,sh.601009,南京银行
2020-06-30,2020-06-29,sh.601012,隆基股份
2020-06-30,2020-06-29,sh.601018,宁波港
2020-06-30,2020-06-29,sh.601021,春秋航空
2020-06-30,2020-06-29,sh.601066,中信建投
2020-06-30,2020-06-29,sh.601077,渝农商行
2020-06-30,2020-06-29,sh.601088,中国神华
2020-06-30,2020-06-29,sh.601100,恒立液压
2020-06-30,2020-06-29,sh.601108,财通证券
2020-06-30,2020-06-29,sh.601111,中国国航
2020-06-30,2020-06-29,sh.601117,中国化学
2020-06-30,2020-06-29,sh.601138,工业富联
2020-06-30,2020-06-29,sh.601155,新城控股
2020-06-30,2020-06-29,sh.601162,天风证券
2020-06-30,2020-06-29,sh.601166,兴业银行
2020-06-30,2020-06-29,sh.601169,北京银行
2020-06-30,2020-06-29,sh.601186,中国铁建
2020-06-30,2020-06-29,sh.601198,东兴证券
2020-06-30,2020-06-29,sh.601211,国泰君安
2020-06-30,2020-06-29,sh.601212,白银有色
2020-06-30,2020-06-29,sh.601216,君正集团
2020-06-30,2020-06-29,sh.601225,陕西煤业
2020-06-30,2020-06-29,sh.601229,上海银行
2020-06-30,2020-06-29,sh.601231,环旭电子
2020-06-30,2020-06-29,sh.601236,红塔证券
2020-06-30,2020-06-29,sh.601238,广汽集团
2020-06-30,2020-06-29,sh.601288,农业银行
2020-06-30,2020-06-29,sh.601298,青岛港
2020-06-30,2020-06-29,sh.601318,中国平安
2020-06-30,2020-06-29,sh.601319,中国人保
2020-06-30,2020-06-29,sh.601328,交通银行
2020-06-30,2020-06-29,sh.601336,新华保险
2020-06-30,2020-06-29,sh.601360,三六零
2020-06-30,2020-06-29,sh.601377,兴业证券
2020-06-30,2020-06-29,sh.601390,中国中铁
2020-06-30,2020-06-29,sh.601398,工商银行
2020-06-30,2020-06-29,sh.601555,东吴证券
2020-06-30,2020-06-29,sh.601577,长沙银行
2020-06-30,2020-06-29,sh.601600,中国铝业
2020-06-30,2020-06-29,sh.601601,中国太保
2020-06-30,2020-06-29,sh.601607,上海医药
2020-06-30,2020-06-29,sh.601618,中国中冶
2020-06-30,2020-06-29,sh.601628,中国人寿
2020-06-30,2020-06-29,sh.601633,长城汽车
2020-06-30,2020-06-29,sh.601658,邮储银行
2020-06-30,2020-06-29,sh.601668,中国建筑
2020-06-30,2020-06-29,sh.601669,中国电建
2020-06-30,2020-06-29,sh.601688,华泰证券
2020-06-30,2020-06-29,sh.601698,中国卫通
2020-06-30,2020-06-29,sh.601727,上海电气
2020-06-30,2020-06-29,sh.601766,中国中车
2020-06-30,2020-06-29,sh.601788,光大证券
2020-06-30,2020-06-29,sh.601800,中国交建
2020-06-30,2020-06-29,sh.601808,中海油服
2020-06-30,2020-06-29,sh.601816,京沪高铁
2020-06-30,2020-06-29,sh.601818,光大银行
2020-06-30,2020-06-29,sh.601828,美凯龙
2020-06-30,2020-06-29,sh.601838,成都银行
2020-06-30,2020-06-29,sh.601857,中国石油
2020-06-30,2020-06-29,sh.601877,正泰电器
2020-06-30,2020-06-29,sh.601878,浙商证券
2020-06-30,2020-06-29,sh.601881,中国银河
2020-06-30,2020-06-29,sh.601888,中国中免
2020-06-30,2020-06-29,sh.601898,中煤能源
2020-06-30,2020-06-29,sh.601899,紫金矿业
2020-06-30,2020-06-29,sh.601901,方正证券
2020-06-30,2020-06-29,sh.601916,浙商银行
2020-06-30,2020-06-29,sh.601919,中远海控
2020-06-30,2020-06-29,sh.601933,永辉超市
2020-06-30,2020-06-29,sh.601939,建设银行
2020-06-30,2020-06-29,sh.601985,中国核电
2020-06-30,2020-06-29,sh.601988,中国银行
2020-06-30,2020-06-29,sh.601989,中国重工
2020-06-30,2020-06-29,sh.601992,金隅集团
2020-06-30,2020-06-29,sh.601997,贵阳银行
2020-06-30,2020-06-29,sh.601998,中信银行
2020-06-30,2020-06-29,sh.603019,中科曙光
2020-06-30,2020-06-29,sh.603156,养元饮品
2020-06-30,2020-06-29,sh.603160,汇顶科技
2020-06-30,2020-06-29,sh.603259,药明康德
2020-06-30,2020-06-29,sh.603260,合盛硅业
2020-06-30,2020-06-29,sh.603288,海天味业
2020-06-30,2020-06-29,sh.603369,今世缘
2020-06-30,2020-06-29,sh.603501,韦尔股份
2020-06-30,2020-06-29,sh.603658,安图生物
2020-06-30,2020-06-29,sh.603799,华友钴业
2020-06-30,2020-06-29,sh.603833,欧派家居
2020-06-30,2020-06-29,sh.603899,晨光文具
2020-06-30,2020-06-29,sh.603986,兆易创新
2020-06-30,2020-06-29,sh.603993,洛阳钼业
2020-06-30,2020-06-29,sz.000001,平安银行
2020-06-30,2020-06-29,sz.000002,万科A
2020-06-30,2020-06-29,sz.000063,中兴通讯
2020-06-30,2020-06-29,sz.000066,中国长城
2020-06-30,2020-06-29,sz.000069,华侨城A
2020-06-30,2020-06-29,sz.000100,TCL科技
2020-06-30,2020-06-29,sz.000157,中联重科
2020-06-30,2020-06-29,sz.000166,申万宏源
2020-06-30,2020-06-29,sz.000333,美的集团
2020-06-30,2020-06-29,sz.000338,潍柴动力
2020-06-30,2020-06-29,sz.000425,徐工机械
2020-06-30,2020-06-29,sz.000538,云南白药
2020-06-30,2020-06-29,sz.000568,泸州老窖
2020-06-30,2020-06-29,sz.000596,古井贡酒
2020-06-30,2020-06-29,sz.000625,长安汽车
2020-06-30,2020-06-29,sz.000627,天茂集团
2020-06-30,2020-06-29,sz.000651,格力电器
2020-06-30,2020-06-29,sz.000656,金科股份
2020-06-30,2020-06-29,sz.000661,长春高新
2020-06-30,2020-06-29,sz.000671,阳光城
2020-06-30,2020-06-29,sz.000703,恒逸石化
2020-06-30,2020-06-29,sz.000708,中信特钢
2020-06-30,2020-06-29,sz.000709,河钢股份
2020-06-30,2020-06-29,sz.000723,美锦能源
2020-06-30,2020-06-29,sz.000725,京东方A
2020-06-30,2020-06-29,sz.000728,国元证券
2020-06-30,2020-06-29,sz.000768,中航飞机
2020-06-30,2020-06-29,sz.000776,广发证券
2020-06-30,2020-06-29,sz.000783,长江证券
2020-06-30,2020-06-29,sz.000786,北新建材
2020-06-30,2020-06-29,sz.000858,五粮液
2020-06-30,2020-06-29,sz.000860,顺鑫农业
2020-06-30,2020-06-29,sz.000876,新希望
2020-06-30,2020-06-29,sz.000895,双汇发展
2020-06-30,2020-06-29,sz.000938,紫光股份
2020-06-30,2020-06-29,sz.000961,中南建设
2020-06-30,2020-06-29,sz.000963,华东医药
2020-06-30,2020-06-29,sz.000977,浪潮信息
2020-06-30,2020-06-29,sz.001979,招商蛇口
2020-06-30,2020-06-29,sz.002001,新和成
2020-06-30,2020-06-29,sz.002007,华兰生物
2020-06-30,2020-06-29,sz.002008,大族激光
2020-06-30,2020-06-29,sz.002024,苏宁易购
2020-06-30,2020-06-29,sz.002027,分众传媒
2020-06-30,2020-06-29,sz.002032,苏泊尔
2020-06-30,2020-06-29,sz.002044,美年健康
2020-06-30,2020-06-29,sz.002050,三花智控
2020-06-30,2020-06-29,sz.002120,韵达股份
2020-06-30,2020-06-29,sz.002129,中环股份
2020-06-30,2020-06-29,sz.002142,宁波银行
2020-06-30,2020-06-29,sz.002146,荣盛发展
2020-06-30,2020-06-29,sz.002153,石基信息
2020-06-30,2020-06-29,sz.002157,正邦科技
2020-06-30,2020-06-29,sz.002179,中航光电
2020-06-30,2020-06-29,sz.002202,金风科技
2020-06-30,2020-06-29,sz.002230,科大讯飞
2020-06-30,2020-06-29,sz.002236,大华股份
2020-06-30,2020-06-29,sz.002241,歌尔股份
2020-06-30,2020-06-29,sz.002252,上海莱士
2020-06-30,2020-06-29,sz.002271,东方雨虹
2020-06-30,2020-06-29,sz.002304,洋河股份
2020-06-30,2020-06-29,sz.002311,海大集团
2020-06-30,2020-06-29,sz.002352,顺丰控股
2020-06-30,2020-06-29,sz.002371,北方华创
2020-06-30,2020-06-29,sz.002410,广联达
2020-06-30,2020-06-29,sz.002415,海康威视
2020-06-30,2020-06-29,sz.002422,科伦药业
2020-06-30,2020-06-29,sz.002456,欧菲光
2020-06-30,2020-06-29,sz.002460,赣锋锂业
2020-06-30,2020-06-29,sz.002463,沪电股份
2020-06-30,2020-06-29,sz.002466,天齐锂业
2020-06-30,2020-06-29,sz.002468,申通快递
2020-06-30,2020-06-29,sz.002475,立讯精密
2020-06-30,2020-06-29,sz.002493,荣盛石化
2020-06-30,2020-06-29,sz.002508,老板电器
2020-06-30,2020-06-29,sz.002555,三七互娱
2020-06-30,2020-06-29,sz.002558,巨人网络
2020-06-30,2020-06-29,sz.002594,比亚迪
2020-06-30,2020-06-29,sz.002601,龙蟒佰利
2020-06-30,2020-06-29,sz.002602,世纪华通
2020-06-30,2020-06-29,sz.002607,中公教育
2020-06-30,2020-06-29,sz.002624,完美世界
2020-06-30,2020-06-29,sz.002673,西部证券
2020-06-30,2020-06-29,sz.002714,牧原股份
2020-06-30,2020-06-29,sz.002736,国信证券
2020-06-30,2020-06-29,sz.002739,万达电影
2020-06-30,2020-06-29,sz.002773,康弘药业
2020-06-30,2020-06-29,sz.002841,视源股份
2020-06-30,2020-06-29,sz.002916,深南电路
2020-06-30,2020-06-29,sz.002938,鹏鼎控股
2020-06-30,2020-06-29,sz.002939,长城证券
2020-06-30,2020-06-29,sz.002945,华林证券
2020-06-30,2020-06-29,sz.002958,青农商行
2020-06-30,2020-06-29,sz.003816,中国广核
2020-06-30,2020-06-29,sz.300003,乐普医疗
2020-06-30,2020-06-29,sz.300014,亿纬锂能
2020-06-30,2020-06-29,sz.300015,爱尔眼科
2020-06-30,2020-06-29,sz.300033,同花顺
2020-06-30,2020-06-29,sz.300059,东方财富
2020-06-30,2020-06-29,sz.300122,智飞生物
2020-06-30,2020-06-29,sz.300124,汇川技术
2020-06-30,2020-06-29,sz.300136,信维通信
2020-06-30,2020-06-29,sz.300142,沃森生物
2020-06-30,2020-06-29,sz.300144,宋城演艺
2020-06-30,2020-06-29,sz.300347,泰格医药
2020-06-30,2020-06-29,sz.300408,三环集团
2020-06-30,2020-06-29,sz.300413,芒果超媒
2020-06-30,2020-06-29,sz.300433,蓝思科技
2020-06-30,2020-06-29,sz.300498,温氏股份
2020-06-30,2020-06-29,sz.300601,康泰生物
2020-06-30,2020-06-29,sz.300628,亿联网络
2020-07-31,2020-07-27,sh.600000,浦发银行
2020-07-31,2020-07-27,sh.600004,白云机场
2020-07-31,2020-07-27,sh.600009,上海机场
2020-07-31,2020-07-27,sh.600010,包钢股份
2020-07-31,2020-07-27,sh.600011,华能国际
2020-07-31,2020-07-27,sh.600015,华夏银行
2020-07-31,2020-07-27,sh.600016,民生银行
2020-07-31,2020-07-27,sh.600018,上港集团
2020-07-31,2020-07-27,sh.600019,宝钢股份
2020-07-31,2020-07-27,sh.600025,华能水电
2020-07-31,2020-07-27,sh.600027,华电国际
2020-07-31,2020-07-27,sh.600028,中国石化
2020-07-31,2020-07-27,sh.600029,南方航空
2020-07-31,2020-07-27,sh.600030,中信证券
2020-07-31,2020-07-27,sh.600031,三一重工
2020-07-31,2020-07-27,sh.600036,招商银行
2020-07-31,2020-07-27,sh.600038,中直股份
2020-07-31,2020-07-27,sh.600048,保利地产
2020-07-31,2020-07-27,sh.600050,中国联通
2020-07-31,2020-07-27,sh.600061,国投资本
2020-07-31,2020-07-27,sh.600066,宇通客车
2020-07-31,2020-07-27,sh.600068,葛洲坝
2020-07-31,2020-07-27,sh.600085,同仁堂
2020-07-31,2020-07-27,sh.600089,特变电工
2020-07-31,2020-07-27,sh.600104,上汽集团
2020-07-31,2020-07-27,sh.600109,国金证券
2020-07-31,2020-07-27,sh.600111,北方稀土
2020-07-31,2020-07-27,sh.600115,东方航空
2020-07-31,2020-07-27,sh.600118,中国卫星
2020-07-31,2020-07-27,sh.600170,上海建工
2020-07-31,2020-07-27,sh.600176,中国巨石
2020-07-31,2020-07-27,sh.600177,雅戈尔
2020-07-31,2020-07-27,sh.600183,生益科技
2020-07-31,2020-07-27,sh.600188,兖州煤业
2020-07-31,2020-07-27,sh.600196,复星医药
2020-07-31,2020-07-27,sh.600208,新湖中宝
2020-07-31,2020-07-27,sh.600219,南山铝业
2020-07-31,2020-07-27,sh.600221,海航控股
2020-07-31,2020-07-27,sh.600233,圆通速递
2020-07-31,2020-07-27,sh.600271,航天信息
2020-07-31,2020-07-27,sh.600276,恒瑞医药
2020-07-31,2020-07-27,sh.600297,广汇汽车
2020-07-31,2020-07-27,sh.600299,安迪苏
2020-07-31,2020-07-27,sh.600309,万华化学
2020-07-31,2020-07-27,sh.600332,白云山
2020-07-31,2020-07-27,sh.600340,华夏幸福
2020-07-31,2020-07-27,sh.600346,恒力石化
2020-07-31,2020-07-27,sh.600352,浙江龙盛
2020-07-31,2020-07-27,sh.600362,江西铜业
2020-07-31,2020-07-27,sh.600369,西南证券
2020-07-31,2020-07-27,sh.600372,中航电子
2020-07-31,2020-07-27,sh.600383,金地集团
2020-07-31,2020-07-27,sh.600390,五矿资本
2020-07-31,2020-07-27,sh.600398,海澜之家
2020-07-31,2020-07-27,sh.600406,国电南瑞
2020-07-31,2020-07-27,sh.600436,片仔癀
2020-07-31,2020-07-27,sh.600438,通威股份
2020-07-31,2020-07-27,sh.600482,中国动力
2020-07-31,2020-07-27,sh.600487,亨通光电
2020-07-31,2020-07-27,sh.600489,中金黄金
2020-07-31,2020-07-27,sh.600498,烽火通信
2020-07-31,2020-07-27,sh.600516,方大炭素
2020-07-31,2020-07-27,sh.600519,贵州茅台
2020-07-31,2020-07-27,sh.600522,中天科技
2020-07-31,2020-07-27,sh.600547,山东黄金
2020-07-31,2020-07-27,sh.600570,恒生电子
2020-07-31,2020-07-27,sh.600583,海油工程
2020-07-31,2020-07-27,sh.600585,海螺水泥
2020-07-31,2020-07-27,sh.600588,用友网络
2020-07-31,2020-07-27,sh.600606,绿地控股
2020-07-31,2020-07-27,sh.600637,东方明珠
2020-07-31,2020-07-27,sh.600655,豫园股份
2020-07-31,2020-07-27,sh.600660,福耀玻璃
2020-07-31,2020-07-27,sh.600674,川投能源
2020-07-31,2020-07-27,sh.600690,海尔智家
2020-07-31,2020-07-27,sh.600703,三安光电
2020-07-31,2020-07-27,sh.600705,中航资本
2020-07-31,2020-07-27,sh.600741,华域汽车
2020-07-31,2020-07-27,sh.600745,闻泰科技
2020-07-31,2020-07-27,sh.600760,中航沈飞
2020-07-31,2020-07-27,sh.600795,国电电力
2020-07-31,2020-07-27,sh.600809,山西汾酒
2020-07-31,2020-07-27,sh.600837,海通证券
2020-07-31,2020-07-27,sh.600848,上海临港
2020-07-31,2020-07-27,sh.600867,通化东宝
2020-07-31,2020-07-27,sh.600886,国投电力
2020-07-31,2020-07-27,sh.600887,伊利股份
2020-07-31,2020-07-27,sh.600893,航发动力
2020-07-31,2020-07-27,sh.600900,长江电力
2020-07-31,2020-07-27,sh.600919,江苏银行
2020-07-31,2020-07-27,sh.600926,杭州银行
2020-07-31,2020-07-27,sh.600928,西安银行
2020-07-31,2020-07-27,sh.600958,东方证券
2020-07-31,2020-07-27,sh.600968,海油发展
2020-07-31,2020-07-27,sh.600977,中国电影
2020-07-31,2020-07-27,sh.600989,宝丰能源
2020-07-31,2020-07-27,sh.600998,九州通
2020-07-31,2020-07-27,sh.600999,招商证券
2020-07-31,2020-07-27,sh.601006,大秦铁路
2020-07-31,2020-07-27,sh.601009,南京银行
2020-07-31,2020-07-27,sh.601012,隆基股份
2020-07-31,2020-07-27,sh.601018,宁波港
2020-07-31,2020-07-27,sh.601021,春秋航空
2020-07-31,2020-07-27,sh.601066,中信建投
2020-07-31,2020-07-27,sh.601077,渝农商行
2020-07-31,2020-07-27,sh.601088,中国神华
2020-07-31,2020-07-27,sh.601100,恒立液压
2020-07-31,2020-07-27,sh.601108,财通证券
2020-07-31,2020-07-27,sh.601111,中国国航
2020-07-31,2020-07-27,sh.601117,中国化学
2020-07-31,2020-07-27,sh.601138,工业富联
2020-07-31,2020-07-27,sh.601155,新城控股
2020-07-31,2020-07-27,sh.601162,天风证券
2020-07-31,2020-07-27,sh.601166,兴业银行
2020-07-31,2020-07-27,sh.601169,北京银行
2020-07-31,2020-07-27,sh.601186,中国铁建
2020-07-31,2020-07-27,sh.601198,东兴证券
2020-07-31,2020-07-27,sh.601211,国泰君安
2020-07-31,2020-07-27,sh.601212,白银有色
2020-07-31,2020-07-27,sh.601216,君正集团
2020-07-31,2020-07-27,sh.601225,陕西煤业
2020-07-31,2020-07-27,sh.601229,上海银行
2020-07-31,2020-07-27,sh.601231,环旭电子
2020-07-31,2020-07-27,sh.601236,红塔证券
2020-07-31,2020-07-27,sh.601238,广汽集团
2020-07-31,2020-07-27,sh.601288,农业银行
2020-07-31,2020-07-27,sh.601298,青岛港
2020-07-31,2020-07-27,sh.601318,中国平安
2020-07-31,2020-07-27,sh.601319,中国人保
2020-07-31,2020-07-27,sh.601328,交通银行
2020-07-31,2020-07-27,sh.601336,新华保险
2020-07-31,2020-07-27,sh.601360,三六零
2020-07-31,2020-07-27,sh.601377,兴业证券
2020-07-31,2020-07-27,sh.601390,中国中铁
2020-07-31,2020-07-27,sh.601398,工商银行
2020-07-31,2020-07-27,sh.601555,东吴证券
2020-07-31,2020-07-27,sh.601577,长沙银行
2020-07-31,2020-07-27,sh.601600,中国铝业
2020-07-31,2020-07-27,sh.601601,中国太保
2020-07-31,2020-07-27,sh.601607,上海医药
2020-07-31,2020-07-27,sh.601618,中国中冶
2020-07-31,2020-07-27,sh.601628,中国人寿
2020-07-31,2020-07-27,sh.601633,长城汽车
2020-07-31,2020-07-27,sh.601658,邮储银行
2020-07-31,2020-07-27,sh.601668,中国建筑
2020-07-31,2020-07-27,sh.601669,中国电建
2020-07-31,2020-07-27,sh.601688,华泰证券
2020-07-31,2020-07-27,sh.601698,中国卫通
2020-07-31,2020-07-27,sh.601727,上海电气
2020-07-31,2020-07-27,sh.601766,中国中车
2020-07-31,2020-07-27,sh.601788,光大证券
2020-07-31,2020-07-27,sh.601800,中国交建
2020-07-31,2020-07-27,sh.601808,中海油服
2020-07-31,2020-07-27,sh.601816,京沪高铁
2020-07-31,2020-07-27,sh.601818,光大银行
2020-07-31,2020-07-27,sh.601828,美凯龙
2020-07-31,2020-07-27,sh.601838,成都银行
2020-07-31,2020-07-27,sh.601857,中国石油
2020-07-31,2020-07-27,sh.601877,正泰电器
2020-07-31,2020-07-27,sh.601878,浙商证券
2020-07-31,2020-07-27,sh.601881,中国银河
2020-07-31,2020-07-27,sh.601888,中国中免
2020-07-31,2020-07-27,sh.601898,中煤能源
2020-07-31,2020-07-27,sh.601899,紫金矿业
2020-07-31,2020-07-27,sh.601901,方正证券
2020-07-31,2020-07-27,sh.601916,浙商银行
2020-07-31,2020-07-27,sh.601919,中远海控
2020-07-31,2020-07-27,sh.601933,永辉超市
2020-07-31,2020-07-27,sh.601939,建设银行
2020-07-31,2020-07-27,sh.601985,中国核电
2020-07-31,2020-07-27,sh.601988,中国银行
2020-07-31,2020-07-27,sh.601989,中国重工
2020-07-31,2020-07-27,sh.601992,金隅集团
2020-07-31,2020-07-27,sh.601997,贵阳银行
2020-07-31,2020-07-27,sh.601998,中信银行
2020-07-31,2020-07-27,sh.603019,中科曙光
2020-07-31,2020-07-27,sh.603156,养元饮品
2020-07-31,2020-07-27,sh.603160,汇顶科技
2020-07-31,2020-07-27,sh.603259,药明康德
2020-07-31,2020-07-27,sh.603260,合盛硅业
2020-07-31,2020-07-27,sh.603288,海天味业
2020-07-31,2020-07-27,sh.603369,今世缘
2020-07-31,2020-07-27,sh.603501,韦尔股份
2020-07-31,2020-07-27,sh.603658,安图生物
2020-07-31,2020-07-27,sh.603799,华友钴业
2020-07-31,2020-07-27,sh.603833,欧派家居
2020-07-31,2020-07-27,sh.603899,晨光文具
2020-07-31,2020-07-27,sh.603986,兆易创新
2020-07-31,2020-07-27,sh.603993,洛阳钼业
2020-07-31,2020-07-27,sz.000001,平安银行
2020-07-31,2020-07-27,sz.000002,万科A
2020-07-31,2020-07-27,sz.000063,中兴通讯
2020-07-31,2020-07-27,sz.000066,中国长城
2020-07-31,2020-07-27,sz.000069,华侨城A
2020-07-31,2020-07-27,sz.000100,TCL科技
2020-07-31,2020-07-27,sz.000157,中联重科
2020-07-31,2020-07-27,sz.000166,申万宏源
2020-07-31,2020-07-27,sz.000333,美的集团
2020-07-31,2020-07-27,sz.000338,潍柴动力
2020-07-31,2020-07-27,sz.000425,徐工机械
2020-07-31,2020-07-27,sz.000538,云南白药
2020-07-31,2020-07-27,sz.000568,泸州老窖
2020-07-31,2020-07-27,sz.000596,古井贡酒
2020-07-31,2020-07-27,sz.000625,长安汽车
2020-07-31,2020-07-27,sz.000627,天茂集团
2020-07-31,2020-07-27,sz.000651,格力电器
2020-07-31,2020-07-27,sz.000656,金科股份
2020-07-31,2020-07-27,sz.000661,长春高新
2020-07-31,2020-07-27,sz.000671,阳光城
2020-07-31,2020-07-27,sz.000703,恒逸石化
2020-07-31,2020-07-27,sz.000708,中信特钢
2020-07-31,2020-07-27,sz.000709,河钢股份
2020-07-31,2020-07-27,sz.000723,美锦能源
2020-07-31,2020-07-27,sz.000725,京东方A
2020-07-31,2020-07-27,sz.000728,国元证券
2020-07-31,2020-07-27,sz.000768,中航飞机
2020-07-31,2020-07-27,sz.000776,广发证券
2020-07-31,2020-07-27,sz.000783,长江证券
2020-07-31,2020-07-27,sz.000786,北新建材
2020-07-31,2020-07-27,sz.000858,五粮液
2020-07-31,2020-07-27,sz.000860,顺鑫农业
2020-07-31,2020-07-27,sz.000876,新希望
2020-07-31,2020-07-27,sz.000895,双汇发展
2020-07-31,2020-07-27,sz.000938,紫光股份
2020-07-31,2020-07-27,sz.000961,中南建设
2020-07-31,2020-07-27,sz.000963,华东医药
2020-07-31,2020-07-27,sz.000977,浪潮信息
2020-07-31,2020-07-27,sz.001979,招商蛇口
2020-07-31,2020-07-27,sz.002001,新和成
2020-07-31,2020-07-27,sz.002007,华兰生物
2020-07-31,2020-07-27,sz.002008,大族激光
2020-07-31,2020-07-27,sz.002024,苏宁易购
2020-07-31,2020-07-27,sz.002027,分众传媒
2020-07-31,2020-07-27,sz.002032,苏泊尔
2020-07-31,2020-07-27,sz.002044,美年健康
2020-07-31,2020-07-27,sz.002050,三花智控
2020-07-31,2020-07-27,sz.002120,韵达股份
2020-07-31,2020-07-27,sz.002129,中环股份
2020-07-31,2020-07-27,sz.002142,宁波银行
2020-07-31,2020-07-27,sz.002146,荣盛发展
2020-07-31,2020-07-27,sz.002153,石基信息
2020-07-31,2020-07-27,sz.002157,正邦科技
2020-07-31,2020-07-27,sz.002179,中航光电
2020-07-31,2020-07-27,sz.002202,金风科技
2020-07-31,2020-07-27,sz.002230,科大讯飞
2020-07-31,2020-07-27,sz.002236,大华股份
2020-07-31,2020-07-27,sz.002241,歌尔股份
2020-07-31,2020-07-27,sz.002252,上海莱士
2020-07-31,2020-07-27,sz.002271,东方雨虹
2020-07-31,2020-07-27,sz.002304,洋河股份
2020-07-31,2020-07-27,sz.002311,海大集团
2020-07-31,2020-07-27,sz.002352,顺丰控股
2020-07-31,2020-07-27,sz.002371,北方华创
2020-07-31,2020-07-27,sz.002410,广联达
2020-07-31,2020-07-27,sz.002415,海康威视
2020-07-31,2020-07-27,sz.002422,科伦药业
2020-07-31,2020-07-27,sz.002456,欧菲光
2020-07-31,2020-07-27,sz.002460,赣锋锂业
2020-07-31,2020-07-27,sz.002463,沪电股份
2020-07-31,2020-07-27,sz.002466,天齐锂业
2020-07-31,2020-07-27,sz.002468,申通快递
2020-07-31,2020-07-27,sz.002475,立讯精密
2020-07-31,2020-07-27,sz.002493,荣盛石化
2020-07-31,2020-07-27,sz.002508,老板电器
2020-07-31,2020-07-27,sz.002555,三七互娱
2020-07-31,2020-07-27,sz.002558,巨人网络
2020-07-31,2020-07-27,sz.002594,比亚迪
2020-07-31,2020-07-27,sz.002601,龙蟒佰利
2020-07-31,2020-07-27,sz.002602,世纪华通
2020-07-31,2020-07-27,sz.002607,中公教育
2020-07-31,2020-07-27,sz.002624,完美世界
2020-07-31,2020-07-27,sz.002673,西部证券
2020-07-31,2020-07-27,sz.002714,牧原股份
2020-07-31,2020-07-27,sz.002736,国信证券
2020-07-31,2020-07-27,sz.002739,万达电影
2020-07-31,2020-07-27,sz.002773,康弘药业
2020-07-31,2020-07-27,sz.002841,视源股份
2020-07-31,2020-07-27,sz.002916,深南电路
2020-07-31,2020-07-27,sz.002938,鹏鼎控股
2020-07-31,2020-07-27,sz.002939,长城证券
2020-07-31,2020-07-27,sz.002945,华林证券
2020-07-31,2020-07-27,sz.002958,青农商行
2020-07-31,2020-07-27,sz.003816,中国广核
2020-07-31,2020-07-27,sz.300003,乐普医疗
2020-07-31,2020-07-27,sz.300014,亿纬锂能
2020-07-31,2020-07-27,sz.300015,爱尔眼科
2020-07-31,2020-07-27,sz.300033,同花顺
2020-07-31,2020-07-27,sz.300059,东方财富
2020-07-31,2020-07-27,sz.300122,智飞生物
2020-07-31,2020-07-27,sz.300124,汇川技术
2020-07-31,2020-07-27,sz.300136,信维通信
2020-07-31,2020-07-27,sz.300142,沃森生物
2020-07-31,2020-07-27,sz.300144,宋城演艺
2020-07-31,2020-07-27,sz.300347,泰格医药
2020-07-31,2020-07-27,sz.300408,三环集团
2020-07-31,2020-07-27,sz.300413,芒果超媒
2020-07-31,2020-07-27,sz.300433,蓝思科技
2020-07-31,2020-07-27,sz.300498,温氏股份
2020-07-31,2020-07-27,sz.300601,康泰生物
2020-07-31,2020-07-27,sz.300628,亿联网络
2020-08-31,2020-08-31,sh.600000,浦发银行
2020-08-31,2020-08-31,sh.600004,白云机场
2020-08-31,2020-08-31,sh.600009,上海机场
2020-08-31,2020-08-31,sh.600010,包钢股份
2020-08-31,2020-08-31,sh.600011,华能国际
2020-08-31,2020-08-31,sh.600015,华夏银行
2020-08-31,2020-08-31,sh.600016,民生银行
2020-08-31,2020-08-31,sh.600018,上港集团
2020-08-31,2020-08-31,sh.600019,宝钢股份
2020-08-31,2020-08-31,sh.600025,华能水电
2020-08-31,2020-08-31,sh.600027,华电国际
2020-08-31,2020-08-31,sh.600028,中国石化
2020-08-31,2020-08-31,sh.600029,南方航空
2020-08-31,2020-08-31,sh.600030,中信证券
2020-08-31,2020-08-31,sh.600031,三一重工
2020-08-31,2020-08-31,sh.600036,招商银行
2020-08-31,2020-08-31,sh.600038,中直股份
2020-08-31,2020-08-31,sh.600048,保利地产
2020-08-31,2020-08-31,sh.600050,中国联通
2020-08-31,2020-08-31,sh.600061,国投资本
2020-08-31,2020-08-31,sh.600066,宇通客车
2020-08-31,2020-08-31,sh.600068,葛洲坝
2020-08-31,2020-08-31,sh.600085,同仁堂
2020-08-31,2020-08-31,sh.600089,特变电工
2020-08-31,2020-08-31,sh.600104,上汽集团
2020-08-31,2020-08-31,sh.600109,国金证券
2020-08-31,2020-08-31,sh.600111,北方稀土
2020-08-31,2020-08-31,sh.600115,东方航空
2020-08-31,2020-08-31,sh.600118,中国卫星
2020-08-31,2020-08-31,sh.600170,上海建工
2020-08-31,2020-08-31,sh.600176,中国巨石
2020-08-31,2020-08-31,sh.600177,雅戈尔
2020-08-31,2020-08-31,sh.600183,生益科技
2020-08-31,2020-08-31,sh.600188,兖州煤业
2020-08-31,2020-08-31,sh.600196,复星医药
2020-08-31,2020-08-31,sh.600208,新湖中宝
2020-08-31,2020-08-31,sh.600219,南山铝业
2020-08-31,2020-08-31,sh.600221,海航控股
2020-08-31,2020-08-31,sh.600233,圆通速递
2020-08-31,2020-08-31,sh.600271,航天信息
2020-08-31,2020-08-31,sh.600276,恒瑞医药
2020-08-31,2020-08-31,sh.600297,广汇汽车
2020-08-31,2020-08-31,sh.600299,安迪苏
2020-08-31,2020-08-31,sh.600309,万华化学
2020-08-31,2020-08-31,sh.600332,白云山
2020-08-31,2020-08-31,sh.600340,华夏幸福
2020-08-31,2020-08-31,sh.600346,恒力石化
2020-08-31,2020-08-31,sh.600352,浙江龙盛
2020-08-31,2020-08-31,sh.600362,江西铜业
2020-08-31,2020-08-31,sh.600369,西南证券
2020-08-31,2020-08-31,sh.600372,中航电子
2020-08-31,2020-08-31,sh.600383,金地集团
2020-08-31,2020-08-31,sh.600390,五矿资本
2020-08-31,2020-08-31,sh.600398,海澜之家
2020-08-31,2020-08-31,sh.600406,国电南瑞
2020-08-31,2020-08-31,sh.600436,片仔癀
2020-08-31,2020-08-31,sh.600438,通威股份
2020-08-31,2020-08-31,sh.600482,中国动力
2020-08-31,2020-08-31,sh.600487,亨通光电
2020-08-31,2020-08-31,sh.600489,中金黄金
2020-08-31,2020-08-31,sh.600498,烽火通信
2020-08-31,2020-08-31,sh.600516,方大炭素
2020-08-31,2020-08-31,sh.600519,贵州茅台
2020-08-31,2020-08-31,sh.600522,中天科技
2020-08-31,2020-08-31,sh.600547,山东黄金
2020-08-31,2020-08-31,sh.600570,恒生电子
2020-08-31,2020-08-31,sh.600583,海油工程
2020-08-31,2020-08-31,sh.600585,海螺水泥
2020-08-31,2020-08-31,sh.600588,用友网络
2020-08-31,2020-08-31,sh.600606,绿地控股
2020-08-31,2020-08-31,sh.600637,东方明珠
2020-08-31,2020-08-31,sh.600655,豫园股份
2020-08-31,2020-08-31,sh.600660,福耀玻璃
2020-08-31,2020-08-31,sh.600674,川投能源
2020-08-31,2020-08-31,sh.600690,海尔智家
2020-08-31,2020-08-31,sh.600703,三安光电
2020-08-31,2020-08-31,sh.600705,中航资本
2020-08-31,2020-08-31,sh.600741,华域汽车
2020-08-31,2020-08-31,sh.600745,闻泰科技
2020-08-31,2020-08-31,sh.600760,中航沈飞
2020-08-31,2020-08-31,sh.600795,国电电力
2020-08-31,2020-08-31,sh.600809,山西汾酒
2020-08-31,2020-08-31,sh.600837,海通证券
2020-08-31,2020-08-31,sh.600848,上海临港
2020-08-31,2020-08-31,sh.600867,通化东宝
2020-08-31,2020-08-31,sh.600886,国投电力
2020-08-31,2020-08-31,sh.600887,伊利股份
2020-08-31,2020-08-31,sh.600893,航发动力
2020-08-31,2020-08-31,sh.600900,长江电力
2020-08-31,2020-08-31,sh.600919,江苏银行
2020-08-31,2020-08-31,sh.600926,杭州银行
2020-08-31,2020-08-31,sh.600928,西安银行
2020-08-31,2020-08-31,sh.600958,东方证券
2020-08-31,2020-08-31,sh.600968,海油发展
2020-08-31,2020-08-31,sh.600977,中国电影
2020-08-31,2020-08-31,sh.600989,宝丰能源
2020-08-31,2020-08-31,sh.600998,九州通
2020-08-31,2020-08-31,sh.600999,招商证券
2020-08-31,2020-08-31,sh.601006,大秦铁路
2020-08-31,2020-08-31,sh.601009,南京银行
2020-08-31,2020-08-31,sh.601012,隆基股份
2020-08-31,2020-08-31,sh.601018,宁波港
2020-08-31,2020-08-31,sh.601021,春秋航空
2020-08-31,2020-08-31,sh.601066,中信建投
2020-08-31,2020-08-31,sh.601077,渝农商行
2020-08-31,2020-08-31,sh.601088,中国神华
2020-08-31,2020-08-31,sh.601100,恒立液压
2020-08-31,2020-08-31,sh.601108,财通证券
2020-08-31,2020-08-31,sh.601111,中国国航
2020-08-31,2020-08-31,sh.601117,中国化学
2020-08-31,2020-08-31,sh.601138,工业富联
2020-08-31,2020-08-31,sh.601155,新城控股
2020-08-31,2020-08-31,sh.601162,天风证券
2020-08-31,2020-08-31,sh.601166,兴业银行
2020-08-31,2020-08-31,sh.601169,北京银行
2020-08-31,2020-08-31,sh.601186,中国铁建
2020-08-31,2020-08-31,sh.601198,东兴证券
2020-08-31,2020-08-31,sh.601211,国泰君安
2020-08-31,2020-08-31,sh.601212,白银有色
2020-08-31,2020-08-31,sh.601216,君正集团
2020-08-31,2020-08-31,sh.601225,陕西煤业
2020-08-31,2020-08-31,sh.601229,上海银行
2020-08-31,2020-08-31,sh.601231,环旭电子
2020-08-31,2020-08-31,sh.601236,红塔证券
2020-08-31,2020-08-31,sh.601238,广汽集团
2020-08-31,2020-08-31,sh.601288,农业银行
2020-08-31,2020-08-31,sh.601298,青岛港
2020-08-31,2020-08-31,sh.601318,中国平安
2020-08-31,2020-08-31,sh.601319,中国人保
2020-08-31,2020-08-31,sh.601328,交通银行
2020-08-31,2020-08-31,sh.601336,新华保险
2020-08-31,2020-08-31,sh.601360,三六零
2020-08-31,2020-08-31,sh.601377,兴业证券
2020-08-31,2020-08-31,sh.601390,中国中铁
2020-08-31,2020-08-31,sh.601398,工商银行
2020-08-31,2020-08-31,sh.601555,东吴证券
2020-08-31,2020-08-31,sh.601577,长沙银行
2020-08-31,2020-08-31,sh.601600,中国铝业
2020-08-31,2020-08-31,sh.601601,中国太保
2020-08-31,2020-08-31,sh.601607,上海医药
2020-08-31,2020-08-31,sh.601618,中国中冶
2020-08-31,2020-08-31,sh.601628,中国人寿
2020-08-31,2020-08-31,sh.601633,长城汽车
2020-08-31,2020-08-31,sh.601658,邮储银行
2020-08-31,2020-08-31,sh.601668,中国建筑
2020-08-31,2020-08-31,sh.601669,中国电建
2020-08-31,2020-08-31,sh.601688,华泰证券
2020-08-31,2020-08-31,sh.601698,中国卫通
2020-08-31,2020-08-31,sh.601727,上海电气
2020-08-31,2020-08-31,sh.601766,中国中车
2020-08-31,2020-08-31,sh.601788,光大证券
2020-08-31,2020-08-31,sh.601800,中国交建
2020-08-31,2020-08-31,sh.601808,中海油服
2020-08-31,2020-08-31,sh.601816,京沪高铁
2020-08-31,2020-08-31,sh.601818,光大银行
2020-08-31,2020-08-31,sh.601828,美凯龙
2020-08-31,2020-08-31,sh.601838,成都银行
2020-08-31,2020-08-31,sh.601857,中国石油
2020-08-31,2020-08-31,sh.601877,正泰电器
2020-08-31,2020-08-31,sh.601878,浙商证券
2020-08-31,2020-08-31,sh.601881,中国银河
2020-08-31,2020-08-31,sh.601888,中国中免
2020-08-31,2020-08-31,sh.601898,中煤能源
2020-08-31,2020-08-31,sh.601899,紫金矿业
2020-08-31,2020-08-31,sh.601901,方正证券
2020-08-31,2020-08-31,sh.601916,浙商银行
2020-08-31,2020-08-31,sh.601919,中远海控
2020-08-31,2020-08-31,sh.601933,永辉超市
2020-08-31,2020-08-31,sh.601939,建设银行
2020-08-31,2020-08-31,sh.601985,中国核电
2020-08-31,2020-08-31,sh.601988,中国银行
2020-08-31,2020-08-31,sh.601989,中国重工
2020-08-31,2020-08-31,sh.601992,金隅集团
2020-08-31,2020-08-31,sh.601997,贵阳银行
2020-08-31,2020-08-31,sh.601998,中信银行
2020-08-31,2020-08-31,sh.603019,中科曙光
2020-08-31,2020-08-31,sh.603156,养元饮品
2020-08-31,2020-08-31,sh.603160,汇顶科技
2020-08-31,2020-08-31,sh.603259,药明康德
2020-08-31,2020-08-31,sh.603260,合盛硅业
2020-08-31,2020-08-31,sh.603288,海天味业
2020-08-31,2020-08-31,sh.603369,今世缘
2020-08-31,2020-08-31,sh.603501,韦尔股份
2020-08-31,2020-08-31,sh.603658,安图生物
2020-08-31,2020-08-31,sh.603799,华友钴业
2020-08-31,2020-08-31,sh.603833,欧派家居
2020-08-31,2020-08-31,sh.603899,晨光文具
2020-08-31,2020-08-31,sh.603986,兆易创新
2020-08-31,2020-08-31,sh.603993,洛阳钼业
2020-08-31,2020-08-31,sz.000001,平安银行
2020-08-31,2020-08-31,sz.000002,万科A
2020-08-31,2020-08-31,sz.000063,中兴通讯
2020-08-31,2020-08-31,sz.000066,中国长城
2020-08-31,2020-08-31,sz.000069,华侨城A
2020-08-31,2020-08-31,sz.000100,TCL科技
2020-08-31,2020-08-31,sz.000157,中联重科
2020-08-31,2020-08-31,sz.000166,申万宏源
2020-08-31,2020-08-31,sz.000333,美的集团
2020-08-31,2020-08-31,sz.000338,潍柴动力
2020-08-31,2020-08-31,sz.000425,徐工机械
2020-08-31,2020-08-31,sz.000538,云南白药
2020-08-31,2020-08-31,sz.000568,泸州老窖
2020-08-31,2020-08-31,sz.000596,古井贡酒
2020-08-31,2020-08-31,sz.000625,长安汽车
2020-08-31,2020-08-31,sz.000627,天茂集团
2020-08-31,2020-08-31,sz.000651,格力电器
2020-08-31,2020-08-31,sz.000656,金科股份
2020-08-31,2020-08-31,sz.000661,长春高新
2020-08-31,2020-08-31,sz.000671,阳光城
2020-08-31,2020-08-31,sz.000703,恒逸石化
2020-08-31,2020-08-31,sz.000708,中信特钢
2020-08-31,2020-08-31,sz.000709,河钢股份
2020-08-31,2020-08-31,sz.000723,美锦能源
2020-08-31,2020-08-31,sz.000725,京东方A
2020-08-31,2020-08-31,sz.000728,国元证券
2020-08-31,2020-08-31,sz.000768,中航飞机
2020-08-31,2020-08-31,sz.000776,广发证券
2020-08-31,2020-08-31,sz.000783,长江证券
2020-08-31,2020-08-31,sz.000786,北新建材
2020-08-31,2020-08-31,sz.000858,五粮液
2020-08-31,2020-08-31,sz.000860,顺鑫农业
2020-08-31,2020-08-31,sz.000876,新希望
2020-08-31,2020-08-31,sz.000895,双汇发展
2020-08-31,2020-08-31,sz.000938,紫光股份
2020-08-31,2020-08-31,sz.000961,中南建设
2020-08-31,2020-08-31,sz.000963,华东医药
2020-08-31,2020-08-31,sz.000977,浪潮信息
2020-08-31,2020-08-31,sz.001979,招商蛇口
2020-08-31,2020-08-31,sz.002001,新和成
2020-08-31,2020-08-31,sz.002007,华兰生物
2020-08-31,2020-08-31,sz.002008,大族激光
2020-08-31,2020-08-31,sz.002024,苏宁易购
2020-08-31,2020-08-31,sz.002027,分众传媒
2020-08-31,2020-08-31,sz.002032,苏泊尔
2020-08-31,2020-08-31,sz.002044,美年健康
2020-08-31,2020-08-31,sz.002050,三花智控
2020-08-31,2020-08-31,sz.002120,韵达股份
2020-08-31,2020-08-31,sz.002129,中环股份
2020-08-31,2020-08-31,sz.002142,宁波银行
2020-08-31,2020-08-31,sz.002146,荣盛发展
2020-08-31,2020-08-31,sz.002153,石基信息
2020-08-31,2020-08-31,sz.002157,正邦科技
2020-08-31,2020-08-31,sz.002179,中航光电
2020-08-31,2020-08-31,sz.002202,金风科技
2020-08-31,2020-08-31,sz.002230,科大讯飞
2020-08-31,2020-08-31,sz.002236,大华股份
2020-08-31,2020-08-31,sz.002241,歌尔股份
2020-08-31,2020-08-31,sz.002252,上海莱士
2020-08-31,2020-08-31,sz.002271,东方雨虹
2020-08-31,2020-08-31,sz.002304,洋河股份
2020-08-31,2020-08-31,sz.002311,海大集团
2020-08-31,2020-08-31,sz.002352,顺丰控股
2020-08-31,2020-08-31,sz.002371,北方华创
2020-08-31,2020-08-31,sz.002410,广联达
2020-08-31,2020-08-31,sz.002415,海康威视
2020-08-31,2020-08-31,sz.002422,科伦药业
2020-08-31,2020-08-31,sz.002456,欧菲光
2020-08-31,2020-08-31,sz.002460,赣锋锂业
2020-08-31,2020-08-31,sz.002463,沪电股份
2020-08-31,2020-08-31,sz.002466,天齐锂业
2020-08-31,2020-08-31,sz.002468,申通快递
2020-08-31,2020-08-31,sz.002475,立讯精密
2020-08-31,2020-08-31,sz.002493,荣盛石化
2020-08-31,2020-08-31,sz.002508,老板电器
2020-08-31,2020-08-31,sz.002555,三七互娱
2020-08-31,2020-08-31,sz.002558,巨人网络
2020-08-31,2020-08-31,sz.002594,比亚迪
2020-08-31,2020-08-31,sz.002601,龙蟒佰利
2020-08-31,2020-08-31,sz.002602,世纪华通
2020-08-31,2020-08-31,sz.002607,中公教育
2020-08-31,2020-08-31,sz.002624,完美世界
2020-08-31,2020-08-31,sz.002673,西部证券
2020-08-31,2020-08-31,sz.002714,牧原股份
2020-08-31,2020-08-31,sz.002736,国信证券
2020-08-31,2020-08-31,sz.002739,万达电影
2020-08-31,2020-08-31,sz.002773,康弘药业
2020-08-31,2020-08-31,sz.002841,视源股份
2020-08-31,2020-08-31,sz.002916,深南电路
2020-08-31,2020-08-31,sz.002938,鹏鼎控股
2020-08-31,2020-08-31,sz.002939,长城证券
2020-08-31,2020-08-31,sz.002945,华林证券
2020-08-31,2020-08-31,sz.002958,青农商行
2020-08-31,2020-08-31,sz.003816,中国广核
2020-08-31,2020-08-31,sz.300003,乐普医疗
2020-08-31,2020-08-31,sz.300014,亿纬锂能
2020-08-31,2020-08-31,sz.300015,爱尔眼科
2020-08-31,2020-08-31,sz.300033,同花顺
2020-08-31,2020-08-31,sz.300059,东方财富
2020-08-31,2020-08-31,sz.300122,智飞生物
2020-08-31,2020-08-31,sz.300124,汇川技术
2020-08-31,2020-08-31,sz.300136,信维通信
2020-08-31,2020-08-31,sz.300142,沃森生物
2020-08-31,2020-08-31,sz.300144,宋城演艺
2020-08-31,2020-08-31,sz.300347,泰格医药
2020-08-31,2020-08-31,sz.300408,三环集团
2020-08-31,2020-08-31,sz.300413,芒果超媒
2020-08-31,2020-08-31,sz.300433,蓝思科技
2020-08-31,2020-08-31,sz.300498,温氏股份
2020-08-31,2020-08-31,sz.300601,康泰生物
2020-08-31,2020-08-31,sz.300628,亿联网络
2020-09-30,2020-09-28,sh.600000,浦发银行
2020-09-30,2020-09-28,sh.600004,白云机场
2020-09-30,2020-09-28,sh.600009,上海机场
2020-09-30,2020-09-28,sh.600010,包钢股份
2020-09-30,2020-09-28,sh.600011,华能国际
2020-09-30,2020-09-28,sh.600015,华夏银行
2020-09-30,2020-09-28,sh.600016,民生银行
2020-09-30,2020-09-28,sh.600018,上港集团
2020-09-30,2020-09-28,sh.600019,宝钢股份
2020-09-30,2020-09-28,sh.600025,华能水电
2020-09-30,2020-09-28,sh.600027,华电国际
2020-09-30,2020-09-28,sh.600028,中国石化
2020-09-30,2020-09-28,sh.600029,南方航空
2020-09-30,2020-09-28,sh.600030,中信证券
2020-09-30,2020-09-28,sh.600031,三一重工
2020-09-30,2020-09-28,sh.600036,招商银行
2020-09-30,2020-09-28,sh.600038,中直股份
2020-09-30,2020-09-28,sh.600048,保利地产
2020-09-30,2020-09-28,sh.600050,中国联通
2020-09-30,2020-09-28,sh.600061,国投资本
2020-09-30,2020-09-28,sh.600066,宇通客车
2020-09-30,2020-09-28,sh.600068,葛洲坝
2020-09-30,2020-09-28,sh.600085,同仁堂
2020-09-30,2020-09-28,sh.600089,特变电工
2020-09-30,2020-09-28,sh.600104,上汽集团
2020-09-30,2020-09-28,sh.600109,国金证券
2020-09-30,2020-09-28,sh.600111,北方稀土
2020-09-30,2020-09-28,sh.600115,东方航空
2020-09-30,2020-09-28,sh.600118,中国卫星
2020-09-30,2020-09-28,sh.600170,上海建工
2020-09-30,2020-09-28,sh.600176,中国巨石
2020-09-30,2020-09-28,sh.600177,雅戈尔
2020-09-30,2020-09-28,sh.600183,生益科技
2020-09-30,2020-09-28,sh.600188,兖州煤业
2020-09-30,2020-09-28,sh.600196,复星医药
2020-09-30,2020-09-28,sh.600208,新湖中宝
2020-09-30,2020-09-28,sh.600219,南山铝业
2020-09-30,2020-09-28,sh.600221,海航控股
2020-09-30,2020-09-28,sh.600233,圆通速递
2020-09-30,2020-09-28,sh.600271,航天信息
2020-09-30,2020-09-28,sh.600276,恒瑞医药
2020-09-30,2020-09-28,sh.600297,广汇汽车
2020-09-30,2020-09-28,sh.600299,安迪苏
2020-09-30,2020-09-28,sh.600309,万华化学
2020-09-30,2020-09-28,sh.600332,白云山
2020-09-30,2020-09-28,sh.600340,华夏幸福
2020-09-30,2020-09-28,sh.600346,恒力石化
2020-09-30,2020-09-28,sh.600352,浙江龙盛
2020-09-30,2020-09-28,sh.600362,江西铜业
2020-09-30,2020-09-28,sh.600369,西南证券
2020-09-30,2020-09-28,sh.600372,中航电子
2020-09-30,2020-09-28,sh.600383,金地集团
2020-09-30,2020-09-28,sh.600390,五矿资本
2020-09-30,2020-09-28,sh.600398,海澜之家
2020-09-30,2020-09-28,sh.600406,国电南瑞
2020-09-30,2020-09-28,sh.600436,片仔癀
2020-09-30,2020-09-28,sh.600438,通威股份
2020-09-30,2020-09-28,sh.600482,中国动力
2020-09-30,2020-09-28,sh.600487,亨通光电
2020-09-30,2020-09-28,sh.600489,中金黄金
2020-09-30,2020-09-28,sh.600498,烽火通信
2020-09-30,2020-09-28,sh.600516,方大炭素
2020-09-30,2020-09-28,sh.600519,贵州茅台
2020-09-30,2020-09-28,sh.600522,中天科技
2020-09-30,2020-09-28,sh.600547,山东黄金
2020-09-30,2020-09-28,sh.600570,恒生电子
2020-09-30,2020-09-28,sh.600583,海油工程
2020-09-30,2020-09-28,sh.600585,海螺水泥
2020-09-30,2020-09-28,sh.600588,用友网络
2020-09-30,2020-09-28,sh.600606,绿地控股
2020-09-30,2020-09-28,sh.600637,东方明珠
2020-09-30,2020-09-28,sh.600655,豫园股份
2020-09-30,2020-09-28,sh.600660,福耀玻璃
2020-09-30,2020-09-28,sh.600674,川投能源
2020-09-30,2020-09-28,sh.600690,海尔智家
2020-09-30,2020-09-28,sh.600703,三安光电
2020-09-30,2020-09-28,sh.600705,中航资本
2020-09-30,2020-09-28,sh.600741,华域汽车
2020-09-30,2020-09-28,sh.600745,闻泰科技
2020-09-30,2020-09-28,sh.600760,中航沈飞
2020-09-30,2020-09-28,sh.600795,国电电力
2020-09-30,2020-09-28,sh.600809,山西汾酒
2020-09-30,2020-09-28,sh.600837,海通证券
2020-09-30,2020-09-28,sh.600848,上海临港
2020-09-30,2020-09-28,sh.600867,通化东宝
2020-09-30,2020-09-28,sh.600886,国投电力
2020-09-30,2020-09-28,sh.600887,伊利股份
2020-09-30,2020-09-28,sh.600893,航发动力
2020-09-30,2020-09-28,sh.600900,长江电力
2020-09-30,2020-09-28,sh.600919,江苏银行
2020-09-30,2020-09-28,sh.600926,杭州银行
2020-09-30,2020-09-28,sh.600928,西安银行
2020-09-30,2020-09-28,sh.600958,东方证券
2020-09-30,2020-09-28,sh.600968,海油发展
2020-09-30,2020-09-28,sh.600977,中国电影
2020-09-30,2020-09-28,sh.600989,宝丰能源
2020-09-30,2020-09-28,sh.600998,九州通
2020-09-30,2020-09-28,sh.600999,招商证券
2020-09-30,2020-09-28,sh.601006,大秦铁路
2020-09-30,2020-09-28,sh.601009,南京银行
2020-09-30,2020-09-28,sh.601012,隆基股份
2020-09-30,2020-09-28,sh.601018,宁波港
2020-09-30,2020-09-28,sh.601021,春秋航空
2020-09-30,2020-09-28,sh.601066,中信建投
2020-09-30,2020-09-28,sh.601077,渝农商行
2020-09-30,2020-09-28,sh.601088,中国神华
2020-09-30,2020-09-28,sh.601100,恒立液压
2020-09-30,2020-09-28,sh.601108,财通证券
2020-09-30,2020-09-28,sh.601111,中国国航
2020-09-30,2020-09-28,sh.601117,中国化学
2020-09-30,2020-09-28,sh.601138,工业富联
2020-09-30,2020-09-28,sh.601155,新城控股
2020-09-30,2020-09-28,sh.601162,天风证券
2020-09-30,2020-09-28,sh.601166,兴业银行
2020-09-30,2020-09-28,sh.601169,北京银行
2020-09-30,2020-09-28,sh.601186,中国铁建
2020-09-30,2020-09-28,sh.601198,东兴证券
2020-09-30,2020-09-28,sh.601211,国泰君安
2020-09-30,2020-09-28,sh.601212,白银有色
2020-09-30,2020-09-28,sh.601216,君正集团
2020-09-30,2020-09-28,sh.601225,陕西煤业
2020-09-30,2020-09-28,sh.601229,上海银行
2020-09-30,2020-09-28,sh.601231,环旭电子
2020-09-30,2020-09-28,sh.601236,红塔证券
2020-09-30,2020-09-28,sh.601238,广汽集团
2020-09-30,2020-09-28,sh.601288,农业银行
2020-09-30,2020-09-28,sh.601298,青岛港
2020-09-30,2020-09-28,sh.601318,中国平安
2020-09-30,2020-09-28,sh.601319,中国人保
2020-09-30,2020-09-28,sh.601328,交通银行
2020-09-30,2020-09-28,sh.601336,新华保险
2020-09-30,2020-09-28,sh.601360,三六零
2020-09-30,2020-09-28,sh.601377,兴业证券
2020-09-30,2020-09-28,sh.601390,中国中铁
2020-09-30,2020-09-28,sh.601398,工商银行
2020-09-30,2020-09-28,sh.601555,东吴证券
2020-09-30,2020-09-28,sh.601577,长沙银行
2020-09-30,2020-09-28,sh.601600,中国铝业
2020-09-30,2020-09-28,sh.601601,中国太保
2020-09-30,2020-09-28,sh.601607,上海医药
2020-09-30,2020-09-28,sh.601618,中国中冶
2020-09-30,2020-09-28,sh.601628,中国人寿
2020-09-30,2020-09-28,sh.601633,长城汽车
2020-09-30,2020-09-28,sh.601658,邮储银行
2020-09-30,2020-09-28,sh.601668,中国建筑
2020-09-30,2020-09-28,sh.601669,中国电建
2020-09-30,2020-09-28,sh.601688,华泰证券
2020-09-30,2020-09-28,sh.601698,中国卫通
2020-09-30,2020-09-28,sh.601727,上海电气
2020-09-30,2020-09-28,sh.601766,中国中车
2020-09-30,2020-09-28,sh.601788,光大证券
2020-09-30,2020-09-28,sh.601800,中国交建
2020-09-30,2020-09-28,sh.601808,中海油服
2020-09-30,2020-09-28,sh.601816,京沪高铁
2020-09-30,2020-09-28,sh.601818,光大银行
2020-09-30,2020-09-28,sh.601828,美凯龙
2020-09-30,2020-09-28,sh.601838,成都银行
2020-09-30,2020-09-28,sh.601857,中国石油
2020-09-30,2020-09-28,sh.601877,正泰电器
2020-09-30,2020-09-28,sh.601878,浙商证券
2020-09-30,2020-09-28,sh.601881,中国银河
2020-09-30,2020-09-28,sh.601888,中国中免
2020-09-30,2020-09-28,sh.601898,中煤能源
2020-09-30,2020-09-28,sh.601899,紫金矿业
2020-09-30,2020-09-28,sh.601901,方正证券
2020-09-30,2020-09-28,sh.601916,浙商银行
2020-09-30,2020-09-28,sh.601919,中远海控
2020-09-30,2020-09-28,sh.601933,永辉超市
2020-09-30,2020-09-28,sh.601939,建设银行
2020-09-30,2020-09-28,sh.601985,中国核电
2020-09-30,2020-09-28,sh.601988,中国银行
2020-09-30,2020-09-28,sh.601989,中国重工
2020-09-30,2020-09-28,sh.601992,金隅集团
2020-09-30,2020-09-28,sh.601997,贵阳银行
2020-09-30,2020-09-28,sh.601998,中信银行
2020-09-30,2020-09-28,sh.603019,中科曙光
2020-09-30,2020-09-28,sh.603156,养元饮品
2020-09-30,2020-09-28,sh.603160,汇顶科技
2020-09-30,2020-09-28,sh.603259,药明康德
2020-09-30,2020-09-28,sh.603260,合盛硅业
2020-09-30,2020-09-28,sh.603288,海天味业
2020-09-30,2020-09-28,sh.603369,今世缘
2020-09-30,2020-09-28,sh.603501,韦尔股份
2020-09-30,2020-09-28,sh.603658,安图生物
2020-09-30,2020-09-28,sh.603799,华友钴业
2020-09-30,2020-09-28,sh.603833,欧派家居
2020-09-30,2020-09-28,sh.603899,晨光文具
2020-09-30,2020-09-28,sh.603986,兆易创新
2020-09-30,2020-09-28,sh.603993,洛阳钼业
2020-09-30,2020-09-28,sz.000001,平安银行
2020-09-30,2020-09-28,sz.000002,万科A
2020-09-30,2020-09-28,sz.000063,中兴通讯
2020-09-30,2020-09-28,sz.000066,中国长城
2020-09-30,2020-09-28,sz.000069,华侨城A
2020-09-30,2020-09-28,sz.000100,TCL科技
2020-09-30,2020-09-28,sz.000157,中联重科
2020-09-30,2020-09-28,sz.000166,申万宏源
2020-09-30,2020-09-28,sz.000333,美的集团
2020-09-30,2020-09-28,sz.000338,潍柴动力
2020-09-30,2020-09-28,sz.000425,徐工机械
2020-09-30,2020-09-28,sz.000538,云南白药
2020-09-30,2020-09-28,sz.000568,泸州老窖
2020-09-30,2020-09-28,sz.000596,古井贡酒
2020-09-30,2020-09-28,sz.000625,长安汽车
2020-09-30,2020-09-28,sz.000627,天茂集团
2020-09-30,2020-09-28,sz.000651,格力电器
2020-09-30,2020-09-28,sz.000656,金科股份
2020-09-30,2020-09-28,sz.000661,长春高新
2020-09-30,2020-09-28,sz.000671,阳光城
2020-09-30,2020-09-28,sz.000703,恒逸石化
2020-09-30,2020-09-28,sz.000708,中信特钢
2020-09-30,2020-09-28,sz.000709,河钢股份
2020-09-30,2020-09-28,sz.000723,美锦能源
2020-09-30,2020-09-28,sz.000725,京东方A
2020-09-30,2020-09-28,sz.000728,国元证券
2020-09-30,2020-09-28,sz.000768,中航飞机
2020-09-30,2020-09-28,sz.000776,广发证券
2020-09-30,2020-09-28,sz.000783,长江证券
2020-09-30,2020-09-28,sz.000786,北新建材
2020-09-30,2020-09-28,sz.000858,五粮液
2020-09-30,2020-09-28,sz.000860,顺鑫农业
2020-09-30,2020-09-28,sz.000876,新希望
2020-09-30,2020-09-28,sz.000895,双汇发展
2020-09-30,2020-09-28,sz.000938,紫光股份
2020-09-30,2020-09-28,sz.000961,中南建设
2020-09-30,2020-09-28,sz.000963,华东医药
2020-09-30,2020-09-28,sz.000977,浪潮信息
2020-09-30,2020-09-28,sz.001979,招商蛇口
2020-09-30,2020-09-28,sz.002001,新和成
2020-09-30,2020-09-28,sz.002007,华兰生物
2020-09-30,2020-09-28,sz.002008,大族激光
2020-09-30,2020-09-28,sz.002024,苏宁易购
2020-09-30,2020-09-28,sz.002027,分众传媒
2020-09-30,2020-09-28,sz.002032,苏泊尔
2020-09-30,2020-09-28,sz.002044,美年健康
2020-09-30,2020-09-28,sz.002050,三花智控
2020-09-30,2020-09-28,sz.002120,韵达股份
2020-09-30,2020-09-28,sz.002129,中环股份
2020-09-30,2020-09-28,sz.002142,宁波银行
2020-09-30,2020-09-28,sz.002146,荣盛发展
2020-09-30,2020-09-28,sz.002153,石基信息
2020-09-30,2020-09-28,sz.002157,正邦科技
2020-09-30,2020-09-28,sz.002179,中航光电
2020-09-30,2020-09-28,sz.002202,金风科技
2020-09-30,2020-09-28,sz.002230,科大讯飞
2020-09-30,2020-09-28,sz.002236,大华股份
2020-09-30,2020-09-28,sz.002241,歌尔股份
2020-09-30,2020-09-28,sz.002252,上海莱士
2020-09-30,2020-09-28,sz.002271,东方雨虹
2020-09-30,2020-09-28,sz.002304,洋河股份
2020-09-30,2020-09-28,sz.002311,海大集团
2020-09-30,2020-09-28,sz.002352,顺丰控股
2020-09-30,2020-09-28,sz.002371,北方华创
2020-09-30,2020-09-28,sz.002410,广联达
2020-09-30,2020-09-28,sz.002415,海康威视
2020-09-30,2020-09-28,sz.002422,科伦药业
2020-09-30,2020-09-28,sz.002456,欧菲光
2020-09-30,2020-09-28,sz.002460,赣锋锂业
2020-09-30,2020-09-28,sz.002463,沪电股份
2020-09-30,2020-09-28,sz.002466,天齐锂业
2020-09-30,2020-09-28,sz.002468,申通快递
2020-09-30,2020-09-28,sz.002475,立讯精密
2020-09-30,2020-09-28,sz.002493,荣盛石化
2020-09-30,2020-09-28,sz.002508,老板电器
2020-09-30,2020-09-28,sz.002555,三七互娱
2020-09-30,2020-09-28,sz.002558,巨人网络
2020-09-30,2020-09-28,sz.002594,比亚迪
2020-09-30,2020-09-28,sz.002601,龙蟒佰利
2020-09-30,2020-09-28,sz.002602,世纪华通
2020-09-30,2020-09-28,sz.002607,中公教育
2020-09-30,2020-09-28,sz.002624,完美世界
2020-09-30,2020-09-28,sz.002673,西部证券
2020-09-30,2020-09-28,sz.002714,牧原股份
2020-09-30,2020-09-28,sz.002736,国信证券
2020-09-30,2020-09-28,sz.002739,万达电影
2020-09-30,2020-09-28,sz.002773,康弘药业
2020-09-30,2020-09-28,sz.002841,视源股份
2020-09-30,2020-09-28,sz.002916,深南电路
2020-09-30,2020-09-28,sz.002938,鹏鼎控股
2020-09-30,2020-09-28,sz.002939,长城证券
2020-09-30,2020-09-28,sz.002945,华林证券
2020-09-30,2020-09-28,sz.002958,青农商行
2020-09-30,2020-09-28,sz.003816,中国广核
2020-09-30,2020-09-28,sz.300003,乐普医疗
2020-09-30,2020-09-28,sz.300014,亿纬锂能
2020-09-30,2020-09-28,sz.300015,爱尔眼科
2020-09-30,2020-09-28,sz.300033,同花顺
2020-09-30,2020-09-28,sz.300059,东方财富
2020-09-30,2020-09-28,sz.300122,智飞生物
2020-09-30,2020-09-28,sz.300124,汇川技术
2020-09-30,2020-09-28,sz.300136,信维通信
2020-09-30,2020-09-28,sz.300142,沃森生物
2020-09-30,2020-09-28,sz.300144,宋城演艺
2020-09-30,2020-09-28,sz.300347,泰格医药
2020-09-30,2020-09-28,sz.300408,三环集团
2020-09-30,2020-09-28,sz.300413,芒果超媒
2020-09-30,2020-09-28,sz.300433,蓝思科技
2020-09-30,2020-09-28,sz.300498,温氏股份
2020-09-30,2020-09-28,sz.300601,康泰生物
2020-09-30,2020-09-28,sz.300628,亿联网络
2020-10-31,2020-10-26,sh.600000,浦发银行
2020-10-31,2020-10-26,sh.600004,白云机场
2020-10-31,2020-10-26,sh.600009,上海机场
2020-10-31,2020-10-26,sh.600010,包钢股份
2020-10-31,2020-10-26,sh.600011,华能国际
2020-10-31,2020-10-26,sh.600015,华夏银行
2020-10-31,2020-10-26,sh.600016,民生银行
2020-10-31,2020-10-26,sh.600018,上港集团
2020-10-31,2020-10-26,sh.600019,宝钢股份
2020-10-31,2020-10-26,sh.600025,华能水电
2020-10-31,2020-10-26,sh.600027,华电国际
2020-10-31,2020-10-26,sh.600028,中国石化
2020-10-31,2020-10-26,sh.600029,南方航空
2020-10-31,2020-10-26,sh.600030,中信证券
2020-10-31,2020-10-26,sh.600031,三一重工
2020-10-31,2020-10-26,sh.600036,招商银行
2020-10-31,2020-10-26,sh.600038,中直股份
2020-10-31,2020-10-26,sh.600048,保利地产
2020-10-31,2020-10-26,sh.600050,中国联通
2020-10-31,2020-10-26,sh.600061,国投资本
2020-10-31,2020-10-26,sh.600066,宇通客车
2020-10-31,2020-10-26,sh.600068,葛洲坝
2020-10-31,2020-10-26,sh.600085,同仁堂
2020-10-31,2020-10-26,sh.600089,特变电工
2020-10-31,2020-10-26,sh.600104,上汽集团
2020-10-31,2020-10-26,sh.600109,国金证券
2020-10-31,2020-10-26,sh.600111,北方稀土
2020-10-31,2020-10-26,sh.600115,东方航空
2020-10-31,2020-10-26,sh.600118,中国卫星
2020-10-31,2020-10-26,sh.600170,上海建工
2020-10-31,2020-10-26,sh.600176,中国巨石
2020-10-31,2020-10-26,sh.600177,雅戈尔
2020-10-31,2020-10-26,sh.600183,生益科技
2020-10-31,2020-10-26,sh.600188,兖州煤业
2020-10-31,2020-10-26,sh.600196,复星医药
2020-10-31,2020-10-26,sh.600208,新湖中宝
2020-10-31,2020-10-26,sh.600219,南山铝业
2020-10-31,2020-10-26,sh.600221,海航控股
2020-10-31,2020-10-26,sh.600233,圆通速递
2020-10-31,2020-10-26,sh.600271,航天信息
2020-10-31,2020-10-26,sh.600276,恒瑞医药
2020-10-31,2020-10-26,sh.600297,广汇汽车
2020-10-31,2020-10-26,sh.600299,安迪苏
2020-10-31,2020-10-26,sh.600309,万华化学
2020-10-31,2020-10-26,sh.600332,白云山
2020-10-31,2020-10-26,sh.600340,华夏幸福
2020-10-31,2020-10-26,sh.600346,恒力石化
2020-10-31,2020-10-26,sh.600352,浙江龙盛
2020-10-31,2020-10-26,sh.600362,江西铜业
2020-10-31,2020-10-26,sh.600369,西南证券
2020-10-31,2020-10-26,sh.600372,中航电子
2020-10-31,2020-10-26,sh.600383,金地集团
2020-10-31,2020-10-26,sh.600390,五矿资本
2020-10-31,2020-10-26,sh.600398,海澜之家
2020-10-31,2020-10-26,sh.600406,国电南瑞
2020-10-31,2020-10-26,sh.600436,片仔癀
2020-10-31,2020-10-26,sh.600438,通威股份
2020-10-31,2020-10-26,sh.600482,中国动力
2020-10-31,2020-10-26,sh.600487,亨通光电
2020-10-31,2020-10-26,sh.600489,中金黄金
2020-10-31,2020-10-26,sh.600498,烽火通信
2020-10-31,2020-10-26,sh.600516,方大炭素
2020-10-31,2020-10-26,sh.600519,贵州茅台
2020-10-31,2020-10-26,sh.600522,中天科技
2020-10-31,2020-10-26,sh.600547,山东黄金
2020-10-31,2020-10-26,sh.600570,恒生电子
2020-10-31,2020-10-26,sh.600583,海油工程
2020-10-31,2020-10-26,sh.600585,海螺水泥
2020-10-31,2020-10-26,sh.600588,用友网络
2020-10-31,2020-10-26,sh.600606,绿地控股
2020-10-31,2020-10-26,sh.600637,东方明珠
2020-10-31,2020-10-26,sh.600655,豫园股份
2020-10-31,2020-10-26,sh.600660,福耀玻璃
2020-10-31,2020-10-26,sh.600674,川投能源
2020-10-31,2020-10-26,sh.600690,海尔智家
2020-10-31,2020-10-26,sh.600703,三安光电
2020-10-31,2020-10-26,sh.600705,中航资本
2020-10-31,2020-10-26,sh.600741,华域汽车
2020-10-31,2020-10-26,sh.600745,闻泰科技
2020-10-31,2020-10-26,sh.600760,中航沈飞
2020-10-31,2020-10-26,sh.600795,国电电力
2020-10-31,2020-10-26,sh.600809,山西汾酒
2020-10-31,2020-10-26,sh.600837,海通证券
2020-10-31,2020-10-26,sh.600848,上海临港
2020-10-31,2020-10-26,sh.600867,通化东宝
2020-10-31,2020-10-26,sh.600886,国投电力
2020-10-31,2020-10-26,sh.600887,伊利股份
2020-10-31,2020-10-26,sh.600893,航发动力
2020-10-31,2020-10-26,sh.600900,长江电力
2020-10-31,2020-10-26,sh.600919,江苏银行
2020-10-31,2020-10-26,sh.600926,杭州银行
2020-10-31,2020-10-26,sh.600928,西安银行
2020-10-31,2020-10-26,sh.600958,东方证券
2020-10-31,2020-10-26,sh.600968,海油发展
2020-10-31,2020-10-26,sh.600977,中国电影
2020-10-31,2020-10-26,sh.600989,宝丰能源
2020-10-31,2020-10-26,sh.600998,九州通
2020-10-31,2020-10-26,sh.600999,招商证券
2020-10-31,2020-10-26,sh.601006,大秦铁路
2020-10-31,2020-10-26,sh.601009,南京银行
2020-10-31,2020-10-26,sh.601012,隆基股份
2020-10-31,2020-10-26,sh.601018,宁波港
2020-10-31,2020-10-26,sh.601021,春秋航空
2020-10-31,2020-10-26,sh.601066,中信建投
2020-10-31,2020-10-26,sh.601077,渝农商行
2020-10-31,2020-10-26,sh.601088,中国神华
2020-10-31,2020-10-26,sh.601100,恒立液压
2020-10-31,2020-10-26,sh.601108,财通证券
2020-10-31,2020-10-26,sh.601111,中国国航
2020-10-31,2020-10-26,sh.601117,中国化学
2020-10-31,2020-10-26,sh.601138,工业富联
2020-10-31,2020-10-26,sh.601155,新城控股
2020-10-31,2020-10-26,sh.601162,天风证券
2020-10-31,2020-10-26,sh.601166,兴业银行
2020-10-31,2020-10-26,sh.601169,北京银行
2020-10-31,2020-10-26,sh.601186,中国铁建
2020-10-31,2020-10-26,sh.601198,东兴证券
2020-10-31,2020-10-26,sh.601211,国泰君安
2020-10-31,2020-10-26,sh.601212,白银有色
2020-10-31,2020-10-26,sh.601216,君正集团
2020-10-31,2020-10-26,sh.601225,陕西煤业
2020-10-31,2020-10-26,sh.601229,上海银行
2020-10-31,2020-10-26,sh.601231,环旭电子
2020-10-31,2020-10-26,sh.601236,红塔证券
2020-10-31,2020-10-26,sh.601238,广汽集团
2020-10-31,2020-10-26,sh.601288,农业银行
2020-10-31,2020-10-26,sh.601298,青岛港
2020-10-31,2020-10-26,sh.601318,中国平安
2020-10-31,2020-10-26,sh.601319,中国人保
2020-10-31,2020-10-26,sh.601328,交通银行
2020-10-31,2020-10-26,sh.601336,新华保险
2020-10-31,2020-10-26,sh.601360,三六零
2020-10-31,2020-10-26,sh.601377,兴业证券
2020-10-31,2020-10-26,sh.601390,中国中铁
2020-10-31,2020-10-26,sh.601398,工商银行
2020-10-31,2020-10-26,sh.601555,东吴证券
2020-10-31,2020-10-26,sh.601577,长沙银行
2020-10-31,2020-10-26,sh.601600,中国铝业
2020-10-31,2020-10-26,sh.601601,中国太保
2020-10-31,2020-10-26,sh.601607,上海医药
2020-10-31,2020-10-26,sh.601618,中国中冶
2020-10-31,2020-10-26,sh.601628,中国人寿
2020-10-31,2020-10-26,sh.601633,长城汽车
2020-10-31,2020-10-26,sh.601658,邮储银行
2020-10-31,2020-10-26,sh.601668,中国建筑
2020-10-31,2020-10-26,sh.601669,中国电建
2020-10-31,2020-10-26,sh.601688,华泰证券
2020-10-31,2020-10-26,sh.601698,中国卫通
2020-10-31,2020-10-26,sh.601727,上海电气
2020-10-31,2020-10-26,sh.601766,中国中车
2020-10-31,2020-10-26,sh.601788,光大证券
2020-10-31,2020-10-26,sh.601800,中国交建
2020-10-31,2020-10-26,sh.601808,中海油服
2020-10-31,2020-10-26,sh.601816,京沪高铁
2020-10-31,2020-10-26,sh.601818,光大银行
2020-10-31,2020-10-26,sh.601828,美凯龙
2020-10-31,2020-10-26,sh.601838,成都银行
2020-10-31,2020-10-26,sh.601857,中国石油
2020-10-31,2020-10-26,sh.601877,正泰电器
2020-10-31,2020-10-26,sh.601878,浙商证券
2020-10-31,2020-10-26,sh.601881,中国银河
2020-10-31,2020-10-26,sh.601888,中国中免
2020-10-31,2020-10-26,sh.601898,中煤能源
2020-10-31,2020-10-26,sh.601899,紫金矿业
2020-10-31,2020-10-26,sh.601901,方正证券
2020-10-31,2020-10-26,sh.601916,浙商银行
2020-10-31,2020-10-26,sh.601919,中远海控
2020-10-31,2020-10-26,sh.601933,永辉超市
2020-10-31,2020-10-26,sh.601939,建设银行
2020-10-31,2020-10-26,sh.601985,中国核电
2020-10-31,2020-10-26,sh.601988,中国银行
2020-10-31,2020-10-26,sh.601989,中国重工
2020-10-31,2020-10-26,sh.601992,金隅集团
2020-10-31,2020-10-26,sh.601997,贵阳银行
2020-10-31,2020-10-26,sh.601998,中信银行
2020-10-31,2020-10-26,sh.603019,中科曙光
2020-10-31,2020-10-26,sh.603156,养元饮品
2020-10-31,2020-10-26,sh.603160,汇顶科技
2020-10-31,2020-10-26,sh.603259,药明康德
2020-10-31,2020-10-26,sh.603260,合盛硅业
2020-10-31,2020-10-26,sh.603288,海天味业
2020-10-31,2020-10-26,sh.603369,今世缘
2020-10-31,2020-10-26,sh.603501,韦尔股份
2020-10-31,2020-10-26,sh.603658,安图生物
2020-10-31,2020-10-26,sh.603799,华友钴业
2020-10-31,2020-10-26,sh.603833,欧派家居
2020-10-31,2020-10-26,sh.603899,晨光文具
2020-10-31,2020-10-26,sh.603986,兆易创新
2020-10-31,2020-10-26,sh.603993,洛阳钼业
2020-10-31,2020-10-26,sz.000001,平安银行
2020-10-31,2020-10-26,sz.000002,万科A
2020-10-31,2020-10-26,sz.000063,中兴通讯
2020-10-31,2020-10-26,sz.000066,中国长城
2020-10-31,2020-10-26,sz.000069,华侨城A
2020-10-31,2020-10-26,sz.000100,TCL科技
2020-10-31,2020-10-26,sz.000157,中联重科
2020-10-31,2020-10-26,sz.000166,申万宏源
2020-10-31,2020-10-26,sz.000333,美的集团
2020-10-31,2020-10-26,sz.000338,潍柴动力
2020-10-31,2020-10-26,sz.000425,徐工机械
2020-10-31,2020-10-26,sz.000538,云南白药
2020-10-31,2020-10-26,sz.000568,泸州老窖
2020-10-31,2020-10-26,sz.000596,古井贡酒
2020-10-31,2020-10-26,sz.000625,长安汽车
2020-10-31,2020-10-26,sz.000627,天茂集团
2020-10-31,2020-10-26,sz.000651,格力电器
2020-10-31,2020-10-26,sz.000656,金科股份
2020-10-31,2020-10-26,sz.000661,长春高新
2020-10-31,2020-10-26,sz.000671,阳光城
2020-10-31,2020-10-26,sz.000703,恒逸石化
2020-10-31,2020-10-26,sz.000708,中信特钢
2020-10-31,2020-10-26,sz.000709,河钢股份
2020-10-31,2020-10-26,sz.000723,美锦能源
2020-10-31,2020-10-26,sz.000725,京东方A
2020-10-31,2020-10-26,sz.000728,国元证券
2020-10-31,2020-10-26,sz.000768,中航飞机
2020-10-31,2020-10-26,sz.000776,广发证券
2020-10-31,2020-10-26,sz.000783,长江证券
2020-10-31,2020-10-26,sz.000786,北新建材
2020-10-31,2020-10-26,sz.000858,五粮液
2020-10-31,2020-10-26,sz.000860,顺鑫农业
2020-10-31,2020-10-26,sz.000876,新希望
2020-10-31,2020-10-26,sz.000895,双汇发展
2020-10-31,2020-10-26,sz.000938,紫光股份
2020-10-31,2020-10-26,sz.000961,中南建设
2020-10-31,2020-10-26,sz.000963,华东医药
2020-10-31,2020-10-26,sz.000977,浪潮信息
2020-10-31,2020-10-26,sz.001979,招商蛇口
2020-10-31,2020-10-26,sz.002001,新和成
2020-10-31,2020-10-26,sz.002007,华兰生物
2020-10-31,2020-10-26,sz.002008,大族激光
2020-10-31,2020-10-26,sz.002024,苏宁易购
2020-10-31,2020-10-26,sz.002027,分众传媒
2020-10-31,2020-10-26,sz.002032,苏泊尔
2020-10-31,2020-10-26,sz.002044,美年健康
2020-10-31,2020-10-26,sz.002050,三花智控
2020-10-31,2020-10-26,sz.002120,韵达股份
2020-10-31,2020-10-26,sz.002129,中环股份
2020-10-31,2020-10-26,sz.002142,宁波银行
2020-10-31,2020-10-26,sz.002146,荣盛发展
2020-10-31,2020-10-26,sz.002153,石基信息
2020-10-31,2020-10-26,sz.002157,正邦科技
2020-10-31,2020-10-26,sz.002179,中航光电
2020-10-31,2020-10-26,sz.002202,金风科技
2020-10-31,2020-10-26,sz.002230,科大讯飞
2020-10-31,2020-10-26,sz.002236,大华股份
2020-10-31,2020-10-26,sz.002241,歌尔股份
2020-10-31,2020-10-26,sz.002252,上海莱士
2020-10-31,2020-10-26,sz.002271,东方雨虹
2020-10-31,2020-10-26,sz.002304,洋河股份
2020-10-31,2020-10-26,sz.002311,海大集团
2020-10-31,2020-10-26,sz.002352,顺丰控股
2020-10-31,2020-10-26,sz.002371,北方华创
2020-10-31,2020-10-26,sz.002410,广联达
2020-10-31,2020-10-26,sz.002415,海康威视
2020-10-31,2020-10-26,sz.002422,科伦药业
2020-10-31,2020-10-26,sz.002456,欧菲光
2020-10-31,2020-10-26,sz.002460,赣锋锂业
2020-10-31,2020-10-26,sz.002463,沪电股份
2020-10-31,2020-10-26,sz.002466,天齐锂业
2020-10-31,2020-10-26,sz.002468,申通快递
2020-10-31,2020-10-26,sz.002475,立讯精密
2020-10-31,2020-10-26,sz.002493,荣盛石化
2020-10-31,2020-10-26,sz.002508,老板电器
2020-10-31,2020-10-26,sz.002555,三七互娱
2020-10-31,2020-10-26,sz.002558,巨人网络
2020-10-31,2020-10-26,sz.002594,比亚迪
2020-10-31,2020-10-26,sz.002601,龙蟒佰利
2020-10-31,2020-10-26,sz.002602,世纪华通
2020-10-31,2020-10-26,sz.002607,中公教育
2020-10-31,2020-10-26,sz.002624,完美世界
2020-10-31,2020-10-26,sz.002673,西部证券
2020-10-31,2020-10-26,sz.002714,牧原股份
2020-10-31,2020-10-26,sz.002736,国信证券
2020-10-31,2020-10-26,sz.002739,万达电影
2020-10-31,2020-10-26,sz.002773,康弘药业
2020-10-31,2020-10-26,sz.002841,视源股份
2020-10-31,2020-10-26,sz.002916,深南电路
2020-10-31,2020-10-26,sz.002938,鹏鼎控股
2020-10-31,2020-10-26,sz.002939,长城证券
2020-10-31,2020-10-26,sz.002945,华林证券
2020-10-31,2020-10-26,sz.002958,青农商行
2020-10-31,2020-10-26,sz.003816,中国广核
2020-10-31,2020-10-26,sz.300003,乐普医疗
2020-10-31,2020-10-26,sz.300014,亿纬锂能
2020-10-31,2020-10-26,sz.300015,爱尔眼科
2020-10-31,2020-10-26,sz.300033,同花顺
2020-10-31,2020-10-26,sz.300059,东方财富
2020-10-31,2020-10-26,sz.300122,智飞生物
2020-10-31,2020-10-26,sz.300124,汇川技术
2020-10-31,2020-10-26,sz.300136,信维通信
2020-10-31,2020-10-26,sz.300142,沃森生物
2020-10-31,2020-10-26,sz.300144,宋城演艺
2020-10-31,2020-10-26,sz.300347,泰格医药
2020-10-31,2020-10-26,sz.300408,三环集团
2020-10-31,2020-10-26,sz.300413,芒果超媒
2020-10-31,2020-10-26,sz.300433,蓝思科技
2020-10-31,2020-10-26,sz.300498,温氏股份
2020-10-31,2020-10-26,sz.300601,康泰生物
2020-10-31,2020-10-26,sz.300628,亿联网络
2020-11-30,2020-11-30,sh.600000,浦发银行
2020-11-30,2020-11-30,sh.600004,白云机场
2020-11-30,2020-11-30,sh.600009,上海机场
2020-11-30,2020-11-30,sh.600010,包钢股份
2020-11-30,2020-11-30,sh.600011,华能国际
2020-11-30,2020-11-30,sh.600015,华夏银行
2020-11-30,2020-11-30,sh.600016,民生银行
2020-11-30,2020-11-30,sh.600018,上港集团
2020-11-30,2020-11-30,sh.600019,宝钢股份
2020-11-30,2020-11-30,sh.600025,华能水电
2020-11-30,2020-11-30,sh.600027,华电国际
2020-11-30,2020-11-30,sh.600028,中国石化
2020-11-30,2020-11-30,sh.600029,南方航空
2020-11-30,2020-11-30,sh.600030,中信证券
2020-11-30,2020-11-30,sh.600031,三一重工
2020-11-30,2020-11-30,sh.600036,招商银行
2020-11-30,2020-11-30,sh.600038,中直股份
2020-11-30,2020-11-30,sh.600048,保利地产
2020-11-30,2020-11-30,sh.600050,中国联通
2020-11-30,2020-11-30,sh.600061,国投资本
2020-11-30,2020-11-30,sh.600066,宇通客车
2020-11-30,2020-11-30,sh.600068,葛洲坝
2020-11-30,2020-11-30,sh.600085,同仁堂
2020-11-30,2020-11-30,sh.600089,特变电工
2020-11-30,2020-11-30,sh.600104,上汽集团
2020-11-30,2020-11-30,sh.600109,国金证券
2020-11-30,2020-11-30,sh.600111,北方稀土
2020-11-30,2020-11-30,sh.600115,东方航空
2020-11-30,2020-11-30,sh.600118,中国卫星
2020-11-30,2020-11-30,sh.600170,上海建工
2020-11-30,2020-11-30,sh.600176,中国巨石
2020-11-30,2020-11-30,sh.600177,雅戈尔
2020-11-30,2020-11-30,sh.600183,生益科技
2020-11-30,2020-11-30,sh.600188,兖州煤业
2020-11-30,2020-11-30,sh.600196,复星医药
2020-11-30,2020-11-30,sh.600208,新湖中宝
2020-11-30,2020-11-30,sh.600219,南山铝业
2020-11-30,2020-11-30,sh.600221,海航控股
2020-11-30,2020-11-30,sh.600233,圆通速递
2020-11-30,2020-11-30,sh.600271,航天信息
2020-11-30,2020-11-30,sh.600276,恒瑞医药
2020-11-30,2020-11-30,sh.600297,广汇汽车
2020-11-30,2020-11-30,sh.600299,安迪苏
2020-11-30,2020-11-30,sh.600309,万华化学
2020-11-30,2020-11-30,sh.600332,白云山
2020-11-30,2020-11-30,sh.600340,华夏幸福
2020-11-30,2020-11-30,sh.600346,恒力石化
2020-11-30,2020-11-30,sh.600352,浙江龙盛
2020-11-30,2020-11-30,sh.600362,江西铜业
2020-11-30,2020-11-30,sh.600369,西南证券
2020-11-30,2020-11-30,sh.600372,中航电子
2020-11-30,2020-11-30,sh.600383,金地集团
2020-11-30,2020-11-30,sh.600390,五矿资本
2020-11-30,2020-11-30,sh.600398,海澜之家
2020-11-30,2020-11-30,sh.600406,国电南瑞
2020-11-30,2020-11-30,sh.600436,片仔癀
2020-11-30,2020-11-30,sh.600438,通威股份
2020-11-30,2020-11-30,sh.600482,中国动力
2020-11-30,2020-11-30,sh.600487,亨通光电
2020-11-30,2020-11-30,sh.600489,中金黄金
2020-11-30,2020-11-30,sh.600498,烽火通信
2020-11-30,2020-11-30,sh.600516,方大炭素
2020-11-30,2020-11-30,sh.600519,贵州茅台
2020-11-30,2020-11-30,sh.600522,中天科技
2020-11-30,2020-11-30,sh.600547,山东黄金
2020-11-30,2020-11-30,sh.600570,恒生电子
2020-11-30,2020-11-30,sh.600583,海油工程
2020-11-30,2020-11-30,sh.600585,海螺水泥
2020-11-30,2020-11-30,sh.600588,用友网络
2020-11-30,2020-11-30,sh.600606,绿地控股
2020-11-30,2020-11-30,sh.600637,东方明珠
2020-11-30,2020-11-30,sh.600655,豫园股份
2020-11-30,2020-11-30,sh.600660,福耀玻璃
2020-11-30,2020-11-30,sh.600674,川投能源
2020-11-30,2020-11-30,sh.600690,海尔智家
2020-11-30,2020-11-30,sh.600703,三安光电
2020-11-30,2020-11-30,sh.600705,中航资本
2020-11-30,2020-11-30,sh.600741,华域汽车
2020-11-30,2020-11-30,sh.600745,闻泰科技
2020-11-30,2020-11-30,sh.600760,中航沈飞
2020-11-30,2020-11-30,sh.600795,国电电力
2020-11-30,2020-11-30,sh.600809,山西汾酒
2020-11-30,2020-11-30,sh.600837,海通证券
2020-11-30,2020-11-30,sh.600848,上海临港
2020-11-30,2020-11-30,sh.600867,通化东宝
2020-11-30,2020-11-30,sh.600886,国投电力
2020-11-30,2020-11-30,sh.600887,伊利股份
2020-11-30,2020-11-30,sh.600893,航发动力
2020-11-30,2020-11-30,sh.600900,长江电力
2020-11-30,2020-11-30,sh.600919,江苏银行
2020-11-30,2020-11-30,sh.600926,杭州银行
2020-11-30,2020-11-30,sh.600928,西安银行
2020-11-30,2020-11-30,sh.600958,东方证券
2020-11-30,2020-11-30,sh.600968,海油发展
2020-11-30,2020-11-30,sh.600977,中国电影
2020-11-30,2020-11-30,sh.600989,宝丰能源
2020-11-30,2020-11-30,sh.600998,九州通
2020-11-30,2020-11-30,sh.600999,招商证券
2020-11-30,2020-11-30,sh.601006,大秦铁路
2020-11-30,2020-11-30,sh.601009,南京银行
2020-11-30,2020-11-30,sh.601012,隆基股份
2020-11-30,2020-11-30,sh.601018,宁波港
2020-11-30,2020-11-30,sh.601021,春秋航空
2020-11-30,2020-11-30,sh.601066,中信建投
2020-11-30,2020-11-30,sh.601077,渝农商行
2020-11-30,2020-11-30,sh.601088,中国神华
2020-11-30,2020-11-30,sh.601100,恒立液压
2020-11-30,2020-11-30,sh.601108,财通证券
2020-11-30,2020-11-30,sh.601111,中国国航
2020-11-30,2020-11-30,sh.601117,中国化学
2020-11-30,2020-11-30,sh.601138,工业富联
2020-11-30,2020-11-30,sh.601155,新城控股
2020-11-30,2020-11-30,sh.601162,天风证券
2020-11-30,2020-11-30,sh.601166,兴业银行
2020-11-30,2020-11-30,sh.601169,北京银行
2020-11-30,2020-11-30,sh.601186,中国铁建
2020-11-30,2020-11-30,sh.601198,东兴证券
2020-11-30,2020-11-30,sh.601211,国泰君安
2020-11-30,2020-11-30,sh.601212,白银有色
2020-11-30,2020-11-30,sh.601216,君正集团
2020-11-30,2020-11-30,sh.601225,陕西煤业
2020-11-30,2020-11-30,sh.601229,上海银行
2020-11-30,2020-11-30,sh.601231,环旭电子
2020-11-30,2020-11-30,sh.601236,红塔证券
2020-11-30,2020-11-30,sh.601238,广汽集团
2020-11-30,2020-11-30,sh.601288,农业银行
2020-11-30,2020-11-30,sh.601298,青岛港
2020-11-30,2020-11-30,sh.601318,中国平安
2020-11-30,2020-11-30,sh.601319,中国人保
2020-11-30,2020-11-30,sh.601328,交通银行
2020-11-30,2020-11-30,sh.601336,新华保险
2020-11-30,2020-11-30,sh.601360,三六零
2020-11-30,2020-11-30,sh.601377,兴业证券
2020-11-30,2020-11-30,sh.601390,中国中铁
2020-11-30,2020-11-30,sh.601398,工商银行
2020-11-30,2020-11-30,sh.601555,东吴证券
2020-11-30,2020-11-30,sh.601577,长沙银行
2020-11-30,2020-11-30,sh.601600,中国铝业
2020-11-30,2020-11-30,sh.601601,中国太保
2020-11-30,2020-11-30,sh.601607,上海医药
2020-11-30,2020-11-30,sh.601618,中国中冶
2020-11-30,2020-11-30,sh.601628,中国人寿
2020-11-30,2020-11-30,sh.601633,长城汽车
2020-11-30,2020-11-30,sh.601658,邮储银行
2020-11-30,2020-11-30,sh.601668,中国建筑
2020-11-30,2020-11-30,sh.601669,中国电建
2020-11-30,2020-11-30,sh.601688,华泰证券
2020-11-30,2020-11-30,sh.601698,中国卫通
2020-11-30,2020-11-30,sh.601727,上海电气
2020-11-30,2020-11-30,sh.601766,中国中车
2020-11-30,2020-11-30,sh.601788,光大证券
2020-11-30,2020-11-30,sh.601800,中国交建
2020-11-30,2020-11-30,sh.601808,中海油服
2020-11-30,2020-11-30,sh.601816,京沪高铁
2020-11-30,2020-11-30,sh.601818,光大银行
2020-11-30,2020-11-30,sh.601828,美凯龙
2020-11-30,2020-11-30,sh.601838,成都银行
2020-11-30,2020-11-30,sh.601857,中国石油
2020-11-30,2020-11-30,sh.601877,正泰电器
2020-11-30,2020-11-30,sh.601878,浙商证券
2020-11-30,2020-11-30,sh.601881,中国银河
2020-11-30,2020-11-30,sh.601888,中国中免
2020-11-30,2020-11-30,sh.601898,中煤能源
2020-11-30,2020-11-30,sh.601899,紫金矿业
2020-11-30,2020-11-30,sh.601901,方正证券
2020-11-30,2020-11-30,sh.601916,浙商银行
2020-11-30,2020-11-30,sh.601919,中远海控
2020-11-30,2020-11-30,sh.601933,永辉超市
2020-11-30,2020-11-30,sh.601939,建设银行
2020-11-30,2020-11-30,sh.601985,中国核电
2020-11-30,2020-11-30,sh.601988,中国银行
2020-11-30,2020-11-30,sh.601989,中国重工
2020-11-30,2020-11-30,sh.601992,金隅集团
2020-11-30,2020-11-30,sh.601997,贵阳银行
2020-11-30,2020-11-30,sh.601998,中信银行
2020-11-30,2020-11-30,sh.603019,中科曙光
2020-11-30,2020-11-30,sh.603156,养元饮品
2020-11-30,2020-11-30,sh.603160,汇顶科技
2020-11-30,2020-11-30,sh.603259,药明康德
2020-11-30,2020-11-30,sh.603260,合盛硅业
2020-11-30,2020-11-30,sh.603288,海天味业
2020-11-30,2020-11-30,sh.603369,今世缘
2020-11-30,2020-11-30,sh.603501,韦尔股份
2020-11-30,2020-11-30,sh.603658,安图生物
2020-11-30,2020-11-30,sh.603799,华友钴业
2020-11-30,2020-11-30,sh.603833,欧派家居
2020-11-30,2020-11-30,sh.603899,晨光文具
2020-11-30,2020-11-30,sh.603986,兆易创新
2020-11-30,2020-11-30,sh.603993,洛阳钼业
2020-11-30,2020-11-30,sz.000001,平安银行
2020-11-30,2020-11-30,sz.000002,万科A
2020-11-30,2020-11-30,sz.000063,中兴通讯
2020-11-30,2020-11-30,sz.000066,中国长城
2020-11-30,2020-11-30,sz.000069,华侨城A
2020-11-30,2020-11-30,sz.000100,TCL科技
2020-11-30,2020-11-30,sz.000157,中联重科
2020-11-30,2020-11-30,sz.000166,申万宏源
2020-11-30,2020-11-30,sz.000333,美的集团
2020-11-30,2020-11-30,sz.000338,潍柴动力
2020-11-30,2020-11-30,sz.000425,徐工机械
2020-11-30,2020-11-30,sz.000538,云南白药
2020-11-30,2020-11-30,sz.000568,泸州老窖
2020-11-30,2020-11-30,sz.000596,古井贡酒
2020-11-30,2020-11-30,sz.000625,长安汽车
2020-11-30,2020-11-30,sz.000627,天茂集团
2020-11-30,2020-11-30,sz.000651,格力电器
2020-11-30,2020-11-30,sz.000656,金科股份
2020-11-30,2020-11-30,sz.000661,长春高新
2020-11-30,2020-11-30,sz.000671,阳光城
2020-11-30,2020-11-30,sz.000703,恒逸石化
2020-11-30,2020-11-30,sz.000708,中信特钢
2020-11-30,2020-11-30,sz.000709,河钢股份
2020-11-30,2020-11-30,sz.000723,美锦能源
2020-11-30,2020-11-30,sz.000725,京东方A
2020-11-30,2020-11-30,sz.000728,国元证券
2020-11-30,2020-11-30,sz.000768,中航飞机
2020-11-30,2020-11-30,sz.000776,广发证券
2020-11-30,2020-11-30,sz.000783,长江证券
2020-11-30,2020-11-30,sz.000786,北新建材
2020-11-30,2020-11-30,sz.000858,五粮液
2020-11-30,2020-11-30,sz.000860,顺鑫农业
2020-11-30,2020-11-30,sz.000876,新希望
2020-11-30,2020-11-30,sz.000895,双汇发展
2020-11-30,2020-11-30,sz.000938,紫光股份
2020-11-30,2020-11-30,sz.000961,中南建设
2020-11-30,2020-11-30,sz.000963,华东医药
2020-11-30,2020-11-30,sz.000977,浪潮信息
2020-11-30,2020-11-30,sz.001979,招商蛇口
2020-11-30,2020-11-30,sz.002001,新和成
2020-11-30,2020-11-30,sz.002007,华兰生物
2020-11-30,2020-11-30,sz.002008,大族激光
2020-11-30,2020-11-30,sz.002024,苏宁易购
2020-11-30,2020-11-30,sz.002027,分众传媒
2020-11-30,2020-11-30,sz.002032,苏泊尔
2020-11-30,2020-11-30,sz.002044,美年健康
2020-11-30,2020-11-30,sz.002050,三花智控
2020-11-30,2020-11-30,sz.002120,韵达股份
2020-11-30,2020-11-30,sz.002129,中环股份
2020-11-30,2020-11-30,sz.002142,宁波银行
2020-11-30,2020-11-30,sz.002146,荣盛发展
2020-11-30,2020-11-30,sz.002153,石基信息
2020-11-30,2020-11-30,sz.002157,正邦科技
2020-11-30,2020-11-30,sz.002179,中航光电
2020-11-30,2020-11-30,sz.002202,金风科技
2020-11-30,2020-11-30,sz.002230,科大讯飞
2020-11-30,2020-11-30,sz.002236,大华股份
2020-11-30,2020-11-30,sz.002241,歌尔股份
2020-11-30,2020-11-30,sz.002252,上海莱士
2020-11-30,2020-11-30,sz.002271,东方雨虹
2020-11-30,2020-11-30,sz.002304,洋河股份
2020-11-30,2020-11-30,sz.002311,海大集团
2020-11-30,2020-11-30,sz.002352,顺丰控股
2020-11-30,2020-11-30,sz.002371,北方华创
2020-11-30,2020-11-30,sz.002410,广联达
2020-11-30,2020-11-30,sz.002415,海康威视
2020-11-30,2020-11-30,sz.002422,科伦药业
2020-11-30,2020-11-30,sz.002456,欧菲光
2020-11-30,2020-11-30,sz.002460,赣锋锂业
2020-11-30,2020-11-30,sz.002463,沪电股份
2020-11-30,2020-11-30,sz.002466,天齐锂业
2020-11-30,2020-11-30,sz.002468,申通快递
2020-11-30,2020-11-30,sz.002475,立讯精密
2020-11-30,2020-11-30,sz.002493,荣盛石化
2020-11-30,2020-11-30,sz.002508,老板电器
2020-11-30,2020-11-30,sz.002555,三七互娱
2020-11-30,2020-11-30,sz.002558,巨人网络
2020-11-30,2020-11-30,sz.002594,比亚迪
2020-11-30,2020-11-30,sz.002601,龙蟒佰利
2020-11-30,2020-11-30,sz.002602,世纪华通
2020-11-30,2020-11-30,sz.002607,中公教育
2020-11-30,2020-11-30,sz.002624,完美世界
2020-11-30,2020-11-30,sz.002673,西部证券
2020-11-30,2020-11-30,sz.002714,牧原股份
2020-11-30,2020-11-30,sz.002736,国信证券
2020-11-30,2020-11-30,sz.002739,万达电影
2020-11-30,2020-11-30,sz.002773,康弘药业
2020-11-30,2020-11-30,sz.002841,视源股份
2020-11-30,2020-11-30,sz.002916,深南电路
2020-11-30,2020-11-30,sz.002938,鹏鼎控股
2020-11-30,2020-11-30,sz.002939,长城证券
2020-11-30,2020-11-30,sz.002945,华林证券
2020-11-30,2020-11-30,sz.002958,青农商行
2020-11-30,2020-11-30,sz.003816,中国广核
2020-11-30,2020-11-30,sz.300003,乐普医疗
2020-11-30,2020-11-30,sz.300014,亿纬锂能
2020-11-30,2020-11-30,sz.300015,爱尔眼科
2020-11-30,2020-11-30,sz.300033,同花顺
2020-11-30,2020-11-30,sz.300059,东方财富
2020-11-30,2020-11-30,sz.300122,智飞生物
2020-11-30,2020-11-30,sz.300124,汇川技术
2020-11-30,2020-11-30,sz.300136,信维通信
2020-11-30,2020-11-30,sz.300142,沃森生物
2020-11-30,2020-11-30,sz.300144,宋城演艺
2020-11-30,2020-11-30,sz.300347,泰格医药
2020-11-30,2020-11-30,sz.300408,三环集团
2020-11-30,2020-11-30,sz.300413,芒果超媒
2020-11-30,2020-11-30,sz.300433,蓝思科技
2020-11-30,2020-11-30,sz.300498,温氏股份
2020-11-30,2020-11-30,sz.300601,康泰生物
2020-11-30,2020-11-30,sz.300628,亿联网络
2020-12-31,2020-12-28,sh.600000,浦发银行
2020-12-31,2020-12-28,sh.600004,白云机场
2020-12-31,2020-12-28,sh.600009,上海机场
2020-12-31,2020-12-28,sh.600010,包钢股份
2020-12-31,2020-12-28,sh.600011,华能国际
2020-12-31,2020-12-28,sh.600015,华夏银行
2020-12-31,2020-12-28,sh.600016,民生银行
2020-12-31,2020-12-28,sh.600018,上港集团
2020-12-31,2020-12-28,sh.600019,宝钢股份
2020-12-31,2020-12-28,sh.600025,华能水电
2020-12-31,2020-12-28,sh.600027,华电国际
2020-12-31,2020-12-28,sh.600028,中国石化
2020-12-31,2020-12-28,sh.600029,南方航空
2020-12-31,2020-12-28,sh.600030,中信证券
2020-12-31,2020-12-28,sh.600031,三一重工
2020-12-31,2020-12-28,sh.600036,招商银行
2020-12-31,2020-12-28,sh.600048,保利地产
2020-12-31,2020-12-28,sh.600050,中国联通
2020-12-31,2020-12-28,sh.600061,国投资本
2020-12-31,2020-12-28,sh.600066,宇通客车
2020-12-31,2020-12-28,sh.600068,葛洲坝
2020-12-31,2020-12-28,sh.600085,同仁堂
2020-12-31,2020-12-28,sh.600104,上汽集团
2020-12-31,2020-12-28,sh.600109,国金证券
2020-12-31,2020-12-28,sh.600111,北方稀土
2020-12-31,2020-12-28,sh.600115,东方航空
2020-12-31,2020-12-28,sh.600118,中国卫星
2020-12-31,2020-12-28,sh.600150,中国船舶
2020-12-31,2020-12-28,sh.600161,天坛生物
2020-12-31,2020-12-28,sh.600176,中国巨石
2020-12-31,2020-12-28,sh.600177,雅戈尔
2020-12-31,2020-12-28,sh.600183,生益科技
2020-12-31,2020-12-28,sh.600196,复星医药
2020-12-31,2020-12-28,sh.600208,新湖中宝
2020-12-31,2020-12-28,sh.600233,圆通速递
2020-12-31,2020-12-28,sh.600271,航天信息
2020-12-31,2020-12-28,sh.600276,恒瑞医药
2020-12-31,2020-12-28,sh.600297,广汇汽车
2020-12-31,2020-12-28,sh.600299,安迪苏
2020-12-31,2020-12-28,sh.600309,万华化学
2020-12-31,2020-12-28,sh.600332,白云山
2020-12-31,2020-12-28,sh.600340,华夏幸福
2020-12-31,2020-12-28,sh.600346,恒力石化
2020-12-31,2020-12-28,sh.600352,浙江龙盛
2020-12-31,2020-12-28,sh.600362,江西铜业
2020-12-31,2020-12-28,sh.600369,西南证券
2020-12-31,2020-12-28,sh.600383,金地集团
2020-12-31,2020-12-28,sh.600390,五矿资本
2020-12-31,2020-12-28,sh.600406,国电南瑞
2020-12-31,2020-12-28,sh.600436,片仔癀
2020-12-31,2020-12-28,sh.600438,通威股份
2020-12-31,2020-12-28,sh.600482,中国动力
2020-12-31,2020-12-28,sh.600487,亨通光电
2020-12-31,2020-12-28,sh.600489,中金黄金
2020-12-31,2020-12-28,sh.600498,烽火通信
2020-12-31,2020-12-28,sh.600519,贵州茅台
2020-12-31,2020-12-28,sh.600522,中天科技
2020-12-31,2020-12-28,sh.600547,山东黄金
2020-12-31,2020-12-28,sh.600570,恒生电子
2020-12-31,2020-12-28,sh.600584,长电科技
2020-12-31,2020-12-28,sh.600585,海螺水泥
2020-12-31,2020-12-28,sh.600588,用友网络
2020-12-31,2020-12-28,sh.600600,青岛啤酒
2020-12-31,2020-12-28,sh.600606,绿地控股
2020-12-31,2020-12-28,sh.600637,东方明珠
2020-12-31,2020-12-28,sh.600655,豫园股份
2020-12-31,2020-12-28,sh.600660,福耀玻璃
2020-12-31,2020-12-28,sh.600690,海尔智家
2020-12-31,2020-12-28,sh.600703,三安光电
2020-12-31,2020-12-28,sh.600705,中航资本
2020-12-31,2020-12-28,sh.600741,华域汽车
2020-12-31,2020-12-28,sh.600745,闻泰科技
2020-12-31,2020-12-28,sh.600760,中航沈飞
2020-12-31,2020-12-28,sh.600763,通策医疗
2020-12-31,2020-12-28,sh.600795,国电电力
2020-12-31,2020-12-28,sh.600809,山西汾酒
2020-12-31,2020-12-28,sh.600837,海通证券
2020-12-31,2020-12-28,sh.600845,宝信软件
2020-12-31,2020-12-28,sh.600848,上海临港
2020-12-31,2020-12-28,sh.600872,中炬高新
2020-12-31,2020-12-28,sh.600886,国投电力
2020-12-31,2020-12-28,sh.600887,伊利股份
2020-12-31,2020-12-28,sh.600893,航发动力
2020-12-31,2020-12-28,sh.600900,长江电力
2020-12-31,2020-12-28,sh.600918,中泰证券
2020-12-31,2020-12-28,sh.600919,江苏银行
2020-12-31,2020-12-28,sh.600926,杭州银行
2020-12-31,2020-12-28,sh.600958,东方证券
2020-12-31,2020-12-28,sh.600989,宝丰能源
2020-12-31,2020-12-28,sh.600998,九州通
2020-12-31,2020-12-28,sh.600999,招商证券
2020-12-31,2020-12-28,sh.601006,大秦铁路
2020-12-31,2020-12-28,sh.601009,南京银行
2020-12-31,2020-12-28,sh.601012,隆基股份
2020-12-31,2020-12-28,sh.601021,春秋航空
2020-12-31,2020-12-28,sh.601066,中信建投
2020-12-31,2020-12-28,sh.601077,渝农商行
2020-12-31,2020-12-28,sh.601088,中国神华
2020-12-31,2020-12-28,sh.601100,恒立液压
2020-12-31,2020-12-28,sh.601108,财通证券
2020-12-31,2020-12-28,sh.601111,中国国航
2020-12-31,2020-12-28,sh.601117,中国化学
2020-12-31,2020-12-28,sh.601138,工业富联
2020-12-31,2020-12-28,sh.601155,新城控股
2020-12-31,2020-12-28,sh.601162,天风证券
2020-12-31,2020-12-28,sh.601166,兴业银行
2020-12-31,2020-12-28,sh.601169,北京银行
2020-12-31,2020-12-28,sh.601186,中国铁建
2020-12-31,2020-12-28,sh.601198,东兴证券
2020-12-31,2020-12-28,sh.601211,国泰君安
2020-12-31,2020-12-28,sh.601216,君正集团
2020-12-31,2020-12-28,sh.601225,陕西煤业
2020-12-31,2020-12-28,sh.601229,上海银行
2020-12-31,2020-12-28,sh.601231,环旭电子
2020-12-31,2020-12-28,sh.601236,红塔证券
2020-12-31,2020-12-28,sh.601238,广汽集团
2020-12-31,2020-12-28,sh.601288,农业银行
2020-12-31,2020-12-28,sh.601318,中国平安
2020-12-31,2020-12-28,sh.601319,中国人保
2020-12-31,2020-12-28,sh.601328,交通银行
2020-12-31,2020-12-28,sh.601336,新华保险
2020-12-31,2020-12-28,sh.601360,三六零
2020-12-31,2020-12-28,sh.601377,兴业证券
2020-12-31,2020-12-28,sh.601390,中国中铁
2020-12-31,2020-12-28,sh.601398,工商银行
2020-12-31,2020-12-28,sh.601555,东吴证券
2020-12-31,2020-12-28,sh.601577,长沙银行
2020-12-31,2020-12-28,sh.601600,中国铝业
2020-12-31,2020-12-28,sh.601601,中国太保
2020-12-31,2020-12-28,sh.601607,上海医药
2020-12-31,2020-12-28,sh.601618,中国中冶
2020-12-31,2020-12-28,sh.601628,中国人寿
2020-12-31,2020-12-28,sh.601633,长城汽车
2020-12-31,2020-12-28,sh.601658,邮储银行
2020-12-31,2020-12-28,sh.601668,中国建筑
2020-12-31,2020-12-28,sh.601669,中国电建
2020-12-31,2020-12-28,sh.601688,华泰证券
2020-12-31,2020-12-28,sh.601696,中银证券
2020-12-31,2020-12-28,sh.601698,中国卫通
2020-12-31,2020-12-28,sh.601727,上海电气
2020-12-31,2020-12-28,sh.601766,中国中车
2020-12-31,2020-12-28,sh.601788,光大证券
2020-12-31,2020-12-28,sh.601800,中国交建
2020-12-31,2020-12-28,sh.601808,中海油服
2020-12-31,2020-12-28,sh.601816,京沪高铁
2020-12-31,2020-12-28,sh.601818,光大银行
2020-12-31,2020-12-28,sh.601838,成都银行
2020-12-31,2020-12-28,sh.601857,中国石油
2020-12-31,2020-12-28,sh.601872,招商轮船
2020-12-31,2020-12-28,sh.601877,正泰电器
2020-12-31,2020-12-28,sh.601878,浙商证券
2020-12-31,2020-12-28,sh.601881,中国银河
2020-12-31,2020-12-28,sh.601888,中国中免
2020-12-31,2020-12-28,sh.601899,紫金矿业
2020-12-31,2020-12-28,sh.601901,方正证券
2020-12-31,2020-12-28,sh.601916,浙商银行
2020-12-31,2020-12-28,sh.601919,中远海控
2020-12-31,2020-12-28,sh.601933,永辉超市
2020-12-31,2020-12-28,sh.601939,建设银行
2020-12-31,2020-12-28,sh.601985,中国核电
2020-12-31,2020-12-28,sh.601988,中国银行
2020-12-31,2020-12-28,sh.601989,中国重工
2020-12-31,2020-12-28,sh.601990,南京证券
2020-12-31,2020-12-28,sh.601998,中信银行
2020-12-31,2020-12-28,sh.603019,中科曙光
2020-12-31,2020-12-28,sh.603087,甘李药业
2020-12-31,2020-12-28,sh.603156,养元饮品
2020-12-31,2020-12-28,sh.603160,汇顶科技
2020-12-31,2020-12-28,sh.603195,公牛集团
2020-12-31,2020-12-28,sh.603259,药明康德
2020-12-31,2020-12-28,sh.603288,海天味业
2020-12-31,2020-12-28,sh.603369,今世缘
2020-12-31,2020-12-28,sh.603392,万泰生物
2020-12-31,2020-12-28,sh.603501,韦尔股份
2020-12-31,2020-12-28,sh.603658,安图生物
2020-12-31,2020-12-28,sh.603799,华友钴业
2020-12-31,2020-12-28,sh.603833,欧派家居
2020-12-31,2020-12-28,sh.603899,晨光文具
2020-12-31,2020-12-28,sh.603986,兆易创新
2020-12-31,2020-12-28,sh.603993,洛阳钼业
2020-12-31,2020-12-28,sh.688008,澜起科技
2020-12-31,2020-12-28,sh.688009,中国通号
2020-12-31,2020-12-28,sh.688012,中微公司
2020-12-31,2020-12-28,sh.688036,传音控股
2020-12-31,2020-12-28,sz.000001,平安银行
2020-12-31,2020-12-28,sz.000002,万科A
2020-12-31,2020-12-28,sz.000063,中兴通讯
2020-12-31,2020-12-28,sz.000066,中国长城
2020-12-31,2020-12-28,sz.000069,华侨城A
2020-12-31,2020-12-28,sz.000100,TCL科技
2020-12-31,2020-12-28,sz.000157,中联重科
2020-12-31,2020-12-28,sz.000166,申万宏源
2020-12-31,2020-12-28,sz.000333,美的集团
2020-12-31,2020-12-28,sz.000338,潍柴动力
2020-12-31,2020-12-28,sz.000425,徐工机械
2020-12-31,2020-12-28,sz.000538,云南白药
2020-12-31,2020-12-28,sz.000568,泸州老窖
2020-12-31,2020-12-28,sz.000596,古井贡酒
2020-12-31,2020-12-28,sz.000625,长安汽车
2020-12-31,2020-12-28,sz.000627,天茂集团
2020-12-31,2020-12-28,sz.000651,格力电器
2020-12-31,2020-12-28,sz.000656,金科股份
2020-12-31,2020-12-28,sz.000661,长春高新
2020-12-31,2020-12-28,sz.000671,阳光城
2020-12-31,2020-12-28,sz.000703,恒逸石化
2020-12-31,2020-12-28,sz.000708,中信特钢
2020-12-31,2020-12-28,sz.000723,美锦能源
2020-12-31,2020-12-28,sz.000725,京东方A
2020-12-31,2020-12-28,sz.000728,国元证券
2020-12-31,2020-12-28,sz.000768,中航西飞
2020-12-31,2020-12-28,sz.000776,广发证券
2020-12-31,2020-12-28,sz.000783,长江证券
2020-12-31,2020-12-28,sz.000786,北新建材
2020-12-31,2020-12-28,sz.000858,五粮液
2020-12-31,2020-12-28,sz.000860,顺鑫农业
2020-12-31,2020-12-28,sz.000876,新希望
2020-12-31,2020-12-28,sz.000895,双汇发展
2020-12-31,2020-12-28,sz.000938,紫光股份
2020-12-31,2020-12-28,sz.000961,中南建设
2020-12-31,2020-12-28,sz.000963,华东医药
2020-12-31,2020-12-28,sz.000977,浪潮信息
2020-12-31,2020-12-28,sz.001979,招商蛇口
2020-12-31,2020-12-28,sz.002001,新和成
2020-12-31,2020-12-28,sz.002007,华兰生物
2020-12-31,2020-12-28,sz.002008,大族激光
2020-12-31,2020-12-28,sz.002024,苏宁易购
2020-12-31,2020-12-28,sz.002027,分众传媒
2020-12-31,2020-12-28,sz.002032,苏泊尔
2020-12-31,2020-12-28,sz.002044,美年健康
2020-12-31,2020-12-28,sz.002049,紫光国微
2020-12-31,2020-12-28,sz.002050,三花智控
2020-12-31,2020-12-28,sz.002120,韵达股份
2020-12-31,2020-12-28,sz.002129,中环股份
2020-12-31,2020-12-28,sz.002142,宁波银行
2020-12-31,2020-12-28,sz.002146,荣盛发展
2020-12-31,2020-12-28,sz.002153,石基信息
2020-12-31,2020-12-28,sz.002157,正邦科技
2020-12-31,2020-12-28,sz.002179,中航光电
2020-12-31,2020-12-28,sz.002202,金风科技
2020-12-31,2020-12-28,sz.002230,科大讯飞
2020-12-31,2020-12-28,sz.002236,大华股份
2020-12-31,2020-12-28,sz.002241,歌尔股份
2020-12-31,2020-12-28,sz.002252,上海莱士
2020-12-31,2020-12-28,sz.002271,东方雨虹
2020-12-31,2020-12-28,sz.002304,洋河股份
2020-12-31,2020-12-28,sz.002311,海大集团
2020-12-31,2020-12-28,sz.002352,顺丰控股
2020-12-31,2020-12-28,sz.002371,北方华创
2020-12-31,2020-12-28,sz.002384,东山精密
2020-12-31,2020-12-28,sz.002410,广联达
2020-12-31,2020-12-28,sz.002414,高德红外
2020-12-31,2020-12-28,sz.002415,海康威视
2020-12-31,2020-12-28,sz.002422,科伦药业
2020-12-31,2020-12-28,sz.002456,欧菲光
2020-12-31,2020-12-28,sz.002460,赣锋锂业
2020-12-31,2020-12-28,sz.002463,沪电股份
2020-12-31,2020-12-28,sz.002475,立讯精密
2020-12-31,2020-12-28,sz.002493,荣盛石化
2020-12-31,2020-12-28,sz.002508,老板电器
2020-12-31,2020-12-28,sz.002555,三七互娱
2020-12-31,2020-12-28,sz.002558,巨人网络
2020-12-31,2020-12-28,sz.002594,比亚迪
2020-12-31,2020-12-28,sz.002600,领益智造
2020-12-31,2020-12-28,sz.002601,龙蟒佰利
2020-12-31,2020-12-28,sz.002602,世纪华通
2020-12-31,2020-12-28,sz.002607,中公教育
2020-12-31,2020-12-28,sz.002624,完美世界
2020-12-31,2020-12-28,sz.002673,西部证券
2020-12-31,2020-12-28,sz.002714,牧原股份
2020-12-31,2020-12-28,sz.002736,国信证券
2020-12-31,2020-12-28,sz.002739,万达电影
2020-12-31,2020-12-28,sz.002773,康弘药业
2020-12-31,2020-12-28,sz.002812,恩捷股份
2020-12-31,2020-12-28,sz.002821,凯莱英
2020-12-31,2020-12-28,sz.002841,视源股份
2020-12-31,2020-12-28,sz.002916,深南电路
2020-12-31,2020-12-28,sz.002938,鹏鼎控股
2020-12-31,2020-12-28,sz.002939,长城证券
2020-12-31,2020-12-28,sz.002945,华林证券
2020-12-31,2020-12-28,sz.002958,青农商行
2020-12-31,2020-12-28,sz.003816,中国广核
2020-12-31,2020-12-28,sz.300003,乐普医疗
2020-12-31,2020-12-28,sz.300014,亿纬锂能
2020-12-31,2020-12-28,sz.300015,爱尔眼科
2020-12-31,2020-12-28,sz.300033,同花顺
2020-12-31,2020-12-28,sz.300059,东方财富
2020-12-31,2020-12-28,sz.300122,智飞生物
2020-12-31,2020-12-28,sz.300124,汇川技术
2020-12-31,2020-12-28,sz.300136,信维通信
2020-12-31,2020-12-28,sz.300142,沃森生物
2020-12-31,2020-12-28,sz.300144,宋城演艺
2020-12-31,2020-12-28,sz.300347,泰格医药
2020-12-31,2020-12-28,sz.300408,三环集团
2020-12-31,2020-12-28,sz.300413,芒果超媒
2020-12-31,2020-12-28,sz.300433,蓝思科技
2020-12-31,2020-12-28,sz.300498,温氏股份
2020-12-31,2020-12-28,sz.300529,健帆生物
2020-12-31,2020-12-28,sz.300601,康泰生物
2020-12-31,2020-12-28,sz.300628,亿联网络
2020-12-31,2020-12-28,sz.300676,华大基因
2021-01-31,2021-01-25,sh.600000,浦发银行
2021-01-31,2021-01-25,sh.600004,白云机场
2021-01-31,2021-01-25,sh.600009,上海机场
2021-01-31,2021-01-25,sh.600010,包钢股份
2021-01-31,2021-01-25,sh.600011,华能国际
2021-01-31,2021-01-25,sh.600015,华夏银行
2021-01-31,2021-01-25,sh.600016,民生银行
2021-01-31,2021-01-25,sh.600018,上港集团
2021-01-31,2021-01-25,sh.600019,宝钢股份
2021-01-31,2021-01-25,sh.600025,华能水电
2021-01-31,2021-01-25,sh.600027,华电国际
2021-01-31,2021-01-25,sh.600028,中国石化
2021-01-31,2021-01-25,sh.600029,南方航空
2021-01-31,2021-01-25,sh.600030,中信证券
2021-01-31,2021-01-25,sh.600031,三一重工
2021-01-31,2021-01-25,sh.600036,招商银行
2021-01-31,2021-01-25,sh.600048,保利地产
2021-01-31,2021-01-25,sh.600050,中国联通
2021-01-31,2021-01-25,sh.600061,国投资本
2021-01-31,2021-01-25,sh.600066,宇通客车
2021-01-31,2021-01-25,sh.600068,葛洲坝
2021-01-31,2021-01-25,sh.600085,同仁堂
2021-01-31,2021-01-25,sh.600104,上汽集团
2021-01-31,2021-01-25,sh.600109,国金证券
2021-01-31,2021-01-25,sh.600111,北方稀土
2021-01-31,2021-01-25,sh.600115,东方航空
2021-01-31,2021-01-25,sh.600118,中国卫星
2021-01-31,2021-01-25,sh.600150,中国船舶
2021-01-31,2021-01-25,sh.600161,天坛生物
2021-01-31,2021-01-25,sh.600176,中国巨石
2021-01-31,2021-01-25,sh.600177,雅戈尔
2021-01-31,2021-01-25,sh.600183,生益科技
2021-01-31,2021-01-25,sh.600196,复星医药
2021-01-31,2021-01-25,sh.600208,新湖中宝
2021-01-31,2021-01-25,sh.600233,圆通速递
2021-01-31,2021-01-25,sh.600271,航天信息
2021-01-31,2021-01-25,sh.600276,恒瑞医药
2021-01-31,2021-01-25,sh.600297,广汇汽车
2021-01-31,2021-01-25,sh.600299,安迪苏
2021-01-31,2021-01-25,sh.600309,万华化学
2021-01-31,2021-01-25,sh.600332,白云山
2021-01-31,2021-01-25,sh.600340,华夏幸福
2021-01-31,2021-01-25,sh.600346,恒力石化
2021-01-31,2021-01-25,sh.600352,浙江龙盛
2021-01-31,2021-01-25,sh.600362,江西铜业
2021-01-31,2021-01-25,sh.600369,西南证券
2021-01-31,2021-01-25,sh.600383,金地集团
2021-01-31,2021-01-25,sh.600390,五矿资本
2021-01-31,2021-01-25,sh.600406,国电南瑞
2021-01-31,2021-01-25,sh.600436,片仔癀
2021-01-31,2021-01-25,sh.600438,通威股份
2021-01-31,2021-01-25,sh.600482,中国动力
2021-01-31,2021-01-25,sh.600487,亨通光电
2021-01-31,2021-01-25,sh.600489,中金黄金
2021-01-31,2021-01-25,sh.600498,烽火通信
2021-01-31,2021-01-25,sh.600519,贵州茅台
2021-01-31,2021-01-25,sh.600522,中天科技
2021-01-31,2021-01-25,sh.600547,山东黄金
2021-01-31,2021-01-25,sh.600570,恒生电子
2021-01-31,2021-01-25,sh.600584,长电科技
2021-01-31,2021-01-25,sh.600585,海螺水泥
2021-01-31,2021-01-25,sh.600588,用友网络
2021-01-31,2021-01-25,sh.600600,青岛啤酒
2021-01-31,2021-01-25,sh.600606,绿地控股
2021-01-31,2021-01-25,sh.600637,东方明珠
2021-01-31,2021-01-25,sh.600655,豫园股份
2021-01-31,2021-01-25,sh.600660,福耀玻璃
2021-01-31,2021-01-25,sh.600690,海尔智家
2021-01-31,2021-01-25,sh.600703,三安光电
2021-01-31,2021-01-25,sh.600705,中航资本
2021-01-31,2021-01-25,sh.600741,华域汽车
2021-01-31,2021-01-25,sh.600745,闻泰科技
2021-01-31,2021-01-25,sh.600760,中航沈飞
2021-01-31,2021-01-25,sh.600763,通策医疗
2021-01-31,2021-01-25,sh.600795,国电电力
2021-01-31,2021-01-25,sh.600809,山西汾酒
2021-01-31,2021-01-25,sh.600837,海通证券
2021-01-31,2021-01-25,sh.600845,宝信软件
2021-01-31,2021-01-25,sh.600848,上海临港
2021-01-31,2021-01-25,sh.600872,中炬高新
2021-01-31,2021-01-25,sh.600886,国投电力
2021-01-31,2021-01-25,sh.600887,伊利股份
2021-01-31,2021-01-25,sh.600893,航发动力
2021-01-31,2021-01-25,sh.600900,长江电力
2021-01-31,2021-01-25,sh.600918,中泰证券
2021-01-31,2021-01-25,sh.600919,江苏银行
2021-01-31,2021-01-25,sh.600926,杭州银行
2021-01-31,2021-01-25,sh.600958,东方证券
2021-01-31,2021-01-25,sh.600989,宝丰能源
2021-01-31,2021-01-25,sh.600998,九州通
2021-01-31,2021-01-25,sh.600999,招商证券
2021-01-31,2021-01-25,sh.601006,大秦铁路
2021-01-31,2021-01-25,sh.601009,南京银行
2021-01-31,2021-01-25,sh.601012,隆基股份
2021-01-31,2021-01-25,sh.601021,春秋航空
2021-01-31,2021-01-25,sh.601066,中信建投
2021-01-31,2021-01-25,sh.601077,渝农商行
2021-01-31,2021-01-25,sh.601088,中国神华
2021-01-31,2021-01-25,sh.601100,恒立液压
2021-01-31,2021-01-25,sh.601108,财通证券
2021-01-31,2021-01-25,sh.601111,中国国航
2021-01-31,2021-01-25,sh.601117,中国化学
2021-01-31,2021-01-25,sh.601138,工业富联
2021-01-31,2021-01-25,sh.601155,新城控股
2021-01-31,2021-01-25,sh.601162,天风证券
2021-01-31,2021-01-25,sh.601166,兴业银行
2021-01-31,2021-01-25,sh.601169,北京银行
2021-01-31,2021-01-25,sh.601186,中国铁建
2021-01-31,2021-01-25,sh.601198,东兴证券
2021-01-31,2021-01-25,sh.601211,国泰君安
2021-01-31,2021-01-25,sh.601216,君正集团
2021-01-31,2021-01-25,sh.601225,陕西煤业
2021-01-31,2021-01-25,sh.601229,上海银行
2021-01-31,2021-01-25,sh.601231,环旭电子
2021-01-31,2021-01-25,sh.601236,红塔证券
2021-01-31,2021-01-25,sh.601238,广汽集团
2021-01-31,2021-01-25,sh.601288,农业银行
2021-01-31,2021-01-25,sh.601318,中国平安
2021-01-31,2021-01-25,sh.601319,中国人保
2021-01-31,2021-01-25,sh.601328,交通银行
2021-01-31,2021-01-25,sh.601336,新华保险
2021-01-31,2021-01-25,sh.601360,三六零
2021-01-31,2021-01-25,sh.601377,兴业证券
2021-01-31,2021-01-25,sh.601390,中国中铁
2021-01-31,2021-01-25,sh.601398,工商银行
2021-01-31,2021-01-25,sh.601555,东吴证券
2021-01-31,2021-01-25,sh.601577,长沙银行
2021-01-31,2021-01-25,sh.601600,中国铝业
2021-01-31,2021-01-25,sh.601601,中国太保
2021-01-31,2021-01-25,sh.601607,上海医药
2021-01-31,2021-01-25,sh.601618,中国中冶
2021-01-31,2021-01-25,sh.601628,中国人寿
2021-01-31,2021-01-25,sh.601633,长城汽车
2021-01-31,2021-01-25,sh.601658,邮储银行
2021-01-31,2021-01-25,sh.601668,中国建筑
2021-01-31,2021-01-25,sh.601669,中国电建
2021-01-31,2021-01-25,sh.601688,华泰证券
2021-01-31,2021-01-25,sh.601696,中银证券
2021-01-31,2021-01-25,sh.601698,中国卫通
2021-01-31,2021-01-25,sh.601727,上海电气
2021-01-31,2021-01-25,sh.601766,中国中车
2021-01-31,2021-01-25,sh.601788,光大证券
2021-01-31,2021-01-25,sh.601800,中国交建
2021-01-31,2021-01-25,sh.601808,中海油服
2021-01-31,2021-01-25,sh.601816,京沪高铁
2021-01-31,2021-01-25,sh.601818,光大银行
2021-01-31,2021-01-25,sh.601838,成都银行
2021-01-31,2021-01-25,sh.601857,中国石油
2021-01-31,2021-01-25,sh.601872,招商轮船
2021-01-31,2021-01-25,sh.601877,正泰电器
2021-01-31,2021-01-25,sh.601878,浙商证券
2021-01-31,2021-01-25,sh.601881,中国银河
2021-01-31,2021-01-25,sh.601888,中国中免
2021-01-31,2021-01-25,sh.601899,紫金矿业
2021-01-31,2021-01-25,sh.601901,方正证券
2021-01-31,2021-01-25,sh.601916,浙商银行
2021-01-31,2021-01-25,sh.601919,中远海控
2021-01-31,2021-01-25,sh.601933,永辉超市
2021-01-31,2021-01-25,sh.601939,建设银行
2021-01-31,2021-01-25,sh.601985,中国核电
2021-01-31,2021-01-25,sh.601988,中国银行
2021-01-31,2021-01-25,sh.601989,中国重工
2021-01-31,2021-01-25,sh.601990,南京证券
2021-01-31,2021-01-25,sh.601998,中信银行
2021-01-31,2021-01-25,sh.603019,中科曙光
2021-01-31,2021-01-25,sh.603087,甘李药业
2021-01-31,2021-01-25,sh.603156,养元饮品
2021-01-31,2021-01-25,sh.603160,汇顶科技
2021-01-31,2021-01-25,sh.603195,公牛集团
2021-01-31,2021-01-25,sh.603259,药明康德
2021-01-31,2021-01-25,sh.603288,海天味业
2021-01-31,2021-01-25,sh.603369,今世缘
2021-01-31,2021-01-25,sh.603392,万泰生物
2021-01-31,2021-01-25,sh.603501,韦尔股份
2021-01-31,2021-01-25,sh.603658,安图生物
2021-01-31,2021-01-25,sh.603799,华友钴业
2021-01-31,2021-01-25,sh.603833,欧派家居
2021-01-31,2021-01-25,sh.603899,晨光文具
2021-01-31,2021-01-25,sh.603986,兆易创新
2021-01-31,2021-01-25,sh.603993,洛阳钼业
2021-01-31,2021-01-25,sh.688008,澜起科技
2021-01-31,2021-01-25,sh.688009,中国通号
2021-01-31,2021-01-25,sh.688012,中微公司
2021-01-31,2021-01-25,sh.688036,传音控股
2021-01-31,2021-01-25,sz.000001,平安银行
2021-01-31,2021-01-25,sz.000002,万科A
2021-01-31,2021-01-25,sz.000063,中兴通讯
2021-01-31,2021-01-25,sz.000066,中国长城
2021-01-31,2021-01-25,sz.000069,华侨城A
2021-01-31,2021-01-25,sz.000100,TCL科技
2021-01-31,2021-01-25,sz.000157,中联重科
2021-01-31,2021-01-25,sz.000166,申万宏源
2021-01-31,2021-01-25,sz.000333,美的集团
2021-01-31,2021-01-25,sz.000338,潍柴动力
2021-01-31,2021-01-25,sz.000425,徐工机械
2021-01-31,2021-01-25,sz.000538,云南白药
2021-01-31,2021-01-25,sz.000568,泸州老窖
2021-01-31,2021-01-25,sz.000596,古井贡酒
2021-01-31,2021-01-25,sz.000625,长安汽车
2021-01-31,2021-01-25,sz.000627,天茂集团
2021-01-31,2021-01-25,sz.000651,格力电器
2021-01-31,2021-01-25,sz.000656,金科股份
2021-01-31,2021-01-25,sz.000661,长春高新
2021-01-31,2021-01-25,sz.000671,阳光城
2021-01-31,2021-01-25,sz.000703,恒逸石化
2021-01-31,2021-01-25,sz.000708,中信特钢
2021-01-31,2021-01-25,sz.000723,美锦能源
2021-01-31,2021-01-25,sz.000725,京东方A
2021-01-31,2021-01-25,sz.000728,国元证券
2021-01-31,2021-01-25,sz.000768,中航西飞
2021-01-31,2021-01-25,sz.000776,广发证券
2021-01-31,2021-01-25,sz.000783,长江证券
2021-01-31,2021-01-25,sz.000786,北新建材
2021-01-31,2021-01-25,sz.000858,五粮液
2021-01-31,2021-01-25,sz.000860,顺鑫农业
2021-01-31,2021-01-25,sz.000876,新希望
2021-01-31,2021-01-25,sz.000895,双汇发展
2021-01-31,2021-01-25,sz.000938,紫光股份
2021-01-31,2021-01-25,sz.000961,中南建设
2021-01-31,2021-01-25,sz.000963,华东医药
2021-01-31,2021-01-25,sz.000977,浪潮信息
2021-01-31,2021-01-25,sz.001979,招商蛇口
2021-01-31,2021-01-25,sz.002001,新和成
2021-01-31,2021-01-25,sz.002007,华兰生物
2021-01-31,2021-01-25,sz.002008,大族激光
2021-01-31,2021-01-25,sz.002024,苏宁易购
2021-01-31,2021-01-25,sz.002027,分众传媒
2021-01-31,2021-01-25,sz.002032,苏泊尔
2021-01-31,2021-01-25,sz.002044,美年健康
2021-01-31,2021-01-25,sz.002049,紫光国微
2021-01-31,2021-01-25,sz.002050,三花智控
2021-01-31,2021-01-25,sz.002120,韵达股份
2021-01-31,2021-01-25,sz.002129,中环股份
2021-01-31,2021-01-25,sz.002142,宁波银行
2021-01-31,2021-01-25,sz.002146,荣盛发展
2021-01-31,2021-01-25,sz.002153,石基信息
2021-01-31,2021-01-25,sz.002157,正邦科技
2021-01-31,2021-01-25,sz.002179,中航光电
2021-01-31,2021-01-25,sz.002202,金风科技
2021-01-31,2021-01-25,sz.002230,科大讯飞
2021-01-31,2021-01-25,sz.002236,大华股份
2021-01-31,2021-01-25,sz.002241,歌尔股份
2021-01-31,2021-01-25,sz.002252,上海莱士
2021-01-31,2021-01-25,sz.002271,东方雨虹
2021-01-31,2021-01-25,sz.002304,洋河股份
2021-01-31,2021-01-25,sz.002311,海大集团
2021-01-31,2021-01-25,sz.002352,顺丰控股
2021-01-31,2021-01-25,sz.002371,北方华创
2021-01-31,2021-01-25,sz.002384,东山精密
2021-01-31,2021-01-25,sz.002410,广联达
2021-01-31,2021-01-25,sz.002414,高德红外
2021-01-31,2021-01-25,sz.002415,海康威视
2021-01-31,2021-01-25,sz.002422,科伦药业
2021-01-31,2021-01-25,sz.002456,欧菲光
2021-01-31,2021-01-25,sz.002460,赣锋锂业
2021-01-31,2021-01-25,sz.002463,沪电股份
2021-01-31,2021-01-25,sz.002475,立讯精密
2021-01-31,2021-01-25,sz.002493,荣盛石化
2021-01-31,2021-01-25,sz.002508,老板电器
2021-01-31,2021-01-25,sz.002555,三七互娱
2021-01-31,2021-01-25,sz.002558,巨人网络
2021-01-31,2021-01-25,sz.002594,比亚迪
2021-01-31,2021-01-25,sz.002600,领益智造
2021-01-31,2021-01-25,sz.002601,龙蟒佰利
2021-01-31,2021-01-25,sz.002602,世纪华通
2021-01-31,2021-01-25,sz.002607,中公教育
2021-01-31,2021-01-25,sz.002624,完美世界
2021-01-31,2021-01-25,sz.002673,西部证券
2021-01-31,2021-01-25,sz.002714,牧原股份
2021-01-31,2021-01-25,sz.002736,国信证券
2021-01-31,2021-01-25,sz.002739,万达电影
2021-01-31,2021-01-25,sz.002773,康弘药业
2021-01-31,2021-01-25,sz.002812,恩捷股份
2021-01-31,2021-01-25,sz.002821,凯莱英
2021-01-31,2021-01-25,sz.002841,视源股份
2021-01-31,2021-01-25,sz.002916,深南电路
2021-01-31,2021-01-25,sz.002938,鹏鼎控股
2021-01-31,2021-01-25,sz.002939,长城证券
2021-01-31,2021-01-25,sz.002945,华林证券
2021-01-31,2021-01-25,sz.002958,青农商行
2021-01-31,2021-01-25,sz.003816,中国广核
2021-01-31,2021-01-25,sz.300003,乐普医疗
2021-01-31,2021-01-25,sz.300014,亿纬锂能
2021-01-31,2021-01-25,sz.300015,爱尔眼科
2021-01-31,2021-01-25,sz.300033,同花顺
2021-01-31,2021-01-25,sz.300059,东方财富
2021-01-31,2021-01-25,sz.300122,智飞生物
2021-01-31,2021-01-25,sz.300124,汇川技术
2021-01-31,2021-01-25,sz.300136,信维通信
2021-01-31,2021-01-25,sz.300142,沃森生物
2021-01-31,2021-01-25,sz.300144,宋城演艺
2021-01-31,2021-01-25,sz.300347,泰格医药
2021-01-31,2021-01-25,sz.300408,三环集团
2021-01-31,2021-01-25,sz.300413,芒果超媒
2021-01-31,2021-01-25,sz.300433,蓝思科技
2021-01-31,2021-01-25,sz.300498,温氏股份
2021-01-31,2021-01-25,sz.300529,健帆生物
2021-01-31,2021-01-25,sz.300601,康泰生物
2021-01-31,2021-01-25,sz.300628,亿联网络
2021-01-31,2021-01-25,sz.300676,华大基因
2021-02-28,2021-02-22,sh.600000,浦发银行
2021-02-28,2021-02-22,sh.600004,白云机场
2021-02-28,2021-02-22,sh.600009,上海机场
2021-02-28,2021-02-22,sh.600010,包钢股份
2021-02-28,2021-02-22,sh.600011,华能国际
2021-02-28,2021-02-22,sh.600015,华夏银行
2021-02-28,2021-02-22,sh.600016,民生银行
2021-02-28,2021-02-22,sh.600018,上港集团
2021-02-28,2021-02-22,sh.600019,宝钢股份
2021-02-28,2021-02-22,sh.600025,华能水电
2021-02-28,2021-02-22,sh.600027,华电国际
2021-02-28,2021-02-22,sh.600028,中国石化
2021-02-28,2021-02-22,sh.600029,南方航空
2021-02-28,2021-02-22,sh.600030,中信证券
2021-02-28,2021-02-22,sh.600031,三一重工
2021-02-28,2021-02-22,sh.600036,招商银行
2021-02-28,2021-02-22,sh.600048,保利地产
2021-02-28,2021-02-22,sh.600050,中国联通
2021-02-28,2021-02-22,sh.600061,国投资本
2021-02-28,2021-02-22,sh.600066,宇通客车
2021-02-28,2021-02-22,sh.600068,葛洲坝
2021-02-28,2021-02-22,sh.600085,同仁堂
2021-02-28,2021-02-22,sh.600104,上汽集团
2021-02-28,2021-02-22,sh.600109,国金证券
2021-02-28,2021-02-22,sh.600111,北方稀土
2021-02-28,2021-02-22,sh.600115,东方航空
2021-02-28,2021-02-22,sh.600118,中国卫星
2021-02-28,2021-02-22,sh.600150,中国船舶
2021-02-28,2021-02-22,sh.600161,天坛生物
2021-02-28,2021-02-22,sh.600176,中国巨石
2021-02-28,2021-02-22,sh.600177,雅戈尔
2021-02-28,2021-02-22,sh.600183,生益科技
2021-02-28,2021-02-22,sh.600196,复星医药
2021-02-28,2021-02-22,sh.600208,新湖中宝
2021-02-28,2021-02-22,sh.600233,圆通速递
2021-02-28,2021-02-22,sh.600271,航天信息
2021-02-28,2021-02-22,sh.600276,恒瑞医药
2021-02-28,2021-02-22,sh.600297,广汇汽车
2021-02-28,2021-02-22,sh.600299,安迪苏
2021-02-28,2021-02-22,sh.600309,万华化学
2021-02-28,2021-02-22,sh.600332,白云山
2021-02-28,2021-02-22,sh.600340,华夏幸福
2021-02-28,2021-02-22,sh.600346,恒力石化
2021-02-28,2021-02-22,sh.600352,浙江龙盛
2021-02-28,2021-02-22,sh.600362,江西铜业
2021-02-28,2021-02-22,sh.600369,西南证券
2021-02-28,2021-02-22,sh.600383,金地集团
2021-02-28,2021-02-22,sh.600390,五矿资本
2021-02-28,2021-02-22,sh.600406,国电南瑞
2021-02-28,2021-02-22,sh.600436,片仔癀
2021-02-28,2021-02-22,sh.600438,通威股份
2021-02-28,2021-02-22,sh.600482,中国动力
2021-02-28,2021-02-22,sh.600487,亨通光电
2021-02-28,2021-02-22,sh.600489,中金黄金
2021-02-28,2021-02-22,sh.600498,烽火通信
2021-02-28,2021-02-22,sh.600519,贵州茅台
2021-02-28,2021-02-22,sh.600522,中天科技
2021-02-28,2021-02-22,sh.600547,山东黄金
2021-02-28,2021-02-22,sh.600570,恒生电子
2021-02-28,2021-02-22,sh.600584,长电科技
2021-02-28,2021-02-22,sh.600585,海螺水泥
2021-02-28,2021-02-22,sh.600588,用友网络
2021-02-28,2021-02-22,sh.600600,青岛啤酒
2021-02-28,2021-02-22,sh.600606,绿地控股
2021-02-28,2021-02-22,sh.600637,东方明珠
2021-02-28,2021-02-22,sh.600655,豫园股份
2021-02-28,2021-02-22,sh.600660,福耀玻璃
2021-02-28,2021-02-22,sh.600690,海尔智家
2021-02-28,2021-02-22,sh.600703,三安光电
2021-02-28,2021-02-22,sh.600705,中航资本
2021-02-28,2021-02-22,sh.600741,华域汽车
2021-02-28,2021-02-22,sh.600745,闻泰科技
2021-02-28,2021-02-22,sh.600760,中航沈飞
2021-02-28,2021-02-22,sh.600763,通策医疗
2021-02-28,2021-02-22,sh.600795,国电电力
2021-02-28,2021-02-22,sh.600809,山西汾酒
2021-02-28,2021-02-22,sh.600837,海通证券
2021-02-28,2021-02-22,sh.600845,宝信软件
2021-02-28,2021-02-22,sh.600848,上海临港
2021-02-28,2021-02-22,sh.600872,中炬高新
2021-02-28,2021-02-22,sh.600886,国投电力
2021-02-28,2021-02-22,sh.600887,伊利股份
2021-02-28,2021-02-22,sh.600893,航发动力
2021-02-28,2021-02-22,sh.600900,长江电力
2021-02-28,2021-02-22,sh.600918,中泰证券
2021-02-28,2021-02-22,sh.600919,江苏银行
2021-02-28,2021-02-22,sh.600926,杭州银行
2021-02-28,2021-02-22,sh.600958,东方证券
2021-02-28,2021-02-22,sh.600989,宝丰能源
2021-02-28,2021-02-22,sh.600998,九州通
2021-02-28,2021-02-22,sh.600999,招商证券
2021-02-28,2021-02-22,sh.601006,大秦铁路
2021-02-28,2021-02-22,sh.601009,南京银行
2021-02-28,2021-02-22,sh.601012,隆基股份
2021-02-28,2021-02-22,sh.601021,春秋航空
2021-02-28,2021-02-22,sh.601066,中信建投
2021-02-28,2021-02-22,sh.601077,渝农商行
2021-02-28,2021-02-22,sh.601088,中国神华
2021-02-28,2021-02-22,sh.601100,恒立液压
2021-02-28,2021-02-22,sh.601108,财通证券
2021-02-28,2021-02-22,sh.601111,中国国航
2021-02-28,2021-02-22,sh.601117,中国化学
2021-02-28,2021-02-22,sh.601138,工业富联
2021-02-28,2021-02-22,sh.601155,新城控股
2021-02-28,2021-02-22,sh.601162,天风证券
2021-02-28,2021-02-22,sh.601166,兴业银行
2021-02-28,2021-02-22,sh.601169,北京银行
2021-02-28,2021-02-22,sh.601186,中国铁建
2021-02-28,2021-02-22,sh.601198,东兴证券
2021-02-28,2021-02-22,sh.601211,国泰君安
2021-02-28,2021-02-22,sh.601216,君正集团
2021-02-28,2021-02-22,sh.601225,陕西煤业
2021-02-28,2021-02-22,sh.601229,上海银行
2021-02-28,2021-02-22,sh.601231,环旭电子
2021-02-28,2021-02-22,sh.601236,红塔证券
2021-02-28,2021-02-22,sh.601238,广汽集团
2021-02-28,2021-02-22,sh.601288,农业银行
2021-02-28,2021-02-22,sh.601318,中国平安
2021-02-28,2021-02-22,sh.601319,中国人保
2021-02-28,2021-02-22,sh.601328,交通银行
2021-02-28,2021-02-22,sh.601336,新华保险
2021-02-28,2021-02-22,sh.601360,三六零
2021-02-28,2021-02-22,sh.601377,兴业证券
2021-02-28,2021-02-22,sh.601390,中国中铁
2021-02-28,2021-02-22,sh.601398,工商银行
2021-02-28,2021-02-22,sh.601555,东吴证券
2021-02-28,2021-02-22,sh.601577,长沙银行
2021-02-28,2021-02-22,sh.601600,中国铝业
2021-02-28,2021-02-22,sh.601601,中国太保
2021-02-28,2021-02-22,sh.601607,上海医药
2021-02-28,2021-02-22,sh.601618,中国中冶
2021-02-28,2021-02-22,sh.601628,中国人寿
2021-02-28,2021-02-22,sh.601633,长城汽车
2021-02-28,2021-02-22,sh.601658,邮储银行
2021-02-28,2021-02-22,sh.601668,中国建筑
2021-02-28,2021-02-22,sh.601669,中国电建
2021-02-28,2021-02-22,sh.601688,华泰证券
2021-02-28,2021-02-22,sh.601696,中银证券
2021-02-28,2021-02-22,sh.601698,中国卫通
2021-02-28,2021-02-22,sh.601727,上海电气
2021-02-28,2021-02-22,sh.601766,中国中车
2021-02-28,2021-02-22,sh.601788,光大证券
2021-02-28,2021-02-22,sh.601800,中国交建
2021-02-28,2021-02-22,sh.601808,中海油服
2021-02-28,2021-02-22,sh.601816,京沪高铁
2021-02-28,2021-02-22,sh.601818,光大银行
2021-02-28,2021-02-22,sh.601838,成都银行
2021-02-28,2021-02-22,sh.601857,中国石油
2021-02-28,2021-02-22,sh.601872,招商轮船
2021-02-28,2021-02-22,sh.601877,正泰电器
2021-02-28,2021-02-22,sh.601878,浙商证券
2021-02-28,2021-02-22,sh.601881,中国银河
2021-02-28,2021-02-22,sh.601888,中国中免
2021-02-28,2021-02-22,sh.601899,紫金矿业
2021-02-28,2021-02-22,sh.601901,方正证券
2021-02-28,2021-02-22,sh.601916,浙商银行
2021-02-28,2021-02-22,sh.601919,中远海控
2021-02-28,2021-02-22,sh.601933,永辉超市
2021-02-28,2021-02-22,sh.601939,建设银行
2021-02-28,2021-02-22,sh.601985,中国核电
2021-02-28,2021-02-22,sh.601988,中国银行
2021-02-28,2021-02-22,sh.601989,中国重工
2021-02-28,2021-02-22,sh.601990,南京证券
2021-02-28,2021-02-22,sh.601998,中信银行
2021-02-28,2021-02-22,sh.603019,中科曙光
2021-02-28,2021-02-22,sh.603087,甘李药业
2021-02-28,2021-02-22,sh.603156,养元饮品
2021-02-28,2021-02-22,sh.603160,汇顶科技
2021-02-28,2021-02-22,sh.603195,公牛集团
2021-02-28,2021-02-22,sh.603259,药明康德
2021-02-28,2021-02-22,sh.603288,海天味业
2021-02-28,2021-02-22,sh.603369,今世缘
2021-02-28,2021-02-22,sh.603392,万泰生物
2021-02-28,2021-02-22,sh.603501,韦尔股份
2021-02-28,2021-02-22,sh.603658,安图生物
2021-02-28,2021-02-22,sh.603799,华友钴业
2021-02-28,2021-02-22,sh.603833,欧派家居
2021-02-28,2021-02-22,sh.603899,晨光文具
2021-02-28,2021-02-22,sh.603986,兆易创新
2021-02-28,2021-02-22,sh.603993,洛阳钼业
2021-02-28,2021-02-22,sh.688008,澜起科技
2021-02-28,2021-02-22,sh.688009,中国通号
2021-02-28,2021-02-22,sh.688012,中微公司
2021-02-28,2021-02-22,sh.688036,传音控股
2021-02-28,2021-02-22,sz.000001,平安银行
2021-02-28,2021-02-22,sz.000002,万科A
2021-02-28,2021-02-22,sz.000063,中兴通讯
2021-02-28,2021-02-22,sz.000066,中国长城
2021-02-28,2021-02-22,sz.000069,华侨城A
2021-02-28,2021-02-22,sz.000100,TCL科技
2021-02-28,2021-02-22,sz.000157,中联重科
2021-02-28,2021-02-22,sz.000166,申万宏源
2021-02-28,2021-02-22,sz.000333,美的集团
2021-02-28,2021-02-22,sz.000338,潍柴动力
2021-02-28,2021-02-22,sz.000425,徐工机械
2021-02-28,2021-02-22,sz.000538,云南白药
2021-02-28,2021-02-22,sz.000568,泸州老窖
2021-02-28,2021-02-22,sz.000596,古井贡酒
2021-02-28,2021-02-22,sz.000625,长安汽车
2021-02-28,2021-02-22,sz.000627,天茂集团
2021-02-28,2021-02-22,sz.000651,格力电器
2021-02-28,2021-02-22,sz.000656,金科股份
2021-02-28,2021-02-22,sz.000661,长春高新
2021-02-28,2021-02-22,sz.000671,阳光城
2021-02-28,2021-02-22,sz.000703,恒逸石化
2021-02-28,2021-02-22,sz.000708,中信特钢
2021-02-28,2021-02-22,sz.000723,美锦能源
2021-02-28,2021-02-22,sz.000725,京东方A
2021-02-28,2021-02-22,sz.000728,国元证券
2021-02-28,2021-02-22,sz.000768,中航西飞
2021-02-28,2021-02-22,sz.000776,广发证券
2021-02-28,2021-02-22,sz.000783,长江证券
2021-02-28,2021-02-22,sz.000786,北新建材
2021-02-28,2021-02-22,sz.000858,五粮液
2021-02-28,2021-02-22,sz.000860,顺鑫农业
2021-02-28,2021-02-22,sz.000876,新希望
2021-02-28,2021-02-22,sz.000895,双汇发展
2021-02-28,2021-02-22,sz.000938,紫光股份
2021-02-28,2021-02-22,sz.000961,中南建设
2021-02-28,2021-02-22,sz.000963,华东医药
2021-02-28,2021-02-22,sz.000977,浪潮信息
2021-02-28,2021-02-22,sz.001979,招商蛇口
2021-02-28,2021-02-22,sz.002001,新和成
2021-02-28,2021-02-22,sz.002007,华兰生物
2021-02-28,2021-02-22,sz.002008,大族激光
2021-02-28,2021-02-22,sz.002024,苏宁易购
2021-02-28,2021-02-22,sz.002027,分众传媒
2021-02-28,2021-02-22,sz.002032,苏泊尔
2021-02-28,2021-02-22,sz.002044,美年健康
2021-02-28,2021-02-22,sz.002049,紫光国微
2021-02-28,2021-02-22,sz.002050,三花智控
2021-02-28,2021-02-22,sz.002120,韵达股份
2021-02-28,2021-02-22,sz.002129,中环股份
2021-02-28,2021-02-22,sz.002142,宁波银行
2021-02-28,2021-02-22,sz.002146,荣盛发展
2021-02-28,2021-02-22,sz.002153,石基信息
2021-02-28,2021-02-22,sz.002157,正邦科技
2021-02-28,2021-02-22,sz.002179,中航光电
2021-02-28,2021-02-22,sz.002202,金风科技
2021-02-28,2021-02-22,sz.002230,科大讯飞
2021-02-28,2021-02-22,sz.002236,大华股份
2021-02-28,2021-02-22,sz.002241,歌尔股份
2021-02-28,2021-02-22,sz.002252,上海莱士
2021-02-28,2021-02-22,sz.002271,东方雨虹
2021-02-28,2021-02-22,sz.002304,洋河股份
2021-02-28,2021-02-22,sz.002311,海大集团
2021-02-28,2021-02-22,sz.002352,顺丰控股
2021-02-28,2021-02-22,sz.002371,北方华创
2021-02-28,2021-02-22,sz.002384,东山精密
2021-02-28,2021-02-22,sz.002410,广联达
2021-02-28,2021-02-22,sz.002414,高德红外
2021-02-28,2021-02-22,sz.002415,海康威视
2021-02-28,2021-02-22,sz.002422,科伦药业
2021-02-28,2021-02-22,sz.002456,欧菲光
2021-02-28,2021-02-22,sz.002460,赣锋锂业
2021-02-28,2021-02-22,sz.002463,沪电股份
2021-02-28,2021-02-22,sz.002475,立讯精密
2021-02-28,2021-02-22,sz.002493,荣盛石化
2021-02-28,2021-02-22,sz.002508,老板电器
2021-02-28,2021-02-22,sz.002555,三七互娱
2021-02-28,2021-02-22,sz.002558,巨人网络
2021-02-28,2021-02-22,sz.002594,比亚迪
2021-02-28,2021-02-22,sz.002600,领益智造
2021-02-28,2021-02-22,sz.002601,龙蟒佰利
2021-02-28,2021-02-22,sz.002602,世纪华通
2021-02-28,2021-02-22,sz.002607,中公教育
2021-02-28,2021-02-22,sz.002624,完美世界
2021-02-28,2021-02-22,sz.002673,西部证券
2021-02-28,2021-02-22,sz.002714,牧原股份
2021-02-28,2021-02-22,sz.002736,国信证券
2021-02-28,2021-02-22,sz.002739,万达电影
2021-02-28,2021-02-22,sz.002773,康弘药业
2021-02-28,2021-02-22,sz.002812,恩捷股份
2021-02-28,2021-02-22,sz.002821,凯莱英
2021-02-28,2021-02-22,sz.002841,视源股份
2021-02-28,2021-02-22,sz.002916,深南电路
2021-02-28,2021-02-22,sz.002938,鹏鼎控股
2021-02-28,2021-02-22,sz.002939,长城证券
2021-02-28,2021-02-22,sz.002945,华林证券
2021-02-28,2021-02-22,sz.002958,青农商行
2021-02-28,2021-02-22,sz.003816,中国广核
2021-02-28,2021-02-22,sz.300003,乐普医疗
2021-02-28,2021-02-22,sz.300014,亿纬锂能
2021-02-28,2021-02-22,sz.300015,爱尔眼科
2021-02-28,2021-02-22,sz.300033,同花顺
2021-02-28,2021-02-22,sz.300059,东方财富
2021-02-28,2021-02-22,sz.300122,智飞生物
2021-02-28,2021-02-22,sz.300124,汇川技术
2021-02-28,2021-02-22,sz.300136,信维通信
2021-02-28,2021-02-22,sz.300142,沃森生物
2021-02-28,2021-02-22,sz.300144,宋城演艺
2021-02-28,2021-02-22,sz.300347,泰格医药
2021-02-28,2021-02-22,sz.300408,三环集团
2021-02-28,2021-02-22,sz.300413,芒果超媒
2021-02-28,2021-02-22,sz.300433,蓝思科技
2021-02-28,2021-02-22,sz.300498,温氏股份
2021-02-28,2021-02-22,sz.300529,健帆生物
2021-02-28,2021-02-22,sz.300601,康泰生物
2021-02-28,2021-02-22,sz.300628,亿联网络
2021-02-28,2021-02-22,sz.300676,华大基因
2021-03-31,2021-03-29,sh.600000,浦发银行
2021-03-31,2021-03-29,sh.600004,白云机场
2021-03-31,2021-03-29,sh.600009,上海机场
2021-03-31,2021-03-29,sh.600010,包钢股份
2021-03-31,2021-03-29,sh.600011,华能国际
2021-03-31,2021-03-29,sh.600015,华夏银行
2021-03-31,2021-03-29,sh.600016,民生银行
2021-03-31,2021-03-29,sh.600018,上港集团
2021-03-31,2021-03-29,sh.600019,宝钢股份
2021-03-31,2021-03-29,sh.600025,华能水电
2021-03-31,2021-03-29,sh.600027,华电国际
2021-03-31,2021-03-29,sh.600028,中国石化
2021-03-31,2021-03-29,sh.600029,南方航空
2021-03-31,2021-03-29,sh.600030,中信证券
2021-03-31,2021-03-29,sh.600031,三一重工
2021-03-31,2021-03-29,sh.600036,招商银行
2021-03-31,2021-03-29,sh.600048,保利地产
2021-03-31,2021-03-29,sh.600050,中国联通
2021-03-31,2021-03-29,sh.600061,国投资本
2021-03-31,2021-03-29,sh.600066,宇通客车
2021-03-31,2021-03-29,sh.600068,葛洲坝
2021-03-31,2021-03-29,sh.600085,同仁堂
2021-03-31,2021-03-29,sh.600104,上汽集团
2021-03-31,2021-03-29,sh.600109,国金证券
2021-03-31,2021-03-29,sh.600111,北方稀土
2021-03-31,2021-03-29,sh.600115,东方航空
2021-03-31,2021-03-29,sh.600118,中国卫星
2021-03-31,2021-03-29,sh.600150,中国船舶
2021-03-31,2021-03-29,sh.600161,天坛生物
2021-03-31,2021-03-29,sh.600176,中国巨石
2021-03-31,2021-03-29,sh.600177,雅戈尔
2021-03-31,2021-03-29,sh.600183,生益科技
2021-03-31,2021-03-29,sh.600196,复星医药
2021-03-31,2021-03-29,sh.600208,新湖中宝
2021-03-31,2021-03-29,sh.600233,圆通速递
2021-03-31,2021-03-29,sh.600271,航天信息
2021-03-31,2021-03-29,sh.600276,恒瑞医药
2021-03-31,2021-03-29,sh.600297,广汇汽车
2021-03-31,2021-03-29,sh.600299,安迪苏
2021-03-31,2021-03-29,sh.600309,万华化学
2021-03-31,2021-03-29,sh.600332,白云山
2021-03-31,2021-03-29,sh.600340,华夏幸福
2021-03-31,2021-03-29,sh.600346,恒力石化
2021-03-31,2021-03-29,sh.600352,浙江龙盛
2021-03-31,2021-03-29,sh.600362,江西铜业
2021-03-31,2021-03-29,sh.600369,西南证券
2021-03-31,2021-03-29,sh.600383,金地集团
2021-03-31,2021-03-29,sh.600390,五矿资本
2021-03-31,2021-03-29,sh.600406,国电南瑞
2021-03-31,2021-03-29,sh.600436,片仔癀
2021-03-31,2021-03-29,sh.600438,通威股份
2021-03-31,2021-03-29,sh.600482,中国动力
2021-03-31,2021-03-29,sh.600487,亨通光电
2021-03-31,2021-03-29,sh.600489,中金黄金
2021-03-31,2021-03-29,sh.600498,烽火通信
2021-03-31,2021-03-29,sh.600519,贵州茅台
2021-03-31,2021-03-29,sh.600522,中天科技
2021-03-31,2021-03-29,sh.600547,山东黄金
2021-03-31,2021-03-29,sh.600570,恒生电子
2021-03-31,2021-03-29,sh.600584,长电科技
2021-03-31,2021-03-29,sh.600585,海螺水泥
2021-03-31,2021-03-29,sh.600588,用友网络
2021-03-31,2021-03-29,sh.600600,青岛啤酒
2021-03-31,2021-03-29,sh.600606,绿地控股
2021-03-31,2021-03-29,sh.600637,东方明珠
2021-03-31,2021-03-29,sh.600655,豫园股份
2021-03-31,2021-03-29,sh.600660,福耀玻璃
2021-03-31,2021-03-29,sh.600690,海尔智家
2021-03-31,2021-03-29,sh.600703,三安光电
2021-03-31,2021-03-29,sh.600705,中航资本
2021-03-31,2021-03-29,sh.600741,华域汽车
2021-03-31,2021-03-29,sh.600745,闻泰科技
2021-03-31,2021-03-29,sh.600760,中航沈飞
2021-03-31,2021-03-29,sh.600763,通策医疗
2021-03-31,2021-03-29,sh.600795,国电电力
2021-03-31,2021-03-29,sh.600809,山西汾酒
2021-03-31,2021-03-29,sh.600837,海通证券
2021-03-31,2021-03-29,sh.600845,宝信软件
2021-03-31,2021-03-29,sh.600848,上海临港
2021-03-31,2021-03-29,sh.600872,中炬高新
2021-03-31,2021-03-29,sh.600886,国投电力
2021-03-31,2021-03-29,sh.600887,伊利股份
2021-03-31,2021-03-29,sh.600893,航发动力
2021-03-31,2021-03-29,sh.600900,长江电力
2021-03-31,2021-03-29,sh.600918,中泰证券
2021-03-31,2021-03-29,sh.600919,江苏银行
2021-03-31,2021-03-29,sh.600926,杭州银行
2021-03-31,2021-03-29,sh.600958,东方证券
2021-03-31,2021-03-29,sh.600989,宝丰能源
2021-03-31,2021-03-29,sh.600998,九州通
2021-03-31,2021-03-29,sh.600999,招商证券
2021-03-31,2021-03-29,sh.601006,大秦铁路
2021-03-31,2021-03-29,sh.601009,南京银行
2021-03-31,2021-03-29,sh.601012,隆基股份
2021-03-31,2021-03-29,sh.601021,春秋航空
2021-03-31,2021-03-29,sh.601066,中信建投
2021-03-31,2021-03-29,sh.601077,渝农商行
2021-03-31,2021-03-29,sh.601088,中国神华
2021-03-31,2021-03-29,sh.601100,恒立液压
2021-03-31,2021-03-29,sh.601108,财通证券
2021-03-31,2021-03-29,sh.601111,中国国航
2021-03-31,2021-03-29,sh.601117,中国化学
2021-03-31,2021-03-29,sh.601138,工业富联
2021-03-31,2021-03-29,sh.601155,新城控股
2021-03-31,2021-03-29,sh.601162,天风证券
2021-03-31,2021-03-29,sh.601166,兴业银行
2021-03-31,2021-03-29,sh.601169,北京银行
2021-03-31,2021-03-29,sh.601186,中国铁建
2021-03-31,2021-03-29,sh.601198,东兴证券
2021-03-31,2021-03-29,sh.601211,国泰君安
2021-03-31,2021-03-29,sh.601216,君正集团
2021-03-31,2021-03-29,sh.601225,陕西煤业
2021-03-31,2021-03-29,sh.601229,上海银行
2021-03-31,2021-03-29,sh.601231,环旭电子
2021-03-31,2021-03-29,sh.601236,红塔证券
2021-03-31,2021-03-29,sh.601238,广汽集团
2021-03-31,2021-03-29,sh.601288,农业银行
2021-03-31,2021-03-29,sh.601318,中国平安
2021-03-31,2021-03-29,sh.601319,中国人保
2021-03-31,2021-03-29,sh.601328,交通银行
2021-03-31,2021-03-29,sh.601336,新华保险
2021-03-31,2021-03-29,sh.601360,三六零
2021-03-31,2021-03-29,sh.601377,兴业证券
2021-03-31,2021-03-29,sh.601390,中国中铁
2021-03-31,2021-03-29,sh.601398,工商银行
2021-03-31,2021-03-29,sh.601555,东吴证券
2021-03-31,2021-03-29,sh.601577,长沙银行
2021-03-31,2021-03-29,sh.601600,中国铝业
2021-03-31,2021-03-29,sh.601601,中国太保
2021-03-31,2021-03-29,sh.601607,上海医药
2021-03-31,2021-03-29,sh.601618,中国中冶
2021-03-31,2021-03-29,sh.601628,中国人寿
2021-03-31,2021-03-29,sh.601633,长城汽车
2021-03-31,2021-03-29,sh.601658,邮储银行
2021-03-31,2021-03-29,sh.601668,中国建筑
2021-03-31,2021-03-29,sh.601669,中国电建
2021-03-31,2021-03-29,sh.601688,华泰证券
2021-03-31,2021-03-29,sh.601696,中银证券
2021-03-31,2021-03-29,sh.601698,中国卫通
2021-03-31,2021-03-29,sh.601727,上海电气
2021-03-31,2021-03-29,sh.601766,中国中车
2021-03-31,2021-03-29,sh.601788,光大证券
2021-03-31,2021-03-29,sh.601800,中国交建
2021-03-31,2021-03-29,sh.601808,中海油服
2021-03-31,2021-03-29,sh.601816,京沪高铁
2021-03-31,2021-03-29,sh.601818,光大银行
2021-03-31,2021-03-29,sh.601838,成都银行
2021-03-31,2021-03-29,sh.601857,中国石油
2021-03-31,2021-03-29,sh.601872,招商轮船
2021-03-31,2021-03-29,sh.601877,正泰电器
2021-03-31,2021-03-29,sh.601878,浙商证券
2021-03-31,2021-03-29,sh.601881,中国银河
2021-03-31,2021-03-29,sh.601888,中国中免
2021-03-31,2021-03-29,sh.601899,紫金矿业
2021-03-31,2021-03-29,sh.601901,方正证券
2021-03-31,2021-03-29,sh.601916,浙商银行
2021-03-31,2021-03-29,sh.601919,中远海控
2021-03-31,2021-03-29,sh.601933,永辉超市
2021-03-31,2021-03-29,sh.601939,建设银行
2021-03-31,2021-03-29,sh.601985,中国核电
2021-03-31,2021-03-29,sh.601988,中国银行
2021-03-31,2021-03-29,sh.601989,中国重工
2021-03-31,2021-03-29,sh.601990,南京证券
2021-03-31,2021-03-29,sh.601998,中信银行
2021-03-31,2021-03-29,sh.603019,中科曙光
2021-03-31,2021-03-29,sh.603087,甘李药业
2021-03-31,2021-03-29,sh.603156,养元饮品
2021-03-31,2021-03-29,sh.603160,汇顶科技
2021-03-31,2021-03-29,sh.603195,公牛集团
2021-03-31,2021-03-29,sh.603259,药明康德
2021-03-31,2021-03-29,sh.603288,海天味业
2021-03-31,2021-03-29,sh.603369,今世缘
2021-03-31,2021-03-29,sh.603392,万泰生物
2021-03-31,2021-03-29,sh.603501,韦尔股份
2021-03-31,2021-03-29,sh.603658,安图生物
2021-03-31,2021-03-29,sh.603799,华友钴业
2021-03-31,2021-03-29,sh.603833,欧派家居
2021-03-31,2021-03-29,sh.603899,晨光文具
2021-03-31,2021-03-29,sh.603986,兆易创新
2021-03-31,2021-03-29,sh.603993,洛阳钼业
2021-03-31,2021-03-29,sh.688008,澜起科技
2021-03-31,2021-03-29,sh.688009,中国通号
2021-03-31,2021-03-29,sh.688012,中微公司
2021-03-31,2021-03-29,sh.688036,传音控股
2021-03-31,2021-03-29,sz.000001,平安银行
2021-03-31,2021-03-29,sz.000002,万科A
2021-03-31,2021-03-29,sz.000063,中兴通讯
2021-03-31,2021-03-29,sz.000066,中国长城
2021-03-31,2021-03-29,sz.000069,华侨城A
2021-03-31,2021-03-29,sz.000100,TCL科技
2021-03-31,2021-03-29,sz.000157,中联重科
2021-03-31,2021-03-29,sz.000166,申万宏源
2021-03-31,2021-03-29,sz.000333,美的集团
2021-03-31,2021-03-29,sz.000338,潍柴动力
2021-03-31,2021-03-29,sz.000425,徐工机械
2021-03-31,2021-03-29,sz.000538,云南白药
2021-03-31,2021-03-29,sz.000568,泸州老窖
2021-03-31,2021-03-29,sz.000596,古井贡酒
2021-03-31,2021-03-29,sz.000625,长安汽车
2021-03-31,2021-03-29,sz.000627,天茂集团
2021-03-31,2021-03-29,sz.000651,格力电器
2021-03-31,2021-03-29,sz.000656,金科股份
2021-03-31,2021-03-29,sz.000661,长春高新
2021-03-31,2021-03-29,sz.000671,阳光城
2021-03-31,2021-03-29,sz.000703,恒逸石化
2021-03-31,2021-03-29,sz.000708,中信特钢
2021-03-31,2021-03-29,sz.000723,美锦能源
2021-03-31,2021-03-29,sz.000725,京东方A
2021-03-31,2021-03-29,sz.000728,国元证券
2021-03-31,2021-03-29,sz.000768,中航西飞
2021-03-31,2021-03-29,sz.000776,广发证券
2021-03-31,2021-03-29,sz.000783,长江证券
2021-03-31,2021-03-29,sz.000786,北新建材
2021-03-31,2021-03-29,sz.000858,五粮液
2021-03-31,2021-03-29,sz.000860,顺鑫农业
2021-03-31,2021-03-29,sz.000876,新希望
2021-03-31,2021-03-29,sz.000895,双汇发展
2021-03-31,2021-03-29,sz.000938,紫光股份
2021-03-31,2021-03-29,sz.000961,中南建设
2021-03-31,2021-03-29,sz.000963,华东医药
2021-03-31,2021-03-29,sz.000977,浪潮信息
2021-03-31,2021-03-29,sz.001979,招商蛇口
2021-03-31,2021-03-29,sz.002001,新和成
2021-03-31,2021-03-29,sz.002007,华兰生物
2021-03-31,2021-03-29,sz.002008,大族激光
2021-03-31,2021-03-29,sz.002024,苏宁易购
2021-03-31,2021-03-29,sz.002027,分众传媒
2021-03-31,2021-03-29,sz.002032,苏泊尔
2021-03-31,2021-03-29,sz.002044,美年健康
2021-03-31,2021-03-29,sz.002049,紫光国微
2021-03-31,2021-03-29,sz.002050,三花智控
2021-03-31,2021-03-29,sz.002120,韵达股份
2021-03-31,2021-03-29,sz.002129,中环股份
2021-03-31,2021-03-29,sz.002142,宁波银行
2021-03-31,2021-03-29,sz.002146,荣盛发展
2021-03-31,2021-03-29,sz.002153,石基信息
2021-03-31,2021-03-29,sz.002157,正邦科技
2021-03-31,2021-03-29,sz.002179,中航光电
2021-03-31,2021-03-29,sz.002202,金风科技
2021-03-31,2021-03-29,sz.002230,科大讯飞
2021-03-31,2021-03-29,sz.002236,大华股份
2021-03-31,2021-03-29,sz.002241,歌尔股份
2021-03-31,2021-03-29,sz.002252,上海莱士
2021-03-31,2021-03-29,sz.002271,东方雨虹
2021-03-31,2021-03-29,sz.002304,洋河股份
2021-03-31,2021-03-29,sz.002311,海大集团
2021-03-31,2021-03-29,sz.002352,顺丰控股
2021-03-31,2021-03-29,sz.002371,北方华创
2021-03-31,2021-03-29,sz.002384,东山精密
2021-03-31,2021-03-29,sz.002410,广联达
2021-03-31,2021-03-29,sz.002414,高德红外
2021-03-31,2021-03-29,sz.002415,海康威视
2021-03-31,2021-03-29,sz.002422,科伦药业
2021-03-31,2021-03-29,sz.002456,欧菲光
2021-03-31,2021-03-29,sz.002460,赣锋锂业
2021-03-31,2021-03-29,sz.002463,沪电股份
2021-03-31,2021-03-29,sz.002475,立讯精密
2021-03-31,2021-03-29,sz.002493,荣盛石化
2021-03-31,2021-03-29,sz.002508,老板电器
2021-03-31,2021-03-29,sz.002555,三七互娱
2021-03-31,2021-03-29,sz.002558,巨人网络
2021-03-31,2021-03-29,sz.002594,比亚迪
2021-03-31,2021-03-29,sz.002600,领益智造
2021-03-31,2021-03-29,sz.002601,龙蟒佰利
2021-03-31,2021-03-29,sz.002602,世纪华通
2021-03-31,2021-03-29,sz.002607,中公教育
2021-03-31,2021-03-29,sz.002624,完美世界
2021-03-31,2021-03-29,sz.002673,西部证券
2021-03-31,2021-03-29,sz.002714,牧原股份
2021-03-31,2021-03-29,sz.002736,国信证券
2021-03-31,2021-03-29,sz.002739,万达电影
2021-03-31,2021-03-29,sz.002773,康弘药业
2021-03-31,2021-03-29,sz.002812,恩捷股份
2021-03-31,2021-03-29,sz.002821,凯莱英
2021-03-31,2021-03-29,sz.002841,视源股份
2021-03-31,2021-03-29,sz.002916,深南电路
2021-03-31,2021-03-29,sz.002938,鹏鼎控股
2021-03-31,2021-03-29,sz.002939,长城证券
2021-03-31,2021-03-29,sz.002945,华林证券
2021-03-31,2021-03-29,sz.002958,青农商行
2021-03-31,2021-03-29,sz.003816,中国广核
2021-03-31,2021-03-29,sz.300003,乐普医疗
2021-03-31,2021-03-29,sz.300014,亿纬锂能
2021-03-31,2021-03-29,sz.300015,爱尔眼科
2021-03-31,2021-03-29,sz.300033,同花顺
2021-03-31,2021-03-29,sz.300059,东方财富
2021-03-31,2021-03-29,sz.300122,智飞生物
2021-03-31,2021-03-29,sz.300124,汇川技术
2021-03-31,2021-03-29,sz.300136,信维通信
2021-03-31,2021-03-29,sz.300142,沃森生物
2021-03-31,2021-03-29,sz.300144,宋城演艺
2021-03-31,2021-03-29,sz.300347,泰格医药
2021-03-31,2021-03-29,sz.300408,三环集团
2021-03-31,2021-03-29,sz.300413,芒果超媒
2021-03-31,2021-03-29,sz.300433,蓝思科技
2021-03-31,2021-03-29,sz.300498,温氏股份
2021-03-31,2021-03-29,sz.300529,健帆生物
2021-03-31,2021-03-29,sz.300601,康泰生物
2021-03-31,2021-03-29,sz.300628,亿联网络
2021-03-31,2021-03-29,sz.300676,华大基因
2021-04-30,2021-04-26,sh.600000,浦发银行
2021-04-30,2021-04-26,sh.600004,白云机场
2021-04-30,2021-04-26,sh.600009,上海机场
2021-04-30,2021-04-26,sh.600010,包钢股份
2021-04-30,2021-04-26,sh.600011,华能国际
2021-04-30,2021-04-26,sh.600015,华夏银行
2021-04-30,2021-04-26,sh.600016,民生银行
2021-04-30,2021-04-26,sh.600018,上港集团
2021-04-30,2021-04-26,sh.600019,宝钢股份
2021-04-30,2021-04-26,sh.600025,华能水电
2021-04-30,2021-04-26,sh.600027,华电国际
2021-04-30,2021-04-26,sh.600028,中国石化
2021-04-30,2021-04-26,sh.600029,南方航空
2021-04-30,2021-04-26,sh.600030,中信证券
2021-04-30,2021-04-26,sh.600031,三一重工
2021-04-30,2021-04-26,sh.600036,招商银行
2021-04-30,2021-04-26,sh.600048,保利地产
2021-04-30,2021-04-26,sh.600050,中国联通
2021-04-30,2021-04-26,sh.600061,国投资本
2021-04-30,2021-04-26,sh.600066,宇通客车
2021-04-30,2021-04-26,sh.600068,葛洲坝
2021-04-30,2021-04-26,sh.600085,同仁堂
2021-04-30,2021-04-26,sh.600104,上汽集团
2021-04-30,2021-04-26,sh.600109,国金证券
2021-04-30,2021-04-26,sh.600111,北方稀土
2021-04-30,2021-04-26,sh.600115,东方航空
2021-04-30,2021-04-26,sh.600118,中国卫星
2021-04-30,2021-04-26,sh.600150,中国船舶
2021-04-30,2021-04-26,sh.600161,天坛生物
2021-04-30,2021-04-26,sh.600176,中国巨石
2021-04-30,2021-04-26,sh.600177,雅戈尔
2021-04-30,2021-04-26,sh.600183,生益科技
2021-04-30,2021-04-26,sh.600196,复星医药
2021-04-30,2021-04-26,sh.600208,新湖中宝
2021-04-30,2021-04-26,sh.600233,圆通速递
2021-04-30,2021-04-26,sh.600271,航天信息
2021-04-30,2021-04-26,sh.600276,恒瑞医药
2021-04-30,2021-04-26,sh.600297,广汇汽车
2021-04-30,2021-04-26,sh.600299,安迪苏
2021-04-30,2021-04-26,sh.600309,万华化学
2021-04-30,2021-04-26,sh.600332,白云山
2021-04-30,2021-04-26,sh.600340,华夏幸福
2021-04-30,2021-04-26,sh.600346,恒力石化
2021-04-30,2021-04-26,sh.600352,浙江龙盛
2021-04-30,2021-04-26,sh.600362,江西铜业
2021-04-30,2021-04-26,sh.600369,西南证券
2021-04-30,2021-04-26,sh.600383,金地集团
2021-04-30,2021-04-26,sh.600390,五矿资本
2021-04-30,2021-04-26,sh.600406,国电南瑞
2021-04-30,2021-04-26,sh.600436,片仔癀
2021-04-30,2021-04-26,sh.600438,通威股份
2021-04-30,2021-04-26,sh.600482,中国动力
2021-04-30,2021-04-26,sh.600487,亨通光电
2021-04-30,2021-04-26,sh.600489,中金黄金
2021-04-30,2021-04-26,sh.600498,烽火通信
2021-04-30,2021-04-26,sh.600519,贵州茅台
2021-04-30,2021-04-26,sh.600522,中天科技
2021-04-30,2021-04-26,sh.600547,山东黄金
2021-04-30,2021-04-26,sh.600570,恒生电子
2021-04-30,2021-04-26,sh.600584,长电科技
2021-04-30,2021-04-26,sh.600585,海螺水泥
2021-04-30,2021-04-26,sh.600588,用友网络
2021-04-30,2021-04-26,sh.600600,青岛啤酒
2021-04-30,2021-04-26,sh.600606,绿地控股
2021-04-30,2021-04-26,sh.600637,东方明珠
2021-04-30,2021-04-26,sh.600655,豫园股份
2021-04-30,2021-04-26,sh.600660,福耀玻璃
2021-04-30,2021-04-26,sh.600690,海尔智家
2021-04-30,2021-04-26,sh.600703,三安光电
2021-04-30,2021-04-26,sh.600705,中航资本
2021-04-30,2021-04-26,sh.600741,华域汽车
2021-04-30,2021-04-26,sh.600745,闻泰科技
2021-04-30,2021-04-26,sh.600760,中航沈飞
2021-04-30,2021-04-26,sh.600763,通策医疗
2021-04-30,2021-04-26,sh.600795,国电电力
2021-04-30,2021-04-26,sh.600809,山西汾酒
2021-04-30,2021-04-26,sh.600837,海通证券
2021-04-30,2021-04-26,sh.600845,宝信软件
2021-04-30,2021-04-26,sh.600848,上海临港
2021-04-30,2021-04-26,sh.600872,中炬高新
2021-04-30,2021-04-26,sh.600886,国投电力
2021-04-30,2021-04-26,sh.600887,伊利股份
2021-04-30,2021-04-26,sh.600893,航发动力
2021-04-30,2021-04-26,sh.600900,长江电力
2021-04-30,2021-04-26,sh.600918,中泰证券
2021-04-30,2021-04-26,sh.600919,江苏银行
2021-04-30,2021-04-26,sh.600926,杭州银行
2021-04-30,2021-04-26,sh.600958,东方证券
2021-04-30,2021-04-26,sh.600989,宝丰能源
2021-04-30,2021-04-26,sh.600998,九州通
2021-04-30,2021-04-26,sh.600999,招商证券
2021-04-30,2021-04-26,sh.601006,大秦铁路
2021-04-30,2021-04-26,sh.601009,南京银行
2021-04-30,2021-04-26,sh.601012,隆基股份
2021-04-30,2021-04-26,sh.601021,春秋航空
2021-04-30,2021-04-26,sh.601066,中信建投
2021-04-30,2021-04-26,sh.601077,渝农商行
2021-04-30,2021-04-26,sh.601088,中国神华
2021-04-30,2021-04-26,sh.601100,恒立液压
2021-04-30,2021-04-26,sh.601108,财通证券
2021-04-30,2021-04-26,sh.601111,中国国航
2021-04-30,2021-04-26,sh.601117,中国化学
2021-04-30,2021-04-26,sh.601138,工业富联
2021-04-30,2021-04-26,sh.601155,新城控股
2021-04-30,2021-04-26,sh.601162,天风证券
2021-04-30,2021-04-26,sh.601166,兴业银行
2021-04-30,2021-04-26,sh.601169,北京银行
2021-04-30,2021-04-26,sh.601186,中国铁建
2021-04-30,2021-04-26,sh.601198,东兴证券
2021-04-30,2021-04-26,sh.601211,国泰君安
2021-04-30,2021-04-26,sh.601216,君正集团
2021-04-30,2021-04-26,sh.601225,陕西煤业
2021-04-30,2021-04-26,sh.601229,上海银行
2021-04-30,2021-04-26,sh.601231,环旭电子
2021-04-30,2021-04-26,sh.601236,红塔证券
2021-04-30,2021-04-26,sh.601238,广汽集团
2021-04-30,2021-04-26,sh.601288,农业银行
2021-04-30,2021-04-26,sh.601318,中国平安
2021-04-30,2021-04-26,sh.601319,中国人保
2021-04-30,2021-04-26,sh.601328,交通银行
2021-04-30,2021-04-26,sh.601336,新华保险
2021-04-30,2021-04-26,sh.601360,三六零
2021-04-30,2021-04-26,sh.601377,兴业证券
2021-04-30,2021-04-26,sh.601390,中国中铁
2021-04-30,2021-04-26,sh.601398,工商银行
2021-04-30,2021-04-26,sh.601555,东吴证券
2021-04-30,2021-04-26,sh.601577,长沙银行
2021-04-30,2021-04-26,sh.601600,中国铝业
2021-04-30,2021-04-26,sh.601601,中国太保
2021-04-30,2021-04-26,sh.601607,上海医药
2021-04-30,2021-04-26,sh.601618,中国中冶
2021-04-30,2021-04-26,sh.601628,中国人寿
2021-04-30,2021-04-26,sh.601633,长城汽车
2021-04-30,2021-04-26,sh.601658,邮储银行
2021-04-30,2021-04-26,sh.601668,中国建筑
2021-04-30,2021-04-26,sh.601669,中国电建
2021-04-30,2021-04-26,sh.601688,华泰证券
2021-04-30,2021-04-26,sh.601696,中银证券
2021-04-30,2021-04-26,sh.601698,中国卫通
2021-04-30,2021-04-26,sh.601727,上海电气
2021-04-30,2021-04-26,sh.601766,中国中车
2021-04-30,2021-04-26,sh.601788,光大证券
2021-04-30,2021-04-26,sh.601800,中国交建
2021-04-30,2021-04-26,sh.601808,中海油服
2021-04-30,2021-04-26,sh.601816,京沪高铁
2021-04-30,2021-04-26,sh.601818,光大银行
2021-04-30,2021-04-26,sh.601838,成都银行
2021-04-30,2021-04-26,sh.601857,中国石油
2021-04-30,2021-04-26,sh.601872,招商轮船
2021-04-30,2021-04-26,sh.601877,正泰电器
2021-04-30,2021-04-26,sh.601878,浙商证券
2021-04-30,2021-04-26,sh.601881,中国银河
2021-04-30,2021-04-26,sh.601888,中国中免
2021-04-30,2021-04-26,sh.601899,紫金矿业
2021-04-30,2021-04-26,sh.601901,方正证券
2021-04-30,2021-04-26,sh.601916,浙商银行
2021-04-30,2021-04-26,sh.601919,中远海控
2021-04-30,2021-04-26,sh.601933,永辉超市
2021-04-30,2021-04-26,sh.601939,建设银行
2021-04-30,2021-04-26,sh.601985,中国核电
2021-04-30,2021-04-26,sh.601988,中国银行
2021-04-30,2021-04-26,sh.601989,中国重工
2021-04-30,2021-04-26,sh.601990,南京证券
2021-04-30,2021-04-26,sh.601998,中信银行
2021-04-30,2021-04-26,sh.603019,中科曙光
2021-04-30,2021-04-26,sh.603087,甘李药业
2021-04-30,2021-04-26,sh.603156,养元饮品
2021-04-30,2021-04-26,sh.603160,汇顶科技
2021-04-30,2021-04-26,sh.603195,公牛集团
2021-04-30,2021-04-26,sh.603259,药明康德
2021-04-30,2021-04-26,sh.603288,海天味业
2021-04-30,2021-04-26,sh.603369,今世缘
2021-04-30,2021-04-26,sh.603392,万泰生物
2021-04-30,2021-04-26,sh.603501,韦尔股份
2021-04-30,2021-04-26,sh.603658,安图生物
2021-04-30,2021-04-26,sh.603799,华友钴业
2021-04-30,2021-04-26,sh.603833,欧派家居
2021-04-30,2021-04-26,sh.603899,晨光文具
2021-04-30,2021-04-26,sh.603986,兆易创新
2021-04-30,2021-04-26,sh.603993,洛阳钼业
2021-04-30,2021-04-26,sh.688008,澜起科技
2021-04-30,2021-04-26,sh.688009,中国通号
2021-04-30,2021-04-26,sh.688012,中微公司
2021-04-30,2021-04-26,sh.688036,传音控股
2021-04-30,2021-04-26,sz.000001,平安银行
2021-04-30,2021-04-26,sz.000002,万科A
2021-04-30,2021-04-26,sz.000063,中兴通讯
2021-04-30,2021-04-26,sz.000066,中国长城
2021-04-30,2021-04-26,sz.000069,华侨城A
2021-04-30,2021-04-26,sz.000100,TCL科技
2021-04-30,2021-04-26,sz.000157,中联重科
2021-04-30,2021-04-26,sz.000166,申万宏源
2021-04-30,2021-04-26,sz.000333,美的集团
2021-04-30,2021-04-26,sz.000338,潍柴动力
2021-04-30,2021-04-26,sz.000425,徐工机械
2021-04-30,2021-04-26,sz.000538,云南白药
2021-04-30,2021-04-26,sz.000568,泸州老窖
2021-04-30,2021-04-26,sz.000596,古井贡酒
2021-04-30,2021-04-26,sz.000625,长安汽车
2021-04-30,2021-04-26,sz.000627,天茂集团
2021-04-30,2021-04-26,sz.000651,格力电器
2021-04-30,2021-04-26,sz.000656,金科股份
2021-04-30,2021-04-26,sz.000661,长春高新
2021-04-30,2021-04-26,sz.000671,阳光城
2021-04-30,2021-04-26,sz.000703,恒逸石化
2021-04-30,2021-04-26,sz.000708,中信特钢
2021-04-30,2021-04-26,sz.000723,美锦能源
2021-04-30,2021-04-26,sz.000725,京东方A
2021-04-30,2021-04-26,sz.000728,国元证券
2021-04-30,2021-04-26,sz.000768,中航西飞
2021-04-30,2021-04-26,sz.000776,广发证券
2021-04-30,2021-04-26,sz.000783,长江证券
2021-04-30,2021-04-26,sz.000786,北新建材
2021-04-30,2021-04-26,sz.000858,五粮液
2021-04-30,2021-04-26,sz.000860,顺鑫农业
2021-04-30,2021-04-26,sz.000876,新希望
2021-04-30,2021-04-26,sz.000895,双汇发展
2021-04-30,2021-04-26,sz.000938,紫光股份
2021-04-30,2021-04-26,sz.000961,中南建设
2021-04-30,2021-04-26,sz.000963,华东医药
2021-04-30,2021-04-26,sz.000977,浪潮信息
2021-04-30,2021-04-26,sz.001979,招商蛇口
2021-04-30,2021-04-26,sz.002001,新和成
2021-04-30,2021-04-26,sz.002007,华兰生物
2021-04-30,2021-04-26,sz.002008,大族激光
2021-04-30,2021-04-26,sz.002024,苏宁易购
2021-04-30,2021-04-26,sz.002027,分众传媒
2021-04-30,2021-04-26,sz.002032,苏泊尔
2021-04-30,2021-04-26,sz.002044,美年健康
2021-04-30,2021-04-26,sz.002049,紫光国微
2021-04-30,2021-04-26,sz.002050,三花智控
2021-04-30,2021-04-26,sz.002120,韵达股份
2021-04-30,2021-04-26,sz.002129,中环股份
2021-04-30,2021-04-26,sz.002142,宁波银行
2021-04-30,2021-04-26,sz.002146,荣盛发展
2021-04-30,2021-04-26,sz.002153,石基信息
2021-04-30,2021-04-26,sz.002157,正邦科技
2021-04-30,2021-04-26,sz.002179,中航光电
2021-04-30,2021-04-26,sz.002202,金风科技
2021-04-30,2021-04-26,sz.002230,科大讯飞
2021-04-30,2021-04-26,sz.002236,大华股份
2021-04-30,2021-04-26,sz.002241,歌尔股份
2021-04-30,2021-04-26,sz.002252,上海莱士
2021-04-30,2021-04-26,sz.002271,东方雨虹
2021-04-30,2021-04-26,sz.002304,洋河股份
2021-04-30,2021-04-26,sz.002311,海大集团
2021-04-30,2021-04-26,sz.002352,顺丰控股
2021-04-30,2021-04-26,sz.002371,北方华创
2021-04-30,2021-04-26,sz.002384,东山精密
2021-04-30,2021-04-26,sz.002410,广联达
2021-04-30,2021-04-26,sz.002414,高德红外
2021-04-30,2021-04-26,sz.002415,海康威视
2021-04-30,2021-04-26,sz.002422,科伦药业
2021-04-30,2021-04-26,sz.002456,欧菲光
2021-04-30,2021-04-26,sz.002460,赣锋锂业
2021-04-30,2021-04-26,sz.002463,沪电股份
2021-04-30,2021-04-26,sz.002475,立讯精密
2021-04-30,2021-04-26,sz.002493,荣盛石化
2021-04-30,2021-04-26,sz.002508,老板电器
2021-04-30,2021-04-26,sz.002555,三七互娱
2021-04-30,2021-04-26,sz.002558,巨人网络
2021-04-30,2021-04-26,sz.002594,比亚迪
2021-04-30,2021-04-26,sz.002600,领益智造
2021-04-30,2021-04-26,sz.002601,龙蟒佰利
2021-04-30,2021-04-26,sz.002602,世纪华通
2021-04-30,2021-04-26,sz.002607,中公教育
2021-04-30,2021-04-26,sz.002624,完美世界
2021-04-30,2021-04-26,sz.002673,西部证券
2021-04-30,2021-04-26,sz.002714,牧原股份
2021-04-30,2021-04-26,sz.002736,国信证券
2021-04-30,2021-04-26,sz.002739,万达电影
2021-04-30,2021-04-26,sz.002773,康弘药业
2021-04-30,2021-04-26,sz.002812,恩捷股份
2021-04-30,2021-04-26,sz.002821,凯莱英
2021-04-30,2021-04-26,sz.002841,视源股份
2021-04-30,2021-04-26,sz.002916,深南电路
2021-04-30,2021-04-26,sz.002938,鹏鼎控股
2021-04-30,2021-04-26,sz.002939,长城证券
2021-04-30,2021-04-26,sz.002945,华林证券
2021-04-30,2021-04-26,sz.002958,青农商行
2021-04-30,2021-04-26,sz.003816,中国广核
2021-04-30,2021-04-26,sz.300003,乐普医疗
2021-04-30,2021-04-26,sz.300014,亿纬锂能
2021-04-30,2021-04-26,sz.300015,爱尔眼科
2021-04-30,2021-04-26,sz.300033,同花顺
2021-04-30,2021-04-26,sz.300059,东方财富
2021-04-30,2021-04-26,sz.300122,智飞生物
2021-04-30,2021-04-26,sz.300124,汇川技术
2021-04-30,2021-04-26,sz.300136,信维通信
2021-04-30,2021-04-26,sz.300142,沃森生物
2021-04-30,2021-04-26,sz.300144,宋城演艺
2021-04-30,2021-04-26,sz.300347,泰格医药
2021-04-30,2021-04-26,sz.300408,三环集团
2021-04-30,2021-04-26,sz.300413,芒果超媒
2021-04-30,2021-04-26,sz.300433,蓝思科技
2021-04-30,2021-04-26,sz.300498,温氏股份
2021-04-30,2021-04-26,sz.300529,健帆生物
2021-04-30,2021-04-26,sz.300601,康泰生物
2021-04-30,2021-04-26,sz.300628,亿联网络
2021-04-30,2021-04-26,sz.300676,华大基因
2021-05-31,2021-05-31,sh.600000,浦发银行
2021-05-31,2021-05-31,sh.600004,白云机场
2021-05-31,2021-05-31,sh.600009,上海机场
2021-05-31,2021-05-31,sh.600010,包钢股份
2021-05-31,2021-05-31,sh.600011,华能国际
2021-05-31,2021-05-31,sh.600015,华夏银行
2021-05-31,2021-05-31,sh.600016,民生银行
2021-05-31,2021-05-31,sh.600018,上港集团
2021-05-31,2021-05-31,sh.600019,宝钢股份
2021-05-31,2021-05-31,sh.600025,华能水电
2021-05-31,2021-05-31,sh.600027,华电国际
2021-05-31,2021-05-31,sh.600028,中国石化
2021-05-31,2021-05-31,sh.600029,南方航空
2021-05-31,2021-05-31,sh.600030,中信证券
2021-05-31,2021-05-31,sh.600031,三一重工
2021-05-31,2021-05-31,sh.600036,招商银行
2021-05-31,2021-05-31,sh.600048,保利地产
2021-05-31,2021-05-31,sh.600050,中国联通
2021-05-31,2021-05-31,sh.600061,国投资本
2021-05-31,2021-05-31,sh.600066,宇通客车
2021-05-31,2021-05-31,sh.600068,葛洲坝
2021-05-31,2021-05-31,sh.600085,同仁堂
2021-05-31,2021-05-31,sh.600104,上汽集团
2021-05-31,2021-05-31,sh.600109,国金证券
2021-05-31,2021-05-31,sh.600111,北方稀土
2021-05-31,2021-05-31,sh.600115,东方航空
2021-05-31,2021-05-31,sh.600118,中国卫星
2021-05-31,2021-05-31,sh.600150,中国船舶
2021-05-31,2021-05-31,sh.600161,天坛生物
2021-05-31,2021-05-31,sh.600176,中国巨石
2021-05-31,2021-05-31,sh.600177,雅戈尔
2021-05-31,2021-05-31,sh.600183,生益科技
2021-05-31,2021-05-31,sh.600196,复星医药
2021-05-31,2021-05-31,sh.600208,新湖中宝
2021-05-31,2021-05-31,sh.600233,圆通速递
2021-05-31,2021-05-31,sh.600271,航天信息
2021-05-31,2021-05-31,sh.600276,恒瑞医药
2021-05-31,2021-05-31,sh.600297,广汇汽车
2021-05-31,2021-05-31,sh.600299,安迪苏
2021-05-31,2021-05-31,sh.600309,万华化学
2021-05-31,2021-05-31,sh.600332,白云山
2021-05-31,2021-05-31,sh.600340,华夏幸福
2021-05-31,2021-05-31,sh.600346,恒力石化
2021-05-31,2021-05-31,sh.600352,浙江龙盛
2021-05-31,2021-05-31,sh.600362,江西铜业
2021-05-31,2021-05-31,sh.600369,西南证券
2021-05-31,2021-05-31,sh.600383,金地集团
2021-05-31,2021-05-31,sh.600390,五矿资本
2021-05-31,2021-05-31,sh.600406,国电南瑞
2021-05-31,2021-05-31,sh.600436,片仔癀
2021-05-31,2021-05-31,sh.600438,通威股份
2021-05-31,2021-05-31,sh.600482,中国动力
2021-05-31,2021-05-31,sh.600487,亨通光电
2021-05-31,2021-05-31,sh.600489,中金黄金
2021-05-31,2021-05-31,sh.600498,烽火通信
2021-05-31,2021-05-31,sh.600519,贵州茅台
2021-05-31,2021-05-31,sh.600522,中天科技
2021-05-31,2021-05-31,sh.600547,山东黄金
2021-05-31,2021-05-31,sh.600570,恒生电子
2021-05-31,2021-05-31,sh.600584,长电科技
2021-05-31,2021-05-31,sh.600585,海螺水泥
2021-05-31,2021-05-31,sh.600588,用友网络
2021-05-31,2021-05-31,sh.600600,青岛啤酒
2021-05-31,2021-05-31,sh.600606,绿地控股
2021-05-31,2021-05-31,sh.600637,东方明珠
2021-05-31,2021-05-31,sh.600655,豫园股份
2021-05-31,2021-05-31,sh.600660,福耀玻璃
2021-05-31,2021-05-31,sh.600690,海尔智家
2021-05-31,2021-05-31,sh.600703,三安光电
2021-05-31,2021-05-31,sh.600705,中航资本
2021-05-31,2021-05-31,sh.600741,华域汽车
2021-05-31,2021-05-31,sh.600745,闻泰科技
2021-05-31,2021-05-31,sh.600760,中航沈飞
2021-05-31,2021-05-31,sh.600763,通策医疗
2021-05-31,2021-05-31,sh.600795,国电电力
2021-05-31,2021-05-31,sh.600809,山西汾酒
2021-05-31,2021-05-31,sh.600837,海通证券
2021-05-31,2021-05-31,sh.600845,宝信软件
2021-05-31,2021-05-31,sh.600848,上海临港
2021-05-31,2021-05-31,sh.600872,中炬高新
2021-05-31,2021-05-31,sh.600886,国投电力
2021-05-31,2021-05-31,sh.600887,伊利股份
2021-05-31,2021-05-31,sh.600893,航发动力
2021-05-31,2021-05-31,sh.600900,长江电力
2021-05-31,2021-05-31,sh.600918,中泰证券
2021-05-31,2021-05-31,sh.600919,江苏银行
2021-05-31,2021-05-31,sh.600926,杭州银行
2021-05-31,2021-05-31,sh.600958,东方证券
2021-05-31,2021-05-31,sh.600989,宝丰能源
2021-05-31,2021-05-31,sh.600998,九州通
2021-05-31,2021-05-31,sh.600999,招商证券
2021-05-31,2021-05-31,sh.601006,大秦铁路
2021-05-31,2021-05-31,sh.601009,南京银行
2021-05-31,2021-05-31,sh.601012,隆基股份
2021-05-31,2021-05-31,sh.601021,春秋航空
2021-05-31,2021-05-31,sh.601066,中信建投
2021-05-31,2021-05-31,sh.601077,渝农商行
2021-05-31,2021-05-31,sh.601088,中国神华
2021-05-31,2021-05-31,sh.601100,恒立液压
2021-05-31,2021-05-31,sh.601108,财通证券
2021-05-31,2021-05-31,sh.601111,中国国航
2021-05-31,2021-05-31,sh.601117,中国化学
2021-05-31,2021-05-31,sh.601138,工业富联
2021-05-31,2021-05-31,sh.601155,新城控股
2021-05-31,2021-05-31,sh.601162,天风证券
2021-05-31,2021-05-31,sh.601166,兴业银行
2021-05-31,2021-05-31,sh.601169,北京银行
2021-05-31,2021-05-31,sh.601186,中国铁建
2021-05-31,2021-05-31,sh.601198,东兴证券
2021-05-31,2021-05-31,sh.601211,国泰君安
2021-05-31,2021-05-31,sh.601216,君正集团
2021-05-31,2021-05-31,sh.601225,陕西煤业
2021-05-31,2021-05-31,sh.601229,上海银行
2021-05-31,2021-05-31,sh.601231,环旭电子
2021-05-31,2021-05-31,sh.601236,红塔证券
2021-05-31,2021-05-31,sh.601238,广汽集团
2021-05-31,2021-05-31,sh.601288,农业银行
2021-05-31,2021-05-31,sh.601318,中国平安
2021-05-31,2021-05-31,sh.601319,中国人保
2021-05-31,2021-05-31,sh.601328,交通银行
2021-05-31,2021-05-31,sh.601336,新华保险
2021-05-31,2021-05-31,sh.601360,三六零
2021-05-31,2021-05-31,sh.601377,兴业证券
2021-05-31,2021-05-31,sh.601390,中国中铁
2021-05-31,2021-05-31,sh.601398,工商银行
2021-05-31,2021-05-31,sh.601555,东吴证券
2021-05-31,2021-05-31,sh.601577,长沙银行
2021-05-31,2021-05-31,sh.601600,中国铝业
2021-05-31,2021-05-31,sh.601601,中国太保
2021-05-31,2021-05-31,sh.601607,上海医药
2021-05-31,2021-05-31,sh.601618,中国中冶
2021-05-31,2021-05-31,sh.601628,中国人寿
2021-05-31,2021-05-31,sh.601633,长城汽车
2021-05-31,2021-05-31,sh.601658,邮储银行
2021-05-31,2021-05-31,sh.601668,中国建筑
2021-05-31,2021-05-31,sh.601669,中国电建
2021-05-31,2021-05-31,sh.601688,华泰证券
2021-05-31,2021-05-31,sh.601696,中银证券
2021-05-31,2021-05-31,sh.601698,中国卫通
2021-05-31,2021-05-31,sh.601727,上海电气
2021-05-31,2021-05-31,sh.601766,中国中车
2021-05-31,2021-05-31,sh.601788,光大证券
2021-05-31,2021-05-31,sh.601800,中国交建
2021-05-31,2021-05-31,sh.601808,中海油服
2021-05-31,2021-05-31,sh.601816,京沪高铁
2021-05-31,2021-05-31,sh.601818,光大银行
2021-05-31,2021-05-31,sh.601838,成都银行
2021-05-31,2021-05-31,sh.601857,中国石油
2021-05-31,2021-05-31,sh.601872,招商轮船
2021-05-31,2021-05-31,sh.601877,正泰电器
2021-05-31,2021-05-31,sh.601878,浙商证券
2021-05-31,2021-05-31,sh.601881,中国银河
2021-05-31,2021-05-31,sh.601888,中国中免
2021-05-31,2021-05-31,sh.601899,紫金矿业
2021-05-31,2021-05-31,sh.601901,方正证券
2021-05-31,2021-05-31,sh.601916,浙商银行
2021-05-31,2021-05-31,sh.601919,中远海控
2021-05-31,2021-05-31,sh.601933,永辉超市
2021-05-31,2021-05-31,sh.601939,建设银行
2021-05-31,2021-05-31,sh.601985,中国核电
2021-05-31,2021-05-31,sh.601988,中国银行
2021-05-31,2021-05-31,sh.601989,中国重工
2021-05-31,2021-05-31,sh.601990,南京证券
2021-05-31,2021-05-31,sh.601998,中信银行
2021-05-31,2021-05-31,sh.603019,中科曙光
2021-05-31,2021-05-31,sh.603087,甘李药业
2021-05-31,2021-05-31,sh.603156,养元饮品
2021-05-31,2021-05-31,sh.603160,汇顶科技
2021-05-31,2021-05-31,sh.603195,公牛集团
2021-05-31,2021-05-31,sh.603259,药明康德
2021-05-31,2021-05-31,sh.603288,海天味业
2021-05-31,2021-05-31,sh.603369,今世缘
2021-05-31,2021-05-31,sh.603392,万泰生物
2021-05-31,2021-05-31,sh.603501,韦尔股份
2021-05-31,2021-05-31,sh.603658,安图生物
2021-05-31,2021-05-31,sh.603799,华友钴业
2021-05-31,2021-05-31,sh.603833,欧派家居
2021-05-31,2021-05-31,sh.603899,晨光文具
2021-05-31,2021-05-31,sh.603986,兆易创新
2021-05-31,2021-05-31,sh.603993,洛阳钼业
2021-05-31,2021-05-31,sh.688008,澜起科技
2021-05-31,2021-05-31,sh.688009,中国通号
2021-05-31,2021-05-31,sh.688012,中微公司
2021-05-31,2021-05-31,sh.688036,传音控股
2021-05-31,2021-05-31,sz.000001,平安银行
2021-05-31,2021-05-31,sz.000002,万科A
2021-05-31,2021-05-31,sz.000063,中兴通讯
2021-05-31,2021-05-31,sz.000066,中国长城
2021-05-31,2021-05-31,sz.000069,华侨城A
2021-05-31,2021-05-31,sz.000100,TCL科技
2021-05-31,2021-05-31,sz.000157,中联重科
2021-05-31,2021-05-31,sz.000166,申万宏源
2021-05-31,2021-05-31,sz.000333,美的集团
2021-05-31,2021-05-31,sz.000338,潍柴动力
2021-05-31,2021-05-31,sz.000425,徐工机械
2021-05-31,2021-05-31,sz.000538,云南白药
2021-05-31,2021-05-31,sz.000568,泸州老窖
2021-05-31,2021-05-31,sz.000596,古井贡酒
2021-05-31,2021-05-31,sz.000625,长安汽车
2021-05-31,2021-05-31,sz.000627,天茂集团
2021-05-31,2021-05-31,sz.000651,格力电器
2021-05-31,2021-05-31,sz.000656,金科股份
2021-05-31,2021-05-31,sz.000661,长春高新
2021-05-31,2021-05-31,sz.000671,阳光城
2021-05-31,2021-05-31,sz.000703,恒逸石化
2021-05-31,2021-05-31,sz.000708,中信特钢
2021-05-31,2021-05-31,sz.000723,美锦能源
2021-05-31,2021-05-31,sz.000725,京东方A
2021-05-31,2021-05-31,sz.000728,国元证券
2021-05-31,2021-05-31,sz.000768,中航西飞
2021-05-31,2021-05-31,sz.000776,广发证券
2021-05-31,2021-05-31,sz.000783,长江证券
2021-05-31,2021-05-31,sz.000786,北新建材
2021-05-31,2021-05-31,sz.000858,五粮液
2021-05-31,2021-05-31,sz.000860,顺鑫农业
2021-05-31,2021-05-31,sz.000876,新希望
2021-05-31,2021-05-31,sz.000895,双汇发展
2021-05-31,2021-05-31,sz.000938,紫光股份
2021-05-31,2021-05-31,sz.000961,中南建设
2021-05-31,2021-05-31,sz.000963,华东医药
2021-05-31,2021-05-31,sz.000977,浪潮信息
2021-05-31,2021-05-31,sz.001979,招商蛇口
2021-05-31,2021-05-31,sz.002001,新和成
2021-05-31,2021-05-31,sz.002007,华兰生物
2021-05-31,2021-05-31,sz.002008,大族激光
2021-05-31,2021-05-31,sz.002024,苏宁易购
2021-05-31,2021-05-31,sz.002027,分众传媒
2021-05-31,2021-05-31,sz.002032,苏泊尔
2021-05-31,2021-05-31,sz.002044,美年健康
2021-05-31,2021-05-31,sz.002049,紫光国微
2021-05-31,2021-05-31,sz.002050,三花智控
2021-05-31,2021-05-31,sz.002120,韵达股份
2021-05-31,2021-05-31,sz.002129,中环股份
2021-05-31,2021-05-31,sz.002142,宁波银行
2021-05-31,2021-05-31,sz.002146,荣盛发展
2021-05-31,2021-05-31,sz.002153,石基信息
2021-05-31,2021-05-31,sz.002157,正邦科技
2021-05-31,2021-05-31,sz.002179,中航光电
2021-05-31,2021-05-31,sz.002202,金风科技
2021-05-31,2021-05-31,sz.002230,科大讯飞
2021-05-31,2021-05-31,sz.002236,大华股份
2021-05-31,2021-05-31,sz.002241,歌尔股份
2021-05-31,2021-05-31,sz.002252,上海莱士
2021-05-31,2021-05-31,sz.002271,东方雨虹
2021-05-31,2021-05-31,sz.002304,洋河股份
2021-05-31,2021-05-31,sz.002311,海大集团
2021-05-31,2021-05-31,sz.002352,顺丰控股
2021-05-31,2021-05-31,sz.002371,北方华创
2021-05-31,2021-05-31,sz.002384,东山精密
2021-05-31,2021-05-31,sz.002410,广联达
2021-05-31,2021-05-31,sz.002414,高德红外
2021-05-31,2021-05-31,sz.002415,海康威视
2021-05-31,2021-05-31,sz.002422,科伦药业
2021-05-31,2021-05-31,sz.002456,欧菲光
2021-05-31,2021-05-31,sz.002460,赣锋锂业
2021-05-31,2021-05-31,sz.002463,沪电股份
2021-05-31,2021-05-31,sz.002475,立讯精密
2021-05-31,2021-05-31,sz.002493,荣盛石化
2021-05-31,2021-05-31,sz.002508,老板电器
2021-05-31,2021-05-31,sz.002555,三七互娱
2021-05-31,2021-05-31,sz.002558,巨人网络
2021-05-31,2021-05-31,sz.002594,比亚迪
2021-05-31,2021-05-31,sz.002600,领益智造
2021-05-31,2021-05-31,sz.002601,龙蟒佰利
2021-05-31,2021-05-31,sz.002602,世纪华通
2021-05-31,2021-05-31,sz.002607,中公教育
2021-05-31,2021-05-31,sz.002624,完美世界
2021-05-31,2021-05-31,sz.002673,西部证券
2021-05-31,2021-05-31,sz.002714,牧原股份
2021-05-31,2021-05-31,sz.002736,国信证券
2021-05-31,2021-05-31,sz.002739,万达电影
2021-05-31,2021-05-31,sz.002773,康弘药业
2021-05-31,2021-05-31,sz.002812,恩捷股份
2021-05-31,2021-05-31,sz.002821,凯莱英
2021-05-31,2021-05-31,sz.002841,视源股份
2021-05-31,2021-05-31,sz.002916,深南电路
2021-05-31,2021-05-31,sz.002938,鹏鼎控股
2021-05-31,2021-05-31,sz.002939,长城证券
2021-05-31,2021-05-31,sz.002945,华林证券
2021-05-31,2021-05-31,sz.002958,青农商行
2021-05-31,2021-05-31,sz.003816,中国广核
2021-05-31,2021-05-31,sz.300003,乐普医疗
2021-05-31,2021-05-31,sz.300014,亿纬锂能
2021-05-31,2021-05-31,sz.300015,爱尔眼科
2021-05-31,2021-05-31,sz.300033,同花顺
2021-05-31,2021-05-31,sz.300059,东方财富
2021-05-31,2021-05-31,sz.300122,智飞生物
2021-05-31,2021-05-31,sz.300124,汇川技术
2021-05-31,2021-05-31,sz.300136,信维通信
2021-05-31,2021-05-31,sz.300142,沃森生物
2021-05-31,2021-05-31,sz.300144,宋城演艺
2021-05-31,2021-05-31,sz.300347,泰格医药
2021-05-31,2021-05-31,sz.300408,三环集团
2021-05-31,2021-05-31,sz.300413,芒果超媒
2021-05-31,2021-05-31,sz.300433,蓝思科技
2021-05-31,2021-05-31,sz.300498,温氏股份
2021-05-31,2021-05-31,sz.300529,健帆生物
2021-05-31,2021-05-31,sz.300601,康泰生物
2021-05-31,2021-05-31,sz.300628,亿联网络
2021-05-31,2021-05-31,sz.300676,华大基因
2021-06-30,2021-06-14,sh.600000,浦发银行
2021-06-30,2021-06-14,sh.600004,白云机场
2021-06-30,2021-06-14,sh.600009,上海机场
2021-06-30,2021-06-14,sh.600010,包钢股份
2021-06-30,2021-06-14,sh.600011,华能国际
2021-06-30,2021-06-14,sh.600015,华夏银行
2021-06-30,2021-06-14,sh.600016,民生银行
2021-06-30,2021-06-14,sh.600018,上港集团
2021-06-30,2021-06-14,sh.600019,宝钢股份
2021-06-30,2021-06-14,sh.600025,华能水电
2021-06-30,2021-06-14,sh.600027,华电国际
2021-06-30,2021-06-14,sh.600028,中国石化
2021-06-30,2021-06-14,sh.600029,南方航空
2021-06-30,2021-06-14,sh.600030,中信证券
2021-06-30,2021-06-14,sh.600031,三一重工
2021-06-30,2021-06-14,sh.600036,招商银行
2021-06-30,2021-06-14,sh.600048,保利地产
2021-06-30,2021-06-14,sh.600050,中国联通
2021-06-30,2021-06-14,sh.600061,国投资本
2021-06-30,2021-06-14,sh.600066,宇通客车
2021-06-30,2021-06-14,sh.600068,葛洲坝
2021-06-30,2021-06-14,sh.600085,同仁堂
2021-06-30,2021-06-14,sh.600104,上汽集团
2021-06-30,2021-06-14,sh.600109,国金证券
2021-06-30,2021-06-14,sh.600111,北方稀土
2021-06-30,2021-06-14,sh.600115,中国东航
2021-06-30,2021-06-14,sh.600118,中国卫星
2021-06-30,2021-06-14,sh.600150,中国船舶
2021-06-30,2021-06-14,sh.600161,天坛生物
2021-06-30,2021-06-14,sh.600176,中国巨石
2021-06-30,2021-06-14,sh.600177,雅戈尔
2021-06-30,2021-06-14,sh.600183,生益科技
2021-06-30,2021-06-14,sh.600196,复星医药
2021-06-30,2021-06-14,sh.600208,新湖中宝
2021-06-30,2021-06-14,sh.600233,圆通速递
2021-06-30,2021-06-14,sh.600271,航天信息
2021-06-30,2021-06-14,sh.600276,恒瑞医药
2021-06-30,2021-06-14,sh.600297,广汇汽车
2021-06-30,2021-06-14,sh.600299,安迪苏
2021-06-30,2021-06-14,sh.600309,万华化学
2021-06-30,2021-06-14,sh.600332,白云山
2021-06-30,2021-06-14,sh.600340,华夏幸福
2021-06-30,2021-06-14,sh.600346,恒力石化
2021-06-30,2021-06-14,sh.600352,浙江龙盛
2021-06-30,2021-06-14,sh.600362,江西铜业
2021-06-30,2021-06-14,sh.600369,西南证券
2021-06-30,2021-06-14,sh.600383,金地集团
2021-06-30,2021-06-14,sh.600390,五矿资本
2021-06-30,2021-06-14,sh.600406,国电南瑞
2021-06-30,2021-06-14,sh.600436,片仔癀
2021-06-30,2021-06-14,sh.600438,通威股份
2021-06-30,2021-06-14,sh.600482,中国动力
2021-06-30,2021-06-14,sh.600487,亨通光电
2021-06-30,2021-06-14,sh.600489,中金黄金
2021-06-30,2021-06-14,sh.600498,烽火通信
2021-06-30,2021-06-14,sh.600519,贵州茅台
2021-06-30,2021-06-14,sh.600522,中天科技
2021-06-30,2021-06-14,sh.600547,山东黄金
2021-06-30,2021-06-14,sh.600570,恒生电子
2021-06-30,2021-06-14,sh.600584,长电科技
2021-06-30,2021-06-14,sh.600585,海螺水泥
2021-06-30,2021-06-14,sh.600588,用友网络
2021-06-30,2021-06-14,sh.600600,青岛啤酒
2021-06-30,2021-06-14,sh.600606,绿地控股
2021-06-30,2021-06-14,sh.600637,东方明珠
2021-06-30,2021-06-14,sh.600655,豫园股份
2021-06-30,2021-06-14,sh.600660,福耀玻璃
2021-06-30,2021-06-14,sh.600690,海尔智家
2021-06-30,2021-06-14,sh.600703,三安光电
2021-06-30,2021-06-14,sh.600705,中航资本
2021-06-30,2021-06-14,sh.600741,华域汽车
2021-06-30,2021-06-14,sh.600745,闻泰科技
2021-06-30,2021-06-14,sh.600760,中航沈飞
2021-06-30,2021-06-14,sh.600763,通策医疗
2021-06-30,2021-06-14,sh.600795,国电电力
2021-06-30,2021-06-14,sh.600809,山西汾酒
2021-06-30,2021-06-14,sh.600837,海通证券
2021-06-30,2021-06-14,sh.600845,宝信软件
2021-06-30,2021-06-14,sh.600848,上海临港
2021-06-30,2021-06-14,sh.600872,中炬高新
2021-06-30,2021-06-14,sh.600886,国投电力
2021-06-30,2021-06-14,sh.600887,伊利股份
2021-06-30,2021-06-14,sh.600893,航发动力
2021-06-30,2021-06-14,sh.600900,长江电力
2021-06-30,2021-06-14,sh.600918,中泰证券
2021-06-30,2021-06-14,sh.600919,江苏银行
2021-06-30,2021-06-14,sh.600926,杭州银行
2021-06-30,2021-06-14,sh.600958,东方证券
2021-06-30,2021-06-14,sh.600989,宝丰能源
2021-06-30,2021-06-14,sh.600998,九州通
2021-06-30,2021-06-14,sh.600999,招商证券
2021-06-30,2021-06-14,sh.601006,大秦铁路
2021-06-30,2021-06-14,sh.601009,南京银行
2021-06-30,2021-06-14,sh.601012,隆基股份
2021-06-30,2021-06-14,sh.601021,春秋航空
2021-06-30,2021-06-14,sh.601066,中信建投
2021-06-30,2021-06-14,sh.601077,渝农商行
2021-06-30,2021-06-14,sh.601088,中国神华
2021-06-30,2021-06-14,sh.601100,恒立液压
2021-06-30,2021-06-14,sh.601108,财通证券
2021-06-30,2021-06-14,sh.601111,中国国航
2021-06-30,2021-06-14,sh.601117,中国化学
2021-06-30,2021-06-14,sh.601138,工业富联
2021-06-30,2021-06-14,sh.601155,新城控股
2021-06-30,2021-06-14,sh.601162,天风证券
2021-06-30,2021-06-14,sh.601166,兴业银行
2021-06-30,2021-06-14,sh.601169,北京银行
2021-06-30,2021-06-14,sh.601186,中国铁建
2021-06-30,2021-06-14,sh.601198,东兴证券
2021-06-30,2021-06-14,sh.601211,国泰君安
2021-06-30,2021-06-14,sh.601216,君正集团
2021-06-30,2021-06-14,sh.601225,陕西煤业
2021-06-30,2021-06-14,sh.601229,上海银行
2021-06-30,2021-06-14,sh.601231,环旭电子
2021-06-30,2021-06-14,sh.601236,红塔证券
2021-06-30,2021-06-14,sh.601238,广汽集团
2021-06-30,2021-06-14,sh.601288,农业银行
2021-06-30,2021-06-14,sh.601318,中国平安
2021-06-30,2021-06-14,sh.601319,中国人保
2021-06-30,2021-06-14,sh.601328,交通银行
2021-06-30,2021-06-14,sh.601336,新华保险
2021-06-30,2021-06-14,sh.601360,三六零
2021-06-30,2021-06-14,sh.601377,兴业证券
2021-06-30,2021-06-14,sh.601390,中国中铁
2021-06-30,2021-06-14,sh.601398,工商银行
2021-06-30,2021-06-14,sh.601555,东吴证券
2021-06-30,2021-06-14,sh.601577,长沙银行
2021-06-30,2021-06-14,sh.601600,中国铝业
2021-06-30,2021-06-14,sh.601601,中国太保
2021-06-30,2021-06-14,sh.601607,上海医药
2021-06-30,2021-06-14,sh.601618,中国中冶
2021-06-30,2021-06-14,sh.601628,中国人寿
2021-06-30,2021-06-14,sh.601633,长城汽车
2021-06-30,2021-06-14,sh.601658,邮储银行
2021-06-30,2021-06-14,sh.601668,中国建筑
2021-06-30,2021-06-14,sh.601669,中国电建
2021-06-30,2021-06-14,sh.601688,华泰证券
2021-06-30,2021-06-14,sh.601696,中银证券
2021-06-30,2021-06-14,sh.601698,中国卫通
2021-06-30,2021-06-14,sh.601727,上海电气
2021-06-30,2021-06-14,sh.601766,中国中车
2021-06-30,2021-06-14,sh.601788,光大证券
2021-06-30,2021-06-14,sh.601800,中国交建
2021-06-30,2021-06-14,sh.601808,中海油服
2021-06-30,2021-06-14,sh.601816,京沪高铁
2021-06-30,2021-06-14,sh.601818,光大银行
2021-06-30,2021-06-14,sh.601838,成都银行
2021-06-30,2021-06-14,sh.601857,中国石油
2021-06-30,2021-06-14,sh.601872,招商轮船
2021-06-30,2021-06-14,sh.601877,正泰电器
2021-06-30,2021-06-14,sh.601878,浙商证券
2021-06-30,2021-06-14,sh.601881,中国银河
2021-06-30,2021-06-14,sh.601888,中国中免
2021-06-30,2021-06-14,sh.601899,紫金矿业
2021-06-30,2021-06-14,sh.601901,方正证券
2021-06-30,2021-06-14,sh.601916,浙商银行
2021-06-30,2021-06-14,sh.601919,中远海控
2021-06-30,2021-06-14,sh.601933,永辉超市
2021-06-30,2021-06-14,sh.601939,建设银行
2021-06-30,2021-06-14,sh.601985,中国核电
2021-06-30,2021-06-14,sh.601988,中国银行
2021-06-30,2021-06-14,sh.601989,中国重工
2021-06-30,2021-06-14,sh.601990,南京证券
2021-06-30,2021-06-14,sh.601998,中信银行
2021-06-30,2021-06-14,sh.603019,中科曙光
2021-06-30,2021-06-14,sh.603087,甘李药业
2021-06-30,2021-06-14,sh.603156,养元饮品
2021-06-30,2021-06-14,sh.603160,汇顶科技
2021-06-30,2021-06-14,sh.603195,公牛集团
2021-06-30,2021-06-14,sh.603259,药明康德
2021-06-30,2021-06-14,sh.603288,海天味业
2021-06-30,2021-06-14,sh.603369,今世缘
2021-06-30,2021-06-14,sh.603392,万泰生物
2021-06-30,2021-06-14,sh.603501,韦尔股份
2021-06-30,2021-06-14,sh.603658,安图生物
2021-06-30,2021-06-14,sh.603799,华友钴业
2021-06-30,2021-06-14,sh.603833,欧派家居
2021-06-30,2021-06-14,sh.603899,晨光文具
2021-06-30,2021-06-14,sh.603986,兆易创新
2021-06-30,2021-06-14,sh.603993,洛阳钼业
2021-06-30,2021-06-14,sh.688008,澜起科技
2021-06-30,2021-06-14,sh.688009,中国通号
2021-06-30,2021-06-14,sh.688012,中微公司
2021-06-30,2021-06-14,sh.688036,传音控股
2021-06-30,2021-06-14,sz.000001,平安银行
2021-06-30,2021-06-14,sz.000002,万科A
2021-06-30,2021-06-14,sz.000063,中兴通讯
2021-06-30,2021-06-14,sz.000066,中国长城
2021-06-30,2021-06-14,sz.000069,华侨城A
2021-06-30,2021-06-14,sz.000100,TCL科技
2021-06-30,2021-06-14,sz.000157,中联重科
2021-06-30,2021-06-14,sz.000166,申万宏源
2021-06-30,2021-06-14,sz.000333,美的集团
2021-06-30,2021-06-14,sz.000338,潍柴动力
2021-06-30,2021-06-14,sz.000425,徐工机械
2021-06-30,2021-06-14,sz.000538,云南白药
2021-06-30,2021-06-14,sz.000568,泸州老窖
2021-06-30,2021-06-14,sz.000596,古井贡酒
2021-06-30,2021-06-14,sz.000625,长安汽车
2021-06-30,2021-06-14,sz.000627,天茂集团
2021-06-30,2021-06-14,sz.000651,格力电器
2021-06-30,2021-06-14,sz.000656,金科股份
2021-06-30,2021-06-14,sz.000661,长春高新
2021-06-30,2021-06-14,sz.000671,阳光城
2021-06-30,2021-06-14,sz.000703,恒逸石化
2021-06-30,2021-06-14,sz.000708,中信特钢
2021-06-30,2021-06-14,sz.000723,美锦能源
2021-06-30,2021-06-14,sz.000725,京东方A
2021-06-30,2021-06-14,sz.000728,国元证券
2021-06-30,2021-06-14,sz.000768,中航西飞
2021-06-30,2021-06-14,sz.000776,广发证券
2021-06-30,2021-06-14,sz.000783,长江证券
2021-06-30,2021-06-14,sz.000786,北新建材
2021-06-30,2021-06-14,sz.000858,五粮液
2021-06-30,2021-06-14,sz.000860,顺鑫农业
2021-06-30,2021-06-14,sz.000876,新希望
2021-06-30,2021-06-14,sz.000895,双汇发展
2021-06-30,2021-06-14,sz.000938,紫光股份
2021-06-30,2021-06-14,sz.000961,中南建设
2021-06-30,2021-06-14,sz.000963,华东医药
2021-06-30,2021-06-14,sz.000977,浪潮信息
2021-06-30,2021-06-14,sz.001979,招商蛇口
2021-06-30,2021-06-14,sz.002001,新和成
2021-06-30,2021-06-14,sz.002007,华兰生物
2021-06-30,2021-06-14,sz.002008,大族激光
2021-06-30,2021-06-14,sz.002024,苏宁易购
2021-06-30,2021-06-14,sz.002027,分众传媒
2021-06-30,2021-06-14,sz.002032,苏泊尔
2021-06-30,2021-06-14,sz.002044,美年健康
2021-06-30,2021-06-14,sz.002049,紫光国微
2021-06-30,2021-06-14,sz.002050,三花智控
2021-06-30,2021-06-14,sz.002120,韵达股份
2021-06-30,2021-06-14,sz.002129,中环股份
2021-06-30,2021-06-14,sz.002142,宁波银行
2021-06-30,2021-06-14,sz.002146,荣盛发展
2021-06-30,2021-06-14,sz.002153,石基信息
2021-06-30,2021-06-14,sz.002157,正邦科技
2021-06-30,2021-06-14,sz.002179,中航光电
2021-06-30,2021-06-14,sz.002202,金风科技
2021-06-30,2021-06-14,sz.002230,科大讯飞
2021-06-30,2021-06-14,sz.002236,大华股份
2021-06-30,2021-06-14,sz.002241,歌尔股份
2021-06-30,2021-06-14,sz.002252,上海莱士
2021-06-30,2021-06-14,sz.002271,东方雨虹
2021-06-30,2021-06-14,sz.002304,洋河股份
2021-06-30,2021-06-14,sz.002311,海大集团
2021-06-30,2021-06-14,sz.002352,顺丰控股
2021-06-30,2021-06-14,sz.002371,北方华创
2021-06-30,2021-06-14,sz.002384,东山精密
2021-06-30,2021-06-14,sz.002410,广联达
2021-06-30,2021-06-14,sz.002414,高德红外
2021-06-30,2021-06-14,sz.002415,海康威视
2021-06-30,2021-06-14,sz.002422,科伦药业
2021-06-30,2021-06-14,sz.002456,欧菲光
2021-06-30,2021-06-14,sz.002460,赣锋锂业
2021-06-30,2021-06-14,sz.002463,沪电股份
2021-06-30,2021-06-14,sz.002475,立讯精密
2021-06-30,2021-06-14,sz.002493,荣盛石化
2021-06-30,2021-06-14,sz.002508,老板电器
2021-06-30,2021-06-14,sz.002555,三七互娱
2021-06-30,2021-06-14,sz.002558,巨人网络
2021-06-30,2021-06-14,sz.002594,比亚迪
2021-06-30,2021-06-14,sz.002600,领益智造
2021-06-30,2021-06-14,sz.002601,龙蟒佰利
2021-06-30,2021-06-14,sz.002602,世纪华通
2021-06-30,2021-06-14,sz.002607,中公教育
2021-06-30,2021-06-14,sz.002624,完美世界
2021-06-30,2021-06-14,sz.002673,西部证券
2021-06-30,2021-06-14,sz.002714,牧原股份
2021-06-30,2021-06-14,sz.002736,国信证券
2021-06-30,2021-06-14,sz.002739,万达电影
2021-06-30,2021-06-14,sz.002773,康弘药业
2021-06-30,2021-06-14,sz.002812,恩捷股份
2021-06-30,2021-06-14,sz.002821,凯莱英
2021-06-30,2021-06-14,sz.002841,视源股份
2021-06-30,2021-06-14,sz.002916,深南电路
2021-06-30,2021-06-14,sz.002938,鹏鼎控股
2021-06-30,2021-06-14,sz.002939,长城证券
2021-06-30,2021-06-14,sz.002945,华林证券
2021-06-30,2021-06-14,sz.002958,青农商行
2021-06-30,2021-06-14,sz.003816,中国广核
2021-06-30,2021-06-14,sz.300003,乐普医疗
2021-06-30,2021-06-14,sz.300014,亿纬锂能
2021-06-30,2021-06-14,sz.300015,爱尔眼科
2021-06-30,2021-06-14,sz.300033,同花顺
2021-06-30,2021-06-14,sz.300059,东方财富
2021-06-30,2021-06-14,sz.300122,智飞生物
2021-06-30,2021-06-14,sz.300124,汇川技术
2021-06-30,2021-06-14,sz.300136,信维通信
2021-06-30,2021-06-14,sz.300142,沃森生物
2021-06-30,2021-06-14,sz.300144,宋城演艺
2021-06-30,2021-06-14,sz.300347,泰格医药
2021-06-30,2021-06-14,sz.300408,三环集团
2021-06-30,2021-06-14,sz.300413,芒果超媒
2021-06-30,2021-06-14,sz.300433,蓝思科技
2021-06-30,2021-06-14,sz.300498,温氏股份
2021-06-30,2021-06-14,sz.300529,健帆生物
2021-06-30,2021-06-14,sz.300601,康泰生物
2021-06-30,2021-06-14,sz.300628,亿联网络
2021-06-30,2021-06-14,sz.300676,华大基因
2021-07-31,2021-07-26,sh.600000,浦发银行
2021-07-31,2021-07-26,sh.600009,上海机场
2021-07-31,2021-07-26,sh.600010,包钢股份
2021-07-31,2021-07-26,sh.600011,华能国际
2021-07-31,2021-07-26,sh.600015,华夏银行
2021-07-31,2021-07-26,sh.600016,民生银行
2021-07-31,2021-07-26,sh.600018,上港集团
2021-07-31,2021-07-26,sh.600019,宝钢股份
2021-07-31,2021-07-26,sh.600025,华能水电
2021-07-31,2021-07-26,sh.600028,中国石化
2021-07-31,2021-07-26,sh.600029,南方航空
2021-07-31,2021-07-26,sh.600030,中信证券
2021-07-31,2021-07-26,sh.600031,三一重工
2021-07-31,2021-07-26,sh.600036,招商银行
2021-07-31,2021-07-26,sh.600048,保利地产
2021-07-31,2021-07-26,sh.600050,中国联通
2021-07-31,2021-07-26,sh.600061,国投资本
2021-07-31,2021-07-26,sh.600079,人福医药
2021-07-31,2021-07-26,sh.600085,同仁堂
2021-07-31,2021-07-26,sh.600104,上汽集团
2021-07-31,2021-07-26,sh.600109,国金证券
2021-07-31,2021-07-26,sh.600111,北方稀土
2021-07-31,2021-07-26,sh.600115,中国东航
2021-07-31,2021-07-26,sh.600118,中国卫星
2021-07-31,2021-07-26,sh.600132,重庆啤酒
2021-07-31,2021-07-26,sh.600143,金发科技
2021-07-31,2021-07-26,sh.600150,中国船舶
2021-07-31,2021-07-26,sh.600161,天坛生物
2021-07-31,2021-07-26,sh.600176,中国巨石
2021-07-31,2021-07-26,sh.600183,生益科技
2021-07-31,2021-07-26,sh.600196,复星医药
2021-07-31,2021-07-26,sh.600233,圆通速递
2021-07-31,2021-07-26,sh.600276,恒瑞医药
2021-07-31,2021-07-26,sh.600299,安迪苏
2021-07-31,2021-07-26,sh.600309,万华化学
2021-07-31,2021-07-26,sh.600332,白云山
2021-07-31,2021-07-26,sh.600340,华夏幸福
2021-07-31,2021-07-26,sh.600346,恒力石化
2021-07-31,2021-07-26,sh.600352,浙江龙盛
2021-07-31,2021-07-26,sh.600362,江西铜业
2021-07-31,2021-07-26,sh.600383,金地集团
2021-07-31,2021-07-26,sh.600406,国电南瑞
2021-07-31,2021-07-26,sh.600426,华鲁恒升
2021-07-31,2021-07-26,sh.600436,片仔癀
2021-07-31,2021-07-26,sh.600438,通威股份
2021-07-31,2021-07-26,sh.600482,中国动力
2021-07-31,2021-07-26,sh.600489,中金黄金
2021-07-31,2021-07-26,sh.600519,贵州茅台
2021-07-31,2021-07-26,sh.600521,华海药业
2021-07-31,2021-07-26,sh.600522,中天科技
2021-07-31,2021-07-26,sh.600547,山东黄金
2021-07-31,2021-07-26,sh.600570,恒生电子
2021-07-31,2021-07-26,sh.600584,长电科技
2021-07-31,2021-07-26,sh.600585,海螺水泥
2021-07-31,2021-07-26,sh.600588,用友网络
2021-07-31,2021-07-26,sh.600600,青岛啤酒
2021-07-31,2021-07-26,sh.600606,绿地控股
2021-07-31,2021-07-26,sh.600655,豫园股份
2021-07-31,2021-07-26,sh.600660,福耀玻璃
2021-07-31,2021-07-26,sh.600690,海尔智家
2021-07-31,2021-07-26,sh.600703,三安光电
2021-07-31,2021-07-26,sh.600705,中航产融
2021-07-31,2021-07-26,sh.600741,华域汽车
2021-07-31,2021-07-26,sh.600745,闻泰科技
2021-07-31,2021-07-26,sh.600760,中航沈飞
2021-07-31,2021-07-26,sh.600763,通策医疗
2021-07-31,2021-07-26,sh.600795,国电电力
2021-07-31,2021-07-26,sh.600809,山西汾酒
2021-07-31,2021-07-26,sh.600837,海通证券
2021-07-31,2021-07-26,sh.600845,宝信软件
2021-07-31,2021-07-26,sh.600848,上海临港
2021-07-31,2021-07-26,sh.600872,中炬高新
2021-07-31,2021-07-26,sh.600886,国投电力
2021-07-31,2021-07-26,sh.600887,伊利股份
2021-07-31,2021-07-26,sh.600893,航发动力
2021-07-31,2021-07-26,sh.600900,长江电力
2021-07-31,2021-07-26,sh.600918,中泰证券
2021-07-31,2021-07-26,sh.600919,江苏银行
2021-07-31,2021-07-26,sh.600926,杭州银行
2021-07-31,2021-07-26,sh.600958,东方证券
2021-07-31,2021-07-26,sh.600989,宝丰能源
2021-07-31,2021-07-26,sh.600999,招商证券
2021-07-31,2021-07-26,sh.601006,大秦铁路
2021-07-31,2021-07-26,sh.601009,南京银行
2021-07-31,2021-07-26,sh.601012,隆基股份
2021-07-31,2021-07-26,sh.601021,春秋航空
2021-07-31,2021-07-26,sh.601066,中信建投
2021-07-31,2021-07-26,sh.601077,渝农商行
2021-07-31,2021-07-26,sh.601088,中国神华
2021-07-31,2021-07-26,sh.601100,恒立液压
2021-07-31,2021-07-26,sh.601108,财通证券
2021-07-31,2021-07-26,sh.601111,中国国航
2021-07-31,2021-07-26,sh.601138,工业富联
2021-07-31,2021-07-26,sh.601155,新城控股
2021-07-31,2021-07-26,sh.601162,天风证券
2021-07-31,2021-07-26,sh.601166,兴业银行
2021-07-31,2021-07-26,sh.601169,北京银行
2021-07-31,2021-07-26,sh.601186,中国铁建
2021-07-31,2021-07-26,sh.601211,国泰君安
2021-07-31,2021-07-26,sh.601216,君正集团
2021-07-31,2021-07-26,sh.601225,陕西煤业
2021-07-31,2021-07-26,sh.601229,上海银行
2021-07-31,2021-07-26,sh.601231,环旭电子
2021-07-31,2021-07-26,sh.601236,红塔证券
2021-07-31,2021-07-26,sh.601238,广汽集团
2021-07-31,2021-07-26,sh.601288,农业银行
2021-07-31,2021-07-26,sh.601318,中国平安
2021-07-31,2021-07-26,sh.601319,中国人保
2021-07-31,2021-07-26,sh.601328,交通银行
2021-07-31,2021-07-26,sh.601336,新华保险
2021-07-31,2021-07-26,sh.601360,三六零
2021-07-31,2021-07-26,sh.601377,兴业证券
2021-07-31,2021-07-26,sh.601390,中国中铁
2021-07-31,2021-07-26,sh.601398,工商银行
2021-07-31,2021-07-26,sh.601555,东吴证券
2021-07-31,2021-07-26,sh.601600,中国铝业
2021-07-31,2021-07-26,sh.601601,中国太保
2021-07-31,2021-07-26,sh.601607,上海医药
2021-07-31,2021-07-26,sh.601618,中国中冶
2021-07-31,2021-07-26,sh.601628,中国人寿
2021-07-31,2021-07-26,sh.601633,长城汽车
2021-07-31,2021-07-26,sh.601658,邮储银行
2021-07-31,2021-07-26,sh.601668,中国建筑
2021-07-31,2021-07-26,sh.601669,中国电建
2021-07-31,2021-07-26,sh.601688,华泰证券
2021-07-31,2021-07-26,sh.601696,中银证券
2021-07-31,2021-07-26,sh.601698,中国卫通
2021-07-31,2021-07-26,sh.601727,上海电气
2021-07-31,2021-07-26,sh.601766,中国中车
2021-07-31,2021-07-26,sh.601788,光大证券
2021-07-31,2021-07-26,sh.601799,星宇股份
2021-07-31,2021-07-26,sh.601800,中国交建
2021-07-31,2021-07-26,sh.601808,中海油服
2021-07-31,2021-07-26,sh.601816,京沪高铁
2021-07-31,2021-07-26,sh.601818,光大银行
2021-07-31,2021-07-26,sh.601838,成都银行
2021-07-31,2021-07-26,sh.601857,中国石油
2021-07-31,2021-07-26,sh.601872,招商轮船
2021-07-31,2021-07-26,sh.601877,正泰电器
2021-07-31,2021-07-26,sh.601878,浙商证券
2021-07-31,2021-07-26,sh.601881,中国银河
2021-07-31,2021-07-26,sh.601888,中国中免
2021-07-31,2021-07-26,sh.601899,紫金矿业
2021-07-31,2021-07-26,sh.601901,方正证券
2021-07-31,2021-07-26,sh.601916,浙商银行
2021-07-31,2021-07-26,sh.601919,中远海控
2021-07-31,2021-07-26,sh.601933,永辉超市
2021-07-31,2021-07-26,sh.601939,建设银行
2021-07-31,2021-07-26,sh.601985,中国核电
2021-07-31,2021-07-26,sh.601988,中国银行
2021-07-31,2021-07-26,sh.601989,中国重工
2021-07-31,2021-07-26,sh.601990,南京证券
2021-07-31,2021-07-26,sh.601995,中金公司
2021-07-31,2021-07-26,sh.601998,中信银行
2021-07-31,2021-07-26,sh.603019,中科曙光
2021-07-31,2021-07-26,sh.603087,甘李药业
2021-07-31,2021-07-26,sh.603160,汇顶科技
2021-07-31,2021-07-26,sh.603195,公牛集团
2021-07-31,2021-07-26,sh.603233,大参林
2021-07-31,2021-07-26,sh.603259,药明康德
2021-07-31,2021-07-26,sh.603288,海天味业
2021-07-31,2021-07-26,sh.603338,浙江鼎力
2021-07-31,2021-07-26,sh.603369,今世缘
2021-07-31,2021-07-26,sh.603392,万泰生物
2021-07-31,2021-07-26,sh.603501,韦尔股份
2021-07-31,2021-07-26,sh.603517,绝味食品
2021-07-31,2021-07-26,sh.603658,安图生物
2021-07-31,2021-07-26,sh.603659,璞泰来
2021-07-31,2021-07-26,sh.603799,华友钴业
2021-07-31,2021-07-26,sh.603806,福斯特
2021-07-31,2021-07-26,sh.603833,欧派家居
2021-07-31,2021-07-26,sh.603882,金域医学
2021-07-31,2021-07-26,sh.603899,晨光文具
2021-07-31,2021-07-26,sh.603939,益丰药房
2021-07-31,2021-07-26,sh.603986,兆易创新
2021-07-31,2021-07-26,sh.603993,洛阳钼业
2021-07-31,2021-07-26,sh.688008,澜起科技
2021-07-31,2021-07-26,sh.688009,中国通号
2021-07-31,2021-07-26,sh.688012,中微公司
2021-07-31,2021-07-26,sh.688036,传音控股
2021-07-31,2021-07-26,sh.688111,金山办公
2021-07-31,2021-07-26,sh.688126,沪硅产业
2021-07-31,2021-07-26,sh.688169,石头科技
2021-07-31,2021-07-26,sh.688363,华熙生物
2021-07-31,2021-07-26,sh.688396,华润微
2021-07-31,2021-07-26,sz.000001,平安银行
2021-07-31,2021-07-26,sz.000002,万科A
2021-07-31,2021-07-26,sz.000063,中兴通讯
2021-07-31,2021-07-26,sz.000066,中国长城
2021-07-31,2021-07-26,sz.000069,华侨城A
2021-07-31,2021-07-26,sz.000100,TCL科技
2021-07-31,2021-07-26,sz.000157,中联重科
2021-07-31,2021-07-26,sz.000166,申万宏源
2021-07-31,2021-07-26,sz.000333,美的集团
2021-07-31,2021-07-26,sz.000338,潍柴动力
2021-07-31,2021-07-26,sz.000425,徐工机械
2021-07-31,2021-07-26,sz.000538,云南白药
2021-07-31,2021-07-26,sz.000568,泸州老窖
2021-07-31,2021-07-26,sz.000596,古井贡酒
2021-07-31,2021-07-26,sz.000625,长安汽车
2021-07-31,2021-07-26,sz.000651,格力电器
2021-07-31,2021-07-26,sz.000656,金科股份
2021-07-31,2021-07-26,sz.000661,长春高新
2021-07-31,2021-07-26,sz.000703,恒逸石化
2021-07-31,2021-07-26,sz.000708,中信特钢
2021-07-31,2021-07-26,sz.000725,京东方A
2021-07-31,2021-07-26,sz.000728,国元证券
2021-07-31,2021-07-26,sz.000768,中航西飞
2021-07-31,2021-07-26,sz.000776,广发证券
2021-07-31,2021-07-26,sz.000783,长江证券
2021-07-31,2021-07-26,sz.000786,北新建材
2021-07-31,2021-07-26,sz.000800,一汽解放
2021-07-31,2021-07-26,sz.000858,五粮液
2021-07-31,2021-07-26,sz.000860,顺鑫农业
2021-07-31,2021-07-26,sz.000876,新希望
2021-07-31,2021-07-26,sz.000895,双汇发展
2021-07-31,2021-07-26,sz.000938,紫光股份
2021-07-31,2021-07-26,sz.000963,华东医药
2021-07-31,2021-07-26,sz.000977,浪潮信息
2021-07-31,2021-07-26,sz.001979,招商蛇口
2021-07-31,2021-07-26,sz.002001,新和成
2021-07-31,2021-07-26,sz.002007,华兰生物
2021-07-31,2021-07-26,sz.002008,大族激光
2021-07-31,2021-07-26,sz.002024,苏宁易购
2021-07-31,2021-07-26,sz.002027,分众传媒
2021-07-31,2021-07-26,sz.002032,苏泊尔
2021-07-31,2021-07-26,sz.002044,美年健康
2021-07-31,2021-07-26,sz.002049,紫光国微
2021-07-31,2021-07-26,sz.002050,三花智控
2021-07-31,2021-07-26,sz.002120,韵达股份
2021-07-31,2021-07-26,sz.002129,中环股份
2021-07-31,2021-07-26,sz.002142,宁波银行
2021-07-31,2021-07-26,sz.002153,石基信息
2021-07-31,2021-07-26,sz.002157,正邦科技
2021-07-31,2021-07-26,sz.002179,中航光电
2021-07-31,2021-07-26,sz.002202,金风科技
2021-07-31,2021-07-26,sz.002230,科大讯飞
2021-07-31,2021-07-26,sz.002236,大华股份
2021-07-31,2021-07-26,sz.002241,歌尔股份
2021-07-31,2021-07-26,sz.002252,上海莱士
2021-07-31,2021-07-26,sz.002271,东方雨虹
2021-07-31,2021-07-26,sz.002304,洋河股份
2021-07-31,2021-07-26,sz.002311,海大集团
2021-07-31,2021-07-26,sz.002352,顺丰控股
2021-07-31,2021-07-26,sz.002371,北方华创
2021-07-31,2021-07-26,sz.002384,东山精密
2021-07-31,2021-07-26,sz.002410,广联达
2021-07-31,2021-07-26,sz.002414,高德红外
2021-07-31,2021-07-26,sz.002415,海康威视
2021-07-31,2021-07-26,sz.002456,欧菲光
2021-07-31,2021-07-26,sz.002460,赣锋锂业
2021-07-31,2021-07-26,sz.002463,沪电股份
2021-07-31,2021-07-26,sz.002475,立讯精密
2021-07-31,2021-07-26,sz.002493,荣盛石化
2021-07-31,2021-07-26,sz.002508,老板电器
2021-07-31,2021-07-26,sz.002555,三七互娱
2021-07-31,2021-07-26,sz.002558,巨人网络
2021-07-31,2021-07-26,sz.002594,比亚迪
2021-07-31,2021-07-26,sz.002600,领益智造
2021-07-31,2021-07-26,sz.002601,龙佰集团
2021-07-31,2021-07-26,sz.002602,世纪华通
2021-07-31,2021-07-26,sz.002607,中公教育
2021-07-31,2021-07-26,sz.002624,完美世界
2021-07-31,2021-07-26,sz.002673,西部证券
2021-07-31,2021-07-26,sz.002714,牧原股份
2021-07-31,2021-07-26,sz.002736,国信证券
2021-07-31,2021-07-26,sz.002739,万达电影
2021-07-31,2021-07-26,sz.002773,康弘药业
2021-07-31,2021-07-26,sz.002812,恩捷股份
2021-07-31,2021-07-26,sz.002821,凯莱英
2021-07-31,2021-07-26,sz.002841,视源股份
2021-07-31,2021-07-26,sz.002916,深南电路
2021-07-31,2021-07-26,sz.002938,鹏鼎控股
2021-07-31,2021-07-26,sz.002939,长城证券
2021-07-31,2021-07-26,sz.002945,华林证券
2021-07-31,2021-07-26,sz.003816,中国广核
2021-07-31,2021-07-26,sz.300003,乐普医疗
2021-07-31,2021-07-26,sz.300014,亿纬锂能
2021-07-31,2021-07-26,sz.300015,爱尔眼科
2021-07-31,2021-07-26,sz.300033,同花顺
2021-07-31,2021-07-26,sz.300059,东方财富
2021-07-31,2021-07-26,sz.300122,智飞生物
2021-07-31,2021-07-26,sz.300124,汇川技术
2021-07-31,2021-07-26,sz.300136,信维通信
2021-07-31,2021-07-26,sz.300142,沃森生物
2021-07-31,2021-07-26,sz.300144,宋城演艺
2021-07-31,2021-07-26,sz.300274,阳光电源
2021-07-31,2021-07-26,sz.300347,泰格医药
2021-07-31,2021-07-26,sz.300408,三环集团
2021-07-31,2021-07-26,sz.300413,芒果超媒
2021-07-31,2021-07-26,sz.300433,蓝思科技
2021-07-31,2021-07-26,sz.300450,先导智能
2021-07-31,2021-07-26,sz.300498,温氏股份
2021-07-31,2021-07-26,sz.300529,健帆生物
2021-07-31,2021-07-26,sz.300558,贝达药业
2021-07-31,2021-07-26,sz.300595,欧普康视
2021-07-31,2021-07-26,sz.300601,康泰生物
2021-07-31,2021-07-26,sz.300628,亿联网络
2021-07-31,2021-07-26,sz.300676,华大基因
2021-07-31,2021-07-26,sz.300677,英科医疗
2021-08-31,2021-08-09,sh.600000,浦发银行
2021-08-31,2021-08-09,sh.600009,上海机场
2021-08-31,2021-08-09,sh.600010,包钢股份
2021-08-31,2021-08-09,sh.600011,华能国际
2021-08-31,2021-08-09,sh.600015,华夏银行
2021-08-31,2021-08-09,sh.600016,民生银行
2021-08-31,2021-08-09,sh.600018,上港集团
2021-08-31,2021-08-09,sh.600019,宝钢股份
2021-08-31,2021-08-09,sh.600025,华能水电
2021-08-31,2021-08-09,sh.600028,中国石化
2021-08-31,2021-08-09,sh.600029,南方航空
2021-08-31,2021-08-09,sh.600030,中信证券
2021-08-31,2021-08-09,sh.600031,三一重工
2021-08-31,2021-08-09,sh.600036,招商银行
2021-08-31,2021-08-09,sh.600048,保利地产
2021-08-31,2021-08-09,sh.600050,中国联通
2021-08-31,2021-08-09,sh.600061,国投资本
2021-08-31,2021-08-09,sh.600079,人福医药
2021-08-31,2021-08-09,sh.600085,同仁堂
2021-08-31,2021-08-09,sh.600104,上汽集团
2021-08-31,2021-08-09,sh.600109,国金证券
2021-08-31,2021-08-09,sh.600111,北方稀土
2021-08-31,2021-08-09,sh.600115,中国东航
2021-08-31,2021-08-09,sh.600118,中国卫星
2021-08-31,2021-08-09,sh.600132,重庆啤酒
2021-08-31,2021-08-09,sh.600143,金发科技
2021-08-31,2021-08-09,sh.600150,中国船舶
2021-08-31,2021-08-09,sh.600161,天坛生物
2021-08-31,2021-08-09,sh.600176,中国巨石
2021-08-31,2021-08-09,sh.600183,生益科技
2021-08-31,2021-08-09,sh.600196,复星医药
2021-08-31,2021-08-09,sh.600233,圆通速递
2021-08-31,2021-08-09,sh.600276,恒瑞医药
2021-08-31,2021-08-09,sh.600299,安迪苏
2021-08-31,2021-08-09,sh.600309,万华化学
2021-08-31,2021-08-09,sh.600332,白云山
2021-08-31,2021-08-09,sh.600340,华夏幸福
2021-08-31,2021-08-09,sh.600346,恒力石化
2021-08-31,2021-08-09,sh.600352,浙江龙盛
2021-08-31,2021-08-09,sh.600362,江西铜业
2021-08-31,2021-08-09,sh.600383,金地集团
2021-08-31,2021-08-09,sh.600406,国电南瑞
2021-08-31,2021-08-09,sh.600426,华鲁恒升
2021-08-31,2021-08-09,sh.600436,片仔癀
2021-08-31,2021-08-09,sh.600438,通威股份
2021-08-31,2021-08-09,sh.600482,中国动力
2021-08-31,2021-08-09,sh.600489,中金黄金
2021-08-31,2021-08-09,sh.600519,贵州茅台
2021-08-31,2021-08-09,sh.600521,华海药业
2021-08-31,2021-08-09,sh.600522,中天科技
2021-08-31,2021-08-09,sh.600547,山东黄金
2021-08-31,2021-08-09,sh.600570,恒生电子
2021-08-31,2021-08-09,sh.600584,长电科技
2021-08-31,2021-08-09,sh.600585,海螺水泥
2021-08-31,2021-08-09,sh.600588,用友网络
2021-08-31,2021-08-09,sh.600600,青岛啤酒
2021-08-31,2021-08-09,sh.600606,绿地控股
2021-08-31,2021-08-09,sh.600655,豫园股份
2021-08-31,2021-08-09,sh.600660,福耀玻璃
2021-08-31,2021-08-09,sh.600690,海尔智家
2021-08-31,2021-08-09,sh.600703,三安光电
2021-08-31,2021-08-09,sh.600705,中航产融
2021-08-31,2021-08-09,sh.600741,华域汽车
2021-08-31,2021-08-09,sh.600745,闻泰科技
2021-08-31,2021-08-09,sh.600760,中航沈飞
2021-08-31,2021-08-09,sh.600763,通策医疗
2021-08-31,2021-08-09,sh.600795,国电电力
2021-08-31,2021-08-09,sh.600809,山西汾酒
2021-08-31,2021-08-09,sh.600837,海通证券
2021-08-31,2021-08-09,sh.600845,宝信软件
2021-08-31,2021-08-09,sh.600848,上海临港
2021-08-31,2021-08-09,sh.600872,中炬高新
2021-08-31,2021-08-09,sh.600886,国投电力
2021-08-31,2021-08-09,sh.600887,伊利股份
2021-08-31,2021-08-09,sh.600893,航发动力
2021-08-31,2021-08-09,sh.600900,长江电力
2021-08-31,2021-08-09,sh.600918,中泰证券
2021-08-31,2021-08-09,sh.600919,江苏银行
2021-08-31,2021-08-09,sh.600926,杭州银行
2021-08-31,2021-08-09,sh.600958,东方证券
2021-08-31,2021-08-09,sh.600989,宝丰能源
2021-08-31,2021-08-09,sh.600999,招商证券
2021-08-31,2021-08-09,sh.601006,大秦铁路
2021-08-31,2021-08-09,sh.601009,南京银行
2021-08-31,2021-08-09,sh.601012,隆基股份
2021-08-31,2021-08-09,sh.601021,春秋航空
2021-08-31,2021-08-09,sh.601066,中信建投
2021-08-31,2021-08-09,sh.601077,渝农商行
2021-08-31,2021-08-09,sh.601088,中国神华
2021-08-31,2021-08-09,sh.601100,恒立液压
2021-08-31,2021-08-09,sh.601108,财通证券
2021-08-31,2021-08-09,sh.601111,中国国航
2021-08-31,2021-08-09,sh.601138,工业富联
2021-08-31,2021-08-09,sh.601155,新城控股
2021-08-31,2021-08-09,sh.601162,天风证券
2021-08-31,2021-08-09,sh.601166,兴业银行
2021-08-31,2021-08-09,sh.601169,北京银行
2021-08-31,2021-08-09,sh.601186,中国铁建
2021-08-31,2021-08-09,sh.601211,国泰君安
2021-08-31,2021-08-09,sh.601216,君正集团
2021-08-31,2021-08-09,sh.601225,陕西煤业
2021-08-31,2021-08-09,sh.601229,上海银行
2021-08-31,2021-08-09,sh.601231,环旭电子
2021-08-31,2021-08-09,sh.601236,红塔证券
2021-08-31,2021-08-09,sh.601238,广汽集团
2021-08-31,2021-08-09,sh.601288,农业银行
2021-08-31,2021-08-09,sh.601318,中国平安
2021-08-31,2021-08-09,sh.601319,中国人保
2021-08-31,2021-08-09,sh.601328,交通银行
2021-08-31,2021-08-09,sh.601336,新华保险
2021-08-31,2021-08-09,sh.601360,三六零
2021-08-31,2021-08-09,sh.601377,兴业证券
2021-08-31,2021-08-09,sh.601390,中国中铁
2021-08-31,2021-08-09,sh.601398,工商银行
2021-08-31,2021-08-09,sh.601555,东吴证券
2021-08-31,2021-08-09,sh.601600,中国铝业
2021-08-31,2021-08-09,sh.601601,中国太保
2021-08-31,2021-08-09,sh.601607,上海医药
2021-08-31,2021-08-09,sh.601618,中国中冶
2021-08-31,2021-08-09,sh.601628,中国人寿
2021-08-31,2021-08-09,sh.601633,长城汽车
2021-08-31,2021-08-09,sh.601658,邮储银行
2021-08-31,2021-08-09,sh.601668,中国建筑
2021-08-31,2021-08-09,sh.601669,中国电建
2021-08-31,2021-08-09,sh.601688,华泰证券
2021-08-31,2021-08-09,sh.601696,中银证券
2021-08-31,2021-08-09,sh.601698,中国卫通
2021-08-31,2021-08-09,sh.601727,上海电气
2021-08-31,2021-08-09,sh.601766,中国中车
2021-08-31,2021-08-09,sh.601788,光大证券
2021-08-31,2021-08-09,sh.601799,星宇股份
2021-08-31,2021-08-09,sh.601800,中国交建
2021-08-31,2021-08-09,sh.601808,中海油服
2021-08-31,2021-08-09,sh.601816,京沪高铁
2021-08-31,2021-08-09,sh.601818,光大银行
2021-08-31,2021-08-09,sh.601838,成都银行
2021-08-31,2021-08-09,sh.601857,中国石油
2021-08-31,2021-08-09,sh.601872,招商轮船
2021-08-31,2021-08-09,sh.601877,正泰电器
2021-08-31,2021-08-09,sh.601878,浙商证券
2021-08-31,2021-08-09,sh.601881,中国银河
2021-08-31,2021-08-09,sh.601888,中国中免
2021-08-31,2021-08-09,sh.601899,紫金矿业
2021-08-31,2021-08-09,sh.601901,方正证券
2021-08-31,2021-08-09,sh.601916,浙商银行
2021-08-31,2021-08-09,sh.601919,中远海控
2021-08-31,2021-08-09,sh.601933,永辉超市
2021-08-31,2021-08-09,sh.601939,建设银行
2021-08-31,2021-08-09,sh.601985,中国核电
2021-08-31,2021-08-09,sh.601988,中国银行
2021-08-31,2021-08-09,sh.601989,中国重工
2021-08-31,2021-08-09,sh.601990,南京证券
2021-08-31,2021-08-09,sh.601995,中金公司
2021-08-31,2021-08-09,sh.601998,中信银行
2021-08-31,2021-08-09,sh.603019,中科曙光
2021-08-31,2021-08-09,sh.603087,甘李药业
2021-08-31,2021-08-09,sh.603160,汇顶科技
2021-08-31,2021-08-09,sh.603195,公牛集团
2021-08-31,2021-08-09,sh.603233,大参林
2021-08-31,2021-08-09,sh.603259,药明康德
2021-08-31,2021-08-09,sh.603288,海天味业
2021-08-31,2021-08-09,sh.603338,浙江鼎力
2021-08-31,2021-08-09,sh.603369,今世缘
2021-08-31,2021-08-09,sh.603392,万泰生物
2021-08-31,2021-08-09,sh.603501,韦尔股份
2021-08-31,2021-08-09,sh.603517,绝味食品
2021-08-31,2021-08-09,sh.603658,安图生物
2021-08-31,2021-08-09,sh.603659,璞泰来
2021-08-31,2021-08-09,sh.603799,华友钴业
2021-08-31,2021-08-09,sh.603806,福斯特
2021-08-31,2021-08-09,sh.603833,欧派家居
2021-08-31,2021-08-09,sh.603882,金域医学
2021-08-31,2021-08-09,sh.603899,晨光文具
2021-08-31,2021-08-09,sh.603939,益丰药房
2021-08-31,2021-08-09,sh.603986,兆易创新
2021-08-31,2021-08-09,sh.603993,洛阳钼业
2021-08-31,2021-08-09,sh.688008,澜起科技
2021-08-31,2021-08-09,sh.688009,中国通号
2021-08-31,2021-08-09,sh.688012,中微公司
2021-08-31,2021-08-09,sh.688036,传音控股
2021-08-31,2021-08-09,sh.688111,金山办公
2021-08-31,2021-08-09,sh.688126,沪硅产业
2021-08-31,2021-08-09,sh.688169,石头科技
2021-08-31,2021-08-09,sh.688363,华熙生物
2021-08-31,2021-08-09,sh.688396,华润微
2021-08-31,2021-08-09,sz.000001,平安银行
2021-08-31,2021-08-09,sz.000002,万科A
2021-08-31,2021-08-09,sz.000063,中兴通讯
2021-08-31,2021-08-09,sz.000066,中国长城
2021-08-31,2021-08-09,sz.000069,华侨城A
2021-08-31,2021-08-09,sz.000100,TCL科技
2021-08-31,2021-08-09,sz.000157,中联重科
2021-08-31,2021-08-09,sz.000166,申万宏源
2021-08-31,2021-08-09,sz.000333,美的集团
2021-08-31,2021-08-09,sz.000338,潍柴动力
2021-08-31,2021-08-09,sz.000425,徐工机械
2021-08-31,2021-08-09,sz.000538,云南白药
2021-08-31,2021-08-09,sz.000568,泸州老窖
2021-08-31,2021-08-09,sz.000596,古井贡酒
2021-08-31,2021-08-09,sz.000625,长安汽车
2021-08-31,2021-08-09,sz.000651,格力电器
2021-08-31,2021-08-09,sz.000656,金科股份
2021-08-31,2021-08-09,sz.000661,长春高新
2021-08-31,2021-08-09,sz.000703,恒逸石化
2021-08-31,2021-08-09,sz.000708,中信特钢
2021-08-31,2021-08-09,sz.000725,京东方A
2021-08-31,2021-08-09,sz.000728,国元证券
2021-08-31,2021-08-09,sz.000768,中航西飞
2021-08-31,2021-08-09,sz.000776,广发证券
2021-08-31,2021-08-09,sz.000783,长江证券
2021-08-31,2021-08-09,sz.000786,北新建材
2021-08-31,2021-08-09,sz.000800,一汽解放
2021-08-31,2021-08-09,sz.000858,五粮液
2021-08-31,2021-08-09,sz.000860,顺鑫农业
2021-08-31,2021-08-09,sz.000876,新希望
2021-08-31,2021-08-09,sz.000895,双汇发展
2021-08-31,2021-08-09,sz.000938,紫光股份
2021-08-31,2021-08-09,sz.000963,华东医药
2021-08-31,2021-08-09,sz.000977,浪潮信息
2021-08-31,2021-08-09,sz.001979,招商蛇口
2021-08-31,2021-08-09,sz.002001,新和成
2021-08-31,2021-08-09,sz.002007,华兰生物
2021-08-31,2021-08-09,sz.002008,大族激光
2021-08-31,2021-08-09,sz.002024,苏宁易购
2021-08-31,2021-08-09,sz.002027,分众传媒
2021-08-31,2021-08-09,sz.002032,苏泊尔
2021-08-31,2021-08-09,sz.002044,美年健康
2021-08-31,2021-08-09,sz.002049,紫光国微
2021-08-31,2021-08-09,sz.002050,三花智控
2021-08-31,2021-08-09,sz.002120,韵达股份
2021-08-31,2021-08-09,sz.002129,中环股份
2021-08-31,2021-08-09,sz.002142,宁波银行
2021-08-31,2021-08-09,sz.002153,石基信息
2021-08-31,2021-08-09,sz.002157,正邦科技
2021-08-31,2021-08-09,sz.002179,中航光电
2021-08-31,2021-08-09,sz.002202,金风科技
2021-08-31,2021-08-09,sz.002230,科大讯飞
2021-08-31,2021-08-09,sz.002236,大华股份
2021-08-31,2021-08-09,sz.002241,歌尔股份
2021-08-31,2021-08-09,sz.002252,上海莱士
2021-08-31,2021-08-09,sz.002271,东方雨虹
2021-08-31,2021-08-09,sz.002304,洋河股份
2021-08-31,2021-08-09,sz.002311,海大集团
2021-08-31,2021-08-09,sz.002352,顺丰控股
2021-08-31,2021-08-09,sz.002371,北方华创
2021-08-31,2021-08-09,sz.002384,东山精密
2021-08-31,2021-08-09,sz.002410,广联达
2021-08-31,2021-08-09,sz.002414,高德红外
2021-08-31,2021-08-09,sz.002415,海康威视
2021-08-31,2021-08-09,sz.002456,欧菲光
2021-08-31,2021-08-09,sz.002460,赣锋锂业
2021-08-31,2021-08-09,sz.002463,沪电股份
2021-08-31,2021-08-09,sz.002475,立讯精密
2021-08-31,2021-08-09,sz.002493,荣盛石化
2021-08-31,2021-08-09,sz.002508,老板电器
2021-08-31,2021-08-09,sz.002555,三七互娱
2021-08-31,2021-08-09,sz.002558,巨人网络
2021-08-31,2021-08-09,sz.002594,比亚迪
2021-08-31,2021-08-09,sz.002600,领益智造
2021-08-31,2021-08-09,sz.002601,龙佰集团
2021-08-31,2021-08-09,sz.002602,世纪华通
2021-08-31,2021-08-09,sz.002607,中公教育
2021-08-31,2021-08-09,sz.002624,完美世界
2021-08-31,2021-08-09,sz.002673,西部证券
2021-08-31,2021-08-09,sz.002714,牧原股份
2021-08-31,2021-08-09,sz.002736,国信证券
2021-08-31,2021-08-09,sz.002739,万达电影
2021-08-31,2021-08-09,sz.002773,康弘药业
2021-08-31,2021-08-09,sz.002812,恩捷股份
2021-08-31,2021-08-09,sz.002821,凯莱英
2021-08-31,2021-08-09,sz.002841,视源股份
2021-08-31,2021-08-09,sz.002916,深南电路
2021-08-31,2021-08-09,sz.002938,鹏鼎控股
2021-08-31,2021-08-09,sz.002939,长城证券
2021-08-31,2021-08-09,sz.002945,华林证券
2021-08-31,2021-08-09,sz.003816,中国广核
2021-08-31,2021-08-09,sz.300003,乐普医疗
2021-08-31,2021-08-09,sz.300014,亿纬锂能
2021-08-31,2021-08-09,sz.300015,爱尔眼科
2021-08-31,2021-08-09,sz.300033,同花顺
2021-08-31,2021-08-09,sz.300059,东方财富
2021-08-31,2021-08-09,sz.300122,智飞生物
2021-08-31,2021-08-09,sz.300124,汇川技术
2021-08-31,2021-08-09,sz.300136,信维通信
2021-08-31,2021-08-09,sz.300142,沃森生物
2021-08-31,2021-08-09,sz.300144,宋城演艺
2021-08-31,2021-08-09,sz.300274,阳光电源
2021-08-31,2021-08-09,sz.300347,泰格医药
2021-08-31,2021-08-09,sz.300408,三环集团
2021-08-31,2021-08-09,sz.300413,芒果超媒
2021-08-31,2021-08-09,sz.300433,蓝思科技
2021-08-31,2021-08-09,sz.300450,先导智能
2021-08-31,2021-08-09,sz.300498,温氏股份
2021-08-31,2021-08-09,sz.300529,健帆生物
2021-08-31,2021-08-09,sz.300558,贝达药业
2021-08-31,2021-08-09,sz.300595,欧普康视
2021-08-31,2021-08-09,sz.300601,康泰生物
2021-08-31,2021-08-09,sz.300628,亿联网络
2021-08-31,2021-08-09,sz.300676,华大基因
2021-08-31,2021-08-09,sz.300677,英科医疗
2021-09-30,2021-09-27,sh.600000,浦发银行
2021-09-30,2021-09-27,sh.600009,上海机场
2021-09-30,2021-09-27,sh.600010,包钢股份
2021-09-30,2021-09-27,sh.600011,华能国际
2021-09-30,2021-09-27,sh.600015,华夏银行
2021-09-30,2021-09-27,sh.600016,民生银行
2021-09-30,2021-09-27,sh.600018,上港集团
2021-09-30,2021-09-27,sh.600019,宝钢股份
2021-09-30,2021-09-27,sh.600025,华能水电
2021-09-30,2021-09-27,sh.600028,中国石化
2021-09-30,2021-09-27,sh.600029,南方航空
2021-09-30,2021-09-27,sh.600030,中信证券
2021-09-30,2021-09-27,sh.600031,三一重工
2021-09-30,2021-09-27,sh.600036,招商银行
2021-09-30,2021-09-27,sh.600048,保利发展
2021-09-30,2021-09-27,sh.600050,中国联通
2021-09-30,2021-09-27,sh.600061,国投资本
2021-09-30,2021-09-27,sh.600079,人福医药
2021-09-30,2021-09-27,sh.600085,同仁堂
2021-09-30,2021-09-27,sh.600104,上汽集团
2021-09-30,2021-09-27,sh.600109,国金证券
2021-09-30,2021-09-27,sh.600111,北方稀土
2021-09-30,2021-09-27,sh.600115,中国东航
2021-09-30,2021-09-27,sh.600118,中国卫星
2021-09-30,2021-09-27,sh.600132,重庆啤酒
2021-09-30,2021-09-27,sh.600143,金发科技
2021-09-30,2021-09-27,sh.600150,中国船舶
2021-09-30,2021-09-27,sh.600161,天坛生物
2021-09-30,2021-09-27,sh.600176,中国巨石
2021-09-30,2021-09-27,sh.600183,生益科技
2021-09-30,2021-09-27,sh.600196,复星医药
2021-09-30,2021-09-27,sh.600233,圆通速递
2021-09-30,2021-09-27,sh.600276,恒瑞医药
2021-09-30,2021-09-27,sh.600299,安迪苏
2021-09-30,2021-09-27,sh.600309,万华化学
2021-09-30,2021-09-27,sh.600332,白云山
2021-09-30,2021-09-27,sh.600340,华夏幸福
2021-09-30,2021-09-27,sh.600346,恒力石化
2021-09-30,2021-09-27,sh.600352,浙江龙盛
2021-09-30,2021-09-27,sh.600362,江西铜业
2021-09-30,2021-09-27,sh.600383,金地集团
2021-09-30,2021-09-27,sh.600406,国电南瑞
2021-09-30,2021-09-27,sh.600426,华鲁恒升
2021-09-30,2021-09-27,sh.600436,片仔癀
2021-09-30,2021-09-27,sh.600438,通威股份
2021-09-30,2021-09-27,sh.600482,中国动力
2021-09-30,2021-09-27,sh.600489,中金黄金
2021-09-30,2021-09-27,sh.600519,贵州茅台
2021-09-30,2021-09-27,sh.600521,华海药业
2021-09-30,2021-09-27,sh.600522,中天科技
2021-09-30,2021-09-27,sh.600547,山东黄金
2021-09-30,2021-09-27,sh.600570,恒生电子
2021-09-30,2021-09-27,sh.600584,长电科技
2021-09-30,2021-09-27,sh.600585,海螺水泥
2021-09-30,2021-09-27,sh.600588,用友网络
2021-09-30,2021-09-27,sh.600600,青岛啤酒
2021-09-30,2021-09-27,sh.600606,绿地控股
2021-09-30,2021-09-27,sh.600655,豫园股份
2021-09-30,2021-09-27,sh.600660,福耀玻璃
2021-09-30,2021-09-27,sh.600690,海尔智家
2021-09-30,2021-09-27,sh.600703,三安光电
2021-09-30,2021-09-27,sh.600705,中航产融
2021-09-30,2021-09-27,sh.600741,华域汽车
2021-09-30,2021-09-27,sh.600745,闻泰科技
2021-09-30,2021-09-27,sh.600760,中航沈飞
2021-09-30,2021-09-27,sh.600763,通策医疗
2021-09-30,2021-09-27,sh.600795,国电电力
2021-09-30,2021-09-27,sh.600809,山西汾酒
2021-09-30,2021-09-27,sh.600837,海通证券
2021-09-30,2021-09-27,sh.600845,宝信软件
2021-09-30,2021-09-27,sh.600848,上海临港
2021-09-30,2021-09-27,sh.600872,中炬高新
2021-09-30,2021-09-27,sh.600886,国投电力
2021-09-30,2021-09-27,sh.600887,伊利股份
2021-09-30,2021-09-27,sh.600893,航发动力
2021-09-30,2021-09-27,sh.600900,长江电力
2021-09-30,2021-09-27,sh.600918,中泰证券
2021-09-30,2021-09-27,sh.600919,江苏银行
2021-09-30,2021-09-27,sh.600926,杭州银行
2021-09-30,2021-09-27,sh.600958,东方证券
2021-09-30,2021-09-27,sh.600989,宝丰能源
2021-09-30,2021-09-27,sh.600999,招商证券
2021-09-30,2021-09-27,sh.601006,大秦铁路
2021-09-30,2021-09-27,sh.601009,南京银行
2021-09-30,2021-09-27,sh.601012,隆基股份
2021-09-30,2021-09-27,sh.601021,春秋航空
2021-09-30,2021-09-27,sh.601066,中信建投
2021-09-30,2021-09-27,sh.601077,渝农商行
2021-09-30,2021-09-27,sh.601088,中国神华
2021-09-30,2021-09-27,sh.601100,恒立液压
2021-09-30,2021-09-27,sh.601108,财通证券
2021-09-30,2021-09-27,sh.601111,中国国航
2021-09-30,2021-09-27,sh.601138,工业富联
2021-09-30,2021-09-27,sh.601155,新城控股
2021-09-30,2021-09-27,sh.601162,天风证券
2021-09-30,2021-09-27,sh.601166,兴业银行
2021-09-30,2021-09-27,sh.601169,北京银行
2021-09-30,2021-09-27,sh.601186,中国铁建
2021-09-30,2021-09-27,sh.601211,国泰君安
2021-09-30,2021-09-27,sh.601216,君正集团
2021-09-30,2021-09-27,sh.601225,陕西煤业
2021-09-30,2021-09-27,sh.601229,上海银行
2021-09-30,2021-09-27,sh.601231,环旭电子
2021-09-30,2021-09-27,sh.601236,红塔证券
2021-09-30,2021-09-27,sh.601238,广汽集团
2021-09-30,2021-09-27,sh.601288,农业银行
2021-09-30,2021-09-27,sh.601318,中国平安
2021-09-30,2021-09-27,sh.601319,中国人保
2021-09-30,2021-09-27,sh.601328,交通银行
2021-09-30,2021-09-27,sh.601336,新华保险
2021-09-30,2021-09-27,sh.601360,三六零
2021-09-30,2021-09-27,sh.601377,兴业证券
2021-09-30,2021-09-27,sh.601390,中国中铁
2021-09-30,2021-09-27,sh.601398,工商银行
2021-09-30,2021-09-27,sh.601555,东吴证券
2021-09-30,2021-09-27,sh.601600,中国铝业
2021-09-30,2021-09-27,sh.601601,中国太保
2021-09-30,2021-09-27,sh.601607,上海医药
2021-09-30,2021-09-27,sh.601618,中国中冶
2021-09-30,2021-09-27,sh.601628,中国人寿
2021-09-30,2021-09-27,sh.601633,长城汽车
2021-09-30,2021-09-27,sh.601658,邮储银行
2021-09-30,2021-09-27,sh.601668,中国建筑
2021-09-30,2021-09-27,sh.601669,中国电建
2021-09-30,2021-09-27,sh.601688,华泰证券
2021-09-30,2021-09-27,sh.601696,中银证券
2021-09-30,2021-09-27,sh.601698,中国卫通
2021-09-30,2021-09-27,sh.601727,上海电气
2021-09-30,2021-09-27,sh.601766,中国中车
2021-09-30,2021-09-27,sh.601788,光大证券
2021-09-30,2021-09-27,sh.601799,星宇股份
2021-09-30,2021-09-27,sh.601800,中国交建
2021-09-30,2021-09-27,sh.601808,中海油服
2021-09-30,2021-09-27,sh.601816,京沪高铁
2021-09-30,2021-09-27,sh.601818,光大银行
2021-09-30,2021-09-27,sh.601838,成都银行
2021-09-30,2021-09-27,sh.601857,中国石油
2021-09-30,2021-09-27,sh.601872,招商轮船
2021-09-30,2021-09-27,sh.601877,正泰电器
2021-09-30,2021-09-27,sh.601878,浙商证券
2021-09-30,2021-09-27,sh.601881,中国银河
2021-09-30,2021-09-27,sh.601888,中国中免
2021-09-30,2021-09-27,sh.601899,紫金矿业
2021-09-30,2021-09-27,sh.601901,方正证券
2021-09-30,2021-09-27,sh.601916,浙商银行
2021-09-30,2021-09-27,sh.601919,中远海控
2021-09-30,2021-09-27,sh.601933,永辉超市
2021-09-30,2021-09-27,sh.601939,建设银行
2021-09-30,2021-09-27,sh.601985,中国核电
2021-09-30,2021-09-27,sh.601988,中国银行
2021-09-30,2021-09-27,sh.601989,中国重工
2021-09-30,2021-09-27,sh.601990,南京证券
2021-09-30,2021-09-27,sh.601995,中金公司
2021-09-30,2021-09-27,sh.601998,中信银行
2021-09-30,2021-09-27,sh.603019,中科曙光
2021-09-30,2021-09-27,sh.603087,甘李药业
2021-09-30,2021-09-27,sh.603160,汇顶科技
2021-09-30,2021-09-27,sh.603195,公牛集团
2021-09-30,2021-09-27,sh.603233,大参林
2021-09-30,2021-09-27,sh.603259,药明康德
2021-09-30,2021-09-27,sh.603288,海天味业
2021-09-30,2021-09-27,sh.603338,浙江鼎力
2021-09-30,2021-09-27,sh.603369,今世缘
2021-09-30,2021-09-27,sh.603392,万泰生物
2021-09-30,2021-09-27,sh.603501,韦尔股份
2021-09-30,2021-09-27,sh.603517,绝味食品
2021-09-30,2021-09-27,sh.603658,安图生物
2021-09-30,2021-09-27,sh.603659,璞泰来
2021-09-30,2021-09-27,sh.603799,华友钴业
2021-09-30,2021-09-27,sh.603806,福斯特
2021-09-30,2021-09-27,sh.603833,欧派家居
2021-09-30,2021-09-27,sh.603882,金域医学
2021-09-30,2021-09-27,sh.603899,晨光文具
2021-09-30,2021-09-27,sh.603939,益丰药房
2021-09-30,2021-09-27,sh.603986,兆易创新
2021-09-30,2021-09-27,sh.603993,洛阳钼业
2021-09-30,2021-09-27,sh.688008,澜起科技
2021-09-30,2021-09-27,sh.688009,中国通号
2021-09-30,2021-09-27,sh.688012,中微公司
2021-09-30,2021-09-27,sh.688036,传音控股
2021-09-30,2021-09-27,sh.688111,金山办公
2021-09-30,2021-09-27,sh.688126,沪硅产业
2021-09-30,2021-09-27,sh.688169,石头科技
2021-09-30,2021-09-27,sh.688363,华熙生物
2021-09-30,2021-09-27,sh.688396,华润微
2021-09-30,2021-09-27,sz.000001,平安银行
2021-09-30,2021-09-27,sz.000002,万科A
2021-09-30,2021-09-27,sz.000063,中兴通讯
2021-09-30,2021-09-27,sz.000066,中国长城
2021-09-30,2021-09-27,sz.000069,华侨城A
2021-09-30,2021-09-27,sz.000100,TCL科技
2021-09-30,2021-09-27,sz.000157,中联重科
2021-09-30,2021-09-27,sz.000166,申万宏源
2021-09-30,2021-09-27,sz.000333,美的集团
2021-09-30,2021-09-27,sz.000338,潍柴动力
2021-09-30,2021-09-27,sz.000425,徐工机械
2021-09-30,2021-09-27,sz.000538,云南白药
2021-09-30,2021-09-27,sz.000568,泸州老窖
2021-09-30,2021-09-27,sz.000596,古井贡酒
2021-09-30,2021-09-27,sz.000625,长安汽车
2021-09-30,2021-09-27,sz.000651,格力电器
2021-09-30,2021-09-27,sz.000656,金科股份
2021-09-30,2021-09-27,sz.000661,长春高新
2021-09-30,2021-09-27,sz.000703,恒逸石化
2021-09-30,2021-09-27,sz.000708,中信特钢
2021-09-30,2021-09-27,sz.000725,京东方A
2021-09-30,2021-09-27,sz.000728,国元证券
2021-09-30,2021-09-27,sz.000768,中航西飞
2021-09-30,2021-09-27,sz.000776,广发证券
2021-09-30,2021-09-27,sz.000783,长江证券
2021-09-30,2021-09-27,sz.000786,北新建材
2021-09-30,2021-09-27,sz.000800,一汽解放
2021-09-30,2021-09-27,sz.000858,五粮液
2021-09-30,2021-09-27,sz.000860,顺鑫农业
2021-09-30,2021-09-27,sz.000876,新希望
2021-09-30,2021-09-27,sz.000895,双汇发展
2021-09-30,2021-09-27,sz.000938,紫光股份
2021-09-30,2021-09-27,sz.000963,华东医药
2021-09-30,2021-09-27,sz.000977,浪潮信息
2021-09-30,2021-09-27,sz.001979,招商蛇口
2021-09-30,2021-09-27,sz.002001,新和成
2021-09-30,2021-09-27,sz.002007,华兰生物
2021-09-30,2021-09-27,sz.002008,大族激光
2021-09-30,2021-09-27,sz.002024,苏宁易购
2021-09-30,2021-09-27,sz.002027,分众传媒
2021-09-30,2021-09-27,sz.002032,苏泊尔
2021-09-30,2021-09-27,sz.002044,美年健康
2021-09-30,2021-09-27,sz.002049,紫光国微
2021-09-30,2021-09-27,sz.002050,三花智控
2021-09-30,2021-09-27,sz.002120,韵达股份
2021-09-30,2021-09-27,sz.002129,中环股份
2021-09-30,2021-09-27,sz.002142,宁波银行
2021-09-30,2021-09-27,sz.002153,石基信息
2021-09-30,2021-09-27,sz.002157,正邦科技
2021-09-30,2021-09-27,sz.002179,中航光电
2021-09-30,2021-09-27,sz.002202,金风科技
2021-09-30,2021-09-27,sz.002230,科大讯飞
2021-09-30,2021-09-27,sz.002236,大华股份
2021-09-30,2021-09-27,sz.002241,歌尔股份
2021-09-30,2021-09-27,sz.002252,上海莱士
2021-09-30,2021-09-27,sz.002271,东方雨虹
2021-09-30,2021-09-27,sz.002304,洋河股份
2021-09-30,2021-09-27,sz.002311,海大集团
2021-09-30,2021-09-27,sz.002352,顺丰控股
2021-09-30,2021-09-27,sz.002371,北方华创
2021-09-30,2021-09-27,sz.002384,东山精密
2021-09-30,2021-09-27,sz.002410,广联达
2021-09-30,2021-09-27,sz.002414,高德红外
2021-09-30,2021-09-27,sz.002415,海康威视
2021-09-30,2021-09-27,sz.002456,欧菲光
2021-09-30,2021-09-27,sz.002460,赣锋锂业
2021-09-30,2021-09-27,sz.002463,沪电股份
2021-09-30,2021-09-27,sz.002475,立讯精密
2021-09-30,2021-09-27,sz.002493,荣盛石化
2021-09-30,2021-09-27,sz.002508,老板电器
2021-09-30,2021-09-27,sz.002555,三七互娱
2021-09-30,2021-09-27,sz.002558,巨人网络
2021-09-30,2021-09-27,sz.002594,比亚迪
2021-09-30,2021-09-27,sz.002600,领益智造
2021-09-30,2021-09-27,sz.002601,龙佰集团
2021-09-30,2021-09-27,sz.002602,世纪华通
2021-09-30,2021-09-27,sz.002607,中公教育
2021-09-30,2021-09-27,sz.002624,完美世界
2021-09-30,2021-09-27,sz.002673,西部证券
2021-09-30,2021-09-27,sz.002714,牧原股份
2021-09-30,2021-09-27,sz.002736,国信证券
2021-09-30,2021-09-27,sz.002739,万达电影
2021-09-30,2021-09-27,sz.002773,康弘药业
2021-09-30,2021-09-27,sz.002812,恩捷股份
2021-09-30,2021-09-27,sz.002821,凯莱英
2021-09-30,2021-09-27,sz.002841,视源股份
2021-09-30,2021-09-27,sz.002916,深南电路
2021-09-30,2021-09-27,sz.002938,鹏鼎控股
2021-09-30,2021-09-27,sz.002939,长城证券
2021-09-30,2021-09-27,sz.002945,华林证券
2021-09-30,2021-09-27,sz.003816,中国广核
2021-09-30,2021-09-27,sz.300003,乐普医疗
2021-09-30,2021-09-27,sz.300014,亿纬锂能
2021-09-30,2021-09-27,sz.300015,爱尔眼科
2021-09-30,2021-09-27,sz.300033,同花顺
2021-09-30,2021-09-27,sz.300059,东方财富
2021-09-30,2021-09-27,sz.300122,智飞生物
2021-09-30,2021-09-27,sz.300124,汇川技术
2021-09-30,2021-09-27,sz.300136,信维通信
2021-09-30,2021-09-27,sz.300142,沃森生物
2021-09-30,2021-09-27,sz.300144,宋城演艺
2021-09-30,2021-09-27,sz.300274,阳光电源
2021-09-30,2021-09-27,sz.300347,泰格医药
2021-09-30,2021-09-27,sz.300408,三环集团
2021-09-30,2021-09-27,sz.300413,芒果超媒
2021-09-30,2021-09-27,sz.300433,蓝思科技
2021-09-30,2021-09-27,sz.300450,先导智能
2021-09-30,2021-09-27,sz.300498,温氏股份
2021-09-30,2021-09-27,sz.300529,健帆生物
2021-09-30,2021-09-27,sz.300558,贝达药业
2021-09-30,2021-09-27,sz.300595,欧普康视
2021-09-30,2021-09-27,sz.300601,康泰生物
2021-09-30,2021-09-27,sz.300628,亿联网络
2021-09-30,2021-09-27,sz.300676,华大基因
2021-09-30,2021-09-27,sz.300677,英科医疗
2021-10-31,2021-10-18,sh.600000,浦发银行
2021-10-31,2021-10-18,sh.600009,上海机场
2021-10-31,2021-10-18,sh.600010,包钢股份
2021-10-31,2021-10-18,sh.600011,华能国际
2021-10-31,2021-10-18,sh.600015,华夏银行
2021-10-31,2021-10-18,sh.600016,民生银行
2021-10-31,2021-10-18,sh.600018,上港集团
2021-10-31,2021-10-18,sh.600019,宝钢股份
2021-10-31,2021-10-18,sh.600025,华能水电
2021-10-31,2021-10-18,sh.600028,中国石化
2021-10-31,2021-10-18,sh.600029,南方航空
2021-10-31,2021-10-18,sh.600030,中信证券
2021-10-31,2021-10-18,sh.600031,三一重工
2021-10-31,2021-10-18,sh.600036,招商银行
2021-10-31,2021-10-18,sh.600048,保利发展
2021-10-31,2021-10-18,sh.600050,中国联通
2021-10-31,2021-10-18,sh.600061,国投资本
2021-10-31,2021-10-18,sh.600079,人福医药
2021-10-31,2021-10-18,sh.600085,同仁堂
2021-10-31,2021-10-18,sh.600104,上汽集团
2021-10-31,2021-10-18,sh.600109,国金证券
2021-10-31,2021-10-18,sh.600111,北方稀土
2021-10-31,2021-10-18,sh.600115,中国东航
2021-10-31,2021-10-18,sh.600118,中国卫星
2021-10-31,2021-10-18,sh.600132,重庆啤酒
2021-10-31,2021-10-18,sh.600143,金发科技
2021-10-31,2021-10-18,sh.600150,中国船舶
2021-10-31,2021-10-18,sh.600161,天坛生物
2021-10-31,2021-10-18,sh.600176,中国巨石
2021-10-31,2021-10-18,sh.600183,生益科技
2021-10-31,2021-10-18,sh.600196,复星医药
2021-10-31,2021-10-18,sh.600233,圆通速递
2021-10-31,2021-10-18,sh.600276,恒瑞医药
2021-10-31,2021-10-18,sh.600299,安迪苏
2021-10-31,2021-10-18,sh.600309,万华化学
2021-10-31,2021-10-18,sh.600332,白云山
2021-10-31,2021-10-18,sh.600340,华夏幸福
2021-10-31,2021-10-18,sh.600346,恒力石化
2021-10-31,2021-10-18,sh.600352,浙江龙盛
2021-10-31,2021-10-18,sh.600362,江西铜业
2021-10-31,2021-10-18,sh.600383,金地集团
2021-10-31,2021-10-18,sh.600406,国电南瑞
2021-10-31,2021-10-18,sh.600426,华鲁恒升
2021-10-31,2021-10-18,sh.600436,片仔癀
2021-10-31,2021-10-18,sh.600438,通威股份
2021-10-31,2021-10-18,sh.600482,中国动力
2021-10-31,2021-10-18,sh.600489,中金黄金
2021-10-31,2021-10-18,sh.600519,贵州茅台
2021-10-31,2021-10-18,sh.600521,华海药业
2021-10-31,2021-10-18,sh.600522,中天科技
2021-10-31,2021-10-18,sh.600547,山东黄金
2021-10-31,2021-10-18,sh.600570,恒生电子
2021-10-31,2021-10-18,sh.600584,长电科技
2021-10-31,2021-10-18,sh.600585,海螺水泥
2021-10-31,2021-10-18,sh.600588,用友网络
2021-10-31,2021-10-18,sh.600600,青岛啤酒
2021-10-31,2021-10-18,sh.600606,绿地控股
2021-10-31,2021-10-18,sh.600655,豫园股份
2021-10-31,2021-10-18,sh.600660,福耀玻璃
2021-10-31,2021-10-18,sh.600690,海尔智家
2021-10-31,2021-10-18,sh.600703,三安光电
2021-10-31,2021-10-18,sh.600705,中航产融
2021-10-31,2021-10-18,sh.600741,华域汽车
2021-10-31,2021-10-18,sh.600745,闻泰科技
2021-10-31,2021-10-18,sh.600760,中航沈飞
2021-10-31,2021-10-18,sh.600763,通策医疗
2021-10-31,2021-10-18,sh.600795,国电电力
2021-10-31,2021-10-18,sh.600809,山西汾酒
2021-10-31,2021-10-18,sh.600837,海通证券
2021-10-31,2021-10-18,sh.600845,宝信软件
2021-10-31,2021-10-18,sh.600848,上海临港
2021-10-31,2021-10-18,sh.600872,中炬高新
2021-10-31,2021-10-18,sh.600886,国投电力
2021-10-31,2021-10-18,sh.600887,伊利股份
2021-10-31,2021-10-18,sh.600893,航发动力
2021-10-31,2021-10-18,sh.600900,长江电力
2021-10-31,2021-10-18,sh.600918,中泰证券
2021-10-31,2021-10-18,sh.600919,江苏银行
2021-10-31,2021-10-18,sh.600926,杭州银行
2021-10-31,2021-10-18,sh.600958,东方证券
2021-10-31,2021-10-18,sh.600989,宝丰能源
2021-10-31,2021-10-18,sh.600999,招商证券
2021-10-31,2021-10-18,sh.601006,大秦铁路
2021-10-31,2021-10-18,sh.601009,南京银行
2021-10-31,2021-10-18,sh.601012,隆基股份
2021-10-31,2021-10-18,sh.601021,春秋航空
2021-10-31,2021-10-18,sh.601066,中信建投
2021-10-31,2021-10-18,sh.601077,渝农商行
2021-10-31,2021-10-18,sh.601088,中国神华
2021-10-31,2021-10-18,sh.601100,恒立液压
2021-10-31,2021-10-18,sh.601108,财通证券
2021-10-31,2021-10-18,sh.601111,中国国航
2021-10-31,2021-10-18,sh.601138,工业富联
2021-10-31,2021-10-18,sh.601155,新城控股
2021-10-31,2021-10-18,sh.601162,天风证券
2021-10-31,2021-10-18,sh.601166,兴业银行
2021-10-31,2021-10-18,sh.601169,北京银行
2021-10-31,2021-10-18,sh.601186,中国铁建
2021-10-31,2021-10-18,sh.601211,国泰君安
2021-10-31,2021-10-18,sh.601216,君正集团
2021-10-31,2021-10-18,sh.601225,陕西煤业
2021-10-31,2021-10-18,sh.601229,上海银行
2021-10-31,2021-10-18,sh.601231,环旭电子
2021-10-31,2021-10-18,sh.601236,红塔证券
2021-10-31,2021-10-18,sh.601238,广汽集团
2021-10-31,2021-10-18,sh.601288,农业银行
2021-10-31,2021-10-18,sh.601318,中国平安
2021-10-31,2021-10-18,sh.601319,中国人保
2021-10-31,2021-10-18,sh.601328,交通银行
2021-10-31,2021-10-18,sh.601336,新华保险
2021-10-31,2021-10-18,sh.601360,三六零
2021-10-31,2021-10-18,sh.601377,兴业证券
2021-10-31,2021-10-18,sh.601390,中国中铁
2021-10-31,2021-10-18,sh.601398,工商银行
2021-10-31,2021-10-18,sh.601555,东吴证券
2021-10-31,2021-10-18,sh.601600,中国铝业
2021-10-31,2021-10-18,sh.601601,中国太保
2021-10-31,2021-10-18,sh.601607,上海医药
2021-10-31,2021-10-18,sh.601618,中国中冶
2021-10-31,2021-10-18,sh.601628,中国人寿
2021-10-31,2021-10-18,sh.601633,长城汽车
2021-10-31,2021-10-18,sh.601658,邮储银行
2021-10-31,2021-10-18,sh.601668,中国建筑
2021-10-31,2021-10-18,sh.601669,中国电建
2021-10-31,2021-10-18,sh.601688,华泰证券
2021-10-31,2021-10-18,sh.601696,中银证券
2021-10-31,2021-10-18,sh.601698,中国卫通
2021-10-31,2021-10-18,sh.601727,上海电气
2021-10-31,2021-10-18,sh.601766,中国中车
2021-10-31,2021-10-18,sh.601788,光大证券
2021-10-31,2021-10-18,sh.601799,星宇股份
2021-10-31,2021-10-18,sh.601800,中国交建
2021-10-31,2021-10-18,sh.601808,中海油服
2021-10-31,2021-10-18,sh.601816,京沪高铁
2021-10-31,2021-10-18,sh.601818,光大银行
2021-10-31,2021-10-18,sh.601838,成都银行
2021-10-31,2021-10-18,sh.601857,中国石油
2021-10-31,2021-10-18,sh.601872,招商轮船
2021-10-31,2021-10-18,sh.601877,正泰电器
2021-10-31,2021-10-18,sh.601878,浙商证券
2021-10-31,2021-10-18,sh.601881,中国银河
2021-10-31,2021-10-18,sh.601888,中国中免
2021-10-31,2021-10-18,sh.601899,紫金矿业
2021-10-31,2021-10-18,sh.601901,方正证券
2021-10-31,2021-10-18,sh.601916,浙商银行
2021-10-31,2021-10-18,sh.601919,中远海控
2021-10-31,2021-10-18,sh.601933,永辉超市
2021-10-31,2021-10-18,sh.601939,建设银行
2021-10-31,2021-10-18,sh.601985,中国核电
2021-10-31,2021-10-18,sh.601988,中国银行
2021-10-31,2021-10-18,sh.601989,中国重工
2021-10-31,2021-10-18,sh.601990,南京证券
2021-10-31,2021-10-18,sh.601995,中金公司
2021-10-31,2021-10-18,sh.601998,中信银行
2021-10-31,2021-10-18,sh.603019,中科曙光
2021-10-31,2021-10-18,sh.603087,甘李药业
2021-10-31,2021-10-18,sh.603160,汇顶科技
2021-10-31,2021-10-18,sh.603195,公牛集团
2021-10-31,2021-10-18,sh.603233,大参林
2021-10-31,2021-10-18,sh.603259,药明康德
2021-10-31,2021-10-18,sh.603288,海天味业
2021-10-31,2021-10-18,sh.603338,浙江鼎力
2021-10-31,2021-10-18,sh.603369,今世缘
2021-10-31,2021-10-18,sh.603392,万泰生物
2021-10-31,2021-10-18,sh.603501,韦尔股份
2021-10-31,2021-10-18,sh.603517,绝味食品
2021-10-31,2021-10-18,sh.603658,安图生物
2021-10-31,2021-10-18,sh.603659,璞泰来
2021-10-31,2021-10-18,sh.603799,华友钴业
2021-10-31,2021-10-18,sh.603806,福斯特
2021-10-31,2021-10-18,sh.603833,欧派家居
2021-10-31,2021-10-18,sh.603882,金域医学
2021-10-31,2021-10-18,sh.603899,晨光文具
2021-10-31,2021-10-18,sh.603939,益丰药房
2021-10-31,2021-10-18,sh.603986,兆易创新
2021-10-31,2021-10-18,sh.603993,洛阳钼业
2021-10-31,2021-10-18,sh.688008,澜起科技
2021-10-31,2021-10-18,sh.688009,中国通号
2021-10-31,2021-10-18,sh.688012,中微公司
2021-10-31,2021-10-18,sh.688036,传音控股
2021-10-31,2021-10-18,sh.688111,金山办公
2021-10-31,2021-10-18,sh.688126,沪硅产业
2021-10-31,2021-10-18,sh.688169,石头科技
2021-10-31,2021-10-18,sh.688363,华熙生物
2021-10-31,2021-10-18,sh.688396,华润微
2021-10-31,2021-10-18,sz.000001,平安银行
2021-10-31,2021-10-18,sz.000002,万科A
2021-10-31,2021-10-18,sz.000063,中兴通讯
2021-10-31,2021-10-18,sz.000066,中国长城
2021-10-31,2021-10-18,sz.000069,华侨城A
2021-10-31,2021-10-18,sz.000100,TCL科技
2021-10-31,2021-10-18,sz.000157,中联重科
2021-10-31,2021-10-18,sz.000166,申万宏源
2021-10-31,2021-10-18,sz.000333,美的集团
2021-10-31,2021-10-18,sz.000338,潍柴动力
2021-10-31,2021-10-18,sz.000425,徐工机械
2021-10-31,2021-10-18,sz.000538,云南白药
2021-10-31,2021-10-18,sz.000568,泸州老窖
2021-10-31,2021-10-18,sz.000596,古井贡酒
2021-10-31,2021-10-18,sz.000625,长安汽车
2021-10-31,2021-10-18,sz.000651,格力电器
2021-10-31,2021-10-18,sz.000656,金科股份
2021-10-31,2021-10-18,sz.000661,长春高新
2021-10-31,2021-10-18,sz.000703,恒逸石化
2021-10-31,2021-10-18,sz.000708,中信特钢
2021-10-31,2021-10-18,sz.000725,京东方A
2021-10-31,2021-10-18,sz.000728,国元证券
2021-10-31,2021-10-18,sz.000768,中航西飞
2021-10-31,2021-10-18,sz.000776,广发证券
2021-10-31,2021-10-18,sz.000783,长江证券
2021-10-31,2021-10-18,sz.000786,北新建材
2021-10-31,2021-10-18,sz.000800,一汽解放
2021-10-31,2021-10-18,sz.000858,五粮液
2021-10-31,2021-10-18,sz.000860,顺鑫农业
2021-10-31,2021-10-18,sz.000876,新希望
2021-10-31,2021-10-18,sz.000895,双汇发展
2021-10-31,2021-10-18,sz.000938,紫光股份
2021-10-31,2021-10-18,sz.000963,华东医药
2021-10-31,2021-10-18,sz.000977,浪潮信息
2021-10-31,2021-10-18,sz.001979,招商蛇口
2021-10-31,2021-10-18,sz.002001,新和成
2021-10-31,2021-10-18,sz.002007,华兰生物
2021-10-31,2021-10-18,sz.002008,大族激光
2021-10-31,2021-10-18,sz.002024,苏宁易购
2021-10-31,2021-10-18,sz.002027,分众传媒
2021-10-31,2021-10-18,sz.002032,苏泊尔
2021-10-31,2021-10-18,sz.002044,美年健康
2021-10-31,2021-10-18,sz.002049,紫光国微
2021-10-31,2021-10-18,sz.002050,三花智控
2021-10-31,2021-10-18,sz.002120,韵达股份
2021-10-31,2021-10-18,sz.002129,中环股份
2021-10-31,2021-10-18,sz.002142,宁波银行
2021-10-31,2021-10-18,sz.002153,石基信息
2021-10-31,2021-10-18,sz.002157,正邦科技
2021-10-31,2021-10-18,sz.002179,中航光电
2021-10-31,2021-10-18,sz.002202,金风科技
2021-10-31,2021-10-18,sz.002230,科大讯飞
2021-10-31,2021-10-18,sz.002236,大华股份
2021-10-31,2021-10-18,sz.002241,歌尔股份
2021-10-31,2021-10-18,sz.002252,上海莱士
2021-10-31,2021-10-18,sz.002271,东方雨虹
2021-10-31,2021-10-18,sz.002304,洋河股份
2021-10-31,2021-10-18,sz.002311,海大集团
2021-10-31,2021-10-18,sz.002352,顺丰控股
2021-10-31,2021-10-18,sz.002371,北方华创
2021-10-31,2021-10-18,sz.002384,东山精密
2021-10-31,2021-10-18,sz.002410,广联达
2021-10-31,2021-10-18,sz.002414,高德红外
2021-10-31,2021-10-18,sz.002415,海康威视
2021-10-31,2021-10-18,sz.002456,欧菲光
2021-10-31,2021-10-18,sz.002460,赣锋锂业
2021-10-31,2021-10-18,sz.002463,沪电股份
2021-10-31,2021-10-18,sz.002475,立讯精密
2021-10-31,2021-10-18,sz.002493,荣盛石化
2021-10-31,2021-10-18,sz.002508,老板电器
2021-10-31,2021-10-18,sz.002555,三七互娱
2021-10-31,2021-10-18,sz.002558,巨人网络
2021-10-31,2021-10-18,sz.002594,比亚迪
2021-10-31,2021-10-18,sz.002600,领益智造
2021-10-31,2021-10-18,sz.002601,龙佰集团
2021-10-31,2021-10-18,sz.002602,世纪华通
2021-10-31,2021-10-18,sz.002607,中公教育
2021-10-31,2021-10-18,sz.002624,完美世界
2021-10-31,2021-10-18,sz.002673,西部证券
2021-10-31,2021-10-18,sz.002714,牧原股份
2021-10-31,2021-10-18,sz.002736,国信证券
2021-10-31,2021-10-18,sz.002739,万达电影
2021-10-31,2021-10-18,sz.002773,康弘药业
2021-10-31,2021-10-18,sz.002812,恩捷股份
2021-10-31,2021-10-18,sz.002821,凯莱英
2021-10-31,2021-10-18,sz.002841,视源股份
2021-10-31,2021-10-18,sz.002916,深南电路
2021-10-31,2021-10-18,sz.002938,鹏鼎控股
2021-10-31,2021-10-18,sz.002939,长城证券
2021-10-31,2021-10-18,sz.002945,华林证券
2021-10-31,2021-10-18,sz.003816,中国广核
2021-10-31,2021-10-18,sz.300003,乐普医疗
2021-10-31,2021-10-18,sz.300014,亿纬锂能
2021-10-31,2021-10-18,sz.300015,爱尔眼科
2021-10-31,2021-10-18,sz.300033,同花顺
2021-10-31,2021-10-18,sz.300059,东方财富
2021-10-31,2021-10-18,sz.300122,智飞生物
2021-10-31,2021-10-18,sz.300124,汇川技术
2021-10-31,2021-10-18,sz.300136,信维通信
2021-10-31,2021-10-18,sz.300142,沃森生物
2021-10-31,2021-10-18,sz.300144,宋城演艺
2021-10-31,2021-10-18,sz.300274,阳光电源
2021-10-31,2021-10-18,sz.300347,泰格医药
2021-10-31,2021-10-18,sz.300408,三环集团
2021-10-31,2021-10-18,sz.300413,芒果超媒
2021-10-31,2021-10-18,sz.300433,蓝思科技
2021-10-31,2021-10-18,sz.300450,先导智能
2021-10-31,2021-10-18,sz.300498,温氏股份
2021-10-31,2021-10-18,sz.300529,健帆生物
2021-10-31,2021-10-18,sz.300558,贝达药业
2021-10-31,2021-10-18,sz.300595,欧普康视
2021-10-31,2021-10-18,sz.300601,康泰生物
2021-10-31,2021-10-18,sz.300628,亿联网络
2021-10-31,2021-10-18,sz.300676,华大基因
2021-10-31,2021-10-18,sz.300677,英科医疗
2021-11-30,2021-11-15,sh.600000,浦发银行
2021-11-30,2021-11-15,sh.600009,上海机场
2021-11-30,2021-11-15,sh.600010,包钢股份
2021-11-30,2021-11-15,sh.600011,华能国际
2021-11-30,2021-11-15,sh.600015,华夏银行
2021-11-30,2021-11-15,sh.600016,民生银行
2021-11-30,2021-11-15,sh.600018,上港集团
2021-11-30,2021-11-15,sh.600019,宝钢股份
2021-11-30,2021-11-15,sh.600025,华能水电
2021-11-30,2021-11-15,sh.600028,中国石化
2021-11-30,2021-11-15,sh.600029,南方航空
2021-11-30,2021-11-15,sh.600030,中信证券
2021-11-30,2021-11-15,sh.600031,三一重工
2021-11-30,2021-11-15,sh.600036,招商银行
2021-11-30,2021-11-15,sh.600048,保利发展
2021-11-30,2021-11-15,sh.600050,中国联通
2021-11-30,2021-11-15,sh.600061,国投资本
2021-11-30,2021-11-15,sh.600079,人福医药
2021-11-30,2021-11-15,sh.600085,同仁堂
2021-11-30,2021-11-15,sh.600104,上汽集团
2021-11-30,2021-11-15,sh.600109,国金证券
2021-11-30,2021-11-15,sh.600111,北方稀土
2021-11-30,2021-11-15,sh.600115,中国东航
2021-11-30,2021-11-15,sh.600118,中国卫星
2021-11-30,2021-11-15,sh.600132,重庆啤酒
2021-11-30,2021-11-15,sh.600143,金发科技
2021-11-30,2021-11-15,sh.600150,中国船舶
2021-11-30,2021-11-15,sh.600161,天坛生物
2021-11-30,2021-11-15,sh.600176,中国巨石
2021-11-30,2021-11-15,sh.600183,生益科技
2021-11-30,2021-11-15,sh.600196,复星医药
2021-11-30,2021-11-15,sh.600233,圆通速递
2021-11-30,2021-11-15,sh.600276,恒瑞医药
2021-11-30,2021-11-15,sh.600299,安迪苏
2021-11-30,2021-11-15,sh.600309,万华化学
2021-11-30,2021-11-15,sh.600332,白云山
2021-11-30,2021-11-15,sh.600340,华夏幸福
2021-11-30,2021-11-15,sh.600346,恒力石化
2021-11-30,2021-11-15,sh.600352,浙江龙盛
2021-11-30,2021-11-15,sh.600362,江西铜业
2021-11-30,2021-11-15,sh.600383,金地集团
2021-11-30,2021-11-15,sh.600406,国电南瑞
2021-11-30,2021-11-15,sh.600426,华鲁恒升
2021-11-30,2021-11-15,sh.600436,片仔癀
2021-11-30,2021-11-15,sh.600438,通威股份
2021-11-30,2021-11-15,sh.600482,中国动力
2021-11-30,2021-11-15,sh.600489,中金黄金
2021-11-30,2021-11-15,sh.600519,贵州茅台
2021-11-30,2021-11-15,sh.600521,华海药业
2021-11-30,2021-11-15,sh.600522,中天科技
2021-11-30,2021-11-15,sh.600547,山东黄金
2021-11-30,2021-11-15,sh.600570,恒生电子
2021-11-30,2021-11-15,sh.600584,长电科技
2021-11-30,2021-11-15,sh.600585,海螺水泥
2021-11-30,2021-11-15,sh.600588,用友网络
2021-11-30,2021-11-15,sh.600600,青岛啤酒
2021-11-30,2021-11-15,sh.600606,绿地控股
2021-11-30,2021-11-15,sh.600655,豫园股份
2021-11-30,2021-11-15,sh.600660,福耀玻璃
2021-11-30,2021-11-15,sh.600690,海尔智家
2021-11-30,2021-11-15,sh.600703,三安光电
2021-11-30,2021-11-15,sh.600705,中航产融
2021-11-30,2021-11-15,sh.600741,华域汽车
2021-11-30,2021-11-15,sh.600745,闻泰科技
2021-11-30,2021-11-15,sh.600760,中航沈飞
2021-11-30,2021-11-15,sh.600763,通策医疗
2021-11-30,2021-11-15,sh.600795,国电电力
2021-11-30,2021-11-15,sh.600809,山西汾酒
2021-11-30,2021-11-15,sh.600837,海通证券
2021-11-30,2021-11-15,sh.600845,宝信软件
2021-11-30,2021-11-15,sh.600848,上海临港
2021-11-30,2021-11-15,sh.600872,中炬高新
2021-11-30,2021-11-15,sh.600886,国投电力
2021-11-30,2021-11-15,sh.600887,伊利股份
2021-11-30,2021-11-15,sh.600893,航发动力
2021-11-30,2021-11-15,sh.600900,长江电力
2021-11-30,2021-11-15,sh.600918,中泰证券
2021-11-30,2021-11-15,sh.600919,江苏银行
2021-11-30,2021-11-15,sh.600926,杭州银行
2021-11-30,2021-11-15,sh.600958,东方证券
2021-11-30,2021-11-15,sh.600989,宝丰能源
2021-11-30,2021-11-15,sh.600999,招商证券
2021-11-30,2021-11-15,sh.601006,大秦铁路
2021-11-30,2021-11-15,sh.601009,南京银行
2021-11-30,2021-11-15,sh.601012,隆基股份
2021-11-30,2021-11-15,sh.601021,春秋航空
2021-11-30,2021-11-15,sh.601066,中信建投
2021-11-30,2021-11-15,sh.601077,渝农商行
2021-11-30,2021-11-15,sh.601088,中国神华
2021-11-30,2021-11-15,sh.601100,恒立液压
2021-11-30,2021-11-15,sh.601108,财通证券
2021-11-30,2021-11-15,sh.601111,中国国航
2021-11-30,2021-11-15,sh.601138,工业富联
2021-11-30,2021-11-15,sh.601155,新城控股
2021-11-30,2021-11-15,sh.601162,天风证券
2021-11-30,2021-11-15,sh.601166,兴业银行
2021-11-30,2021-11-15,sh.601169,北京银行
2021-11-30,2021-11-15,sh.601186,中国铁建
2021-11-30,2021-11-15,sh.601211,国泰君安
2021-11-30,2021-11-15,sh.601216,君正集团
2021-11-30,2021-11-15,sh.601225,陕西煤业
2021-11-30,2021-11-15,sh.601229,上海银行
2021-11-30,2021-11-15,sh.601231,环旭电子
2021-11-30,2021-11-15,sh.601236,红塔证券
2021-11-30,2021-11-15,sh.601238,广汽集团
2021-11-30,2021-11-15,sh.601288,农业银行
2021-11-30,2021-11-15,sh.601318,中国平安
2021-11-30,2021-11-15,sh.601319,中国人保
2021-11-30,2021-11-15,sh.601328,交通银行
2021-11-30,2021-11-15,sh.601336,新华保险
2021-11-30,2021-11-15,sh.601360,三六零
2021-11-30,2021-11-15,sh.601377,兴业证券
2021-11-30,2021-11-15,sh.601390,中国中铁
2021-11-30,2021-11-15,sh.601398,工商银行
2021-11-30,2021-11-15,sh.601555,东吴证券
2021-11-30,2021-11-15,sh.601600,中国铝业
2021-11-30,2021-11-15,sh.601601,中国太保
2021-11-30,2021-11-15,sh.601607,上海医药
2021-11-30,2021-11-15,sh.601618,中国中冶
2021-11-30,2021-11-15,sh.601628,中国人寿
2021-11-30,2021-11-15,sh.601633,长城汽车
2021-11-30,2021-11-15,sh.601658,邮储银行
2021-11-30,2021-11-15,sh.601668,中国建筑
2021-11-30,2021-11-15,sh.601669,中国电建
2021-11-30,2021-11-15,sh.601688,华泰证券
2021-11-30,2021-11-15,sh.601696,中银证券
2021-11-30,2021-11-15,sh.601698,中国卫通
2021-11-30,2021-11-15,sh.601727,上海电气
2021-11-30,2021-11-15,sh.601766,中国中车
2021-11-30,2021-11-15,sh.601788,光大证券
2021-11-30,2021-11-15,sh.601799,星宇股份
2021-11-30,2021-11-15,sh.601800,中国交建
2021-11-30,2021-11-15,sh.601808,中海油服
2021-11-30,2021-11-15,sh.601816,京沪高铁
2021-11-30,2021-11-15,sh.601818,光大银行
2021-11-30,2021-11-15,sh.601838,成都银行
2021-11-30,2021-11-15,sh.601857,中国石油
2021-11-30,2021-11-15,sh.601872,招商轮船
2021-11-30,2021-11-15,sh.601877,正泰电器
2021-11-30,2021-11-15,sh.601878,浙商证券
2021-11-30,2021-11-15,sh.601881,中国银河
2021-11-30,2021-11-15,sh.601888,中国中免
2021-11-30,2021-11-15,sh.601899,紫金矿业
2021-11-30,2021-11-15,sh.601901,方正证券
2021-11-30,2021-11-15,sh.601916,浙商银行
2021-11-30,2021-11-15,sh.601919,中远海控
2021-11-30,2021-11-15,sh.601933,永辉超市
2021-11-30,2021-11-15,sh.601939,建设银行
2021-11-30,2021-11-15,sh.601985,中国核电
2021-11-30,2021-11-15,sh.601988,中国银行
2021-11-30,2021-11-15,sh.601989,中国重工
2021-11-30,2021-11-15,sh.601990,南京证券
2021-11-30,2021-11-15,sh.601995,中金公司
2021-11-30,2021-11-15,sh.601998,中信银行
2021-11-30,2021-11-15,sh.603019,中科曙光
2021-11-30,2021-11-15,sh.603087,甘李药业
2021-11-30,2021-11-15,sh.603160,汇顶科技
2021-11-30,2021-11-15,sh.603195,公牛集团
2021-11-30,2021-11-15,sh.603233,大参林
2021-11-30,2021-11-15,sh.603259,药明康德
2021-11-30,2021-11-15,sh.603288,海天味业
2021-11-30,2021-11-15,sh.603338,浙江鼎力
2021-11-30,2021-11-15,sh.603369,今世缘
2021-11-30,2021-11-15,sh.603392,万泰生物
2021-11-30,2021-11-15,sh.603501,韦尔股份
2021-11-30,2021-11-15,sh.603517,绝味食品
2021-11-30,2021-11-15,sh.603658,安图生物
2021-11-30,2021-11-15,sh.603659,璞泰来
2021-11-30,2021-11-15,sh.603799,华友钴业
2021-11-30,2021-11-15,sh.603806,福斯特
2021-11-30,2021-11-15,sh.603833,欧派家居
2021-11-30,2021-11-15,sh.603882,金域医学
2021-11-30,2021-11-15,sh.603899,晨光文具
2021-11-30,2021-11-15,sh.603939,益丰药房
2021-11-30,2021-11-15,sh.603986,兆易创新
2021-11-30,2021-11-15,sh.603993,洛阳钼业
2021-11-30,2021-11-15,sh.688008,澜起科技
2021-11-30,2021-11-15,sh.688009,中国通号
2021-11-30,2021-11-15,sh.688012,中微公司
2021-11-30,2021-11-15,sh.688036,传音控股
2021-11-30,2021-11-15,sh.688111,金山办公
2021-11-30,2021-11-15,sh.688126,沪硅产业
2021-11-30,2021-11-15,sh.688169,石头科技
2021-11-30,2021-11-15,sh.688363,华熙生物
2021-11-30,2021-11-15,sh.688396,华润微
2021-11-30,2021-11-15,sz.000001,平安银行
2021-11-30,2021-11-15,sz.000002,万科A
2021-11-30,2021-11-15,sz.000063,中兴通讯
2021-11-30,2021-11-15,sz.000066,中国长城
2021-11-30,2021-11-15,sz.000069,华侨城A
2021-11-30,2021-11-15,sz.000100,TCL科技
2021-11-30,2021-11-15,sz.000157,中联重科
2021-11-30,2021-11-15,sz.000166,申万宏源
2021-11-30,2021-11-15,sz.000333,美的集团
2021-11-30,2021-11-15,sz.000338,潍柴动力
2021-11-30,2021-11-15,sz.000425,徐工机械
2021-11-30,2021-11-15,sz.000538,云南白药
2021-11-30,2021-11-15,sz.000568,泸州老窖
2021-11-30,2021-11-15,sz.000596,古井贡酒
2021-11-30,2021-11-15,sz.000625,长安汽车
2021-11-30,2021-11-15,sz.000651,格力电器
2021-11-30,2021-11-15,sz.000656,金科股份
2021-11-30,2021-11-15,sz.000661,长春高新
2021-11-30,2021-11-15,sz.000703,恒逸石化
2021-11-30,2021-11-15,sz.000708,中信特钢
2021-11-30,2021-11-15,sz.000725,京东方A
2021-11-30,2021-11-15,sz.000728,国元证券
2021-11-30,2021-11-15,sz.000768,中航西飞
2021-11-30,2021-11-15,sz.000776,广发证券
2021-11-30,2021-11-15,sz.000783,长江证券
2021-11-30,2021-11-15,sz.000786,北新建材
2021-11-30,2021-11-15,sz.000800,一汽解放
2021-11-30,2021-11-15,sz.000858,五粮液
2021-11-30,2021-11-15,sz.000860,顺鑫农业
2021-11-30,2021-11-15,sz.000876,新希望
2021-11-30,2021-11-15,sz.000895,双汇发展
2021-11-30,2021-11-15,sz.000938,紫光股份
2021-11-30,2021-11-15,sz.000963,华东医药
2021-11-30,2021-11-15,sz.000977,浪潮信息
2021-11-30,2021-11-15,sz.001979,招商蛇口
2021-11-30,2021-11-15,sz.002001,新和成
2021-11-30,2021-11-15,sz.002007,华兰生物
2021-11-30,2021-11-15,sz.002008,大族激光
2021-11-30,2021-11-15,sz.002024,苏宁易购
2021-11-30,2021-11-15,sz.002027,分众传媒
2021-11-30,2021-11-15,sz.002032,苏泊尔
2021-11-30,2021-11-15,sz.002044,美年健康
2021-11-30,2021-11-15,sz.002049,紫光国微
2021-11-30,2021-11-15,sz.002050,三花智控
2021-11-30,2021-11-15,sz.002120,韵达股份
2021-11-30,2021-11-15,sz.002129,中环股份
2021-11-30,2021-11-15,sz.002142,宁波银行
2021-11-30,2021-11-15,sz.002153,石基信息
2021-11-30,2021-11-15,sz.002157,正邦科技
2021-11-30,2021-11-15,sz.002179,中航光电
2021-11-30,2021-11-15,sz.002202,金风科技
2021-11-30,2021-11-15,sz.002230,科大讯飞
2021-11-30,2021-11-15,sz.002236,大华股份
2021-11-30,2021-11-15,sz.002241,歌尔股份
2021-11-30,2021-11-15,sz.002252,上海莱士
2021-11-30,2021-11-15,sz.002271,东方雨虹
2021-11-30,2021-11-15,sz.002304,洋河股份
2021-11-30,2021-11-15,sz.002311,海大集团
2021-11-30,2021-11-15,sz.002352,顺丰控股
2021-11-30,2021-11-15,sz.002371,北方华创
2021-11-30,2021-11-15,sz.002384,东山精密
2021-11-30,2021-11-15,sz.002410,广联达
2021-11-30,2021-11-15,sz.002414,高德红外
2021-11-30,2021-11-15,sz.002415,海康威视
2021-11-30,2021-11-15,sz.002456,欧菲光
2021-11-30,2021-11-15,sz.002460,赣锋锂业
2021-11-30,2021-11-15,sz.002463,沪电股份
2021-11-30,2021-11-15,sz.002475,立讯精密
2021-11-30,2021-11-15,sz.002493,荣盛石化
2021-11-30,2021-11-15,sz.002508,老板电器
2021-11-30,2021-11-15,sz.002555,三七互娱
2021-11-30,2021-11-15,sz.002558,巨人网络
2021-11-30,2021-11-15,sz.002594,比亚迪
2021-11-30,2021-11-15,sz.002600,领益智造
2021-11-30,2021-11-15,sz.002601,龙佰集团
2021-11-30,2021-11-15,sz.002602,世纪华通
2021-11-30,2021-11-15,sz.002607,中公教育
2021-11-30,2021-11-15,sz.002624,完美世界
2021-11-30,2021-11-15,sz.002673,西部证券
2021-11-30,2021-11-15,sz.002714,牧原股份
2021-11-30,2021-11-15,sz.002736,国信证券
2021-11-30,2021-11-15,sz.002739,万达电影
2021-11-30,2021-11-15,sz.002773,康弘药业
2021-11-30,2021-11-15,sz.002812,恩捷股份
2021-11-30,2021-11-15,sz.002821,凯莱英
2021-11-30,2021-11-15,sz.002841,视源股份
2021-11-30,2021-11-15,sz.002916,深南电路
2021-11-30,2021-11-15,sz.002938,鹏鼎控股
2021-11-30,2021-11-15,sz.002939,长城证券
2021-11-30,2021-11-15,sz.002945,华林证券
2021-11-30,2021-11-15,sz.003816,中国广核
2021-11-30,2021-11-15,sz.300003,乐普医疗
2021-11-30,2021-11-15,sz.300014,亿纬锂能
2021-11-30,2021-11-15,sz.300015,爱尔眼科
2021-11-30,2021-11-15,sz.300033,同花顺
2021-11-30,2021-11-15,sz.300059,东方财富
2021-11-30,2021-11-15,sz.300122,智飞生物
2021-11-30,2021-11-15,sz.300124,汇川技术
2021-11-30,2021-11-15,sz.300136,信维通信
2021-11-30,2021-11-15,sz.300142,沃森生物
2021-11-30,2021-11-15,sz.300144,宋城演艺
2021-11-30,2021-11-15,sz.300274,阳光电源
2021-11-30,2021-11-15,sz.300347,泰格医药
2021-11-30,2021-11-15,sz.300408,三环集团
2021-11-30,2021-11-15,sz.300413,芒果超媒
2021-11-30,2021-11-15,sz.300433,蓝思科技
2021-11-30,2021-11-15,sz.300450,先导智能
2021-11-30,2021-11-15,sz.300498,温氏股份
2021-11-30,2021-11-15,sz.300529,健帆生物
2021-11-30,2021-11-15,sz.300558,贝达药业
2021-11-30,2021-11-15,sz.300595,欧普康视
2021-11-30,2021-11-15,sz.300601,康泰生物
2021-11-30,2021-11-15,sz.300628,亿联网络
2021-11-30,2021-11-15,sz.300676,华大基因
2021-11-30,2021-11-15,sz.300677,英科医疗
2021-12-31,2021-11-15,sh.600000,浦发银行
2021-12-31,2021-11-15,sh.600009,上海机场
2021-12-31,2021-11-15,sh.600010,包钢股份
2021-12-31,2021-11-15,sh.600011,华能国际
2021-12-31,2021-11-15,sh.600015,华夏银行
2021-12-31,2021-11-15,sh.600016,民生银行
2021-12-31,2021-11-15,sh.600018,上港集团
2021-12-31,2021-11-15,sh.600019,宝钢股份
2021-12-31,2021-11-15,sh.600025,华能水电
2021-12-31,2021-11-15,sh.600028,中国石化
2021-12-31,2021-11-15,sh.600029,南方航空
2021-12-31,2021-11-15,sh.600030,中信证券
2021-12-31,2021-11-15,sh.600031,三一重工
2021-12-31,2021-11-15,sh.600036,招商银行
2021-12-31,2021-11-15,sh.600048,保利发展
2021-12-31,2021-11-15,sh.600050,中国联通
2021-12-31,2021-11-15,sh.600061,国投资本
2021-12-31,2021-11-15,sh.600079,人福医药
2021-12-31,2021-11-15,sh.600085,同仁堂
2021-12-31,2021-11-15,sh.600104,上汽集团
2021-12-31,2021-11-15,sh.600109,国金证券
2021-12-31,2021-11-15,sh.600111,北方稀土
2021-12-31,2021-11-15,sh.600115,中国东航
2021-12-31,2021-11-15,sh.600118,中国卫星
2021-12-31,2021-11-15,sh.600132,重庆啤酒
2021-12-31,2021-11-15,sh.600143,金发科技
2021-12-31,2021-11-15,sh.600150,中国船舶
2021-12-31,2021-11-15,sh.600161,天坛生物
2021-12-31,2021-11-15,sh.600176,中国巨石
2021-12-31,2021-11-15,sh.600183,生益科技
2021-12-31,2021-11-15,sh.600196,复星医药
2021-12-31,2021-11-15,sh.600233,圆通速递
2021-12-31,2021-11-15,sh.600276,恒瑞医药
2021-12-31,2021-11-15,sh.600299,安迪苏
2021-12-31,2021-11-15,sh.600309,万华化学
2021-12-31,2021-11-15,sh.600332,白云山
2021-12-31,2021-11-15,sh.600340,华夏幸福
2021-12-31,2021-11-15,sh.600346,恒力石化
2021-12-31,2021-11-15,sh.600352,浙江龙盛
2021-12-31,2021-11-15,sh.600362,江西铜业
2021-12-31,2021-11-15,sh.600383,金地集团
2021-12-31,2021-11-15,sh.600406,国电南瑞
2021-12-31,2021-11-15,sh.600426,华鲁恒升
2021-12-31,2021-11-15,sh.600436,片仔癀
2021-12-31,2021-11-15,sh.600438,通威股份
2021-12-31,2021-11-15,sh.600482,中国动力
2021-12-31,2021-11-15,sh.600489,中金黄金
2021-12-31,2021-11-15,sh.600519,贵州茅台
2021-12-31,2021-11-15,sh.600521,华海药业
2021-12-31,2021-11-15,sh.600522,中天科技
2021-12-31,2021-11-15,sh.600547,山东黄金
2021-12-31,2021-11-15,sh.600570,恒生电子
2021-12-31,2021-11-15,sh.600584,长电科技
2021-12-31,2021-11-15,sh.600585,海螺水泥
2021-12-31,2021-11-15,sh.600588,用友网络
2021-12-31,2021-11-15,sh.600600,青岛啤酒
2021-12-31,2021-11-15,sh.600606,绿地控股
2021-12-31,2021-11-15,sh.600655,豫园股份
2021-12-31,2021-11-15,sh.600660,福耀玻璃
2021-12-31,2021-11-15,sh.600690,海尔智家
2021-12-31,2021-11-15,sh.600703,三安光电
2021-12-31,2021-11-15,sh.600705,中航产融
2021-12-31,2021-11-15,sh.600741,华域汽车
2021-12-31,2021-11-15,sh.600745,闻泰科技
2021-12-31,2021-11-15,sh.600760,中航沈飞
2021-12-31,2021-11-15,sh.600763,通策医疗
2021-12-31,2021-11-15,sh.600795,国电电力
2021-12-31,2021-11-15,sh.600809,山西汾酒
2021-12-31,2021-11-15,sh.600837,海通证券
2021-12-31,2021-11-15,sh.600845,宝信软件
2021-12-31,2021-11-15,sh.600848,上海临港
2021-12-31,2021-11-15,sh.600872,中炬高新
2021-12-31,2021-11-15,sh.600886,国投电力
2021-12-31,2021-11-15,sh.600887,伊利股份
2021-12-31,2021-11-15,sh.600893,航发动力
2021-12-31,2021-11-15,sh.600900,长江电力
2021-12-31,2021-11-15,sh.600918,中泰证券
2021-12-31,2021-11-15,sh.600919,江苏银行
2021-12-31,2021-11-15,sh.600926,杭州银行
2021-12-31,2021-11-15,sh.600958,东方证券
2021-12-31,2021-11-15,sh.600989,宝丰能源
2021-12-31,2021-11-15,sh.600999,招商证券
2021-12-31,2021-11-15,sh.601006,大秦铁路
2021-12-31,2021-11-15,sh.601009,南京银行
2021-12-31,2021-11-15,sh.601012,隆基股份
2021-12-31,2021-11-15,sh.601021,春秋航空
2021-12-31,2021-11-15,sh.601066,中信建投
2021-12-31,2021-11-15,sh.601077,渝农商行
2021-12-31,2021-11-15,sh.601088,中国神华
2021-12-31,2021-11-15,sh.601100,恒立液压
2021-12-31,2021-11-15,sh.601108,财通证券
2021-12-31,2021-11-15,sh.601111,中国国航
2021-12-31,2021-11-15,sh.601138,工业富联
2021-12-31,2021-11-15,sh.601155,新城控股
2021-12-31,2021-11-15,sh.601162,天风证券
2021-12-31,2021-11-15,sh.601166,兴业银行
2021-12-31,2021-11-15,sh.601169,北京银行
2021-12-31,2021-11-15,sh.601186,中国铁建
2021-12-31,2021-11-15,sh.601211,国泰君安
2021-12-31,2021-11-15,sh.601216,君正集团
2021-12-31,2021-11-15,sh.601225,陕西煤业
2021-12-31,2021-11-15,sh.601229,上海银行
2021-12-31,2021-11-15,sh.601231,环旭电子
2021-12-31,2021-11-15,sh.601236,红塔证券
2021-12-31,2021-11-15,sh.601238,广汽集团
2021-12-31,2021-11-15,sh.601288,农业银行
2021-12-31,2021-11-15,sh.601318,中国平安
2021-12-31,2021-11-15,sh.601319,中国人保
2021-12-31,2021-11-15,sh.601328,交通银行
2021-12-31,2021-11-15,sh.601336,新华保险
2021-12-31,2021-11-15,sh.601360,三六零
2021-12-31,2021-11-15,sh.601377,兴业证券
2021-12-31,2021-11-15,sh.601390,中国中铁
2021-12-31,2021-11-15,sh.601398,工商银行
2021-12-31,2021-11-15,sh.601555,东吴证券
2021-12-31,2021-11-15,sh.601600,中国铝业
2021-12-31,2021-11-15,sh.601601,中国太保
2021-12-31,2021-11-15,sh.601607,上海医药
2021-12-31,2021-11-15,sh.601618,中国中冶
2021-12-31,2021-11-15,sh.601628,中国人寿
2021-12-31,2021-11-15,sh.601633,长城汽车
2021-12-31,2021-11-15,sh.601658,邮储银行
2021-12-31,2021-11-15,sh.601668,中国建筑
2021-12-31,2021-11-15,sh.601669,中国电建
2021-12-31,2021-11-15,sh.601688,华泰证券
2021-12-31,2021-11-15,sh.601696,中银证券
2021-12-31,2021-11-15,sh.601698,中国卫通
2021-12-31,2021-11-15,sh.601727,上海电气
2021-12-31,2021-11-15,sh.601766,中国中车
2021-12-31,2021-11-15,sh.601788,光大证券
2021-12-31,2021-11-15,sh.601799,星宇股份
2021-12-31,2021-11-15,sh.601800,中国交建
2021-12-31,2021-11-15,sh.601808,中海油服
2021-12-31,2021-11-15,sh.601816,京沪高铁
2021-12-31,2021-11-15,sh.601818,光大银行
2021-12-31,2021-11-15,sh.601838,成都银行
2021-12-31,2021-11-15,sh.601857,中国石油
2021-12-31,2021-11-15,sh.601872,招商轮船
2021-12-31,2021-11-15,sh.601877,正泰电器
2021-12-31,2021-11-15,sh.601878,浙商证券
2021-12-31,2021-11-15,sh.601881,中国银河
2021-12-31,2021-11-15,sh.601888,中国中免
2021-12-31,2021-11-15,sh.601899,紫金矿业
2021-12-31,2021-11-15,sh.601901,方正证券
2021-12-31,2021-11-15,sh.601916,浙商银行
2021-12-31,2021-11-15,sh.601919,中远海控
2021-12-31,2021-11-15,sh.601933,永辉超市
2021-12-31,2021-11-15,sh.601939,建设银行
2021-12-31,2021-11-15,sh.601985,中国核电
2021-12-31,2021-11-15,sh.601988,中国银行
2021-12-31,2021-11-15,sh.601989,中国重工
2021-12-31,2021-11-15,sh.601990,南京证券
2021-12-31,2021-11-15,sh.601995,中金公司
2021-12-31,2021-11-15,sh.601998,中信银行
2021-12-31,2021-11-15,sh.603019,中科曙光
2021-12-31,2021-11-15,sh.603087,甘李药业
2021-12-31,2021-11-15,sh.603160,汇顶科技
2021-12-31,2021-11-15,sh.603195,公牛集团
2021-12-31,2021-11-15,sh.603233,大参林
2021-12-31,2021-11-15,sh.603259,药明康德
2021-12-31,2021-11-15,sh.603288,海天味业
2021-12-31,2021-11-15,sh.603338,浙江鼎力
2021-12-31,2021-11-15,sh.603369,今世缘
2021-12-31,2021-11-15,sh.603392,万泰生物
2021-12-31,2021-11-15,sh.603501,韦尔股份
2021-12-31,2021-11-15,sh.603517,绝味食品
2021-12-31,2021-11-15,sh.603658,安图生物
2021-12-31,2021-11-15,sh.603659,璞泰来
2021-12-31,2021-11-15,sh.603799,华友钴业
2021-12-31,2021-11-15,sh.603806,福斯特
2021-12-31,2021-11-15,sh.603833,欧派家居
2021-12-31,2021-11-15,sh.603882,金域医学
2021-12-31,2021-11-15,sh.603899,晨光文具
2021-12-31,2021-11-15,sh.603939,益丰药房
2021-12-31,2021-11-15,sh.603986,兆易创新
2021-12-31,2021-11-15,sh.603993,洛阳钼业
2021-12-31,2021-11-15,sh.688008,澜起科技
2021-12-31,2021-11-15,sh.688009,中国通号
2021-12-31,2021-11-15,sh.688012,中微公司
2021-12-31,2021-11-15,sh.688036,传音控股
2021-12-31,2021-11-15,sh.688111,金山办公
2021-12-31,2021-11-15,sh.688126,沪硅产业
2021-12-31,2021-11-15,sh.688169,石头科技
2021-12-31,2021-11-15,sh.688363,华熙生物
2021-12-31,2021-11-15,sh.688396,华润微
2021-12-31,2021-11-15,sz.000001,平安银行
2021-12-31,2021-11-15,sz.000002,万科A
2021-12-31,2021-11-15,sz.000063,中兴通讯
2021-12-31,2021-11-15,sz.000066,中国长城
2021-12-31,2021-11-15,sz.000069,华侨城A
2021-12-31,2021-11-15,sz.000100,TCL科技
2021-12-31,2021-11-15,sz.000157,中联重科
2021-12-31,2021-11-15,sz.000166,申万宏源
2021-12-31,2021-11-15,sz.000333,美的集团
2021-12-31,2021-11-15,sz.000338,潍柴动力
2021-12-31,2021-11-15,sz.000425,徐工机械
2021-12-31,2021-11-15,sz.000538,云南白药
2021-12-31,2021-11-15,sz.000568,泸州老窖
2021-12-31,2021-11-15,sz.000596,古井贡酒
2021-12-31,2021-11-15,sz.000625,长安汽车
2021-12-31,2021-11-15,sz.000651,格力电器
2021-12-31,2021-11-15,sz.000656,金科股份
2021-12-31,2021-11-15,sz.000661,长春高新
2021-12-31,2021-11-15,sz.000703,恒逸石化
2021-12-31,2021-11-15,sz.000708,中信特钢
2021-12-31,2021-11-15,sz.000725,京东方A
2021-12-31,2021-11-15,sz.000728,国元证券
2021-12-31,2021-11-15,sz.000768,中航西飞
2021-12-31,2021-11-15,sz.000776,广发证券
2021-12-31,2021-11-15,sz.000783,长江证券
2021-12-31,2021-11-15,sz.000786,北新建材
2021-12-31,2021-11-15,sz.000800,一汽解放
2021-12-31,2021-11-15,sz.000858,五粮液
2021-12-31,2021-11-15,sz.000860,顺鑫农业
2021-12-31,2021-11-15,sz.000876,新希望
2021-12-31,2021-11-15,sz.000895,双汇发展
2021-12-31,2021-11-15,sz.000938,紫光股份
2021-12-31,2021-11-15,sz.000963,华东医药
2021-12-31,2021-11-15,sz.000977,浪潮信息
2021-12-31,2021-11-15,sz.001979,招商蛇口
2021-12-31,2021-11-15,sz.002001,新和成
2021-12-31,2021-11-15,sz.002007,华兰生物
2021-12-31,2021-11-15,sz.002008,大族激光
2021-12-31,2021-11-15,sz.002024,苏宁易购
2021-12-31,2021-11-15,sz.002027,分众传媒
2021-12-31,2021-11-15,sz.002032,苏泊尔
2021-12-31,2021-11-15,sz.002044,美年健康
2021-12-31,2021-11-15,sz.002049,紫光国微
2021-12-31,2021-11-15,sz.002050,三花智控
2021-12-31,2021-11-15,sz.002120,韵达股份
2021-12-31,2021-11-15,sz.002129,中环股份
2021-12-31,2021-11-15,sz.002142,宁波银行
2021-12-31,2021-11-15,sz.002153,石基信息
2021-12-31,2021-11-15,sz.002157,正邦科技
2021-12-31,2021-11-15,sz.002179,中航光电
2021-12-31,2021-11-15,sz.002202,金风科技
2021-12-31,2021-11-15,sz.002230,科大讯飞
2021-12-31,2021-11-15,sz.002236,大华股份
2021-12-31,2021-11-15,sz.002241,歌尔股份
2021-12-31,2021-11-15,sz.002252,上海莱士
2021-12-31,2021-11-15,sz.002271,东方雨虹
2021-12-31,2021-11-15,sz.002304,洋河股份
2021-12-31,2021-11-15,sz.002311,海大集团
2021-12-31,2021-11-15,sz.002352,顺丰控股
2021-12-31,2021-11-15,sz.002371,北方华创
2021-12-31,2021-11-15,sz.002384,东山精密
2021-12-31,2021-11-15,sz.002410,广联达
2021-12-31,2021-11-15,sz.002414,高德红外
2021-12-31,2021-11-15,sz.002415,海康威视
2021-12-31,2021-11-15,sz.002456,欧菲光
2021-12-31,2021-11-15,sz.002460,赣锋锂业
2021-12-31,2021-11-15,sz.002463,沪电股份
2021-12-31,2021-11-15,sz.002475,立讯精密
2021-12-31,2021-11-15,sz.002493,荣盛石化
2021-12-31,2021-11-15,sz.002508,老板电器
2021-12-31,2021-11-15,sz.002555,三七互娱
2021-12-31,2021-11-15,sz.002558,巨人网络
2021-12-31,2021-11-15,sz.002594,比亚迪
2021-12-31,2021-11-15,sz.002600,领益智造
2021-12-31,2021-11-15,sz.002601,龙佰集团
2021-12-31,2021-11-15,sz.002602,世纪华通
2021-12-31,2021-11-15,sz.002607,中公教育
2021-12-31,2021-11-15,sz.002624,完美世界
2021-12-31,2021-11-15,sz.002673,西部证券
2021-12-31,2021-11-15,sz.002714,牧原股份
2021-12-31,2021-11-15,sz.002736,国信证券
2021-12-31,2021-11-15,sz.002739,万达电影
2021-12-31,2021-11-15,sz.002773,康弘药业
2021-12-31,2021-11-15,sz.002812,恩捷股份
2021-12-31,2021-11-15,sz.002821,凯莱英
2021-12-31,2021-11-15,sz.002841,视源股份
2021-12-31,2021-11-15,sz.002916,深南电路
2021-12-31,2021-11-15,sz.002938,鹏鼎控股
2021-12-31,2021-11-15,sz.002939,长城证券
2021-12-31,2021-11-15,sz.002945,华林证券
2021-12-31,2021-11-15,sz.003816,中国广核
2021-12-31,2021-11-15,sz.300003,乐普医疗
2021-12-31,2021-11-15,sz.300014,亿纬锂能
2021-12-31,2021-11-15,sz.300015,爱尔眼科
2021-12-31,2021-11-15,sz.300033,同花顺
2021-12-31,2021-11-15,sz.300059,东方财富
2021-12-31,2021-11-15,sz.300122,智飞生物
2021-12-31,2021-11-15,sz.300124,汇川技术
2021-12-31,2021-11-15,sz.300136,信维通信
2021-12-31,2021-11-15,sz.300142,沃森生物
2021-12-31,2021-11-15,sz.300144,宋城演艺
2021-12-31,2021-11-15,sz.300274,阳光电源
2021-12-31,2021-11-15,sz.300347,泰格医药
2021-12-31,2021-11-15,sz.300408,三环集团
2021-12-31,2021-11-15,sz.300413,芒果超媒
2021-12-31,2021-11-15,sz.300433,蓝思科技
2021-12-31,2021-11-15,sz.300450,先导智能
2021-12-31,2021-11-15,sz.300498,温氏股份
2021-12-31,2021-11-15,sz.300529,健帆生物
2021-12-31,2021-11-15,sz.300558,贝达药业
2021-12-31,2021-11-15,sz.300595,欧普康视
2021-12-31,2021-11-15,sz.300601,康泰生物
2021-12-31,2021-11-15,sz.300628,亿联网络
2021-12-31,2021-11-15,sz.300676,华大基因
2021-12-31,2021-11-15,sz.300677,英科医疗
2022-01-31,2022-01-17,sh.600000,浦发银行
2022-01-31,2022-01-17,sh.600009,上海机场
2022-01-31,2022-01-17,sh.600010,包钢股份
2022-01-31,2022-01-17,sh.600011,华能国际
2022-01-31,2022-01-17,sh.600015,华夏银行
2022-01-31,2022-01-17,sh.600016,民生银行
2022-01-31,2022-01-17,sh.600018,上港集团
2022-01-31,2022-01-17,sh.600019,宝钢股份
2022-01-31,2022-01-17,sh.600025,华能水电
2022-01-31,2022-01-17,sh.600028,中国石化
2022-01-31,2022-01-17,sh.600029,南方航空
2022-01-31,2022-01-17,sh.600030,中信证券
2022-01-31,2022-01-17,sh.600031,三一重工
2022-01-31,2022-01-17,sh.600036,招商银行
2022-01-31,2022-01-17,sh.600048,保利发展
2022-01-31,2022-01-17,sh.600050,中国联通
2022-01-31,2022-01-17,sh.600061,国投资本
2022-01-31,2022-01-17,sh.600079,人福医药
2022-01-31,2022-01-17,sh.600085,同仁堂
2022-01-31,2022-01-17,sh.600104,上汽集团
2022-01-31,2022-01-17,sh.600109,国金证券
2022-01-31,2022-01-17,sh.600111,北方稀土
2022-01-31,2022-01-17,sh.600115,中国东航
2022-01-31,2022-01-17,sh.600132,重庆啤酒
2022-01-31,2022-01-17,sh.600143,金发科技
2022-01-31,2022-01-17,sh.600150,中国船舶
2022-01-31,2022-01-17,sh.600161,天坛生物
2022-01-31,2022-01-17,sh.600176,中国巨石
2022-01-31,2022-01-17,sh.600183,生益科技
2022-01-31,2022-01-17,sh.600196,复星医药
2022-01-31,2022-01-17,sh.600276,恒瑞医药
2022-01-31,2022-01-17,sh.600309,万华化学
2022-01-31,2022-01-17,sh.600332,白云山
2022-01-31,2022-01-17,sh.600346,恒力石化
2022-01-31,2022-01-17,sh.600352,浙江龙盛
2022-01-31,2022-01-17,sh.600362,江西铜业
2022-01-31,2022-01-17,sh.600383,金地集团
2022-01-31,2022-01-17,sh.600406,国电南瑞
2022-01-31,2022-01-17,sh.600426,华鲁恒升
2022-01-31,2022-01-17,sh.600436,片仔癀
2022-01-31,2022-01-17,sh.600438,通威股份
2022-01-31,2022-01-17,sh.600489,中金黄金
2022-01-31,2022-01-17,sh.600519,贵州茅台
2022-01-31,2022-01-17,sh.600547,山东黄金
2022-01-31,2022-01-17,sh.600570,恒生电子
2022-01-31,2022-01-17,sh.600584,长电科技
2022-01-31,2022-01-17,sh.600585,海螺水泥
2022-01-31,2022-01-17,sh.600588,用友网络
2022-01-31,2022-01-17,sh.600600,青岛啤酒
2022-01-31,2022-01-17,sh.600606,绿地控股
2022-01-31,2022-01-17,sh.600655,豫园股份
2022-01-31,2022-01-17,sh.600660,福耀玻璃
2022-01-31,2022-01-17,sh.600690,海尔智家
2022-01-31,2022-01-17,sh.600741,华域汽车
2022-01-31,2022-01-17,sh.600745,闻泰科技
2022-01-31,2022-01-17,sh.600760,中航沈飞
2022-01-31,2022-01-17,sh.600763,通策医疗
2022-01-31,2022-01-17,sh.600795,国电电力
2022-01-31,2022-01-17,sh.600809,山西汾酒
2022-01-31,2022-01-17,sh.600837,海通证券
2022-01-31,2022-01-17,sh.600845,宝信软件
2022-01-31,2022-01-17,sh.600848,上海临港
2022-01-31,2022-01-17,sh.600872,中炬高新
2022-01-31,2022-01-17,sh.600886,国投电力
2022-01-31,2022-01-17,sh.600887,伊利股份
2022-01-31,2022-01-17,sh.600893,航发动力
2022-01-31,2022-01-17,sh.600900,长江电力
2022-01-31,2022-01-17,sh.600905,三峡能源
2022-01-31,2022-01-17,sh.600918,中泰证券
2022-01-31,2022-01-17,sh.600919,江苏银行
2022-01-31,2022-01-17,sh.600926,杭州银行
2022-01-31,2022-01-17,sh.600958,东方证券
2022-01-31,2022-01-17,sh.600989,宝丰能源
2022-01-31,2022-01-17,sh.600999,招商证券
2022-01-31,2022-01-17,sh.601006,大秦铁路
2022-01-31,2022-01-17,sh.601009,南京银行
2022-01-31,2022-01-17,sh.601012,隆基股份
2022-01-31,2022-01-17,sh.601021,春秋航空
2022-01-31,2022-01-17,sh.601066,中信建投
2022-01-31,2022-01-17,sh.601088,中国神华
2022-01-31,2022-01-17,sh.601100,恒立液压
2022-01-31,2022-01-17,sh.601108,财通证券
2022-01-31,2022-01-17,sh.601111,中国国航
2022-01-31,2022-01-17,sh.601138,工业富联
2022-01-31,2022-01-17,sh.601155,新城控股
2022-01-31,2022-01-17,sh.601162,天风证券
2022-01-31,2022-01-17,sh.601166,兴业银行
2022-01-31,2022-01-17,sh.601169,北京银行
2022-01-31,2022-01-17,sh.601186,中国铁建
2022-01-31,2022-01-17,sh.601211,国泰君安
2022-01-31,2022-01-17,sh.601216,君正集团
2022-01-31,2022-01-17,sh.601225,陕西煤业
2022-01-31,2022-01-17,sh.601229,上海银行
2022-01-31,2022-01-17,sh.601231,环旭电子
2022-01-31,2022-01-17,sh.601236,红塔证券
2022-01-31,2022-01-17,sh.601238,广汽集团
2022-01-31,2022-01-17,sh.601288,农业银行
2022-01-31,2022-01-17,sh.601318,中国平安
2022-01-31,2022-01-17,sh.601319,中国人保
2022-01-31,2022-01-17,sh.601328,交通银行
2022-01-31,2022-01-17,sh.601336,新华保险
2022-01-31,2022-01-17,sh.601360,三六零
2022-01-31,2022-01-17,sh.601377,兴业证券
2022-01-31,2022-01-17,sh.601390,中国中铁
2022-01-31,2022-01-17,sh.601398,工商银行
2022-01-31,2022-01-17,sh.601600,中国铝业
2022-01-31,2022-01-17,sh.601601,中国太保
2022-01-31,2022-01-17,sh.601607,上海医药
2022-01-31,2022-01-17,sh.601618,中国中冶
2022-01-31,2022-01-17,sh.601628,中国人寿
2022-01-31,2022-01-17,sh.601633,长城汽车
2022-01-31,2022-01-17,sh.601658,邮储银行
2022-01-31,2022-01-17,sh.601668,中国建筑
2022-01-31,2022-01-17,sh.601669,中国电建
2022-01-31,2022-01-17,sh.601688,华泰证券
2022-01-31,2022-01-17,sh.601696,中银证券
2022-01-31,2022-01-17,sh.601698,中国卫通
2022-01-31,2022-01-17,sh.601728,中国电信
2022-01-31,2022-01-17,sh.601766,中国中车
2022-01-31,2022-01-17,sh.601788,光大证券
2022-01-31,2022-01-17,sh.601799,星宇股份
2022-01-31,2022-01-17,sh.601800,中国交建
2022-01-31,2022-01-17,sh.601808,中海油服
2022-01-31,2022-01-17,sh.601816,京沪高铁
2022-01-31,2022-01-17,sh.601818,光大银行
2022-01-31,2022-01-17,sh.601838,成都银行
2022-01-31,2022-01-17,sh.601857,中国石油
2022-01-31,2022-01-17,sh.601865,福莱特
2022-01-31,2022-01-17,sh.601868,中国能建
2022-01-31,2022-01-17,sh.601877,正泰电器
2022-01-31,2022-01-17,sh.601878,浙商证券
2022-01-31,2022-01-17,sh.601881,中国银河
2022-01-31,2022-01-17,sh.601888,中国中免
2022-01-31,2022-01-17,sh.601898,中煤能源
2022-01-31,2022-01-17,sh.601899,紫金矿业
2022-01-31,2022-01-17,sh.601901,方正证券
2022-01-31,2022-01-17,sh.601916,浙商银行
2022-01-31,2022-01-17,sh.601919,中远海控
2022-01-31,2022-01-17,sh.601933,永辉超市
2022-01-31,2022-01-17,sh.601939,建设银行
2022-01-31,2022-01-17,sh.601966,玲珑轮胎
2022-01-31,2022-01-17,sh.601985,中国核电
2022-01-31,2022-01-17,sh.601988,中国银行
2022-01-31,2022-01-17,sh.601989,中国重工
2022-01-31,2022-01-17,sh.601990,南京证券
2022-01-31,2022-01-17,sh.601995,中金公司
2022-01-31,2022-01-17,sh.601998,中信银行
2022-01-31,2022-01-17,sh.603019,中科曙光
2022-01-31,2022-01-17,sh.603087,甘李药业
2022-01-31,2022-01-17,sh.603160,汇顶科技
2022-01-31,2022-01-17,sh.603195,公牛集团
2022-01-31,2022-01-17,sh.603233,大参林
2022-01-31,2022-01-17,sh.603259,药明康德
2022-01-31,2022-01-17,sh.603260,合盛硅业
2022-01-31,2022-01-17,sh.603288,海天味业
2022-01-31,2022-01-17,sh.603338,浙江鼎力
2022-01-31,2022-01-17,sh.603369,今世缘
2022-01-31,2022-01-17,sh.603392,万泰生物
2022-01-31,2022-01-17,sh.603486,科沃斯
2022-01-31,2022-01-17,sh.603501,韦尔股份
2022-01-31,2022-01-17,sh.603517,绝味食品
2022-01-31,2022-01-17,sh.603658,安图生物
2022-01-31,2022-01-17,sh.603659,璞泰来
2022-01-31,2022-01-17,sh.603799,华友钴业
2022-01-31,2022-01-17,sh.603806,福斯特
2022-01-31,2022-01-17,sh.603833,欧派家居
2022-01-31,2022-01-17,sh.603882,金域医学
2022-01-31,2022-01-17,sh.603899,晨光文具
2022-01-31,2022-01-17,sh.603939,益丰药房
2022-01-31,2022-01-17,sh.603986,兆易创新
2022-01-31,2022-01-17,sh.603993,洛阳钼业
2022-01-31,2022-01-17,sh.605499,东鹏饮料
2022-01-31,2022-01-17,sh.688008,澜起科技
2022-01-31,2022-01-17,sh.688009,中国通号
2022-01-31,2022-01-17,sh.688012,中微公司
2022-01-31,2022-01-17,sh.688036,传音控股
2022-01-31,2022-01-17,sh.688111,金山办公
2022-01-31,2022-01-17,sh.688126,沪硅产业
2022-01-31,2022-01-17,sh.688169,石头科技
2022-01-31,2022-01-17,sh.688363,华熙生物
2022-01-31,2022-01-17,sh.688396,华润微
2022-01-31,2022-01-17,sh.688561,奇安信
2022-01-31,2022-01-17,sh.688599,天合光能
2022-01-31,2022-01-17,sh.688981,中芯国际
2022-01-31,2022-01-17,sz.000001,平安银行
2022-01-31,2022-01-17,sz.000002,万科A
2022-01-31,2022-01-17,sz.000063,中兴通讯
2022-01-31,2022-01-17,sz.000066,中国长城
2022-01-31,2022-01-17,sz.000069,华侨城A
2022-01-31,2022-01-17,sz.000100,TCL科技
2022-01-31,2022-01-17,sz.000157,中联重科
2022-01-31,2022-01-17,sz.000166,申万宏源
2022-01-31,2022-01-17,sz.000301,东方盛虹
2022-01-31,2022-01-17,sz.000333,美的集团
2022-01-31,2022-01-17,sz.000338,潍柴动力
2022-01-31,2022-01-17,sz.000425,徐工机械
2022-01-31,2022-01-17,sz.000538,云南白药
2022-01-31,2022-01-17,sz.000568,泸州老窖
2022-01-31,2022-01-17,sz.000596,古井贡酒
2022-01-31,2022-01-17,sz.000625,长安汽车
2022-01-31,2022-01-17,sz.000651,格力电器
2022-01-31,2022-01-17,sz.000661,长春高新
2022-01-31,2022-01-17,sz.000703,恒逸石化
2022-01-31,2022-01-17,sz.000708,中信特钢
2022-01-31,2022-01-17,sz.000725,京东方A
2022-01-31,2022-01-17,sz.000768,中航西飞
2022-01-31,2022-01-17,sz.000776,广发证券
2022-01-31,2022-01-17,sz.000783,长江证券
2022-01-31,2022-01-17,sz.000786,北新建材
2022-01-31,2022-01-17,sz.000800,一汽解放
2022-01-31,2022-01-17,sz.000858,五粮液
2022-01-31,2022-01-17,sz.000876,新希望
2022-01-31,2022-01-17,sz.000895,双汇发展
2022-01-31,2022-01-17,sz.000938,紫光股份
2022-01-31,2022-01-17,sz.000963,华东医药
2022-01-31,2022-01-17,sz.000977,浪潮信息
2022-01-31,2022-01-17,sz.001979,招商蛇口
2022-01-31,2022-01-17,sz.002001,新和成
2022-01-31,2022-01-17,sz.002007,华兰生物
2022-01-31,2022-01-17,sz.002008,大族激光
2022-01-31,2022-01-17,sz.002024,苏宁易购
2022-01-31,2022-01-17,sz.002027,分众传媒
2022-01-31,2022-01-17,sz.002032,苏泊尔
2022-01-31,2022-01-17,sz.002044,美年健康
2022-01-31,2022-01-17,sz.002049,紫光国微
2022-01-31,2022-01-17,sz.002050,三花智控
2022-01-31,2022-01-17,sz.002064,华峰化学
2022-01-31,2022-01-17,sz.002120,韵达股份
2022-01-31,2022-01-17,sz.002129,中环股份
2022-01-31,2022-01-17,sz.002142,宁波银行
2022-01-31,2022-01-17,sz.002157,正邦科技
2022-01-31,2022-01-17,sz.002179,中航光电
2022-01-31,2022-01-17,sz.002202,金风科技
2022-01-31,2022-01-17,sz.002230,科大讯飞
2022-01-31,2022-01-17,sz.002236,大华股份
2022-01-31,2022-01-17,sz.002241,歌尔股份
2022-01-31,2022-01-17,sz.002252,上海莱士
2022-01-31,2022-01-17,sz.002271,东方雨虹
2022-01-31,2022-01-17,sz.002304,洋河股份
2022-01-31,2022-01-17,sz.002311,海大集团
2022-01-31,2022-01-17,sz.002352,顺丰控股
2022-01-31,2022-01-17,sz.002371,北方华创
2022-01-31,2022-01-17,sz.002410,广联达
2022-01-31,2022-01-17,sz.002414,高德红外
2022-01-31,2022-01-17,sz.002415,海康威视
2022-01-31,2022-01-17,sz.002459,晶澳科技
2022-01-31,2022-01-17,sz.002460,赣锋锂业
2022-01-31,2022-01-17,sz.002466,天齐锂业
2022-01-31,2022-01-17,sz.002475,立讯精密
2022-01-31,2022-01-17,sz.002493,荣盛石化
2022-01-31,2022-01-17,sz.002555,三七互娱
2022-01-31,2022-01-17,sz.002568,百润股份
2022-01-31,2022-01-17,sz.002594,比亚迪
2022-01-31,2022-01-17,sz.002600,领益智造
2022-01-31,2022-01-17,sz.002601,龙佰集团
2022-01-31,2022-01-17,sz.002602,世纪华通
2022-01-31,2022-01-17,sz.002607,中公教育
2022-01-31,2022-01-17,sz.002624,完美世界
2022-01-31,2022-01-17,sz.002709,天赐材料
2022-01-31,2022-01-17,sz.002714,牧原股份
2022-01-31,2022-01-17,sz.002736,国信证券
2022-01-31,2022-01-17,sz.002791,坚朗五金
2022-01-31,2022-01-17,sz.002812,恩捷股份
2022-01-31,2022-01-17,sz.002821,凯莱英
2022-01-31,2022-01-17,sz.002841,视源股份
2022-01-31,2022-01-17,sz.002916,深南电路
2022-01-31,2022-01-17,sz.002938,鹏鼎控股
2022-01-31,2022-01-17,sz.003816,中国广核
2022-01-31,2022-01-17,sz.300003,乐普医疗
2022-01-31,2022-01-17,sz.300014,亿纬锂能
2022-01-31,2022-01-17,sz.300015,爱尔眼科
2022-01-31,2022-01-17,sz.300033,同花顺
2022-01-31,2022-01-17,sz.300059,东方财富
2022-01-31,2022-01-17,sz.300122,智飞生物
2022-01-31,2022-01-17,sz.300124,汇川技术
2022-01-31,2022-01-17,sz.300142,沃森生物
2022-01-31,2022-01-17,sz.300144,宋城演艺
2022-01-31,2022-01-17,sz.300274,阳光电源
2022-01-31,2022-01-17,sz.300316,晶盛机电
2022-01-31,2022-01-17,sz.300347,泰格医药
2022-01-31,2022-01-17,sz.300408,三环集团
2022-01-31,2022-01-17,sz.300413,芒果超媒
2022-01-31,2022-01-17,sz.300433,蓝思科技
2022-01-31,2022-01-17,sz.300450,先导智能
2022-01-31,2022-01-17,sz.300498,温氏股份
2022-01-31,2022-01-17,sz.300529,健帆生物
2022-01-31,2022-01-17,sz.300558,贝达药业
2022-01-31,2022-01-17,sz.300595,欧普康视
2022-01-31,2022-01-17,sz.300601,康泰生物
2022-01-31,2022-01-17,sz.300628,亿联网络
2022-01-31,2022-01-17,sz.300676,华大基因
2022-01-31,2022-01-17,sz.300677,英科医疗
2022-01-31,2022-01-17,sz.300750,宁德时代
2022-01-31,2022-01-17,sz.300759,康龙化成
2022-01-31,2022-01-17,sz.300760,迈瑞医疗
2022-01-31,2022-01-17,sz.300782,卓胜微
2022-01-31,2022-01-17,sz.300866,安克创新
2022-01-31,2022-01-17,sz.300888,稳健医疗
2022-01-31,2022-01-17,sz.300896,爱美客
2022-01-31,2022-01-17,sz.300999,金龙鱼
2022-02-28,2022-01-17,sh.600000,浦发银行
2022-02-28,2022-01-17,sh.600009,上海机场
2022-02-28,2022-01-17,sh.600010,包钢股份
2022-02-28,2022-01-17,sh.600011,华能国际
2022-02-28,2022-01-17,sh.600015,华夏银行
2022-02-28,2022-01-17,sh.600016,民生银行
2022-02-28,2022-01-17,sh.600018,上港集团
2022-02-28,2022-01-17,sh.600019,宝钢股份
2022-02-28,2022-01-17,sh.600025,华能水电
2022-02-28,2022-01-17,sh.600028,中国石化
2022-02-28,2022-01-17,sh.600029,南方航空
2022-02-28,2022-01-17,sh.600030,中信证券
2022-02-28,2022-01-17,sh.600031,三一重工
2022-02-28,2022-01-17,sh.600036,招商银行
2022-02-28,2022-01-17,sh.600048,保利发展
2022-02-28,2022-01-17,sh.600050,中国联通
2022-02-28,2022-01-17,sh.600061,国投资本
2022-02-28,2022-01-17,sh.600079,人福医药
2022-02-28,2022-01-17,sh.600085,同仁堂
2022-02-28,2022-01-17,sh.600104,上汽集团
2022-02-28,2022-01-17,sh.600109,国金证券
2022-02-28,2022-01-17,sh.600111,北方稀土
2022-02-28,2022-01-17,sh.600115,中国东航
2022-02-28,2022-01-17,sh.600132,重庆啤酒
2022-02-28,2022-01-17,sh.600143,金发科技
2022-02-28,2022-01-17,sh.600150,中国船舶
2022-02-28,2022-01-17,sh.600161,天坛生物
2022-02-28,2022-01-17,sh.600176,中国巨石
2022-02-28,2022-01-17,sh.600183,生益科技
2022-02-28,2022-01-17,sh.600196,复星医药
2022-02-28,2022-01-17,sh.600276,恒瑞医药
2022-02-28,2022-01-17,sh.600309,万华化学
2022-02-28,2022-01-17,sh.600332,白云山
2022-02-28,2022-01-17,sh.600346,恒力石化
2022-02-28,2022-01-17,sh.600352,浙江龙盛
2022-02-28,2022-01-17,sh.600362,江西铜业
2022-02-28,2022-01-17,sh.600383,金地集团
2022-02-28,2022-01-17,sh.600406,国电南瑞
2022-02-28,2022-01-17,sh.600426,华鲁恒升
2022-02-28,2022-01-17,sh.600436,片仔癀
2022-02-28,2022-01-17,sh.600438,通威股份
2022-02-28,2022-01-17,sh.600489,中金黄金
2022-02-28,2022-01-17,sh.600519,贵州茅台
2022-02-28,2022-01-17,sh.600547,山东黄金
2022-02-28,2022-01-17,sh.600570,恒生电子
2022-02-28,2022-01-17,sh.600584,长电科技
2022-02-28,2022-01-17,sh.600585,海螺水泥
2022-02-28,2022-01-17,sh.600588,用友网络
2022-02-28,2022-01-17,sh.600600,青岛啤酒
2022-02-28,2022-01-17,sh.600606,绿地控股
2022-02-28,2022-01-17,sh.600655,豫园股份
2022-02-28,2022-01-17,sh.600660,福耀玻璃
2022-02-28,2022-01-17,sh.600690,海尔智家
2022-02-28,2022-01-17,sh.600741,华域汽车
2022-02-28,2022-01-17,sh.600745,闻泰科技
2022-02-28,2022-01-17,sh.600760,中航沈飞
2022-02-28,2022-01-17,sh.600763,通策医疗
2022-02-28,2022-01-17,sh.600795,国电电力
2022-02-28,2022-01-17,sh.600809,山西汾酒
2022-02-28,2022-01-17,sh.600837,海通证券
2022-02-28,2022-01-17,sh.600845,宝信软件
2022-02-28,2022-01-17,sh.600848,上海临港
2022-02-28,2022-01-17,sh.600872,中炬高新
2022-02-28,2022-01-17,sh.600886,国投电力
2022-02-28,2022-01-17,sh.600887,伊利股份
2022-02-28,2022-01-17,sh.600893,航发动力
2022-02-28,2022-01-17,sh.600900,长江电力
2022-02-28,2022-01-17,sh.600905,三峡能源
2022-02-28,2022-01-17,sh.600918,中泰证券
2022-02-28,2022-01-17,sh.600919,江苏银行
2022-02-28,2022-01-17,sh.600926,杭州银行
2022-02-28,2022-01-17,sh.600958,东方证券
2022-02-28,2022-01-17,sh.600989,宝丰能源
2022-02-28,2022-01-17,sh.600999,招商证券
2022-02-28,2022-01-17,sh.601006,大秦铁路
2022-02-28,2022-01-17,sh.601009,南京银行
2022-02-28,2022-01-17,sh.601012,隆基股份
2022-02-28,2022-01-17,sh.601021,春秋航空
2022-02-28,2022-01-17,sh.601066,中信建投
2022-02-28,2022-01-17,sh.601088,中国神华
2022-02-28,2022-01-17,sh.601100,恒立液压
2022-02-28,2022-01-17,sh.601108,财通证券
2022-02-28,2022-01-17,sh.601111,中国国航
2022-02-28,2022-01-17,sh.601138,工业富联
2022-02-28,2022-01-17,sh.601155,新城控股
2022-02-28,2022-01-17,sh.601162,天风证券
2022-02-28,2022-01-17,sh.601166,兴业银行
2022-02-28,2022-01-17,sh.601169,北京银行
2022-02-28,2022-01-17,sh.601186,中国铁建
2022-02-28,2022-01-17,sh.601211,国泰君安
2022-02-28,2022-01-17,sh.601216,君正集团
2022-02-28,2022-01-17,sh.601225,陕西煤业
2022-02-28,2022-01-17,sh.601229,上海银行
2022-02-28,2022-01-17,sh.601231,环旭电子
2022-02-28,2022-01-17,sh.601236,红塔证券
2022-02-28,2022-01-17,sh.601238,广汽集团
2022-02-28,2022-01-17,sh.601288,农业银行
2022-02-28,2022-01-17,sh.601318,中国平安
2022-02-28,2022-01-17,sh.601319,中国人保
2022-02-28,2022-01-17,sh.601328,交通银行
2022-02-28,2022-01-17,sh.601336,新华保险
2022-02-28,2022-01-17,sh.601360,三六零
2022-02-28,2022-01-17,sh.601377,兴业证券
2022-02-28,2022-01-17,sh.601390,中国中铁
2022-02-28,2022-01-17,sh.601398,工商银行
2022-02-28,2022-01-17,sh.601600,中国铝业
2022-02-28,2022-01-17,sh.601601,中国太保
2022-02-28,2022-01-17,sh.601607,上海医药
2022-02-28,2022-01-17,sh.601618,中国中冶
2022-02-28,2022-01-17,sh.601628,中国人寿
2022-02-28,2022-01-17,sh.601633,长城汽车
2022-02-28,2022-01-17,sh.601658,邮储银行
2022-02-28,2022-01-17,sh.601668,中国建筑
2022-02-28,2022-01-17,sh.601669,中国电建
2022-02-28,2022-01-17,sh.601688,华泰证券
2022-02-28,2022-01-17,sh.601696,中银证券
2022-02-28,2022-01-17,sh.601698,中国卫通
2022-02-28,2022-01-17,sh.601728,中国电信
2022-02-28,2022-01-17,sh.601766,中国中车
2022-02-28,2022-01-17,sh.601788,光大证券
2022-02-28,2022-01-17,sh.601799,星宇股份
2022-02-28,2022-01-17,sh.601800,中国交建
2022-02-28,2022-01-17,sh.601808,中海油服
2022-02-28,2022-01-17,sh.601816,京沪高铁
2022-02-28,2022-01-17,sh.601818,光大银行
2022-02-28,2022-01-17,sh.601838,成都银行
2022-02-28,2022-01-17,sh.601857,中国石油
2022-02-28,2022-01-17,sh.601865,福莱特
2022-02-28,2022-01-17,sh.601868,中国能建
2022-02-28,2022-01-17,sh.601877,正泰电器
2022-02-28,2022-01-17,sh.601878,浙商证券
2022-02-28,2022-01-17,sh.601881,中国银河
2022-02-28,2022-01-17,sh.601888,中国中免
2022-02-28,2022-01-17,sh.601898,中煤能源
2022-02-28,2022-01-17,sh.601899,紫金矿业
2022-02-28,2022-01-17,sh.601901,方正证券
2022-02-28,2022-01-17,sh.601916,浙商银行
2022-02-28,2022-01-17,sh.601919,中远海控
2022-02-28,2022-01-17,sh.601933,永辉超市
2022-02-28,2022-01-17,sh.601939,建设银行
2022-02-28,2022-01-17,sh.601966,玲珑轮胎
2022-02-28,2022-01-17,sh.601985,中国核电
2022-02-28,2022-01-17,sh.601988,中国银行
2022-02-28,2022-01-17,sh.601989,中国重工
2022-02-28,2022-01-17,sh.601990,南京证券
2022-02-28,2022-01-17,sh.601995,中金公司
2022-02-28,2022-01-17,sh.601998,中信银行
2022-02-28,2022-01-17,sh.603019,中科曙光
2022-02-28,2022-01-17,sh.603087,甘李药业
2022-02-28,2022-01-17,sh.603160,汇顶科技
2022-02-28,2022-01-17,sh.603195,公牛集团
2022-02-28,2022-01-17,sh.603233,大参林
2022-02-28,2022-01-17,sh.603259,药明康德
2022-02-28,2022-01-17,sh.603260,合盛硅业
2022-02-28,2022-01-17,sh.603288,海天味业
2022-02-28,2022-01-17,sh.603338,浙江鼎力
2022-02-28,2022-01-17,sh.603369,今世缘
2022-02-28,2022-01-17,sh.603392,万泰生物
2022-02-28,2022-01-17,sh.603486,科沃斯
2022-02-28,2022-01-17,sh.603501,韦尔股份
2022-02-28,2022-01-17,sh.603517,绝味食品
2022-02-28,2022-01-17,sh.603658,安图生物
2022-02-28,2022-01-17,sh.603659,璞泰来
2022-02-28,2022-01-17,sh.603799,华友钴业
2022-02-28,2022-01-17,sh.603806,福斯特
2022-02-28,2022-01-17,sh.603833,欧派家居
2022-02-28,2022-01-17,sh.603882,金域医学
2022-02-28,2022-01-17,sh.603899,晨光文具
2022-02-28,2022-01-17,sh.603939,益丰药房
2022-02-28,2022-01-17,sh.603986,兆易创新
2022-02-28,2022-01-17,sh.603993,洛阳钼业
2022-02-28,2022-01-17,sh.605499,东鹏饮料
2022-02-28,2022-01-17,sh.688008,澜起科技
2022-02-28,2022-01-17,sh.688009,中国通号
2022-02-28,2022-01-17,sh.688012,中微公司
2022-02-28,2022-01-17,sh.688036,传音控股
2022-02-28,2022-01-17,sh.688111,金山办公
2022-02-28,2022-01-17,sh.688126,沪硅产业
2022-02-28,2022-01-17,sh.688169,石头科技
2022-02-28,2022-01-17,sh.688363,华熙生物
2022-02-28,2022-01-17,sh.688396,华润微
2022-02-28,2022-01-17,sh.688561,奇安信
2022-02-28,2022-01-17,sh.688599,天合光能
2022-02-28,2022-01-17,sh.688981,中芯国际
2022-02-28,2022-01-17,sz.000001,平安银行
2022-02-28,2022-01-17,sz.000002,万科A
2022-02-28,2022-01-17,sz.000063,中兴通讯
2022-02-28,2022-01-17,sz.000066,中国长城
2022-02-28,2022-01-17,sz.000069,华侨城A
2022-02-28,2022-01-17,sz.000100,TCL科技
2022-02-28,2022-01-17,sz.000157,中联重科
2022-02-28,2022-01-17,sz.000166,申万宏源
2022-02-28,2022-01-17,sz.000301,东方盛虹
2022-02-28,2022-01-17,sz.000333,美的集团
2022-02-28,2022-01-17,sz.000338,潍柴动力
2022-02-28,2022-01-17,sz.000425,徐工机械
2022-02-28,2022-01-17,sz.000538,云南白药
2022-02-28,2022-01-17,sz.000568,泸州老窖
2022-02-28,2022-01-17,sz.000596,古井贡酒
2022-02-28,2022-01-17,sz.000625,长安汽车
2022-02-28,2022-01-17,sz.000651,格力电器
2022-02-28,2022-01-17,sz.000661,长春高新
2022-02-28,2022-01-17,sz.000703,恒逸石化
2022-02-28,2022-01-17,sz.000708,中信特钢
2022-02-28,2022-01-17,sz.000725,京东方A
2022-02-28,2022-01-17,sz.000768,中航西飞
2022-02-28,2022-01-17,sz.000776,广发证券
2022-02-28,2022-01-17,sz.000783,长江证券
2022-02-28,2022-01-17,sz.000786,北新建材
2022-02-28,2022-01-17,sz.000800,一汽解放
2022-02-28,2022-01-17,sz.000858,五粮液
2022-02-28,2022-01-17,sz.000876,新希望
2022-02-28,2022-01-17,sz.000895,双汇发展
2022-02-28,2022-01-17,sz.000938,紫光股份
2022-02-28,2022-01-17,sz.000963,华东医药
2022-02-28,2022-01-17,sz.000977,浪潮信息
2022-02-28,2022-01-17,sz.001979,招商蛇口
2022-02-28,2022-01-17,sz.002001,新和成
2022-02-28,2022-01-17,sz.002007,华兰生物
2022-02-28,2022-01-17,sz.002008,大族激光
2022-02-28,2022-01-17,sz.002024,苏宁易购
2022-02-28,2022-01-17,sz.002027,分众传媒
2022-02-28,2022-01-17,sz.002032,苏泊尔
2022-02-28,2022-01-17,sz.002044,美年健康
2022-02-28,2022-01-17,sz.002049,紫光国微
2022-02-28,2022-01-17,sz.002050,三花智控
2022-02-28,2022-01-17,sz.002064,华峰化学
2022-02-28,2022-01-17,sz.002120,韵达股份
2022-02-28,2022-01-17,sz.002129,中环股份
2022-02-28,2022-01-17,sz.002142,宁波银行
2022-02-28,2022-01-17,sz.002157,正邦科技
2022-02-28,2022-01-17,sz.002179,中航光电
2022-02-28,2022-01-17,sz.002202,金风科技
2022-02-28,2022-01-17,sz.002230,科大讯飞
2022-02-28,2022-01-17,sz.002236,大华股份
2022-02-28,2022-01-17,sz.002241,歌尔股份
2022-02-28,2022-01-17,sz.002252,上海莱士
2022-02-28,2022-01-17,sz.002271,东方雨虹
2022-02-28,2022-01-17,sz.002304,洋河股份
2022-02-28,2022-01-17,sz.002311,海大集团
2022-02-28,2022-01-17,sz.002352,顺丰控股
2022-02-28,2022-01-17,sz.002371,北方华创
2022-02-28,2022-01-17,sz.002410,广联达
2022-02-28,2022-01-17,sz.002414,高德红外
2022-02-28,2022-01-17,sz.002415,海康威视
2022-02-28,2022-01-17,sz.002459,晶澳科技
2022-02-28,2022-01-17,sz.002460,赣锋锂业
2022-02-28,2022-01-17,sz.002466,天齐锂业
2022-02-28,2022-01-17,sz.002475,立讯精密
2022-02-28,2022-01-17,sz.002493,荣盛石化
2022-02-28,2022-01-17,sz.002555,三七互娱
2022-02-28,2022-01-17,sz.002568,百润股份
2022-02-28,2022-01-17,sz.002594,比亚迪
2022-02-28,2022-01-17,sz.002600,领益智造
2022-02-28,2022-01-17,sz.002601,龙佰集团
2022-02-28,2022-01-17,sz.002602,世纪华通
2022-02-28,2022-01-17,sz.002607,中公教育
2022-02-28,2022-01-17,sz.002624,完美世界
2022-02-28,2022-01-17,sz.002709,天赐材料
2022-02-28,2022-01-17,sz.002714,牧原股份
2022-02-28,2022-01-17,sz.002736,国信证券
2022-02-28,2022-01-17,sz.002791,坚朗五金
2022-02-28,2022-01-17,sz.002812,恩捷股份
2022-02-28,2022-01-17,sz.002821,凯莱英
2022-02-28,2022-01-17,sz.002841,视源股份
2022-02-28,2022-01-17,sz.002916,深南电路
2022-02-28,2022-01-17,sz.002938,鹏鼎控股
2022-02-28,2022-01-17,sz.003816,中国广核
2022-02-28,2022-01-17,sz.300003,乐普医疗
2022-02-28,2022-01-17,sz.300014,亿纬锂能
2022-02-28,2022-01-17,sz.300015,爱尔眼科
2022-02-28,2022-01-17,sz.300033,同花顺
2022-02-28,2022-01-17,sz.300059,东方财富
2022-02-28,2022-01-17,sz.300122,智飞生物
2022-02-28,2022-01-17,sz.300124,汇川技术
2022-02-28,2022-01-17,sz.300142,沃森生物
2022-02-28,2022-01-17,sz.300144,宋城演艺
2022-02-28,2022-01-17,sz.300274,阳光电源
2022-02-28,2022-01-17,sz.300316,晶盛机电
2022-02-28,2022-01-17,sz.300347,泰格医药
2022-02-28,2022-01-17,sz.300408,三环集团
2022-02-28,2022-01-17,sz.300413,芒果超媒
2022-02-28,2022-01-17,sz.300433,蓝思科技
2022-02-28,2022-01-17,sz.300450,先导智能
2022-02-28,2022-01-17,sz.300498,温氏股份
2022-02-28,2022-01-17,sz.300529,健帆生物
2022-02-28,2022-01-17,sz.300558,贝达药业
2022-02-28,2022-01-17,sz.300595,欧普康视
2022-02-28,2022-01-17,sz.300601,康泰生物
2022-02-28,2022-01-17,sz.300628,亿联网络
2022-02-28,2022-01-17,sz.300676,华大基因
2022-02-28,2022-01-17,sz.300677,英科医疗
2022-02-28,2022-01-17,sz.300750,宁德时代
2022-02-28,2022-01-17,sz.300759,康龙化成
2022-02-28,2022-01-17,sz.300760,迈瑞医疗
2022-02-28,2022-01-17,sz.300782,卓胜微
2022-02-28,2022-01-17,sz.300866,安克创新
2022-02-28,2022-01-17,sz.300888,稳健医疗
2022-02-28,2022-01-17,sz.300896,爱美客
2022-02-28,2022-01-17,sz.300999,金龙鱼
2022-03-31,2022-03-21,sh.600000,浦发银行
2022-03-31,2022-03-21,sh.600009,上海机场
2022-03-31,2022-03-21,sh.600010,包钢股份
2022-03-31,2022-03-21,sh.600011,华能国际
2022-03-31,2022-03-21,sh.600015,华夏银行
2022-03-31,2022-03-21,sh.600016,民生银行
2022-03-31,2022-03-21,sh.600018,上港集团
2022-03-31,2022-03-21,sh.600019,宝钢股份
2022-03-31,2022-03-21,sh.600025,华能水电
2022-03-31,2022-03-21,sh.600028,中国石化
2022-03-31,2022-03-21,sh.600029,南方航空
2022-03-31,2022-03-21,sh.600030,中信证券
2022-03-31,2022-03-21,sh.600031,三一重工
2022-03-31,2022-03-21,sh.600036,招商银行
2022-03-31,2022-03-21,sh.600048,保利发展
2022-03-31,2022-03-21,sh.600050,中国联通
2022-03-31,2022-03-21,sh.600061,国投资本
2022-03-31,2022-03-21,sh.600079,人福医药
2022-03-31,2022-03-21,sh.600085,同仁堂
2022-03-31,2022-03-21,sh.600104,上汽集团
2022-03-31,2022-03-21,sh.600109,国金证券
2022-03-31,2022-03-21,sh.600111,北方稀土
2022-03-31,2022-03-21,sh.600115,中国东航
2022-03-31,2022-03-21,sh.600132,重庆啤酒
2022-03-31,2022-03-21,sh.600143,金发科技
2022-03-31,2022-03-21,sh.600150,中国船舶
2022-03-31,2022-03-21,sh.600161,天坛生物
2022-03-31,2022-03-21,sh.600176,中国巨石
2022-03-31,2022-03-21,sh.600183,生益科技
2022-03-31,2022-03-21,sh.600196,复星医药
2022-03-31,2022-03-21,sh.600276,恒瑞医药
2022-03-31,2022-03-21,sh.600309,万华化学
2022-03-31,2022-03-21,sh.600332,白云山
2022-03-31,2022-03-21,sh.600346,恒力石化
2022-03-31,2022-03-21,sh.600352,浙江龙盛
2022-03-31,2022-03-21,sh.600362,江西铜业
2022-03-31,2022-03-21,sh.600383,金地集团
2022-03-31,2022-03-21,sh.600406,国电南瑞
2022-03-31,2022-03-21,sh.600426,华鲁恒升
2022-03-31,2022-03-21,sh.600436,片仔癀
2022-03-31,2022-03-21,sh.600438,通威股份
2022-03-31,2022-03-21,sh.600489,中金黄金
2022-03-31,2022-03-21,sh.600519,贵州茅台
2022-03-31,2022-03-21,sh.600547,山东黄金
2022-03-31,2022-03-21,sh.600570,恒生电子
2022-03-31,2022-03-21,sh.600584,长电科技
2022-03-31,2022-03-21,sh.600585,海螺水泥
2022-03-31,2022-03-21,sh.600588,用友网络
2022-03-31,2022-03-21,sh.600600,青岛啤酒
2022-03-31,2022-03-21,sh.600606,绿地控股
2022-03-31,2022-03-21,sh.600655,豫园股份
2022-03-31,2022-03-21,sh.600660,福耀玻璃
2022-03-31,2022-03-21,sh.600690,海尔智家
2022-03-31,2022-03-21,sh.600741,华域汽车
2022-03-31,2022-03-21,sh.600745,闻泰科技
2022-03-31,2022-03-21,sh.600760,中航沈飞
2022-03-31,2022-03-21,sh.600763,通策医疗
2022-03-31,2022-03-21,sh.600795,国电电力
2022-03-31,2022-03-21,sh.600809,山西汾酒
2022-03-31,2022-03-21,sh.600837,海通证券
2022-03-31,2022-03-21,sh.600845,宝信软件
2022-03-31,2022-03-21,sh.600848,上海临港
2022-03-31,2022-03-21,sh.600872,中炬高新
2022-03-31,2022-03-21,sh.600886,国投电力
2022-03-31,2022-03-21,sh.600887,伊利股份
2022-03-31,2022-03-21,sh.600893,航发动力
2022-03-31,2022-03-21,sh.600900,长江电力
2022-03-31,2022-03-21,sh.600905,三峡能源
2022-03-31,2022-03-21,sh.600918,中泰证券
2022-03-31,2022-03-21,sh.600919,江苏银行
2022-03-31,2022-03-21,sh.600926,杭州银行
2022-03-31,2022-03-21,sh.600958,东方证券
2022-03-31,2022-03-21,sh.600989,宝丰能源
2022-03-31,2022-03-21,sh.600999,招商证券
2022-03-31,2022-03-21,sh.601006,大秦铁路
2022-03-31,2022-03-21,sh.601009,南京银行
2022-03-31,2022-03-21,sh.601012,隆基股份
2022-03-31,2022-03-21,sh.601021,春秋航空
2022-03-31,2022-03-21,sh.601066,中信建投
2022-03-31,2022-03-21,sh.601088,中国神华
2022-03-31,2022-03-21,sh.601100,恒立液压
2022-03-31,2022-03-21,sh.601108,财通证券
2022-03-31,2022-03-21,sh.601111,中国国航
2022-03-31,2022-03-21,sh.601138,工业富联
2022-03-31,2022-03-21,sh.601155,新城控股
2022-03-31,2022-03-21,sh.601162,天风证券
2022-03-31,2022-03-21,sh.601166,兴业银行
2022-03-31,2022-03-21,sh.601169,北京银行
2022-03-31,2022-03-21,sh.601186,中国铁建
2022-03-31,2022-03-21,sh.601211,国泰君安
2022-03-31,2022-03-21,sh.601216,君正集团
2022-03-31,2022-03-21,sh.601225,陕西煤业
2022-03-31,2022-03-21,sh.601229,上海银行
2022-03-31,2022-03-21,sh.601231,环旭电子
2022-03-31,2022-03-21,sh.601236,红塔证券
2022-03-31,2022-03-21,sh.601238,广汽集团
2022-03-31,2022-03-21,sh.601288,农业银行
2022-03-31,2022-03-21,sh.601318,中国平安
2022-03-31,2022-03-21,sh.601319,中国人保
2022-03-31,2022-03-21,sh.601328,交通银行
2022-03-31,2022-03-21,sh.601336,新华保险
2022-03-31,2022-03-21,sh.601360,三六零
2022-03-31,2022-03-21,sh.601377,兴业证券
2022-03-31,2022-03-21,sh.601390,中国中铁
2022-03-31,2022-03-21,sh.601398,工商银行
2022-03-31,2022-03-21,sh.601600,中国铝业
2022-03-31,2022-03-21,sh.601601,中国太保
2022-03-31,2022-03-21,sh.601607,上海医药
2022-03-31,2022-03-21,sh.601618,中国中冶
2022-03-31,2022-03-21,sh.601628,中国人寿
2022-03-31,2022-03-21,sh.601633,长城汽车
2022-03-31,2022-03-21,sh.601658,邮储银行
2022-03-31,2022-03-21,sh.601668,中国建筑
2022-03-31,2022-03-21,sh.601669,中国电建
2022-03-31,2022-03-21,sh.601688,华泰证券
2022-03-31,2022-03-21,sh.601696,中银证券
2022-03-31,2022-03-21,sh.601698,中国卫通
2022-03-31,2022-03-21,sh.601728,中国电信
2022-03-31,2022-03-21,sh.601766,中国中车
2022-03-31,2022-03-21,sh.601788,光大证券
2022-03-31,2022-03-21,sh.601799,星宇股份
2022-03-31,2022-03-21,sh.601800,中国交建
2022-03-31,2022-03-21,sh.601808,中海油服
2022-03-31,2022-03-21,sh.601816,京沪高铁
2022-03-31,2022-03-21,sh.601818,光大银行
2022-03-31,2022-03-21,sh.601838,成都银行
2022-03-31,2022-03-21,sh.601857,中国石油
2022-03-31,2022-03-21,sh.601865,福莱特
2022-03-31,2022-03-21,sh.601868,中国能建
2022-03-31,2022-03-21,sh.601877,正泰电器
2022-03-31,2022-03-21,sh.601878,浙商证券
2022-03-31,2022-03-21,sh.601881,中国银河
2022-03-31,2022-03-21,sh.601888,中国中免
2022-03-31,2022-03-21,sh.601898,中煤能源
2022-03-31,2022-03-21,sh.601899,紫金矿业
2022-03-31,2022-03-21,sh.601901,方正证券
2022-03-31,2022-03-21,sh.601916,浙商银行
2022-03-31,2022-03-21,sh.601919,中远海控
2022-03-31,2022-03-21,sh.601933,永辉超市
2022-03-31,2022-03-21,sh.601939,建设银行
2022-03-31,2022-03-21,sh.601966,玲珑轮胎
2022-03-31,2022-03-21,sh.601985,中国核电
2022-03-31,2022-03-21,sh.601988,中国银行
2022-03-31,2022-03-21,sh.601989,中国重工
2022-03-31,2022-03-21,sh.601990,南京证券
2022-03-31,2022-03-21,sh.601995,中金公司
2022-03-31,2022-03-21,sh.601998,中信银行
2022-03-31,2022-03-21,sh.603019,中科曙光
2022-03-31,2022-03-21,sh.603087,甘李药业
2022-03-31,2022-03-21,sh.603160,汇顶科技
2022-03-31,2022-03-21,sh.603195,公牛集团
2022-03-31,2022-03-21,sh.603233,大参林
2022-03-31,2022-03-21,sh.603259,药明康德
2022-03-31,2022-03-21,sh.603260,合盛硅业
2022-03-31,2022-03-21,sh.603288,海天味业
2022-03-31,2022-03-21,sh.603338,浙江鼎力
2022-03-31,2022-03-21,sh.603369,今世缘
2022-03-31,2022-03-21,sh.603392,万泰生物
2022-03-31,2022-03-21,sh.603486,科沃斯
2022-03-31,2022-03-21,sh.603501,韦尔股份
2022-03-31,2022-03-21,sh.603517,绝味食品
2022-03-31,2022-03-21,sh.603658,安图生物
2022-03-31,2022-03-21,sh.603659,璞泰来
2022-03-31,2022-03-21,sh.603799,华友钴业
2022-03-31,2022-03-21,sh.603806,福斯特
2022-03-31,2022-03-21,sh.603833,欧派家居
2022-03-31,2022-03-21,sh.603882,金域医学
2022-03-31,2022-03-21,sh.603899,晨光文具
2022-03-31,2022-03-21,sh.603939,益丰药房
2022-03-31,2022-03-21,sh.603986,兆易创新
2022-03-31,2022-03-21,sh.603993,洛阳钼业
2022-03-31,2022-03-21,sh.605499,东鹏饮料
2022-03-31,2022-03-21,sh.688008,澜起科技
2022-03-31,2022-03-21,sh.688009,中国通号
2022-03-31,2022-03-21,sh.688012,中微公司
2022-03-31,2022-03-21,sh.688036,传音控股
2022-03-31,2022-03-21,sh.688111,金山办公
2022-03-31,2022-03-21,sh.688126,沪硅产业
2022-03-31,2022-03-21,sh.688169,石头科技
2022-03-31,2022-03-21,sh.688363,华熙生物
2022-03-31,2022-03-21,sh.688396,华润微
2022-03-31,2022-03-21,sh.688561,奇安信
2022-03-31,2022-03-21,sh.688599,天合光能
2022-03-31,2022-03-21,sh.688981,中芯国际
2022-03-31,2022-03-21,sz.000001,平安银行
2022-03-31,2022-03-21,sz.000002,万科A
2022-03-31,2022-03-21,sz.000063,中兴通讯
2022-03-31,2022-03-21,sz.000066,中国长城
2022-03-31,2022-03-21,sz.000069,华侨城A
2022-03-31,2022-03-21,sz.000100,TCL科技
2022-03-31,2022-03-21,sz.000157,中联重科
2022-03-31,2022-03-21,sz.000166,申万宏源
2022-03-31,2022-03-21,sz.000301,东方盛虹
2022-03-31,2022-03-21,sz.000333,美的集团
2022-03-31,2022-03-21,sz.000338,潍柴动力
2022-03-31,2022-03-21,sz.000425,徐工机械
2022-03-31,2022-03-21,sz.000538,云南白药
2022-03-31,2022-03-21,sz.000568,泸州老窖
2022-03-31,2022-03-21,sz.000596,古井贡酒
2022-03-31,2022-03-21,sz.000625,长安汽车
2022-03-31,2022-03-21,sz.000651,格力电器
2022-03-31,2022-03-21,sz.000661,长春高新
2022-03-31,2022-03-21,sz.000703,恒逸石化
2022-03-31,2022-03-21,sz.000708,中信特钢
2022-03-31,2022-03-21,sz.000725,京东方A
2022-03-31,2022-03-21,sz.000768,中航西飞
2022-03-31,2022-03-21,sz.000776,广发证券
2022-03-31,2022-03-21,sz.000783,长江证券
2022-03-31,2022-03-21,sz.000786,北新建材
2022-03-31,2022-03-21,sz.000800,一汽解放
2022-03-31,2022-03-21,sz.000858,五粮液
2022-03-31,2022-03-21,sz.000876,新希望
2022-03-31,2022-03-21,sz.000895,双汇发展
2022-03-31,2022-03-21,sz.000938,紫光股份
2022-03-31,2022-03-21,sz.000963,华东医药
2022-03-31,2022-03-21,sz.000977,浪潮信息
2022-03-31,2022-03-21,sz.001979,招商蛇口
2022-03-31,2022-03-21,sz.002001,新和成
2022-03-31,2022-03-21,sz.002007,华兰生物
2022-03-31,2022-03-21,sz.002008,大族激光
2022-03-31,2022-03-21,sz.002024,苏宁易购
2022-03-31,2022-03-21,sz.002027,分众传媒
2022-03-31,2022-03-21,sz.002032,苏泊尔
2022-03-31,2022-03-21,sz.002044,美年健康
2022-03-31,2022-03-21,sz.002049,紫光国微
2022-03-31,2022-03-21,sz.002050,三花智控
2022-03-31,2022-03-21,sz.002064,华峰化学
2022-03-31,2022-03-21,sz.002120,韵达股份
2022-03-31,2022-03-21,sz.002129,中环股份
2022-03-31,2022-03-21,sz.002142,宁波银行
2022-03-31,2022-03-21,sz.002157,正邦科技
2022-03-31,2022-03-21,sz.002179,中航光电
2022-03-31,2022-03-21,sz.002202,金风科技
2022-03-31,2022-03-21,sz.002230,科大讯飞
2022-03-31,2022-03-21,sz.002236,大华股份
2022-03-31,2022-03-21,sz.002241,歌尔股份
2022-03-31,2022-03-21,sz.002252,上海莱士
2022-03-31,2022-03-21,sz.002271,东方雨虹
2022-03-31,2022-03-21,sz.002304,洋河股份
2022-03-31,2022-03-21,sz.002311,海大集团
2022-03-31,2022-03-21,sz.002352,顺丰控股
2022-03-31,2022-03-21,sz.002371,北方华创
2022-03-31,2022-03-21,sz.002410,广联达
2022-03-31,2022-03-21,sz.002414,高德红外
2022-03-31,2022-03-21,sz.002415,海康威视
2022-03-31,2022-03-21,sz.002459,晶澳科技
2022-03-31,2022-03-21,sz.002460,赣锋锂业
2022-03-31,2022-03-21,sz.002466,天齐锂业
2022-03-31,2022-03-21,sz.002475,立讯精密
2022-03-31,2022-03-21,sz.002493,荣盛石化
2022-03-31,2022-03-21,sz.002555,三七互娱
2022-03-31,2022-03-21,sz.002568,百润股份
2022-03-31,2022-03-21,sz.002594,比亚迪
2022-03-31,2022-03-21,sz.002600,领益智造
2022-03-31,2022-03-21,sz.002601,龙佰集团
2022-03-31,2022-03-21,sz.002602,世纪华通
2022-03-31,2022-03-21,sz.002607,中公教育
2022-03-31,2022-03-21,sz.002624,完美世界
2022-03-31,2022-03-21,sz.002709,天赐材料
2022-03-31,2022-03-21,sz.002714,牧原股份
2022-03-31,2022-03-21,sz.002736,国信证券
2022-03-31,2022-03-21,sz.002791,坚朗五金
2022-03-31,2022-03-21,sz.002812,恩捷股份
2022-03-31,2022-03-21,sz.002821,凯莱英
2022-03-31,2022-03-21,sz.002841,视源股份
2022-03-31,2022-03-21,sz.002916,深南电路
2022-03-31,2022-03-21,sz.002938,鹏鼎控股
2022-03-31,2022-03-21,sz.003816,中国广核
2022-03-31,2022-03-21,sz.300003,乐普医疗
2022-03-31,2022-03-21,sz.300014,亿纬锂能
2022-03-31,2022-03-21,sz.300015,爱尔眼科
2022-03-31,2022-03-21,sz.300033,同花顺
2022-03-31,2022-03-21,sz.300059,东方财富
2022-03-31,2022-03-21,sz.300122,智飞生物
2022-03-31,2022-03-21,sz.300124,汇川技术
2022-03-31,2022-03-21,sz.300142,沃森生物
2022-03-31,2022-03-21,sz.300144,宋城演艺
2022-03-31,2022-03-21,sz.300274,阳光电源
2022-03-31,2022-03-21,sz.300316,晶盛机电
2022-03-31,2022-03-21,sz.300347,泰格医药
2022-03-31,2022-03-21,sz.300408,三环集团
2022-03-31,2022-03-21,sz.300413,芒果超媒
2022-03-31,2022-03-21,sz.300433,蓝思科技
2022-03-31,2022-03-21,sz.300450,先导智能
2022-03-31,2022-03-21,sz.300498,温氏股份
2022-03-31,2022-03-21,sz.300529,健帆生物
2022-03-31,2022-03-21,sz.300558,贝达药业
2022-03-31,2022-03-21,sz.300595,欧普康视
2022-03-31,2022-03-21,sz.300601,康泰生物
2022-03-31,2022-03-21,sz.300628,亿联网络
2022-03-31,2022-03-21,sz.300676,华大基因
2022-03-31,2022-03-21,sz.300677,英科医疗
2022-03-31,2022-03-21,sz.300750,宁德时代
2022-03-31,2022-03-21,sz.300759,康龙化成
2022-03-31,2022-03-21,sz.300760,迈瑞医疗
2022-03-31,2022-03-21,sz.300782,卓胜微
2022-03-31,2022-03-21,sz.300866,安克创新
2022-03-31,2022-03-21,sz.300888,稳健医疗
2022-03-31,2022-03-21,sz.300896,爱美客
2022-03-31,2022-03-21,sz.300999,金龙鱼
2022-04-30,2022-03-21,sh.600000,浦发银行
2022-04-30,2022-03-21,sh.600009,上海机场
2022-04-30,2022-03-21,sh.600010,包钢股份
2022-04-30,2022-03-21,sh.600011,华能国际
2022-04-30,2022-03-21,sh.600015,华夏银行
2022-04-30,2022-03-21,sh.600016,民生银行
2022-04-30,2022-03-21,sh.600018,上港集团
2022-04-30,2022-03-21,sh.600019,宝钢股份
2022-04-30,2022-03-21,sh.600025,华能水电
2022-04-30,2022-03-21,sh.600028,中国石化
2022-04-30,2022-03-21,sh.600029,南方航空
2022-04-30,2022-03-21,sh.600030,中信证券
2022-04-30,2022-03-21,sh.600031,三一重工
2022-04-30,2022-03-21,sh.600036,招商银行
2022-04-30,2022-03-21,sh.600048,保利发展
2022-04-30,2022-03-21,sh.600050,中国联通
2022-04-30,2022-03-21,sh.600061,国投资本
2022-04-30,2022-03-21,sh.600079,人福医药
2022-04-30,2022-03-21,sh.600085,同仁堂
2022-04-30,2022-03-21,sh.600104,上汽集团
2022-04-30,2022-03-21,sh.600109,国金证券
2022-04-30,2022-03-21,sh.600111,北方稀土
2022-04-30,2022-03-21,sh.600115,中国东航
2022-04-30,2022-03-21,sh.600132,重庆啤酒
2022-04-30,2022-03-21,sh.600143,金发科技
2022-04-30,2022-03-21,sh.600150,中国船舶
2022-04-30,2022-03-21,sh.600161,天坛生物
2022-04-30,2022-03-21,sh.600176,中国巨石
2022-04-30,2022-03-21,sh.600183,生益科技
2022-04-30,2022-03-21,sh.600196,复星医药
2022-04-30,2022-03-21,sh.600276,恒瑞医药
2022-04-30,2022-03-21,sh.600309,万华化学
2022-04-30,2022-03-21,sh.600332,白云山
2022-04-30,2022-03-21,sh.600346,恒力石化
2022-04-30,2022-03-21,sh.600352,浙江龙盛
2022-04-30,2022-03-21,sh.600362,江西铜业
2022-04-30,2022-03-21,sh.600383,金地集团
2022-04-30,2022-03-21,sh.600406,国电南瑞
2022-04-30,2022-03-21,sh.600426,华鲁恒升
2022-04-30,2022-03-21,sh.600436,片仔癀
2022-04-30,2022-03-21,sh.600438,通威股份
2022-04-30,2022-03-21,sh.600489,中金黄金
2022-04-30,2022-03-21,sh.600519,贵州茅台
2022-04-30,2022-03-21,sh.600547,山东黄金
2022-04-30,2022-03-21,sh.600570,恒生电子
2022-04-30,2022-03-21,sh.600584,长电科技
2022-04-30,2022-03-21,sh.600585,海螺水泥
2022-04-30,2022-03-21,sh.600588,用友网络
2022-04-30,2022-03-21,sh.600600,青岛啤酒
2022-04-30,2022-03-21,sh.600606,绿地控股
2022-04-30,2022-03-21,sh.600655,豫园股份
2022-04-30,2022-03-21,sh.600660,福耀玻璃
2022-04-30,2022-03-21,sh.600690,海尔智家
2022-04-30,2022-03-21,sh.600741,华域汽车
2022-04-30,2022-03-21,sh.600745,闻泰科技
2022-04-30,2022-03-21,sh.600760,中航沈飞
2022-04-30,2022-03-21,sh.600763,通策医疗
2022-04-30,2022-03-21,sh.600795,国电电力
2022-04-30,2022-03-21,sh.600809,山西汾酒
2022-04-30,2022-03-21,sh.600837,海通证券
2022-04-30,2022-03-21,sh.600845,宝信软件
2022-04-30,2022-03-21,sh.600848,上海临港
2022-04-30,2022-03-21,sh.600872,中炬高新
2022-04-30,2022-03-21,sh.600886,国投电力
2022-04-30,2022-03-21,sh.600887,伊利股份
2022-04-30,2022-03-21,sh.600893,航发动力
2022-04-30,2022-03-21,sh.600900,长江电力
2022-04-30,2022-03-21,sh.600905,三峡能源
2022-04-30,2022-03-21,sh.600918,中泰证券
2022-04-30,2022-03-21,sh.600919,江苏银行
2022-04-30,2022-03-21,sh.600926,杭州银行
2022-04-30,2022-03-21,sh.600958,东方证券
2022-04-30,2022-03-21,sh.600989,宝丰能源
2022-04-30,2022-03-21,sh.600999,招商证券
2022-04-30,2022-03-21,sh.601006,大秦铁路
2022-04-30,2022-03-21,sh.601009,南京银行
2022-04-30,2022-03-21,sh.601012,隆基股份
2022-04-30,2022-03-21,sh.601021,春秋航空
2022-04-30,2022-03-21,sh.601066,中信建投
2022-04-30,2022-03-21,sh.601088,中国神华
2022-04-30,2022-03-21,sh.601100,恒立液压
2022-04-30,2022-03-21,sh.601108,财通证券
2022-04-30,2022-03-21,sh.601111,中国国航
2022-04-30,2022-03-21,sh.601138,工业富联
2022-04-30,2022-03-21,sh.601155,新城控股
2022-04-30,2022-03-21,sh.601162,天风证券
2022-04-30,2022-03-21,sh.601166,兴业银行
2022-04-30,2022-03-21,sh.601169,北京银行
2022-04-30,2022-03-21,sh.601186,中国铁建
2022-04-30,2022-03-21,sh.601211,国泰君安
2022-04-30,2022-03-21,sh.601216,君正集团
2022-04-30,2022-03-21,sh.601225,陕西煤业
2022-04-30,2022-03-21,sh.601229,上海银行
2022-04-30,2022-03-21,sh.601231,环旭电子
2022-04-30,2022-03-21,sh.601236,红塔证券
2022-04-30,2022-03-21,sh.601238,广汽集团
2022-04-30,2022-03-21,sh.601288,农业银行
2022-04-30,2022-03-21,sh.601318,中国平安
2022-04-30,2022-03-21,sh.601319,中国人保
2022-04-30,2022-03-21,sh.601328,交通银行
2022-04-30,2022-03-21,sh.601336,新华保险
2022-04-30,2022-03-21,sh.601360,三六零
2022-04-30,2022-03-21,sh.601377,兴业证券
2022-04-30,2022-03-21,sh.601390,中国中铁
2022-04-30,2022-03-21,sh.601398,工商银行
2022-04-30,2022-03-21,sh.601600,中国铝业
2022-04-30,2022-03-21,sh.601601,中国太保
2022-04-30,2022-03-21,sh.601607,上海医药
2022-04-30,2022-03-21,sh.601618,中国中冶
2022-04-30,2022-03-21,sh.601628,中国人寿
2022-04-30,2022-03-21,sh.601633,长城汽车
2022-04-30,2022-03-21,sh.601658,邮储银行
2022-04-30,2022-03-21,sh.601668,中国建筑
2022-04-30,2022-03-21,sh.601669,中国电建
2022-04-30,2022-03-21,sh.601688,华泰证券
2022-04-30,2022-03-21,sh.601696,中银证券
2022-04-30,2022-03-21,sh.601698,中国卫通
2022-04-30,2022-03-21,sh.601728,中国电信
2022-04-30,2022-03-21,sh.601766,中国中车
2022-04-30,2022-03-21,sh.601788,光大证券
2022-04-30,2022-03-21,sh.601799,星宇股份
2022-04-30,2022-03-21,sh.601800,中国交建
2022-04-30,2022-03-21,sh.601808,中海油服
2022-04-30,2022-03-21,sh.601816,京沪高铁
2022-04-30,2022-03-21,sh.601818,光大银行
2022-04-30,2022-03-21,sh.601838,成都银行
2022-04-30,2022-03-21,sh.601857,中国石油
2022-04-30,2022-03-21,sh.601865,福莱特
2022-04-30,2022-03-21,sh.601868,中国能建
2022-04-30,2022-03-21,sh.601877,正泰电器
2022-04-30,2022-03-21,sh.601878,浙商证券
2022-04-30,2022-03-21,sh.601881,中国银河
2022-04-30,2022-03-21,sh.601888,中国中免
2022-04-30,2022-03-21,sh.601898,中煤能源
2022-04-30,2022-03-21,sh.601899,紫金矿业
2022-04-30,2022-03-21,sh.601901,方正证券
2022-04-30,2022-03-21,sh.601916,浙商银行
2022-04-30,2022-03-21,sh.601919,中远海控
2022-04-30,2022-03-21,sh.601933,永辉超市
2022-04-30,2022-03-21,sh.601939,建设银行
2022-04-30,2022-03-21,sh.601966,玲珑轮胎
2022-04-30,2022-03-21,sh.601985,中国核电
2022-04-30,2022-03-21,sh.601988,中国银行
2022-04-30,2022-03-21,sh.601989,中国重工
2022-04-30,2022-03-21,sh.601990,南京证券
2022-04-30,2022-03-21,sh.601995,中金公司
2022-04-30,2022-03-21,sh.601998,中信银行
2022-04-30,2022-03-21,sh.603019,中科曙光
2022-04-30,2022-03-21,sh.603087,甘李药业
2022-04-30,2022-03-21,sh.603160,汇顶科技
2022-04-30,2022-03-21,sh.603195,公牛集团
2022-04-30,2022-03-21,sh.603233,大参林
2022-04-30,2022-03-21,sh.603259,药明康德
2022-04-30,2022-03-21,sh.603260,合盛硅业
2022-04-30,2022-03-21,sh.603288,海天味业
2022-04-30,2022-03-21,sh.603338,浙江鼎力
2022-04-30,2022-03-21,sh.603369,今世缘
2022-04-30,2022-03-21,sh.603392,万泰生物
2022-04-30,2022-03-21,sh.603486,科沃斯
2022-04-30,2022-03-21,sh.603501,韦尔股份
2022-04-30,2022-03-21,sh.603517,绝味食品
2022-04-30,2022-03-21,sh.603658,安图生物
2022-04-30,2022-03-21,sh.603659,璞泰来
2022-04-30,2022-03-21,sh.603799,华友钴业
2022-04-30,2022-03-21,sh.603806,福斯特
2022-04-30,2022-03-21,sh.603833,欧派家居
2022-04-30,2022-03-21,sh.603882,金域医学
2022-04-30,2022-03-21,sh.603899,晨光文具
2022-04-30,2022-03-21,sh.603939,益丰药房
2022-04-30,2022-03-21,sh.603986,兆易创新
2022-04-30,2022-03-21,sh.603993,洛阳钼业
2022-04-30,2022-03-21,sh.605499,东鹏饮料
2022-04-30,2022-03-21,sh.688008,澜起科技
2022-04-30,2022-03-21,sh.688009,中国通号
2022-04-30,2022-03-21,sh.688012,中微公司
2022-04-30,2022-03-21,sh.688036,传音控股
2022-04-30,2022-03-21,sh.688111,金山办公
2022-04-30,2022-03-21,sh.688126,沪硅产业
2022-04-30,2022-03-21,sh.688169,石头科技
2022-04-30,2022-03-21,sh.688363,华熙生物
2022-04-30,2022-03-21,sh.688396,华润微
2022-04-30,2022-03-21,sh.688561,奇安信
2022-04-30,2022-03-21,sh.688599,天合光能
2022-04-30,2022-03-21,sh.688981,中芯国际
2022-04-30,2022-03-21,sz.000001,平安银行
2022-04-30,2022-03-21,sz.000002,万科A
2022-04-30,2022-03-21,sz.000063,中兴通讯
2022-04-30,2022-03-21,sz.000066,中国长城
2022-04-30,2022-03-21,sz.000069,华侨城A
2022-04-30,2022-03-21,sz.000100,TCL科技
2022-04-30,2022-03-21,sz.000157,中联重科
2022-04-30,2022-03-21,sz.000166,申万宏源
2022-04-30,2022-03-21,sz.000301,东方盛虹
2022-04-30,2022-03-21,sz.000333,美的集团
2022-04-30,2022-03-21,sz.000338,潍柴动力
2022-04-30,2022-03-21,sz.000425,徐工机械
2022-04-30,2022-03-21,sz.000538,云南白药
2022-04-30,2022-03-21,sz.000568,泸州老窖
2022-04-30,2022-03-21,sz.000596,古井贡酒
2022-04-30,2022-03-21,sz.000625,长安汽车
2022-04-30,2022-03-21,sz.000651,格力电器
2022-04-30,2022-03-21,sz.000661,长春高新
2022-04-30,2022-03-21,sz.000703,恒逸石化
2022-04-30,2022-03-21,sz.000708,中信特钢
2022-04-30,2022-03-21,sz.000725,京东方A
2022-04-30,2022-03-21,sz.000768,中航西飞
2022-04-30,2022-03-21,sz.000776,广发证券
2022-04-30,2022-03-21,sz.000783,长江证券
2022-04-30,2022-03-21,sz.000786,北新建材
2022-04-30,2022-03-21,sz.000800,一汽解放
2022-04-30,2022-03-21,sz.000858,五粮液
2022-04-30,2022-03-21,sz.000876,新希望
2022-04-30,2022-03-21,sz.000895,双汇发展
2022-04-30,2022-03-21,sz.000938,紫光股份
2022-04-30,2022-03-21,sz.000963,华东医药
2022-04-30,2022-03-21,sz.000977,浪潮信息
2022-04-30,2022-03-21,sz.001979,招商蛇口
2022-04-30,2022-03-21,sz.002001,新和成
2022-04-30,2022-03-21,sz.002007,华兰生物
2022-04-30,2022-03-21,sz.002008,大族激光
2022-04-30,2022-03-21,sz.002024,苏宁易购
2022-04-30,2022-03-21,sz.002027,分众传媒
2022-04-30,2022-03-21,sz.002032,苏泊尔
2022-04-30,2022-03-21,sz.002044,美年健康
2022-04-30,2022-03-21,sz.002049,紫光国微
2022-04-30,2022-03-21,sz.002050,三花智控
2022-04-30,2022-03-21,sz.002064,华峰化学
2022-04-30,2022-03-21,sz.002120,韵达股份
2022-04-30,2022-03-21,sz.002129,中环股份
2022-04-30,2022-03-21,sz.002142,宁波银行
2022-04-30,2022-03-21,sz.002157,正邦科技
2022-04-30,2022-03-21,sz.002179,中航光电
2022-04-30,2022-03-21,sz.002202,金风科技
2022-04-30,2022-03-21,sz.002230,科大讯飞
2022-04-30,2022-03-21,sz.002236,大华股份
2022-04-30,2022-03-21,sz.002241,歌尔股份
2022-04-30,2022-03-21,sz.002252,上海莱士
2022-04-30,2022-03-21,sz.002271,东方雨虹
2022-04-30,2022-03-21,sz.002304,洋河股份
2022-04-30,2022-03-21,sz.002311,海大集团
2022-04-30,2022-03-21,sz.002352,顺丰控股
2022-04-30,2022-03-21,sz.002371,北方华创
2022-04-30,2022-03-21,sz.002410,广联达
2022-04-30,2022-03-21,sz.002414,高德红外
2022-04-30,2022-03-21,sz.002415,海康威视
2022-04-30,2022-03-21,sz.002459,晶澳科技
2022-04-30,2022-03-21,sz.002460,赣锋锂业
2022-04-30,2022-03-21,sz.002466,天齐锂业
2022-04-30,2022-03-21,sz.002475,立讯精密
2022-04-30,2022-03-21,sz.002493,荣盛石化
2022-04-30,2022-03-21,sz.002555,三七互娱
2022-04-30,2022-03-21,sz.002568,百润股份
2022-04-30,2022-03-21,sz.002594,比亚迪
2022-04-30,2022-03-21,sz.002600,领益智造
2022-04-30,2022-03-21,sz.002601,龙佰集团
2022-04-30,2022-03-21,sz.002602,世纪华通
2022-04-30,2022-03-21,sz.002607,中公教育
2022-04-30,2022-03-21,sz.002624,完美世界
2022-04-30,2022-03-21,sz.002709,天赐材料
2022-04-30,2022-03-21,sz.002714,牧原股份
2022-04-30,2022-03-21,sz.002736,国信证券
2022-04-30,2022-03-21,sz.002791,坚朗五金
2022-04-30,2022-03-21,sz.002812,恩捷股份
2022-04-30,2022-03-21,sz.002821,凯莱英
2022-04-30,2022-03-21,sz.002841,视源股份
2022-04-30,2022-03-21,sz.002916,深南电路
2022-04-30,2022-03-21,sz.002938,鹏鼎控股
2022-04-30,2022-03-21,sz.003816,中国广核
2022-04-30,2022-03-21,sz.300003,乐普医疗
2022-04-30,2022-03-21,sz.300014,亿纬锂能
2022-04-30,2022-03-21,sz.300015,爱尔眼科
2022-04-30,2022-03-21,sz.300033,同花顺
2022-04-30,2022-03-21,sz.300059,东方财富
2022-04-30,2022-03-21,sz.300122,智飞生物
2022-04-30,2022-03-21,sz.300124,汇川技术
2022-04-30,2022-03-21,sz.300142,沃森生物
2022-04-30,2022-03-21,sz.300144,宋城演艺
2022-04-30,2022-03-21,sz.300274,阳光电源
2022-04-30,2022-03-21,sz.300316,晶盛机电
2022-04-30,2022-03-21,sz.300347,泰格医药
2022-04-30,2022-03-21,sz.300408,三环集团
2022-04-30,2022-03-21,sz.300413,芒果超媒
2022-04-30,2022-03-21,sz.300433,蓝思科技
2022-04-30,2022-03-21,sz.300450,先导智能
2022-04-30,2022-03-21,sz.300498,温氏股份
2022-04-30,2022-03-21,sz.300529,健帆生物
2022-04-30,2022-03-21,sz.300558,贝达药业
2022-04-30,2022-03-21,sz.300595,欧普康视
2022-04-30,2022-03-21,sz.300601,康泰生物
2022-04-30,2022-03-21,sz.300628,亿联网络
2022-04-30,2022-03-21,sz.300676,华大基因
2022-04-30,2022-03-21,sz.300677,英科医疗
2022-04-30,2022-03-21,sz.300750,宁德时代
2022-04-30,2022-03-21,sz.300759,康龙化成
2022-04-30,2022-03-21,sz.300760,迈瑞医疗
2022-04-30,2022-03-21,sz.300782,卓胜微
2022-04-30,2022-03-21,sz.300866,安克创新
2022-04-30,2022-03-21,sz.300888,稳健医疗
2022-04-30,2022-03-21,sz.300896,爱美客
2022-04-30,2022-03-21,sz.300999,金龙鱼
2022-05-31,2022-03-21,sh.600000,浦发银行
2022-05-31,2022-03-21,sh.600009,上海机场
2022-05-31,2022-03-21,sh.600010,包钢股份
2022-05-31,2022-03-21,sh.600011,华能国际
2022-05-31,2022-03-21,sh.600015,华夏银行
2022-05-31,2022-03-21,sh.600016,民生银行
2022-05-31,2022-03-21,sh.600018,上港集团
2022-05-31,2022-03-21,sh.600019,宝钢股份
2022-05-31,2022-03-21,sh.600025,华能水电
2022-05-31,2022-03-21,sh.600028,中国石化
2022-05-31,2022-03-21,sh.600029,南方航空
2022-05-31,2022-03-21,sh.600030,中信证券
2022-05-31,2022-03-21,sh.600031,三一重工
2022-05-31,2022-03-21,sh.600036,招商银行
2022-05-31,2022-03-21,sh.600048,保利发展
2022-05-31,2022-03-21,sh.600050,中国联通
2022-05-31,2022-03-21,sh.600061,国投资本
2022-05-31,2022-03-21,sh.600079,人福医药
2022-05-31,2022-03-21,sh.600085,同仁堂
2022-05-31,2022-03-21,sh.600104,上汽集团
2022-05-31,2022-03-21,sh.600109,国金证券
2022-05-31,2022-03-21,sh.600111,北方稀土
2022-05-31,2022-03-21,sh.600115,中国东航
2022-05-31,2022-03-21,sh.600132,重庆啤酒
2022-05-31,2022-03-21,sh.600143,金发科技
2022-05-31,2022-03-21,sh.600150,中国船舶
2022-05-31,2022-03-21,sh.600161,天坛生物
2022-05-31,2022-03-21,sh.600176,中国巨石
2022-05-31,2022-03-21,sh.600183,生益科技
2022-05-31,2022-03-21,sh.600196,复星医药
2022-05-31,2022-03-21,sh.600276,恒瑞医药
2022-05-31,2022-03-21,sh.600309,万华化学
2022-05-31,2022-03-21,sh.600332,白云山
2022-05-31,2022-03-21,sh.600346,恒力石化
2022-05-31,2022-03-21,sh.600352,浙江龙盛
2022-05-31,2022-03-21,sh.600362,江西铜业
2022-05-31,2022-03-21,sh.600383,金地集团
2022-05-31,2022-03-21,sh.600406,国电南瑞
2022-05-31,2022-03-21,sh.600426,华鲁恒升
2022-05-31,2022-03-21,sh.600436,片仔癀
2022-05-31,2022-03-21,sh.600438,通威股份
2022-05-31,2022-03-21,sh.600489,中金黄金
2022-05-31,2022-03-21,sh.600519,贵州茅台
2022-05-31,2022-03-21,sh.600547,山东黄金
2022-05-31,2022-03-21,sh.600570,恒生电子
2022-05-31,2022-03-21,sh.600584,长电科技
2022-05-31,2022-03-21,sh.600585,海螺水泥
2022-05-31,2022-03-21,sh.600588,用友网络
2022-05-31,2022-03-21,sh.600600,青岛啤酒
2022-05-31,2022-03-21,sh.600606,绿地控股
2022-05-31,2022-03-21,sh.600655,豫园股份
2022-05-31,2022-03-21,sh.600660,福耀玻璃
2022-05-31,2022-03-21,sh.600690,海尔智家
2022-05-31,2022-03-21,sh.600741,华域汽车
2022-05-31,2022-03-21,sh.600745,闻泰科技
2022-05-31,2022-03-21,sh.600760,中航沈飞
2022-05-31,2022-03-21,sh.600763,通策医疗
2022-05-31,2022-03-21,sh.600795,国电电力
2022-05-31,2022-03-21,sh.600809,山西汾酒
2022-05-31,2022-03-21,sh.600837,海通证券
2022-05-31,2022-03-21,sh.600845,宝信软件
2022-05-31,2022-03-21,sh.600848,上海临港
2022-05-31,2022-03-21,sh.600872,中炬高新
2022-05-31,2022-03-21,sh.600886,国投电力
2022-05-31,2022-03-21,sh.600887,伊利股份
2022-05-31,2022-03-21,sh.600893,航发动力
2022-05-31,2022-03-21,sh.600900,长江电力
2022-05-31,2022-03-21,sh.600905,三峡能源
2022-05-31,2022-03-21,sh.600918,中泰证券
2022-05-31,2022-03-21,sh.600919,江苏银行
2022-05-31,2022-03-21,sh.600926,杭州银行
2022-05-31,2022-03-21,sh.600958,东方证券
2022-05-31,2022-03-21,sh.600989,宝丰能源
2022-05-31,2022-03-21,sh.600999,招商证券
2022-05-31,2022-03-21,sh.601006,大秦铁路
2022-05-31,2022-03-21,sh.601009,南京银行
2022-05-31,2022-03-21,sh.601012,隆基股份
2022-05-31,2022-03-21,sh.601021,春秋航空
2022-05-31,2022-03-21,sh.601066,中信建投
2022-05-31,2022-03-21,sh.601088,中国神华
2022-05-31,2022-03-21,sh.601100,恒立液压
2022-05-31,2022-03-21,sh.601108,财通证券
2022-05-31,2022-03-21,sh.601111,中国国航
2022-05-31,2022-03-21,sh.601138,工业富联
2022-05-31,2022-03-21,sh.601155,新城控股
2022-05-31,2022-03-21,sh.601162,天风证券
2022-05-31,2022-03-21,sh.601166,兴业银行
2022-05-31,2022-03-21,sh.601169,北京银行
2022-05-31,2022-03-21,sh.601186,中国铁建
2022-05-31,2022-03-21,sh.601211,国泰君安
2022-05-31,2022-03-21,sh.601216,君正集团
2022-05-31,2022-03-21,sh.601225,陕西煤业
2022-05-31,2022-03-21,sh.601229,上海银行
2022-05-31,2022-03-21,sh.601231,环旭电子
2022-05-31,2022-03-21,sh.601236,红塔证券
2022-05-31,2022-03-21,sh.601238,广汽集团
2022-05-31,2022-03-21,sh.601288,农业银行
2022-05-31,2022-03-21,sh.601318,中国平安
2022-05-31,2022-03-21,sh.601319,中国人保
2022-05-31,2022-03-21,sh.601328,交通银行
2022-05-31,2022-03-21,sh.601336,新华保险
2022-05-31,2022-03-21,sh.601360,三六零
2022-05-31,2022-03-21,sh.601377,兴业证券
2022-05-31,2022-03-21,sh.601390,中国中铁
2022-05-31,2022-03-21,sh.601398,工商银行
2022-05-31,2022-03-21,sh.601600,中国铝业
2022-05-31,2022-03-21,sh.601601,中国太保
2022-05-31,2022-03-21,sh.601607,上海医药
2022-05-31,2022-03-21,sh.601618,中国中冶
2022-05-31,2022-03-21,sh.601628,中国人寿
2022-05-31,2022-03-21,sh.601633,长城汽车
2022-05-31,2022-03-21,sh.601658,邮储银行
2022-05-31,2022-03-21,sh.601668,中国建筑
2022-05-31,2022-03-21,sh.601669,中国电建
2022-05-31,2022-03-21,sh.601688,华泰证券
2022-05-31,2022-03-21,sh.601696,中银证券
2022-05-31,2022-03-21,sh.601698,中国卫通
2022-05-31,2022-03-21,sh.601728,中国电信
2022-05-31,2022-03-21,sh.601766,中国中车
2022-05-31,2022-03-21,sh.601788,光大证券
2022-05-31,2022-03-21,sh.601799,星宇股份
2022-05-31,2022-03-21,sh.601800,中国交建
2022-05-31,2022-03-21,sh.601808,中海油服
2022-05-31,2022-03-21,sh.601816,京沪高铁
2022-05-31,2022-03-21,sh.601818,光大银行
2022-05-31,2022-03-21,sh.601838,成都银行
2022-05-31,2022-03-21,sh.601857,中国石油
2022-05-31,2022-03-21,sh.601865,福莱特
2022-05-31,2022-03-21,sh.601868,中国能建
2022-05-31,2022-03-21,sh.601877,正泰电器
2022-05-31,2022-03-21,sh.601878,浙商证券
2022-05-31,2022-03-21,sh.601881,中国银河
2022-05-31,2022-03-21,sh.601888,中国中免
2022-05-31,2022-03-21,sh.601898,中煤能源
2022-05-31,2022-03-21,sh.601899,紫金矿业
2022-05-31,2022-03-21,sh.601901,方正证券
2022-05-31,2022-03-21,sh.601916,浙商银行
2022-05-31,2022-03-21,sh.601919,中远海控
2022-05-31,2022-03-21,sh.601933,永辉超市
2022-05-31,2022-03-21,sh.601939,建设银行
2022-05-31,2022-03-21,sh.601966,玲珑轮胎
2022-05-31,2022-03-21,sh.601985,中国核电
2022-05-31,2022-03-21,sh.601988,中国银行
2022-05-31,2022-03-21,sh.601989,中国重工
2022-05-31,2022-03-21,sh.601990,南京证券
2022-05-31,2022-03-21,sh.601995,中金公司
2022-05-31,2022-03-21,sh.601998,中信银行
2022-05-31,2022-03-21,sh.603019,中科曙光
2022-05-31,2022-03-21,sh.603087,甘李药业
2022-05-31,2022-03-21,sh.603160,汇顶科技
2022-05-31,2022-03-21,sh.603195,公牛集团
2022-05-31,2022-03-21,sh.603233,大参林
2022-05-31,2022-03-21,sh.603259,药明康德
2022-05-31,2022-03-21,sh.603260,合盛硅业
2022-05-31,2022-03-21,sh.603288,海天味业
2022-05-31,2022-03-21,sh.603338,浙江鼎力
2022-05-31,2022-03-21,sh.603369,今世缘
2022-05-31,2022-03-21,sh.603392,万泰生物
2022-05-31,2022-03-21,sh.603486,科沃斯
2022-05-31,2022-03-21,sh.603501,韦尔股份
2022-05-31,2022-03-21,sh.603517,绝味食品
2022-05-31,2022-03-21,sh.603658,安图生物
2022-05-31,2022-03-21,sh.603659,璞泰来
2022-05-31,2022-03-21,sh.603799,华友钴业
2022-05-31,2022-03-21,sh.603806,福斯特
2022-05-31,2022-03-21,sh.603833,欧派家居
2022-05-31,2022-03-21,sh.603882,金域医学
2022-05-31,2022-03-21,sh.603899,晨光文具
2022-05-31,2022-03-21,sh.603939,益丰药房
2022-05-31,2022-03-21,sh.603986,兆易创新
2022-05-31,2022-03-21,sh.603993,洛阳钼业
2022-05-31,2022-03-21,sh.605499,东鹏饮料
2022-05-31,2022-03-21,sh.688008,澜起科技
2022-05-31,2022-03-21,sh.688009,中国通号
2022-05-31,2022-03-21,sh.688012,中微公司
2022-05-31,2022-03-21,sh.688036,传音控股
2022-05-31,2022-03-21,sh.688111,金山办公
2022-05-31,2022-03-21,sh.688126,沪硅产业
2022-05-31,2022-03-21,sh.688169,石头科技
2022-05-31,2022-03-21,sh.688363,华熙生物
2022-05-31,2022-03-21,sh.688396,华润微
2022-05-31,2022-03-21,sh.688561,奇安信
2022-05-31,2022-03-21,sh.688599,天合光能
2022-05-31,2022-03-21,sh.688981,中芯国际
2022-05-31,2022-03-21,sz.000001,平安银行
2022-05-31,2022-03-21,sz.000002,万科A
2022-05-31,2022-03-21,sz.000063,中兴通讯
2022-05-31,2022-03-21,sz.000066,中国长城
2022-05-31,2022-03-21,sz.000069,华侨城A
2022-05-31,2022-03-21,sz.000100,TCL科技
2022-05-31,2022-03-21,sz.000157,中联重科
2022-05-31,2022-03-21,sz.000166,申万宏源
2022-05-31,2022-03-21,sz.000301,东方盛虹
2022-05-31,2022-03-21,sz.000333,美的集团
2022-05-31,2022-03-21,sz.000338,潍柴动力
2022-05-31,2022-03-21,sz.000425,徐工机械
2022-05-31,2022-03-21,sz.000538,云南白药
2022-05-31,2022-03-21,sz.000568,泸州老窖
2022-05-31,2022-03-21,sz.000596,古井贡酒
2022-05-31,2022-03-21,sz.000625,长安汽车
2022-05-31,2022-03-21,sz.000651,格力电器
2022-05-31,2022-03-21,sz.000661,长春高新
2022-05-31,2022-03-21,sz.000703,恒逸石化
2022-05-31,2022-03-21,sz.000708,中信特钢
2022-05-31,2022-03-21,sz.000725,京东方A
2022-05-31,2022-03-21,sz.000768,中航西飞
2022-05-31,2022-03-21,sz.000776,广发证券
2022-05-31,2022-03-21,sz.000783,长江证券
2022-05-31,2022-03-21,sz.000786,北新建材
2022-05-31,2022-03-21,sz.000800,一汽解放
2022-05-31,2022-03-21,sz.000858,五粮液
2022-05-31,2022-03-21,sz.000876,新希望
2022-05-31,2022-03-21,sz.000895,双汇发展
2022-05-31,2022-03-21,sz.000938,紫光股份
2022-05-31,2022-03-21,sz.000963,华东医药
2022-05-31,2022-03-21,sz.000977,浪潮信息
2022-05-31,2022-03-21,sz.001979,招商蛇口
2022-05-31,2022-03-21,sz.002001,新和成
2022-05-31,2022-03-21,sz.002007,华兰生物
2022-05-31,2022-03-21,sz.002008,大族激光
2022-05-31,2022-03-21,sz.002024,苏宁易购
2022-05-31,2022-03-21,sz.002027,分众传媒
2022-05-31,2022-03-21,sz.002032,苏泊尔
2022-05-31,2022-03-21,sz.002044,美年健康
2022-05-31,2022-03-21,sz.002049,紫光国微
2022-05-31,2022-03-21,sz.002050,三花智控
2022-05-31,2022-03-21,sz.002064,华峰化学
2022-05-31,2022-03-21,sz.002120,韵达股份
2022-05-31,2022-03-21,sz.002129,中环股份
2022-05-31,2022-03-21,sz.002142,宁波银行
2022-05-31,2022-03-21,sz.002157,正邦科技
2022-05-31,2022-03-21,sz.002179,中航光电
2022-05-31,2022-03-21,sz.002202,金风科技
2022-05-31,2022-03-21,sz.002230,科大讯飞
2022-05-31,2022-03-21,sz.002236,大华股份
2022-05-31,2022-03-21,sz.002241,歌尔股份
2022-05-31,2022-03-21,sz.002252,上海莱士
2022-05-31,2022-03-21,sz.002271,东方雨虹
2022-05-31,2022-03-21,sz.002304,洋河股份
2022-05-31,2022-03-21,sz.002311,海大集团
2022-05-31,2022-03-21,sz.002352,顺丰控股
2022-05-31,2022-03-21,sz.002371,北方华创
2022-05-31,2022-03-21,sz.002410,广联达
2022-05-31,2022-03-21,sz.002414,高德红外
2022-05-31,2022-03-21,sz.002415,海康威视
2022-05-31,2022-03-21,sz.002459,晶澳科技
2022-05-31,2022-03-21,sz.002460,赣锋锂业
2022-05-31,2022-03-21,sz.002466,天齐锂业
2022-05-31,2022-03-21,sz.002475,立讯精密
2022-05-31,2022-03-21,sz.002493,荣盛石化
2022-05-31,2022-03-21,sz.002555,三七互娱
2022-05-31,2022-03-21,sz.002568,百润股份
2022-05-31,2022-03-21,sz.002594,比亚迪
2022-05-31,2022-03-21,sz.002600,领益智造
2022-05-31,2022-03-21,sz.002601,龙佰集团
2022-05-31,2022-03-21,sz.002602,世纪华通
2022-05-31,2022-03-21,sz.002607,中公教育
2022-05-31,2022-03-21,sz.002624,完美世界
2022-05-31,2022-03-21,sz.002709,天赐材料
2022-05-31,2022-03-21,sz.002714,牧原股份
2022-05-31,2022-03-21,sz.002736,国信证券
2022-05-31,2022-03-21,sz.002791,坚朗五金
2022-05-31,2022-03-21,sz.002812,恩捷股份
2022-05-31,2022-03-21,sz.002821,凯莱英
2022-05-31,2022-03-21,sz.002841,视源股份
2022-05-31,2022-03-21,sz.002916,深南电路
2022-05-31,2022-03-21,sz.002938,鹏鼎控股
2022-05-31,2022-03-21,sz.003816,中国广核
2022-05-31,2022-03-21,sz.300003,乐普医疗
2022-05-31,2022-03-21,sz.300014,亿纬锂能
2022-05-31,2022-03-21,sz.300015,爱尔眼科
2022-05-31,2022-03-21,sz.300033,同花顺
2022-05-31,2022-03-21,sz.300059,东方财富
2022-05-31,2022-03-21,sz.300122,智飞生物
2022-05-31,2022-03-21,sz.300124,汇川技术
2022-05-31,2022-03-21,sz.300142,沃森生物
2022-05-31,2022-03-21,sz.300144,宋城演艺
2022-05-31,2022-03-21,sz.300274,阳光电源
2022-05-31,2022-03-21,sz.300316,晶盛机电
2022-05-31,2022-03-21,sz.300347,泰格医药
2022-05-31,2022-03-21,sz.300408,三环集团
2022-05-31,2022-03-21,sz.300413,芒果超媒
2022-05-31,2022-03-21,sz.300433,蓝思科技
2022-05-31,2022-03-21,sz.300450,先导智能
2022-05-31,2022-03-21,sz.300498,温氏股份
2022-05-31,2022-03-21,sz.300529,健帆生物
2022-05-31,2022-03-21,sz.300558,贝达药业
2022-05-31,2022-03-21,sz.300595,欧普康视
2022-05-31,2022-03-21,sz.300601,康泰生物
2022-05-31,2022-03-21,sz.300628,亿联网络
2022-05-31,2022-03-21,sz.300676,华大基因
2022-05-31,2022-03-21,sz.300677,英科医疗
2022-05-31,2022-03-21,sz.300750,宁德时代
2022-05-31,2022-03-21,sz.300759,康龙化成
2022-05-31,2022-03-21,sz.300760,迈瑞医疗
2022-05-31,2022-03-21,sz.300782,卓胜微
2022-05-31,2022-03-21,sz.300866,安克创新
2022-05-31,2022-03-21,sz.300888,稳健医疗
2022-05-31,2022-03-21,sz.300896,爱美客
2022-05-31,2022-03-21,sz.300999,金龙鱼
2022-06-30,2022-06-13,sh.600000,浦发银行
2022-06-30,2022-06-13,sh.600009,上海机场
2022-06-30,2022-06-13,sh.600010,包钢股份
2022-06-30,2022-06-13,sh.600011,华能国际
2022-06-30,2022-06-13,sh.600015,华夏银行
2022-06-30,2022-06-13,sh.600016,民生银行
2022-06-30,2022-06-13,sh.600018,上港集团
2022-06-30,2022-06-13,sh.600019,宝钢股份
2022-06-30,2022-06-13,sh.600025,华能水电
2022-06-30,2022-06-13,sh.600028,中国石化
2022-06-30,2022-06-13,sh.600029,南方航空
2022-06-30,2022-06-13,sh.600030,中信证券
2022-06-30,2022-06-13,sh.600031,三一重工
2022-06-30,2022-06-13,sh.600036,招商银行
2022-06-30,2022-06-13,sh.600048,保利发展
2022-06-30,2022-06-13,sh.600050,中国联通
2022-06-30,2022-06-13,sh.600061,国投资本
2022-06-30,2022-06-13,sh.600085,同仁堂
2022-06-30,2022-06-13,sh.600089,特变电工
2022-06-30,2022-06-13,sh.600104,上汽集团
2022-06-30,2022-06-13,sh.600111,北方稀土
2022-06-30,2022-06-13,sh.600115,中国东航
2022-06-30,2022-06-13,sh.600132,重庆啤酒
2022-06-30,2022-06-13,sh.600150,中国船舶
2022-06-30,2022-06-13,sh.600161,天坛生物
2022-06-30,2022-06-13,sh.600176,中国巨石
2022-06-30,2022-06-13,sh.600183,生益科技
2022-06-30,2022-06-13,sh.600188,兖矿能源
2022-06-30,2022-06-13,sh.600196,复星医药
2022-06-30,2022-06-13,sh.600219,南山铝业
2022-06-30,2022-06-13,sh.600276,恒瑞医药
2022-06-30,2022-06-13,sh.600309,万华化学
2022-06-30,2022-06-13,sh.600332,白云山
2022-06-30,2022-06-13,sh.600346,恒力石化
2022-06-30,2022-06-13,sh.600352,浙江龙盛
2022-06-30,2022-06-13,sh.600362,江西铜业
2022-06-30,2022-06-13,sh.600383,金地集团
2022-06-30,2022-06-13,sh.600406,国电南瑞
2022-06-30,2022-06-13,sh.600426,华鲁恒升
2022-06-30,2022-06-13,sh.600436,片仔癀
2022-06-30,2022-06-13,sh.600438,通威股份
2022-06-30,2022-06-13,sh.600460,士兰微
2022-06-30,2022-06-13,sh.600489,中金黄金
2022-06-30,2022-06-13,sh.600519,贵州茅台
2022-06-30,2022-06-13,sh.600547,山东黄金
2022-06-30,2022-06-13,sh.600570,恒生电子
2022-06-30,2022-06-13,sh.600584,长电科技
2022-06-30,2022-06-13,sh.600585,海螺水泥
2022-06-30,2022-06-13,sh.600588,用友网络
2022-06-30,2022-06-13,sh.600600,青岛啤酒
2022-06-30,2022-06-13,sh.600606,绿地控股
2022-06-30,2022-06-13,sh.600655,豫园股份
2022-06-30,2022-06-13,sh.600660,福耀玻璃
2022-06-30,2022-06-13,sh.600690,海尔智家
2022-06-30,2022-06-13,sh.600741,华域汽车
2022-06-30,2022-06-13,sh.600745,闻泰科技
2022-06-30,2022-06-13,sh.600760,中航沈飞
2022-06-30,2022-06-13,sh.600763,通策医疗
2022-06-30,2022-06-13,sh.600795,国电电力
2022-06-30,2022-06-13,sh.600809,山西汾酒
2022-06-30,2022-06-13,sh.600837,海通证券
2022-06-30,2022-06-13,sh.600845,宝信软件
2022-06-30,2022-06-13,sh.600886,国投电力
2022-06-30,2022-06-13,sh.600887,伊利股份
2022-06-30,2022-06-13,sh.600893,航发动力
2022-06-30,2022-06-13,sh.600900,长江电力
2022-06-30,2022-06-13,sh.600905,三峡能源
2022-06-30,2022-06-13,sh.600918,中泰证券
2022-06-30,2022-06-13,sh.600919,江苏银行
2022-06-30,2022-06-13,sh.600926,杭州银行
2022-06-30,2022-06-13,sh.600941,中国移动
2022-06-30,2022-06-13,sh.600958,东方证券
2022-06-30,2022-06-13,sh.600989,宝丰能源
2022-06-30,2022-06-13,sh.600999,招商证券
2022-06-30,2022-06-13,sh.601006,大秦铁路
2022-06-30,2022-06-13,sh.601009,南京银行
2022-06-30,2022-06-13,sh.601012,隆基绿能
2022-06-30,2022-06-13,sh.601021,春秋航空
2022-06-30,2022-06-13,sh.601066,中信建投
2022-06-30,2022-06-13,sh.601088,中国神华
2022-06-30,2022-06-13,sh.601100,恒立液压
2022-06-30,2022-06-13,sh.601111,中国国航
2022-06-30,2022-06-13,sh.601117,中国化学
2022-06-30,2022-06-13,sh.601138,工业富联
2022-06-30,2022-06-13,sh.601155,新城控股
2022-06-30,2022-06-13,sh.601166,兴业银行
2022-06-30,2022-06-13,sh.601169,北京银行
2022-06-30,2022-06-13,sh.601186,中国铁建
2022-06-30,2022-06-13,sh.601211,国泰君安
2022-06-30,2022-06-13,sh.601216,君正集团
2022-06-30,2022-06-13,sh.601225,陕西煤业
2022-06-30,2022-06-13,sh.601229,上海银行
2022-06-30,2022-06-13,sh.601236,红塔证券
2022-06-30,2022-06-13,sh.601238,广汽集团
2022-06-30,2022-06-13,sh.601288,农业银行
2022-06-30,2022-06-13,sh.601318,中国平安
2022-06-30,2022-06-13,sh.601319,中国人保
2022-06-30,2022-06-13,sh.601328,交通银行
2022-06-30,2022-06-13,sh.601336,新华保险
2022-06-30,2022-06-13,sh.601360,三六零
2022-06-30,2022-06-13,sh.601377,兴业证券
2022-06-30,2022-06-13,sh.601390,中国中铁
2022-06-30,2022-06-13,sh.601398,工商银行
2022-06-30,2022-06-13,sh.601600,中国铝业
2022-06-30,2022-06-13,sh.601601,中国太保
2022-06-30,2022-06-13,sh.601618,中国中冶
2022-06-30,2022-06-13,sh.601628,中国人寿
2022-06-30,2022-06-13,sh.601633,长城汽车
2022-06-30,2022-06-13,sh.601658,邮储银行
2022-06-30,2022-06-13,sh.601668,中国建筑
2022-06-30,2022-06-13,sh.601669,中国电建
2022-06-30,2022-06-13,sh.601688,华泰证券
2022-06-30,2022-06-13,sh.601698,中国卫通
2022-06-30,2022-06-13,sh.601728,中国电信
2022-06-30,2022-06-13,sh.601766,中国中车
2022-06-30,2022-06-13,sh.601788,光大证券
2022-06-30,2022-06-13,sh.601799,星宇股份
2022-06-30,2022-06-13,sh.601800,中国交建
2022-06-30,2022-06-13,sh.601808,中海油服
2022-06-30,2022-06-13,sh.601816,京沪高铁
2022-06-30,2022-06-13,sh.601818,光大银行
2022-06-30,2022-06-13,sh.601825,沪农商行
2022-06-30,2022-06-13,sh.601838,成都银行
2022-06-30,2022-06-13,sh.601857,中国石油
2022-06-30,2022-06-13,sh.601865,福莱特
2022-06-30,2022-06-13,sh.601868,中国能建
2022-06-30,2022-06-13,sh.601877,正泰电器
2022-06-30,2022-06-13,sh.601878,浙商证券
2022-06-30,2022-06-13,sh.601881,中国银河
2022-06-30,2022-06-13,sh.601888,中国中免
2022-06-30,2022-06-13,sh.601898,中煤能源
2022-06-30,2022-06-13,sh.601899,紫金矿业
2022-06-30,2022-06-13,sh.601901,方正证券
2022-06-30,2022-06-13,sh.601916,浙商银行
2022-06-30,2022-06-13,sh.601919,中远海控
2022-06-30,2022-06-13,sh.601939,建设银行
2022-06-30,2022-06-13,sh.601966,玲珑轮胎
2022-06-30,2022-06-13,sh.601985,中国核电
2022-06-30,2022-06-13,sh.601988,中国银行
2022-06-30,2022-06-13,sh.601989,中国重工
2022-06-30,2022-06-13,sh.601995,中金公司
2022-06-30,2022-06-13,sh.601998,中信银行
2022-06-30,2022-06-13,sh.603019,中科曙光
2022-06-30,2022-06-13,sh.603087,甘李药业
2022-06-30,2022-06-13,sh.603160,汇顶科技
2022-06-30,2022-06-13,sh.603185,上机数控
2022-06-30,2022-06-13,sh.603195,公牛集团
2022-06-30,2022-06-13,sh.603259,药明康德
2022-06-30,2022-06-13,sh.603260,合盛硅业
2022-06-30,2022-06-13,sh.603288,海天味业
2022-06-30,2022-06-13,sh.603290,斯达半导
2022-06-30,2022-06-13,sh.603369,今世缘
2022-06-30,2022-06-13,sh.603392,万泰生物
2022-06-30,2022-06-13,sh.603486,科沃斯
2022-06-30,2022-06-13,sh.603501,韦尔股份
2022-06-30,2022-06-13,sh.603659,璞泰来
2022-06-30,2022-06-13,sh.603799,华友钴业
2022-06-30,2022-06-13,sh.603806,福斯特
2022-06-30,2022-06-13,sh.603833,欧派家居
2022-06-30,2022-06-13,sh.603882,金域医学
2022-06-30,2022-06-13,sh.603899,晨光股份
2022-06-30,2022-06-13,sh.603986,兆易创新
2022-06-30,2022-06-13,sh.603993,洛阳钼业
2022-06-30,2022-06-13,sh.605499,东鹏饮料
2022-06-30,2022-06-13,sh.688005,容百科技
2022-06-30,2022-06-13,sh.688008,澜起科技
2022-06-30,2022-06-13,sh.688012,中微公司
2022-06-30,2022-06-13,sh.688036,传音控股
2022-06-30,2022-06-13,sh.688065,凯赛生物
2022-06-30,2022-06-13,sh.688111,金山办公
2022-06-30,2022-06-13,sh.688126,沪硅产业
2022-06-30,2022-06-13,sh.688169,石头科技
2022-06-30,2022-06-13,sh.688363,华熙生物
2022-06-30,2022-06-13,sh.688396,华润微
2022-06-30,2022-06-13,sh.688561,奇安信
2022-06-30,2022-06-13,sh.688599,天合光能
2022-06-30,2022-06-13,sh.688981,中芯国际
2022-06-30,2022-06-13,sz.000001,平安银行
2022-06-30,2022-06-13,sz.000002,万科A
2022-06-30,2022-06-13,sz.000063,中兴通讯
2022-06-30,2022-06-13,sz.000066,中国长城
2022-06-30,2022-06-13,sz.000069,华侨城A
2022-06-30,2022-06-13,sz.000100,TCL科技
2022-06-30,2022-06-13,sz.000157,中联重科
2022-06-30,2022-06-13,sz.000166,申万宏源
2022-06-30,2022-06-13,sz.000301,东方盛虹
2022-06-30,2022-06-13,sz.000333,美的集团
2022-06-30,2022-06-13,sz.000338,潍柴动力
2022-06-30,2022-06-13,sz.000408,藏格矿业
2022-06-30,2022-06-13,sz.000425,徐工机械
2022-06-30,2022-06-13,sz.000538,云南白药
2022-06-30,2022-06-13,sz.000568,泸州老窖
2022-06-30,2022-06-13,sz.000596,古井贡酒
2022-06-30,2022-06-13,sz.000625,长安汽车
2022-06-30,2022-06-13,sz.000651,格力电器
2022-06-30,2022-06-13,sz.000661,长春高新
2022-06-30,2022-06-13,sz.000703,恒逸石化
2022-06-30,2022-06-13,sz.000708,中信特钢
2022-06-30,2022-06-13,sz.000725,京东方A
2022-06-30,2022-06-13,sz.000768,中航西飞
2022-06-30,2022-06-13,sz.000776,广发证券
2022-06-30,2022-06-13,sz.000786,北新建材
2022-06-30,2022-06-13,sz.000792,盐湖股份
2022-06-30,2022-06-13,sz.000800,一汽解放
2022-06-30,2022-06-13,sz.000858,五粮液
2022-06-30,2022-06-13,sz.000876,新希望
2022-06-30,2022-06-13,sz.000877,天山股份
2022-06-30,2022-06-13,sz.000895,双汇发展
2022-06-30,2022-06-13,sz.000938,紫光股份
2022-06-30,2022-06-13,sz.000963,华东医药
2022-06-30,2022-06-13,sz.000977,浪潮信息
2022-06-30,2022-06-13,sz.001289,龙源电力
2022-06-30,2022-06-13,sz.001979,招商蛇口
2022-06-30,2022-06-13,sz.002001,新和成
2022-06-30,2022-06-13,sz.002007,华兰生物
2022-06-30,2022-06-13,sz.002008,大族激光
2022-06-30,2022-06-13,sz.002027,分众传媒
2022-06-30,2022-06-13,sz.002032,苏泊尔
2022-06-30,2022-06-13,sz.002049,紫光国微
2022-06-30,2022-06-13,sz.002050,三花智控
2022-06-30,2022-06-13,sz.002064,华峰化学
2022-06-30,2022-06-13,sz.002074,国轩高科
2022-06-30,2022-06-13,sz.002120,韵达股份
2022-06-30,2022-06-13,sz.002129,中环股份
2022-06-30,2022-06-13,sz.002142,宁波银行
2022-06-30,2022-06-13,sz.002179,中航光电
2022-06-30,2022-06-13,sz.002202,金风科技
2022-06-30,2022-06-13,sz.002230,科大讯飞
2022-06-30,2022-06-13,sz.002236,大华股份
2022-06-30,2022-06-13,sz.002241,歌尔股份
2022-06-30,2022-06-13,sz.002252,上海莱士
2022-06-30,2022-06-13,sz.002271,东方雨虹
2022-06-30,2022-06-13,sz.002304,洋河股份
2022-06-30,2022-06-13,sz.002311,海大集团
2022-06-30,2022-06-13,sz.002352,顺丰控股
2022-06-30,2022-06-13,sz.002371,北方华创
2022-06-30,2022-06-13,sz.002410,广联达
2022-06-30,2022-06-13,sz.002414,高德红外
2022-06-30,2022-06-13,sz.002415,海康威视
2022-06-30,2022-06-13,sz.002459,晶澳科技
2022-06-30,2022-06-13,sz.002460,赣锋锂业
2022-06-30,2022-06-13,sz.002466,天齐锂业
2022-06-30,2022-06-13,sz.002475,立讯精密
2022-06-30,2022-06-13,sz.002493,荣盛石化
2022-06-30,2022-06-13,sz.002555,三七互娱
2022-06-30,2022-06-13,sz.002568,百润股份
2022-06-30,2022-06-13,sz.002594,比亚迪
2022-06-30,2022-06-13,sz.002600,领益智造
2022-06-30,2022-06-13,sz.002601,龙佰集团
2022-06-30,2022-06-13,sz.002602,世纪华通
2022-06-30,2022-06-13,sz.002607,中公教育
2022-06-30,2022-06-13,sz.002648,卫星化学
2022-06-30,2022-06-13,sz.002709,天赐材料
2022-06-30,2022-06-13,sz.002714,牧原股份
2022-06-30,2022-06-13,sz.002736,国信证券
2022-06-30,2022-06-13,sz.002791,坚朗五金
2022-06-30,2022-06-13,sz.002812,恩捷股份
2022-06-30,2022-06-13,sz.002821,凯莱英
2022-06-30,2022-06-13,sz.002841,视源股份
2022-06-30,2022-06-13,sz.002916,深南电路
2022-06-30,2022-06-13,sz.002920,德赛西威
2022-06-30,2022-06-13,sz.002938,鹏鼎控股
2022-06-30,2022-06-13,sz.003816,中国广核
2022-06-30,2022-06-13,sz.300003,乐普医疗
2022-06-30,2022-06-13,sz.300014,亿纬锂能
2022-06-30,2022-06-13,sz.300015,爱尔眼科
2022-06-30,2022-06-13,sz.300033,同花顺
2022-06-30,2022-06-13,sz.300059,东方财富
2022-06-30,2022-06-13,sz.300122,智飞生物
2022-06-30,2022-06-13,sz.300124,汇川技术
2022-06-30,2022-06-13,sz.300142,沃森生物
2022-06-30,2022-06-13,sz.300207,欣旺达
2022-06-30,2022-06-13,sz.300223,北京君正
2022-06-30,2022-06-13,sz.300274,阳光电源
2022-06-30,2022-06-13,sz.300316,晶盛机电
2022-06-30,2022-06-13,sz.300347,泰格医药
2022-06-30,2022-06-13,sz.300408,三环集团
2022-06-30,2022-06-13,sz.300413,芒果超媒
2022-06-30,2022-06-13,sz.300433,蓝思科技
2022-06-30,2022-06-13,sz.300450,先导智能
2022-06-30,2022-06-13,sz.300454,深信服
2022-06-30,2022-06-13,sz.300496,中科创达
2022-06-30,2022-06-13,sz.300498,温氏股份
2022-06-30,2022-06-13,sz.300529,健帆生物
2022-06-30,2022-06-13,sz.300595,欧普康视
2022-06-30,2022-06-13,sz.300601,康泰生物
2022-06-30,2022-06-13,sz.300628,亿联网络
2022-06-30,2022-06-13,sz.300661,圣邦股份
2022-06-30,2022-06-13,sz.300750,宁德时代
2022-06-30,2022-06-13,sz.300751,迈为股份
2022-06-30,2022-06-13,sz.300759,康龙化成
2022-06-30,2022-06-13,sz.300760,迈瑞医疗
2022-06-30,2022-06-13,sz.300763,锦浪科技
2022-06-30,2022-06-13,sz.300782,卓胜微
2022-06-30,2022-06-13,sz.300866,安克创新
2022-06-30,2022-06-13,sz.300896,爱美客
2022-06-30,2022-06-13,sz.300919,中伟股份
2022-06-30,2022-06-13,sz.300957,贝泰妮
2022-06-30,2022-06-13,sz.300979,华利集团
2022-06-30,2022-06-13,sz.300999,金龙鱼
2022-07-31,2022-06-13,sh.600000,浦发银行
2022-07-31,2022-06-13,sh.600009,上海机场
2022-07-31,2022-06-13,sh.600010,包钢股份
2022-07-31,2022-06-13,sh.600011,华能国际
2022-07-31,2022-06-13,sh.600015,华夏银行
2022-07-31,2022-06-13,sh.600016,民生银行
2022-07-31,2022-06-13,sh.600018,上港集团
2022-07-31,2022-06-13,sh.600019,宝钢股份
2022-07-31,2022-06-13,sh.600025,华能水电
2022-07-31,2022-06-13,sh.600028,中国石化
2022-07-31,2022-06-13,sh.600029,南方航空
2022-07-31,2022-06-13,sh.600030,中信证券
2022-07-31,2022-06-13,sh.600031,三一重工
2022-07-31,2022-06-13,sh.600036,招商银行
2022-07-31,2022-06-13,sh.600048,保利发展
2022-07-31,2022-06-13,sh.600050,中国联通
2022-07-31,2022-06-13,sh.600061,国投资本
2022-07-31,2022-06-13,sh.600085,同仁堂
2022-07-31,2022-06-13,sh.600089,特变电工
2022-07-31,2022-06-13,sh.600104,上汽集团
2022-07-31,2022-06-13,sh.600111,北方稀土
2022-07-31,2022-06-13,sh.600115,中国东航
2022-07-31,2022-06-13,sh.600132,重庆啤酒
2022-07-31,2022-06-13,sh.600150,中国船舶
2022-07-31,2022-06-13,sh.600161,天坛生物
2022-07-31,2022-06-13,sh.600176,中国巨石
2022-07-31,2022-06-13,sh.600183,生益科技
2022-07-31,2022-06-13,sh.600188,兖矿能源
2022-07-31,2022-06-13,sh.600196,复星医药
2022-07-31,2022-06-13,sh.600219,南山铝业
2022-07-31,2022-06-13,sh.600276,恒瑞医药
2022-07-31,2022-06-13,sh.600309,万华化学
2022-07-31,2022-06-13,sh.600332,白云山
2022-07-31,2022-06-13,sh.600346,恒力石化
2022-07-31,2022-06-13,sh.600352,浙江龙盛
2022-07-31,2022-06-13,sh.600362,江西铜业
2022-07-31,2022-06-13,sh.600383,金地集团
2022-07-31,2022-06-13,sh.600406,国电南瑞
2022-07-31,2022-06-13,sh.600426,华鲁恒升
2022-07-31,2022-06-13,sh.600436,片仔癀
2022-07-31,2022-06-13,sh.600438,通威股份
2022-07-31,2022-06-13,sh.600460,士兰微
2022-07-31,2022-06-13,sh.600489,中金黄金
2022-07-31,2022-06-13,sh.600519,贵州茅台
2022-07-31,2022-06-13,sh.600547,山东黄金
2022-07-31,2022-06-13,sh.600570,恒生电子
2022-07-31,2022-06-13,sh.600584,长电科技
2022-07-31,2022-06-13,sh.600585,海螺水泥
2022-07-31,2022-06-13,sh.600588,用友网络
2022-07-31,2022-06-13,sh.600600,青岛啤酒
2022-07-31,2022-06-13,sh.600606,绿地控股
2022-07-31,2022-06-13,sh.600655,豫园股份
2022-07-31,2022-06-13,sh.600660,福耀玻璃
2022-07-31,2022-06-13,sh.600690,海尔智家
2022-07-31,2022-06-13,sh.600741,华域汽车
2022-07-31,2022-06-13,sh.600745,闻泰科技
2022-07-31,2022-06-13,sh.600760,中航沈飞
2022-07-31,2022-06-13,sh.600763,通策医疗
2022-07-31,2022-06-13,sh.600795,国电电力
2022-07-31,2022-06-13,sh.600809,山西汾酒
2022-07-31,2022-06-13,sh.600837,海通证券
2022-07-31,2022-06-13,sh.600845,宝信软件
2022-07-31,2022-06-13,sh.600886,国投电力
2022-07-31,2022-06-13,sh.600887,伊利股份
2022-07-31,2022-06-13,sh.600893,航发动力
2022-07-31,2022-06-13,sh.600900,长江电力
2022-07-31,2022-06-13,sh.600905,三峡能源
2022-07-31,2022-06-13,sh.600918,中泰证券
2022-07-31,2022-06-13,sh.600919,江苏银行
2022-07-31,2022-06-13,sh.600926,杭州银行
2022-07-31,2022-06-13,sh.600941,中国移动
2022-07-31,2022-06-13,sh.600958,东方证券
2022-07-31,2022-06-13,sh.600989,宝丰能源
2022-07-31,2022-06-13,sh.600999,招商证券
2022-07-31,2022-06-13,sh.601006,大秦铁路
2022-07-31,2022-06-13,sh.601009,南京银行
2022-07-31,2022-06-13,sh.601012,隆基绿能
2022-07-31,2022-06-13,sh.601021,春秋航空
2022-07-31,2022-06-13,sh.601066,中信建投
2022-07-31,2022-06-13,sh.601088,中国神华
2022-07-31,2022-06-13,sh.601100,恒立液压
2022-07-31,2022-06-13,sh.601111,中国国航
2022-07-31,2022-06-13,sh.601117,中国化学
2022-07-31,2022-06-13,sh.601138,工业富联
2022-07-31,2022-06-13,sh.601155,新城控股
2022-07-31,2022-06-13,sh.601166,兴业银行
2022-07-31,2022-06-13,sh.601169,北京银行
2022-07-31,2022-06-13,sh.601186,中国铁建
2022-07-31,2022-06-13,sh.601211,国泰君安
2022-07-31,2022-06-13,sh.601216,君正集团
2022-07-31,2022-06-13,sh.601225,陕西煤业
2022-07-31,2022-06-13,sh.601229,上海银行
2022-07-31,2022-06-13,sh.601236,红塔证券
2022-07-31,2022-06-13,sh.601238,广汽集团
2022-07-31,2022-06-13,sh.601288,农业银行
2022-07-31,2022-06-13,sh.601318,中国平安
2022-07-31,2022-06-13,sh.601319,中国人保
2022-07-31,2022-06-13,sh.601328,交通银行
2022-07-31,2022-06-13,sh.601336,新华保险
2022-07-31,2022-06-13,sh.601360,三六零
2022-07-31,2022-06-13,sh.601377,兴业证券
2022-07-31,2022-06-13,sh.601390,中国中铁
2022-07-31,2022-06-13,sh.601398,工商银行
2022-07-31,2022-06-13,sh.601600,中国铝业
2022-07-31,2022-06-13,sh.601601,中国太保
2022-07-31,2022-06-13,sh.601618,中国中冶
2022-07-31,2022-06-13,sh.601628,中国人寿
2022-07-31,2022-06-13,sh.601633,长城汽车
2022-07-31,2022-06-13,sh.601658,邮储银行
2022-07-31,2022-06-13,sh.601668,中国建筑
2022-07-31,2022-06-13,sh.601669,中国电建
2022-07-31,2022-06-13,sh.601688,华泰证券
2022-07-31,2022-06-13,sh.601698,中国卫通
2022-07-31,2022-06-13,sh.601728,中国电信
2022-07-31,2022-06-13,sh.601766,中国中车
2022-07-31,2022-06-13,sh.601788,光大证券
2022-07-31,2022-06-13,sh.601799,星宇股份
2022-07-31,2022-06-13,sh.601800,中国交建
2022-07-31,2022-06-13,sh.601808,中海油服
2022-07-31,2022-06-13,sh.601816,京沪高铁
2022-07-31,2022-06-13,sh.601818,光大银行
2022-07-31,2022-06-13,sh.601825,沪农商行
2022-07-31,2022-06-13,sh.601838,成都银行
2022-07-31,2022-06-13,sh.601857,中国石油
2022-07-31,2022-06-13,sh.601865,福莱特
2022-07-31,2022-06-13,sh.601868,中国能建
2022-07-31,2022-06-13,sh.601877,正泰电器
2022-07-31,2022-06-13,sh.601878,浙商证券
2022-07-31,2022-06-13,sh.601881,中国银河
2022-07-31,2022-06-13,sh.601888,中国中免
2022-07-31,2022-06-13,sh.601898,中煤能源
2022-07-31,2022-06-13,sh.601899,紫金矿业
2022-07-31,2022-06-13,sh.601901,方正证券
2022-07-31,2022-06-13,sh.601916,浙商银行
2022-07-31,2022-06-13,sh.601919,中远海控
2022-07-31,2022-06-13,sh.601939,建设银行
2022-07-31,2022-06-13,sh.601966,玲珑轮胎
2022-07-31,2022-06-13,sh.601985,中国核电
2022-07-31,2022-06-13,sh.601988,中国银行
2022-07-31,2022-06-13,sh.601989,中国重工
2022-07-31,2022-06-13,sh.601995,中金公司
2022-07-31,2022-06-13,sh.601998,中信银行
2022-07-31,2022-06-13,sh.603019,中科曙光
2022-07-31,2022-06-13,sh.603087,甘李药业
2022-07-31,2022-06-13,sh.603160,汇顶科技
2022-07-31,2022-06-13,sh.603185,上机数控
2022-07-31,2022-06-13,sh.603195,公牛集团
2022-07-31,2022-06-13,sh.603259,药明康德
2022-07-31,2022-06-13,sh.603260,合盛硅业
2022-07-31,2022-06-13,sh.603288,海天味业
2022-07-31,2022-06-13,sh.603290,斯达半导
2022-07-31,2022-06-13,sh.603369,今世缘
2022-07-31,2022-06-13,sh.603392,万泰生物
2022-07-31,2022-06-13,sh.603486,科沃斯
2022-07-31,2022-06-13,sh.603501,韦尔股份
2022-07-31,2022-06-13,sh.603659,璞泰来
2022-07-31,2022-06-13,sh.603799,华友钴业
2022-07-31,2022-06-13,sh.603806,福斯特
2022-07-31,2022-06-13,sh.603833,欧派家居
2022-07-31,2022-06-13,sh.603882,金域医学
2022-07-31,2022-06-13,sh.603899,晨光股份
2022-07-31,2022-06-13,sh.603986,兆易创新
2022-07-31,2022-06-13,sh.603993,洛阳钼业
2022-07-31,2022-06-13,sh.605499,东鹏饮料
2022-07-31,2022-06-13,sh.688005,容百科技
2022-07-31,2022-06-13,sh.688008,澜起科技
2022-07-31,2022-06-13,sh.688012,中微公司
2022-07-31,2022-06-13,sh.688036,传音控股
2022-07-31,2022-06-13,sh.688065,凯赛生物
2022-07-31,2022-06-13,sh.688111,金山办公
2022-07-31,2022-06-13,sh.688126,沪硅产业
2022-07-31,2022-06-13,sh.688169,石头科技
2022-07-31,2022-06-13,sh.688363,华熙生物
2022-07-31,2022-06-13,sh.688396,华润微
2022-07-31,2022-06-13,sh.688561,奇安信
2022-07-31,2022-06-13,sh.688599,天合光能
2022-07-31,2022-06-13,sh.688981,中芯国际
2022-07-31,2022-06-13,sz.000001,平安银行
2022-07-31,2022-06-13,sz.000002,万科A
2022-07-31,2022-06-13,sz.000063,中兴通讯
2022-07-31,2022-06-13,sz.000066,中国长城
2022-07-31,2022-06-13,sz.000069,华侨城A
2022-07-31,2022-06-13,sz.000100,TCL科技
2022-07-31,2022-06-13,sz.000157,中联重科
2022-07-31,2022-06-13,sz.000166,申万宏源
2022-07-31,2022-06-13,sz.000301,东方盛虹
2022-07-31,2022-06-13,sz.000333,美的集团
2022-07-31,2022-06-13,sz.000338,潍柴动力
2022-07-31,2022-06-13,sz.000408,藏格矿业
2022-07-31,2022-06-13,sz.000425,徐工机械
2022-07-31,2022-06-13,sz.000538,云南白药
2022-07-31,2022-06-13,sz.000568,泸州老窖
2022-07-31,2022-06-13,sz.000596,古井贡酒
2022-07-31,2022-06-13,sz.000625,长安汽车
2022-07-31,2022-06-13,sz.000651,格力电器
2022-07-31,2022-06-13,sz.000661,长春高新
2022-07-31,2022-06-13,sz.000703,恒逸石化
2022-07-31,2022-06-13,sz.000708,中信特钢
2022-07-31,2022-06-13,sz.000725,京东方A
2022-07-31,2022-06-13,sz.000768,中航西飞
2022-07-31,2022-06-13,sz.000776,广发证券
2022-07-31,2022-06-13,sz.000786,北新建材
2022-07-31,2022-06-13,sz.000792,盐湖股份
2022-07-31,2022-06-13,sz.000800,一汽解放
2022-07-31,2022-06-13,sz.000858,五粮液
2022-07-31,2022-06-13,sz.000876,新希望
2022-07-31,2022-06-13,sz.000877,天山股份
2022-07-31,2022-06-13,sz.000895,双汇发展
2022-07-31,2022-06-13,sz.000938,紫光股份
2022-07-31,2022-06-13,sz.000963,华东医药
2022-07-31,2022-06-13,sz.000977,浪潮信息
2022-07-31,2022-06-13,sz.001289,龙源电力
2022-07-31,2022-06-13,sz.001979,招商蛇口
2022-07-31,2022-06-13,sz.002001,新和成
2022-07-31,2022-06-13,sz.002007,华兰生物
2022-07-31,2022-06-13,sz.002008,大族激光
2022-07-31,2022-06-13,sz.002027,分众传媒
2022-07-31,2022-06-13,sz.002032,苏泊尔
2022-07-31,2022-06-13,sz.002049,紫光国微
2022-07-31,2022-06-13,sz.002050,三花智控
2022-07-31,2022-06-13,sz.002064,华峰化学
2022-07-31,2022-06-13,sz.002074,国轩高科
2022-07-31,2022-06-13,sz.002120,韵达股份
2022-07-31,2022-06-13,sz.002129,中环股份
2022-07-31,2022-06-13,sz.002142,宁波银行
2022-07-31,2022-06-13,sz.002179,中航光电
2022-07-31,2022-06-13,sz.002202,金风科技
2022-07-31,2022-06-13,sz.002230,科大讯飞
2022-07-31,2022-06-13,sz.002236,大华股份
2022-07-31,2022-06-13,sz.002241,歌尔股份
2022-07-31,2022-06-13,sz.002252,上海莱士
2022-07-31,2022-06-13,sz.002271,东方雨虹
2022-07-31,2022-06-13,sz.002304,洋河股份
2022-07-31,2022-06-13,sz.002311,海大集团
2022-07-31,2022-06-13,sz.002352,顺丰控股
2022-07-31,2022-06-13,sz.002371,北方华创
2022-07-31,2022-06-13,sz.002410,广联达
2022-07-31,2022-06-13,sz.002414,高德红外
2022-07-31,2022-06-13,sz.002415,海康威视
2022-07-31,2022-06-13,sz.002459,晶澳科技
2022-07-31,2022-06-13,sz.002460,赣锋锂业
2022-07-31,2022-06-13,sz.002466,天齐锂业
2022-07-31,2022-06-13,sz.002475,立讯精密
2022-07-31,2022-06-13,sz.002493,荣盛石化
2022-07-31,2022-06-13,sz.002555,三七互娱
2022-07-31,2022-06-13,sz.002568,百润股份
2022-07-31,2022-06-13,sz.002594,比亚迪
2022-07-31,2022-06-13,sz.002600,领益智造
2022-07-31,2022-06-13,sz.002601,龙佰集团
2022-07-31,2022-06-13,sz.002602,世纪华通
2022-07-31,2022-06-13,sz.002607,中公教育
2022-07-31,2022-06-13,sz.002648,卫星化学
2022-07-31,2022-06-13,sz.002709,天赐材料
2022-07-31,2022-06-13,sz.002714,牧原股份
2022-07-31,2022-06-13,sz.002736,国信证券
2022-07-31,2022-06-13,sz.002791,坚朗五金
2022-07-31,2022-06-13,sz.002812,恩捷股份
2022-07-31,2022-06-13,sz.002821,凯莱英
2022-07-31,2022-06-13,sz.002841,视源股份
2022-07-31,2022-06-13,sz.002916,深南电路
2022-07-31,2022-06-13,sz.002920,德赛西威
2022-07-31,2022-06-13,sz.002938,鹏鼎控股
2022-07-31,2022-06-13,sz.003816,中国广核
2022-07-31,2022-06-13,sz.300003,乐普医疗
2022-07-31,2022-06-13,sz.300014,亿纬锂能
2022-07-31,2022-06-13,sz.300015,爱尔眼科
2022-07-31,2022-06-13,sz.300033,同花顺
2022-07-31,2022-06-13,sz.300059,东方财富
2022-07-31,2022-06-13,sz.300122,智飞生物
2022-07-31,2022-06-13,sz.300124,汇川技术
2022-07-31,2022-06-13,sz.300142,沃森生物
2022-07-31,2022-06-13,sz.300207,欣旺达
2022-07-31,2022-06-13,sz.300223,北京君正
2022-07-31,2022-06-13,sz.300274,阳光电源
2022-07-31,2022-06-13,sz.300316,晶盛机电
2022-07-31,2022-06-13,sz.300347,泰格医药
2022-07-31,2022-06-13,sz.300408,三环集团
2022-07-31,2022-06-13,sz.300413,芒果超媒
2022-07-31,2022-06-13,sz.300433,蓝思科技
2022-07-31,2022-06-13,sz.300450,先导智能
2022-07-31,2022-06-13,sz.300454,深信服
2022-07-31,2022-06-13,sz.300496,中科创达
2022-07-31,2022-06-13,sz.300498,温氏股份
2022-07-31,2022-06-13,sz.300529,健帆生物
2022-07-31,2022-06-13,sz.300595,欧普康视
2022-07-31,2022-06-13,sz.300601,康泰生物
2022-07-31,2022-06-13,sz.300628,亿联网络
2022-07-31,2022-06-13,sz.300661,圣邦股份
2022-07-31,2022-06-13,sz.300750,宁德时代
2022-07-31,2022-06-13,sz.300751,迈为股份
2022-07-31,2022-06-13,sz.300759,康龙化成
2022-07-31,2022-06-13,sz.300760,迈瑞医疗
2022-07-31,2022-06-13,sz.300763,锦浪科技
2022-07-31,2022-06-13,sz.300782,卓胜微
2022-07-31,2022-06-13,sz.300866,安克创新
2022-07-31,2022-06-13,sz.300896,爱美客
2022-07-31,2022-06-13,sz.300919,中伟股份
2022-07-31,2022-06-13,sz.300957,贝泰妮
2022-07-31,2022-06-13,sz.300979,华利集团
2022-07-31,2022-06-13,sz.300999,金龙鱼
2022-08-31,2022-08-01,sh.600000,浦发银行
2022-08-31,2022-08-01,sh.600009,上海机场
2022-08-31,2022-08-01,sh.600010,包钢股份
2022-08-31,2022-08-01,sh.600011,华能国际
2022-08-31,2022-08-01,sh.600015,华夏银行
2022-08-31,2022-08-01,sh.600016,民生银行
2022-08-31,2022-08-01,sh.600018,上港集团
2022-08-31,2022-08-01,sh.600019,宝钢股份
2022-08-31,2022-08-01,sh.600025,华能水电
2022-08-31,2022-08-01,sh.600028,中国石化
2022-08-31,2022-08-01,sh.600029,南方航空
2022-08-31,2022-08-01,sh.600030,中信证券
2022-08-31,2022-08-01,sh.600031,三一重工
2022-08-31,2022-08-01,sh.600036,招商银行
2022-08-31,2022-08-01,sh.600048,保利发展
2022-08-31,2022-08-01,sh.600050,中国联通
2022-08-31,2022-08-01,sh.600061,国投资本
2022-08-31,2022-08-01,sh.600085,同仁堂
2022-08-31,2022-08-01,sh.600089,特变电工
2022-08-31,2022-08-01,sh.600104,上汽集团
2022-08-31,2022-08-01,sh.600111,北方稀土
2022-08-31,2022-08-01,sh.600115,中国东航
2022-08-31,2022-08-01,sh.600132,重庆啤酒
2022-08-31,2022-08-01,sh.600150,中国船舶
2022-08-31,2022-08-01,sh.600161,天坛生物
2022-08-31,2022-08-01,sh.600176,中国巨石
2022-08-31,2022-08-01,sh.600183,生益科技
2022-08-31,2022-08-01,sh.600188,兖矿能源
2022-08-31,2022-08-01,sh.600196,复星医药
2022-08-31,2022-08-01,sh.600219,南山铝业
2022-08-31,2022-08-01,sh.600276,恒瑞医药
2022-08-31,2022-08-01,sh.600309,万华化学
2022-08-31,2022-08-01,sh.600332,白云山
2022-08-31,2022-08-01,sh.600346,恒力石化
2022-08-31,2022-08-01,sh.600352,浙江龙盛
2022-08-31,2022-08-01,sh.600362,江西铜业
2022-08-31,2022-08-01,sh.600383,金地集团
2022-08-31,2022-08-01,sh.600406,国电南瑞
2022-08-31,2022-08-01,sh.600426,华鲁恒升
2022-08-31,2022-08-01,sh.600436,片仔癀
2022-08-31,2022-08-01,sh.600438,通威股份
2022-08-31,2022-08-01,sh.600460,士兰微
2022-08-31,2022-08-01,sh.600489,中金黄金
2022-08-31,2022-08-01,sh.600519,贵州茅台
2022-08-31,2022-08-01,sh.600547,山东黄金
2022-08-31,2022-08-01,sh.600570,恒生电子
2022-08-31,2022-08-01,sh.600584,长电科技
2022-08-31,2022-08-01,sh.600585,海螺水泥
2022-08-31,2022-08-01,sh.600588,用友网络
2022-08-31,2022-08-01,sh.600600,青岛啤酒
2022-08-31,2022-08-01,sh.600606,绿地控股
2022-08-31,2022-08-01,sh.600655,豫园股份
2022-08-31,2022-08-01,sh.600660,福耀玻璃
2022-08-31,2022-08-01,sh.600690,海尔智家
2022-08-31,2022-08-01,sh.600741,华域汽车
2022-08-31,2022-08-01,sh.600745,闻泰科技
2022-08-31,2022-08-01,sh.600760,中航沈飞
2022-08-31,2022-08-01,sh.600763,通策医疗
2022-08-31,2022-08-01,sh.600795,国电电力
2022-08-31,2022-08-01,sh.600809,山西汾酒
2022-08-31,2022-08-01,sh.600837,海通证券
2022-08-31,2022-08-01,sh.600845,宝信软件
2022-08-31,2022-08-01,sh.600886,国投电力
2022-08-31,2022-08-01,sh.600887,伊利股份
2022-08-31,2022-08-01,sh.600893,航发动力
2022-08-31,2022-08-01,sh.600900,长江电力
2022-08-31,2022-08-01,sh.600905,三峡能源
2022-08-31,2022-08-01,sh.600918,中泰证券
2022-08-31,2022-08-01,sh.600919,江苏银行
2022-08-31,2022-08-01,sh.600926,杭州银行
2022-08-31,2022-08-01,sh.600941,中国移动
2022-08-31,2022-08-01,sh.600958,东方证券
2022-08-31,2022-08-01,sh.600989,宝丰能源
2022-08-31,2022-08-01,sh.600999,招商证券
2022-08-31,2022-08-01,sh.601006,大秦铁路
2022-08-31,2022-08-01,sh.601009,南京银行
2022-08-31,2022-08-01,sh.601012,隆基绿能
2022-08-31,2022-08-01,sh.601021,春秋航空
2022-08-31,2022-08-01,sh.601066,中信建投
2022-08-31,2022-08-01,sh.601088,中国神华
2022-08-31,2022-08-01,sh.601100,恒立液压
2022-08-31,2022-08-01,sh.601111,中国国航
2022-08-31,2022-08-01,sh.601117,中国化学
2022-08-31,2022-08-01,sh.601138,工业富联
2022-08-31,2022-08-01,sh.601155,新城控股
2022-08-31,2022-08-01,sh.601166,兴业银行
2022-08-31,2022-08-01,sh.601169,北京银行
2022-08-31,2022-08-01,sh.601186,中国铁建
2022-08-31,2022-08-01,sh.601211,国泰君安
2022-08-31,2022-08-01,sh.601216,君正集团
2022-08-31,2022-08-01,sh.601225,陕西煤业
2022-08-31,2022-08-01,sh.601229,上海银行
2022-08-31,2022-08-01,sh.601236,红塔证券
2022-08-31,2022-08-01,sh.601238,广汽集团
2022-08-31,2022-08-01,sh.601288,农业银行
2022-08-31,2022-08-01,sh.601318,中国平安
2022-08-31,2022-08-01,sh.601319,中国人保
2022-08-31,2022-08-01,sh.601328,交通银行
2022-08-31,2022-08-01,sh.601336,新华保险
2022-08-31,2022-08-01,sh.601360,三六零
2022-08-31,2022-08-01,sh.601377,兴业证券
2022-08-31,2022-08-01,sh.601390,中国中铁
2022-08-31,2022-08-01,sh.601398,工商银行
2022-08-31,2022-08-01,sh.601600,中国铝业
2022-08-31,2022-08-01,sh.601601,中国太保
2022-08-31,2022-08-01,sh.601618,中国中冶
2022-08-31,2022-08-01,sh.601628,中国人寿
2022-08-31,2022-08-01,sh.601633,长城汽车
2022-08-31,2022-08-01,sh.601658,邮储银行
2022-08-31,2022-08-01,sh.601668,中国建筑
2022-08-31,2022-08-01,sh.601669,中国电建
2022-08-31,2022-08-01,sh.601688,华泰证券
2022-08-31,2022-08-01,sh.601698,中国卫通
2022-08-31,2022-08-01,sh.601728,中国电信
2022-08-31,2022-08-01,sh.601766,中国中车
2022-08-31,2022-08-01,sh.601788,光大证券
2022-08-31,2022-08-01,sh.601799,星宇股份
2022-08-31,2022-08-01,sh.601800,中国交建
2022-08-31,2022-08-01,sh.601808,中海油服
2022-08-31,2022-08-01,sh.601816,京沪高铁
2022-08-31,2022-08-01,sh.601818,光大银行
2022-08-31,2022-08-01,sh.601825,沪农商行
2022-08-31,2022-08-01,sh.601838,成都银行
2022-08-31,2022-08-01,sh.601857,中国石油
2022-08-31,2022-08-01,sh.601865,福莱特
2022-08-31,2022-08-01,sh.601868,中国能建
2022-08-31,2022-08-01,sh.601877,正泰电器
2022-08-31,2022-08-01,sh.601878,浙商证券
2022-08-31,2022-08-01,sh.601881,中国银河
2022-08-31,2022-08-01,sh.601888,中国中免
2022-08-31,2022-08-01,sh.601898,中煤能源
2022-08-31,2022-08-01,sh.601899,紫金矿业
2022-08-31,2022-08-01,sh.601901,方正证券
2022-08-31,2022-08-01,sh.601916,浙商银行
2022-08-31,2022-08-01,sh.601919,中远海控
2022-08-31,2022-08-01,sh.601939,建设银行
2022-08-31,2022-08-01,sh.601966,玲珑轮胎
2022-08-31,2022-08-01,sh.601985,中国核电
2022-08-31,2022-08-01,sh.601988,中国银行
2022-08-31,2022-08-01,sh.601989,中国重工
2022-08-31,2022-08-01,sh.601995,中金公司
2022-08-31,2022-08-01,sh.601998,中信银行
2022-08-31,2022-08-01,sh.603019,中科曙光
2022-08-31,2022-08-01,sh.603087,甘李药业
2022-08-31,2022-08-01,sh.603160,汇顶科技
2022-08-31,2022-08-01,sh.603185,上机数控
2022-08-31,2022-08-01,sh.603195,公牛集团
2022-08-31,2022-08-01,sh.603259,药明康德
2022-08-31,2022-08-01,sh.603260,合盛硅业
2022-08-31,2022-08-01,sh.603288,海天味业
2022-08-31,2022-08-01,sh.603290,斯达半导
2022-08-31,2022-08-01,sh.603369,今世缘
2022-08-31,2022-08-01,sh.603392,万泰生物
2022-08-31,2022-08-01,sh.603486,科沃斯
2022-08-31,2022-08-01,sh.603501,韦尔股份
2022-08-31,2022-08-01,sh.603659,璞泰来
2022-08-31,2022-08-01,sh.603799,华友钴业
2022-08-31,2022-08-01,sh.603806,福斯特
2022-08-31,2022-08-01,sh.603833,欧派家居
2022-08-31,2022-08-01,sh.603882,金域医学
2022-08-31,2022-08-01,sh.603899,晨光股份
2022-08-31,2022-08-01,sh.603986,兆易创新
2022-08-31,2022-08-01,sh.603993,洛阳钼业
2022-08-31,2022-08-01,sh.605499,东鹏饮料
2022-08-31,2022-08-01,sh.688005,容百科技
2022-08-31,2022-08-01,sh.688008,澜起科技
2022-08-31,2022-08-01,sh.688012,中微公司
2022-08-31,2022-08-01,sh.688036,传音控股
2022-08-31,2022-08-01,sh.688065,凯赛生物
2022-08-31,2022-08-01,sh.688111,金山办公
2022-08-31,2022-08-01,sh.688126,沪硅产业
2022-08-31,2022-08-01,sh.688169,石头科技
2022-08-31,2022-08-01,sh.688363,华熙生物
2022-08-31,2022-08-01,sh.688396,华润微
2022-08-31,2022-08-01,sh.688561,奇安信
2022-08-31,2022-08-01,sh.688599,天合光能
2022-08-31,2022-08-01,sh.688981,中芯国际
2022-08-31,2022-08-01,sz.000001,平安银行
2022-08-31,2022-08-01,sz.000002,万科A
2022-08-31,2022-08-01,sz.000063,中兴通讯
2022-08-31,2022-08-01,sz.000066,中国长城
2022-08-31,2022-08-01,sz.000069,华侨城A
2022-08-31,2022-08-01,sz.000100,TCL科技
2022-08-31,2022-08-01,sz.000157,中联重科
2022-08-31,2022-08-01,sz.000166,申万宏源
2022-08-31,2022-08-01,sz.000301,东方盛虹
2022-08-31,2022-08-01,sz.000333,美的集团
2022-08-31,2022-08-01,sz.000338,潍柴动力
2022-08-31,2022-08-01,sz.000408,藏格矿业
2022-08-31,2022-08-01,sz.000425,徐工机械
2022-08-31,2022-08-01,sz.000538,云南白药
2022-08-31,2022-08-01,sz.000568,泸州老窖
2022-08-31,2022-08-01,sz.000596,古井贡酒
2022-08-31,2022-08-01,sz.000625,长安汽车
2022-08-31,2022-08-01,sz.000651,格力电器
2022-08-31,2022-08-01,sz.000661,长春高新
2022-08-31,2022-08-01,sz.000703,恒逸石化
2022-08-31,2022-08-01,sz.000708,中信特钢
2022-08-31,2022-08-01,sz.000725,京东方A
2022-08-31,2022-08-01,sz.000768,中航西飞
2022-08-31,2022-08-01,sz.000776,广发证券
2022-08-31,2022-08-01,sz.000786,北新建材
2022-08-31,2022-08-01,sz.000792,盐湖股份
2022-08-31,2022-08-01,sz.000800,一汽解放
2022-08-31,2022-08-01,sz.000858,五粮液
2022-08-31,2022-08-01,sz.000876,新希望
2022-08-31,2022-08-01,sz.000877,天山股份
2022-08-31,2022-08-01,sz.000895,双汇发展
2022-08-31,2022-08-01,sz.000938,紫光股份
2022-08-31,2022-08-01,sz.000963,华东医药
2022-08-31,2022-08-01,sz.000977,浪潮信息
2022-08-31,2022-08-01,sz.001289,龙源电力
2022-08-31,2022-08-01,sz.001979,招商蛇口
2022-08-31,2022-08-01,sz.002001,新和成
2022-08-31,2022-08-01,sz.002007,华兰生物
2022-08-31,2022-08-01,sz.002008,大族激光
2022-08-31,2022-08-01,sz.002027,分众传媒
2022-08-31,2022-08-01,sz.002032,苏泊尔
2022-08-31,2022-08-01,sz.002049,紫光国微
2022-08-31,2022-08-01,sz.002050,三花智控
2022-08-31,2022-08-01,sz.002064,华峰化学
2022-08-31,2022-08-01,sz.002074,国轩高科
2022-08-31,2022-08-01,sz.002120,韵达股份
2022-08-31,2022-08-01,sz.002129,TCL中环
2022-08-31,2022-08-01,sz.002142,宁波银行
2022-08-31,2022-08-01,sz.002179,中航光电
2022-08-31,2022-08-01,sz.002202,金风科技
2022-08-31,2022-08-01,sz.002230,科大讯飞
2022-08-31,2022-08-01,sz.002236,大华股份
2022-08-31,2022-08-01,sz.002241,歌尔股份
2022-08-31,2022-08-01,sz.002252,上海莱士
2022-08-31,2022-08-01,sz.002271,东方雨虹
2022-08-31,2022-08-01,sz.002304,洋河股份
2022-08-31,2022-08-01,sz.002311,海大集团
2022-08-31,2022-08-01,sz.002352,顺丰控股
2022-08-31,2022-08-01,sz.002371,北方华创
2022-08-31,2022-08-01,sz.002410,广联达
2022-08-31,2022-08-01,sz.002414,高德红外
2022-08-31,2022-08-01,sz.002415,海康威视
2022-08-31,2022-08-01,sz.002459,晶澳科技
2022-08-31,2022-08-01,sz.002460,赣锋锂业
2022-08-31,2022-08-01,sz.002466,天齐锂业
2022-08-31,2022-08-01,sz.002475,立讯精密
2022-08-31,2022-08-01,sz.002493,荣盛石化
2022-08-31,2022-08-01,sz.002555,三七互娱
2022-08-31,2022-08-01,sz.002568,百润股份
2022-08-31,2022-08-01,sz.002594,比亚迪
2022-08-31,2022-08-01,sz.002600,领益智造
2022-08-31,2022-08-01,sz.002601,龙佰集团
2022-08-31,2022-08-01,sz.002602,世纪华通
2022-08-31,2022-08-01,sz.002607,中公教育
2022-08-31,2022-08-01,sz.002648,卫星化学
2022-08-31,2022-08-01,sz.002709,天赐材料
2022-08-31,2022-08-01,sz.002714,牧原股份
2022-08-31,2022-08-01,sz.002736,国信证券
2022-08-31,2022-08-01,sz.002791,坚朗五金
2022-08-31,2022-08-01,sz.002812,恩捷股份
2022-08-31,2022-08-01,sz.002821,凯莱英
2022-08-31,2022-08-01,sz.002841,视源股份
2022-08-31,2022-08-01,sz.002916,深南电路
2022-08-31,2022-08-01,sz.002920,德赛西威
2022-08-31,2022-08-01,sz.002938,鹏鼎控股
2022-08-31,2022-08-01,sz.003816,中国广核
2022-08-31,2022-08-01,sz.300003,乐普医疗
2022-08-31,2022-08-01,sz.300014,亿纬锂能
2022-08-31,2022-08-01,sz.300015,爱尔眼科
2022-08-31,2022-08-01,sz.300033,同花顺
2022-08-31,2022-08-01,sz.300059,东方财富
2022-08-31,2022-08-01,sz.300122,智飞生物
2022-08-31,2022-08-01,sz.300124,汇川技术
2022-08-31,2022-08-01,sz.300142,沃森生物
2022-08-31,2022-08-01,sz.300207,欣旺达
2022-08-31,2022-08-01,sz.300223,北京君正
2022-08-31,2022-08-01,sz.300274,阳光电源
2022-08-31,2022-08-01,sz.300316,晶盛机电
2022-08-31,2022-08-01,sz.300347,泰格医药
2022-08-31,2022-08-01,sz.300408,三环集团
2022-08-31,2022-08-01,sz.300413,芒果超媒
2022-08-31,2022-08-01,sz.300433,蓝思科技
2022-08-31,2022-08-01,sz.300450,先导智能
2022-08-31,2022-08-01,sz.300454,深信服
2022-08-31,2022-08-01,sz.300496,中科创达
2022-08-31,2022-08-01,sz.300498,温氏股份
2022-08-31,2022-08-01,sz.300529,健帆生物
2022-08-31,2022-08-01,sz.300595,欧普康视
2022-08-31,2022-08-01,sz.300601,康泰生物
2022-08-31,2022-08-01,sz.300628,亿联网络
2022-08-31,2022-08-01,sz.300661,圣邦股份
2022-08-31,2022-08-01,sz.300750,宁德时代
2022-08-31,2022-08-01,sz.300751,迈为股份
2022-08-31,2022-08-01,sz.300759,康龙化成
2022-08-31,2022-08-01,sz.300760,迈瑞医疗
2022-08-31,2022-08-01,sz.300763,锦浪科技
2022-08-31,2022-08-01,sz.300782,卓胜微
2022-08-31,2022-08-01,sz.300866,安克创新
2022-08-31,2022-08-01,sz.300896,爱美客
2022-08-31,2022-08-01,sz.300919,中伟股份
2022-08-31,2022-08-01,sz.300957,贝泰妮
2022-08-31,2022-08-01,sz.300979,华利集团
2022-08-31,2022-08-01,sz.300999,金龙鱼
2022-09-30,2022-08-01,sh.600000,浦发银行
2022-09-30,2022-08-01,sh.600009,上海机场
2022-09-30,2022-08-01,sh.600010,包钢股份
2022-09-30,2022-08-01,sh.600011,华能国际
2022-09-30,2022-08-01,sh.600015,华夏银行
2022-09-30,2022-08-01,sh.600016,民生银行
2022-09-30,2022-08-01,sh.600018,上港集团
2022-09-30,2022-08-01,sh.600019,宝钢股份
2022-09-30,2022-08-01,sh.600025,华能水电
2022-09-30,2022-08-01,sh.600028,中国石化
2022-09-30,2022-08-01,sh.600029,南方航空
2022-09-30,2022-08-01,sh.600030,中信证券
2022-09-30,2022-08-01,sh.600031,三一重工
2022-09-30,2022-08-01,sh.600036,招商银行
2022-09-30,2022-08-01,sh.600048,保利发展
2022-09-30,2022-08-01,sh.600050,中国联通
2022-09-30,2022-08-01,sh.600061,国投资本
2022-09-30,2022-08-01,sh.600085,同仁堂
2022-09-30,2022-08-01,sh.600089,特变电工
2022-09-30,2022-08-01,sh.600104,上汽集团
2022-09-30,2022-08-01,sh.600111,北方稀土
2022-09-30,2022-08-01,sh.600115,中国东航
2022-09-30,2022-08-01,sh.600132,重庆啤酒
2022-09-30,2022-08-01,sh.600150,中国船舶
2022-09-30,2022-08-01,sh.600161,天坛生物
2022-09-30,2022-08-01,sh.600176,中国巨石
2022-09-30,2022-08-01,sh.600183,生益科技
2022-09-30,2022-08-01,sh.600188,兖矿能源
2022-09-30,2022-08-01,sh.600196,复星医药
2022-09-30,2022-08-01,sh.600219,南山铝业
2022-09-30,2022-08-01,sh.600276,恒瑞医药
2022-09-30,2022-08-01,sh.600309,万华化学
2022-09-30,2022-08-01,sh.600332,白云山
2022-09-30,2022-08-01,sh.600346,恒力石化
2022-09-30,2022-08-01,sh.600352,浙江龙盛
2022-09-30,2022-08-01,sh.600362,江西铜业
2022-09-30,2022-08-01,sh.600383,金地集团
2022-09-30,2022-08-01,sh.600406,国电南瑞
2022-09-30,2022-08-01,sh.600426,华鲁恒升
2022-09-30,2022-08-01,sh.600436,片仔癀
2022-09-30,2022-08-01,sh.600438,通威股份
2022-09-30,2022-08-01,sh.600460,士兰微
2022-09-30,2022-08-01,sh.600489,中金黄金
2022-09-30,2022-08-01,sh.600519,贵州茅台
2022-09-30,2022-08-01,sh.600547,山东黄金
2022-09-30,2022-08-01,sh.600570,恒生电子
2022-09-30,2022-08-01,sh.600584,长电科技
2022-09-30,2022-08-01,sh.600585,海螺水泥
2022-09-30,2022-08-01,sh.600588,用友网络
2022-09-30,2022-08-01,sh.600600,青岛啤酒
2022-09-30,2022-08-01,sh.600606,绿地控股
2022-09-30,2022-08-01,sh.600655,豫园股份
2022-09-30,2022-08-01,sh.600660,福耀玻璃
2022-09-30,2022-08-01,sh.600690,海尔智家
2022-09-30,2022-08-01,sh.600741,华域汽车
2022-09-30,2022-08-01,sh.600745,闻泰科技
2022-09-30,2022-08-01,sh.600760,中航沈飞
2022-09-30,2022-08-01,sh.600763,通策医疗
2022-09-30,2022-08-01,sh.600795,国电电力
2022-09-30,2022-08-01,sh.600809,山西汾酒
2022-09-30,2022-08-01,sh.600837,海通证券
2022-09-30,2022-08-01,sh.600845,宝信软件
2022-09-30,2022-08-01,sh.600886,国投电力
2022-09-30,2022-08-01,sh.600887,伊利股份
2022-09-30,2022-08-01,sh.600893,航发动力
2022-09-30,2022-08-01,sh.600900,长江电力
2022-09-30,2022-08-01,sh.600905,三峡能源
2022-09-30,2022-08-01,sh.600918,中泰证券
2022-09-30,2022-08-01,sh.600919,江苏银行
2022-09-30,2022-08-01,sh.600926,杭州银行
2022-09-30,2022-08-01,sh.600941,中国移动
2022-09-30,2022-08-01,sh.600958,东方证券
2022-09-30,2022-08-01,sh.600989,宝丰能源
2022-09-30,2022-08-01,sh.600999,招商证券
2022-09-30,2022-08-01,sh.601006,大秦铁路
2022-09-30,2022-08-01,sh.601009,南京银行
2022-09-30,2022-08-01,sh.601012,隆基绿能
2022-09-30,2022-08-01,sh.601021,春秋航空
2022-09-30,2022-08-01,sh.601066,中信建投
2022-09-30,2022-08-01,sh.601088,中国神华
2022-09-30,2022-08-01,sh.601100,恒立液压
2022-09-30,2022-08-01,sh.601111,中国国航
2022-09-30,2022-08-01,sh.601117,中国化学
2022-09-30,2022-08-01,sh.601138,工业富联
2022-09-30,2022-08-01,sh.601155,新城控股
2022-09-30,2022-08-01,sh.601166,兴业银行
2022-09-30,2022-08-01,sh.601169,北京银行
2022-09-30,2022-08-01,sh.601186,中国铁建
2022-09-30,2022-08-01,sh.601211,国泰君安
2022-09-30,2022-08-01,sh.601216,君正集团
2022-09-30,2022-08-01,sh.601225,陕西煤业
2022-09-30,2022-08-01,sh.601229,上海银行
2022-09-30,2022-08-01,sh.601236,红塔证券
2022-09-30,2022-08-01,sh.601238,广汽集团
2022-09-30,2022-08-01,sh.601288,农业银行
2022-09-30,2022-08-01,sh.601318,中国平安
2022-09-30,2022-08-01,sh.601319,中国人保
2022-09-30,2022-08-01,sh.601328,交通银行
2022-09-30,2022-08-01,sh.601336,新华保险
2022-09-30,2022-08-01,sh.601360,三六零
2022-09-30,2022-08-01,sh.601377,兴业证券
2022-09-30,2022-08-01,sh.601390,中国中铁
2022-09-30,2022-08-01,sh.601398,工商银行
2022-09-30,2022-08-01,sh.601600,中国铝业
2022-09-30,2022-08-01,sh.601601,中国太保
2022-09-30,2022-08-01,sh.601618,中国中冶
2022-09-30,2022-08-01,sh.601628,中国人寿
2022-09-30,2022-08-01,sh.601633,长城汽车
2022-09-30,2022-08-01,sh.601658,邮储银行
2022-09-30,2022-08-01,sh.601668,中国建筑
2022-09-30,2022-08-01,sh.601669,中国电建
2022-09-30,2022-08-01,sh.601688,华泰证券
2022-09-30,2022-08-01,sh.601698,中国卫通
2022-09-30,2022-08-01,sh.601728,中国电信
2022-09-30,2022-08-01,sh.601766,中国中车
2022-09-30,2022-08-01,sh.601788,光大证券
2022-09-30,2022-08-01,sh.601799,星宇股份
2022-09-30,2022-08-01,sh.601800,中国交建
2022-09-30,2022-08-01,sh.601808,中海油服
2022-09-30,2022-08-01,sh.601816,京沪高铁
2022-09-30,2022-08-01,sh.601818,光大银行
2022-09-30,2022-08-01,sh.601825,沪农商行
2022-09-30,2022-08-01,sh.601838,成都银行
2022-09-30,2022-08-01,sh.601857,中国石油
2022-09-30,2022-08-01,sh.601865,福莱特
2022-09-30,2022-08-01,sh.601868,中国能建
2022-09-30,2022-08-01,sh.601877,正泰电器
2022-09-30,2022-08-01,sh.601878,浙商证券
2022-09-30,2022-08-01,sh.601881,中国银河
2022-09-30,2022-08-01,sh.601888,中国中免
2022-09-30,2022-08-01,sh.601898,中煤能源
2022-09-30,2022-08-01,sh.601899,紫金矿业
2022-09-30,2022-08-01,sh.601901,方正证券
2022-09-30,2022-08-01,sh.601916,浙商银行
2022-09-30,2022-08-01,sh.601919,中远海控
2022-09-30,2022-08-01,sh.601939,建设银行
2022-09-30,2022-08-01,sh.601966,玲珑轮胎
2022-09-30,2022-08-01,sh.601985,中国核电
2022-09-30,2022-08-01,sh.601988,中国银行
2022-09-30,2022-08-01,sh.601989,中国重工
2022-09-30,2022-08-01,sh.601995,中金公司
2022-09-30,2022-08-01,sh.601998,中信银行
2022-09-30,2022-08-01,sh.603019,中科曙光
2022-09-30,2022-08-01,sh.603087,甘李药业
2022-09-30,2022-08-01,sh.603160,汇顶科技
2022-09-30,2022-08-01,sh.603185,上机数控
2022-09-30,2022-08-01,sh.603195,公牛集团
2022-09-30,2022-08-01,sh.603259,药明康德
2022-09-30,2022-08-01,sh.603260,合盛硅业
2022-09-30,2022-08-01,sh.603288,海天味业
2022-09-30,2022-08-01,sh.603290,斯达半导
2022-09-30,2022-08-01,sh.603369,今世缘
2022-09-30,2022-08-01,sh.603392,万泰生物
2022-09-30,2022-08-01,sh.603486,科沃斯
2022-09-30,2022-08-01,sh.603501,韦尔股份
2022-09-30,2022-08-01,sh.603659,璞泰来
2022-09-30,2022-08-01,sh.603799,华友钴业
2022-09-30,2022-08-01,sh.603806,福斯特
2022-09-30,2022-08-01,sh.603833,欧派家居
2022-09-30,2022-08-01,sh.603882,金域医学
2022-09-30,2022-08-01,sh.603899,晨光股份
2022-09-30,2022-08-01,sh.603986,兆易创新
2022-09-30,2022-08-01,sh.603993,洛阳钼业
2022-09-30,2022-08-01,sh.605499,东鹏饮料
2022-09-30,2022-08-01,sh.688005,容百科技
2022-09-30,2022-08-01,sh.688008,澜起科技
2022-09-30,2022-08-01,sh.688012,中微公司
2022-09-30,2022-08-01,sh.688036,传音控股
2022-09-30,2022-08-01,sh.688065,凯赛生物
2022-09-30,2022-08-01,sh.688111,金山办公
2022-09-30,2022-08-01,sh.688126,沪硅产业
2022-09-30,2022-08-01,sh.688169,石头科技
2022-09-30,2022-08-01,sh.688363,华熙生物
2022-09-30,2022-08-01,sh.688396,华润微
2022-09-30,2022-08-01,sh.688561,奇安信
2022-09-30,2022-08-01,sh.688599,天合光能
2022-09-30,2022-08-01,sh.688981,中芯国际
2022-09-30,2022-08-01,sz.000001,平安银行
2022-09-30,2022-08-01,sz.000002,万科A
2022-09-30,2022-08-01,sz.000063,中兴通讯
2022-09-30,2022-08-01,sz.000066,中国长城
2022-09-30,2022-08-01,sz.000069,华侨城A
2022-09-30,2022-08-01,sz.000100,TCL科技
2022-09-30,2022-08-01,sz.000157,中联重科
2022-09-30,2022-08-01,sz.000166,申万宏源
2022-09-30,2022-08-01,sz.000301,东方盛虹
2022-09-30,2022-08-01,sz.000333,美的集团
2022-09-30,2022-08-01,sz.000338,潍柴动力
2022-09-30,2022-08-01,sz.000408,藏格矿业
2022-09-30,2022-08-01,sz.000425,徐工机械
2022-09-30,2022-08-01,sz.000538,云南白药
2022-09-30,2022-08-01,sz.000568,泸州老窖
2022-09-30,2022-08-01,sz.000596,古井贡酒
2022-09-30,2022-08-01,sz.000625,长安汽车
2022-09-30,2022-08-01,sz.000651,格力电器
2022-09-30,2022-08-01,sz.000661,长春高新
2022-09-30,2022-08-01,sz.000703,恒逸石化
2022-09-30,2022-08-01,sz.000708,中信特钢
2022-09-30,2022-08-01,sz.000725,京东方A
2022-09-30,2022-08-01,sz.000768,中航西飞
2022-09-30,2022-08-01,sz.000776,广发证券
2022-09-30,2022-08-01,sz.000786,北新建材
2022-09-30,2022-08-01,sz.000792,盐湖股份
2022-09-30,2022-08-01,sz.000800,一汽解放
2022-09-30,2022-08-01,sz.000858,五粮液
2022-09-30,2022-08-01,sz.000876,新希望
2022-09-30,2022-08-01,sz.000877,天山股份
2022-09-30,2022-08-01,sz.000895,双汇发展
2022-09-30,2022-08-01,sz.000938,紫光股份
2022-09-30,2022-08-01,sz.000963,华东医药
2022-09-30,2022-08-01,sz.000977,浪潮信息
2022-09-30,2022-08-01,sz.001289,龙源电力
2022-09-30,2022-08-01,sz.001979,招商蛇口
2022-09-30,2022-08-01,sz.002001,新和成
2022-09-30,2022-08-01,sz.002007,华兰生物
2022-09-30,2022-08-01,sz.002008,大族激光
2022-09-30,2022-08-01,sz.002027,分众传媒
2022-09-30,2022-08-01,sz.002032,苏泊尔
2022-09-30,2022-08-01,sz.002049,紫光国微
2022-09-30,2022-08-01,sz.002050,三花智控
2022-09-30,2022-08-01,sz.002064,华峰化学
2022-09-30,2022-08-01,sz.002074,国轩高科
2022-09-30,2022-08-01,sz.002120,韵达股份
2022-09-30,2022-08-01,sz.002129,TCL中环
2022-09-30,2022-08-01,sz.002142,宁波银行
2022-09-30,2022-08-01,sz.002179,中航光电
2022-09-30,2022-08-01,sz.002202,金风科技
2022-09-30,2022-08-01,sz.002230,科大讯飞
2022-09-30,2022-08-01,sz.002236,大华股份
2022-09-30,2022-08-01,sz.002241,歌尔股份
2022-09-30,2022-08-01,sz.002252,上海莱士
2022-09-30,2022-08-01,sz.002271,东方雨虹
2022-09-30,2022-08-01,sz.002304,洋河股份
2022-09-30,2022-08-01,sz.002311,海大集团
2022-09-30,2022-08-01,sz.002352,顺丰控股
2022-09-30,2022-08-01,sz.002371,北方华创
2022-09-30,2022-08-01,sz.002410,广联达
2022-09-30,2022-08-01,sz.002414,高德红外
2022-09-30,2022-08-01,sz.002415,海康威视
2022-09-30,2022-08-01,sz.002459,晶澳科技
2022-09-30,2022-08-01,sz.002460,赣锋锂业
2022-09-30,2022-08-01,sz.002466,天齐锂业
2022-09-30,2022-08-01,sz.002475,立讯精密
2022-09-30,2022-08-01,sz.002493,荣盛石化
2022-09-30,2022-08-01,sz.002555,三七互娱
2022-09-30,2022-08-01,sz.002568,百润股份
2022-09-30,2022-08-01,sz.002594,比亚迪
2022-09-30,2022-08-01,sz.002600,领益智造
2022-09-30,2022-08-01,sz.002601,龙佰集团
2022-09-30,2022-08-01,sz.002602,世纪华通
2022-09-30,2022-08-01,sz.002607,中公教育
2022-09-30,2022-08-01,sz.002648,卫星化学
2022-09-30,2022-08-01,sz.002709,天赐材料
2022-09-30,2022-08-01,sz.002714,牧原股份
2022-09-30,2022-08-01,sz.002736,国信证券
2022-09-30,2022-08-01,sz.002791,坚朗五金
2022-09-30,2022-08-01,sz.002812,恩捷股份
2022-09-30,2022-08-01,sz.002821,凯莱英
2022-09-30,2022-08-01,sz.002841,视源股份
2022-09-30,2022-08-01,sz.002916,深南电路
2022-09-30,2022-08-01,sz.002920,德赛西威
2022-09-30,2022-08-01,sz.002938,鹏鼎控股
2022-09-30,2022-08-01,sz.003816,中国广核
2022-09-30,2022-08-01,sz.300003,乐普医疗
2022-09-30,2022-08-01,sz.300014,亿纬锂能
2022-09-30,2022-08-01,sz.300015,爱尔眼科
2022-09-30,2022-08-01,sz.300033,同花顺
2022-09-30,2022-08-01,sz.300059,东方财富
2022-09-30,2022-08-01,sz.300122,智飞生物
2022-09-30,2022-08-01,sz.300124,汇川技术
2022-09-30,2022-08-01,sz.300142,沃森生物
2022-09-30,2022-08-01,sz.300207,欣旺达
2022-09-30,2022-08-01,sz.300223,北京君正
2022-09-30,2022-08-01,sz.300274,阳光电源
2022-09-30,2022-08-01,sz.300316,晶盛机电
2022-09-30,2022-08-01,sz.300347,泰格医药
2022-09-30,2022-08-01,sz.300408,三环集团
2022-09-30,2022-08-01,sz.300413,芒果超媒
2022-09-30,2022-08-01,sz.300433,蓝思科技
2022-09-30,2022-08-01,sz.300450,先导智能
2022-09-30,2022-08-01,sz.300454,深信服
2022-09-30,2022-08-01,sz.300496,中科创达
2022-09-30,2022-08-01,sz.300498,温氏股份
2022-09-30,2022-08-01,sz.300529,健帆生物
2022-09-30,2022-08-01,sz.300595,欧普康视
2022-09-30,2022-08-01,sz.300601,康泰生物
2022-09-30,2022-08-01,sz.300628,亿联网络
2022-09-30,2022-08-01,sz.300661,圣邦股份
2022-09-30,2022-08-01,sz.300750,宁德时代
2022-09-30,2022-08-01,sz.300751,迈为股份
2022-09-30,2022-08-01,sz.300759,康龙化成
2022-09-30,2022-08-01,sz.300760,迈瑞医疗
2022-09-30,2022-08-01,sz.300763,锦浪科技
2022-09-30,2022-08-01,sz.300782,卓胜微
2022-09-30,2022-08-01,sz.300866,安克创新
2022-09-30,2022-08-01,sz.300896,爱美客
2022-09-30,2022-08-01,sz.300919,中伟股份
2022-09-30,2022-08-01,sz.300957,贝泰妮
2022-09-30,2022-08-01,sz.300979,华利集团
2022-09-30,2022-08-01,sz.300999,金龙鱼
2022-10-31,2022-08-01,sh.600000,浦发银行
2022-10-31,2022-08-01,sh.600009,上海机场
2022-10-31,2022-08-01,sh.600010,包钢股份
2022-10-31,2022-08-01,sh.600011,华能国际
2022-10-31,2022-08-01,sh.600015,华夏银行
2022-10-31,2022-08-01,sh.600016,民生银行
2022-10-31,2022-08-01,sh.600018,上港集团
2022-10-31,2022-08-01,sh.600019,宝钢股份
2022-10-31,2022-08-01,sh.600025,华能水电
2022-10-31,2022-08-01,sh.600028,中国石化
2022-10-31,2022-08-01,sh.600029,南方航空
2022-10-31,2022-08-01,sh.600030,中信证券
2022-10-31,2022-08-01,sh.600031,三一重工
2022-10-31,2022-08-01,sh.600036,招商银行
2022-10-31,2022-08-01,sh.600048,保利发展
2022-10-31,2022-08-01,sh.600050,中国联通
2022-10-31,2022-08-01,sh.600061,国投资本
2022-10-31,2022-08-01,sh.600085,同仁堂
2022-10-31,2022-08-01,sh.600089,特变电工
2022-10-31,2022-08-01,sh.600104,上汽集团
2022-10-31,2022-08-01,sh.600111,北方稀土
2022-10-31,2022-08-01,sh.600115,中国东航
2022-10-31,2022-08-01,sh.600132,重庆啤酒
2022-10-31,2022-08-01,sh.600150,中国船舶
2022-10-31,2022-08-01,sh.600161,天坛生物
2022-10-31,2022-08-01,sh.600176,中国巨石
2022-10-31,2022-08-01,sh.600183,生益科技
2022-10-31,2022-08-01,sh.600188,兖矿能源
2022-10-31,2022-08-01,sh.600196,复星医药
2022-10-31,2022-08-01,sh.600219,南山铝业
2022-10-31,2022-08-01,sh.600276,恒瑞医药
2022-10-31,2022-08-01,sh.600309,万华化学
2022-10-31,2022-08-01,sh.600332,白云山
2022-10-31,2022-08-01,sh.600346,恒力石化
2022-10-31,2022-08-01,sh.600352,浙江龙盛
2022-10-31,2022-08-01,sh.600362,江西铜业
2022-10-31,2022-08-01,sh.600383,金地集团
2022-10-31,2022-08-01,sh.600406,国电南瑞
2022-10-31,2022-08-01,sh.600426,华鲁恒升
2022-10-31,2022-08-01,sh.600436,片仔癀
2022-10-31,2022-08-01,sh.600438,通威股份
2022-10-31,2022-08-01,sh.600460,士兰微
2022-10-31,2022-08-01,sh.600489,中金黄金
2022-10-31,2022-08-01,sh.600519,贵州茅台
2022-10-31,2022-08-01,sh.600547,山东黄金
2022-10-31,2022-08-01,sh.600570,恒生电子
2022-10-31,2022-08-01,sh.600584,长电科技
2022-10-31,2022-08-01,sh.600585,海螺水泥
2022-10-31,2022-08-01,sh.600588,用友网络
2022-10-31,2022-08-01,sh.600600,青岛啤酒
2022-10-31,2022-08-01,sh.600606,绿地控股
2022-10-31,2022-08-01,sh.600655,豫园股份
2022-10-31,2022-08-01,sh.600660,福耀玻璃
2022-10-31,2022-08-01,sh.600690,海尔智家
2022-10-31,2022-08-01,sh.600741,华域汽车
2022-10-31,2022-08-01,sh.600745,闻泰科技
2022-10-31,2022-08-01,sh.600760,中航沈飞
2022-10-31,2022-08-01,sh.600763,通策医疗
2022-10-31,2022-08-01,sh.600795,国电电力
2022-10-31,2022-08-01,sh.600809,山西汾酒
2022-10-31,2022-08-01,sh.600837,海通证券
2022-10-31,2022-08-01,sh.600845,宝信软件
2022-10-31,2022-08-01,sh.600886,国投电力
2022-10-31,2022-08-01,sh.600887,伊利股份
2022-10-31,2022-08-01,sh.600893,航发动力
2022-10-31,2022-08-01,sh.600900,长江电力
2022-10-31,2022-08-01,sh.600905,三峡能源
2022-10-31,2022-08-01,sh.600918,中泰证券
2022-10-31,2022-08-01,sh.600919,江苏银行
2022-10-31,2022-08-01,sh.600926,杭州银行
2022-10-31,2022-08-01,sh.600941,中国移动
2022-10-31,2022-08-01,sh.600958,东方证券
2022-10-31,2022-08-01,sh.600989,宝丰能源
2022-10-31,2022-08-01,sh.600999,招商证券
2022-10-31,2022-08-01,sh.601006,大秦铁路
2022-10-31,2022-08-01,sh.601009,南京银行
2022-10-31,2022-08-01,sh.601012,隆基绿能
2022-10-31,2022-08-01,sh.601021,春秋航空
2022-10-31,2022-08-01,sh.601066,中信建投
2022-10-31,2022-08-01,sh.601088,中国神华
2022-10-31,2022-08-01,sh.601100,恒立液压
2022-10-31,2022-08-01,sh.601111,中国国航
2022-10-31,2022-08-01,sh.601117,中国化学
2022-10-31,2022-08-01,sh.601138,工业富联
2022-10-31,2022-08-01,sh.601155,新城控股
2022-10-31,2022-08-01,sh.601166,兴业银行
2022-10-31,2022-08-01,sh.601169,北京银行
2022-10-31,2022-08-01,sh.601186,中国铁建
2022-10-31,2022-08-01,sh.601211,国泰君安
2022-10-31,2022-08-01,sh.601216,君正集团
2022-10-31,2022-08-01,sh.601225,陕西煤业
2022-10-31,2022-08-01,sh.601229,上海银行
2022-10-31,2022-08-01,sh.601236,红塔证券
2022-10-31,2022-08-01,sh.601238,广汽集团
2022-10-31,2022-08-01,sh.601288,农业银行
2022-10-31,2022-08-01,sh.601318,中国平安
2022-10-31,2022-08-01,sh.601319,中国人保
2022-10-31,2022-08-01,sh.601328,交通银行
2022-10-31,2022-08-01,sh.601336,新华保险
2022-10-31,2022-08-01,sh.601360,三六零
2022-10-31,2022-08-01,sh.601377,兴业证券
2022-10-31,2022-08-01,sh.601390,中国中铁
2022-10-31,2022-08-01,sh.601398,工商银行
2022-10-31,2022-08-01,sh.601600,中国铝业
2022-10-31,2022-08-01,sh.601601,中国太保
2022-10-31,2022-08-01,sh.601618,中国中冶
2022-10-31,2022-08-01,sh.601628,中国人寿
2022-10-31,2022-08-01,sh.601633,长城汽车
2022-10-31,2022-08-01,sh.601658,邮储银行
2022-10-31,2022-08-01,sh.601668,中国建筑
2022-10-31,2022-08-01,sh.601669,中国电建
2022-10-31,2022-08-01,sh.601688,华泰证券
2022-10-31,2022-08-01,sh.601698,中国卫通
2022-10-31,2022-08-01,sh.601728,中国电信
2022-10-31,2022-08-01,sh.601766,中国中车
2022-10-31,2022-08-01,sh.601788,光大证券
2022-10-31,2022-08-01,sh.601799,星宇股份
2022-10-31,2022-08-01,sh.601800,中国交建
2022-10-31,2022-08-01,sh.601808,中海油服
2022-10-31,2022-08-01,sh.601816,京沪高铁
2022-10-31,2022-08-01,sh.601818,光大银行
2022-10-31,2022-08-01,sh.601825,沪农商行
2022-10-31,2022-08-01,sh.601838,成都银行
2022-10-31,2022-08-01,sh.601857,中国石油
2022-10-31,2022-08-01,sh.601865,福莱特
2022-10-31,2022-08-01,sh.601868,中国能建
2022-10-31,2022-08-01,sh.601877,正泰电器
2022-10-31,2022-08-01,sh.601878,浙商证券
2022-10-31,2022-08-01,sh.601881,中国银河
2022-10-31,2022-08-01,sh.601888,中国中免
2022-10-31,2022-08-01,sh.601898,中煤能源
2022-10-31,2022-08-01,sh.601899,紫金矿业
2022-10-31,2022-08-01,sh.601901,方正证券
2022-10-31,2022-08-01,sh.601916,浙商银行
2022-10-31,2022-08-01,sh.601919,中远海控
2022-10-31,2022-08-01,sh.601939,建设银行
2022-10-31,2022-08-01,sh.601966,玲珑轮胎
2022-10-31,2022-08-01,sh.601985,中国核电
2022-10-31,2022-08-01,sh.601988,中国银行
2022-10-31,2022-08-01,sh.601989,中国重工
2022-10-31,2022-08-01,sh.601995,中金公司
2022-10-31,2022-08-01,sh.601998,中信银行
2022-10-31,2022-08-01,sh.603019,中科曙光
2022-10-31,2022-08-01,sh.603087,甘李药业
2022-10-31,2022-08-01,sh.603160,汇顶科技
2022-10-31,2022-08-01,sh.603185,上机数控
2022-10-31,2022-08-01,sh.603195,公牛集团
2022-10-31,2022-08-01,sh.603259,药明康德
2022-10-31,2022-08-01,sh.603260,合盛硅业
2022-10-31,2022-08-01,sh.603288,海天味业
2022-10-31,2022-08-01,sh.603290,斯达半导
2022-10-31,2022-08-01,sh.603369,今世缘
2022-10-31,2022-08-01,sh.603392,万泰生物
2022-10-31,2022-08-01,sh.603486,科沃斯
2022-10-31,2022-08-01,sh.603501,韦尔股份
2022-10-31,2022-08-01,sh.603659,璞泰来
2022-10-31,2022-08-01,sh.603799,华友钴业
2022-10-31,2022-08-01,sh.603806,福斯特
2022-10-31,2022-08-01,sh.603833,欧派家居
2022-10-31,2022-08-01,sh.603882,金域医学
2022-10-31,2022-08-01,sh.603899,晨光股份
2022-10-31,2022-08-01,sh.603986,兆易创新
2022-10-31,2022-08-01,sh.603993,洛阳钼业
2022-10-31,2022-08-01,sh.605499,东鹏饮料
2022-10-31,2022-08-01,sh.688005,容百科技
2022-10-31,2022-08-01,sh.688008,澜起科技
2022-10-31,2022-08-01,sh.688012,中微公司
2022-10-31,2022-08-01,sh.688036,传音控股
2022-10-31,2022-08-01,sh.688065,凯赛生物
2022-10-31,2022-08-01,sh.688111,金山办公
2022-10-31,2022-08-01,sh.688126,沪硅产业
2022-10-31,2022-08-01,sh.688169,石头科技
2022-10-31,2022-08-01,sh.688363,华熙生物
2022-10-31,2022-08-01,sh.688396,华润微
2022-10-31,2022-08-01,sh.688561,奇安信
2022-10-31,2022-08-01,sh.688599,天合光能
2022-10-31,2022-08-01,sh.688981,中芯国际
2022-10-31,2022-08-01,sz.000001,平安银行
2022-10-31,2022-08-01,sz.000002,万科A
2022-10-31,2022-08-01,sz.000063,中兴通讯
2022-10-31,2022-08-01,sz.000066,中国长城
2022-10-31,2022-08-01,sz.000069,华侨城A
2022-10-31,2022-08-01,sz.000100,TCL科技
2022-10-31,2022-08-01,sz.000157,中联重科
2022-10-31,2022-08-01,sz.000166,申万宏源
2022-10-31,2022-08-01,sz.000301,东方盛虹
2022-10-31,2022-08-01,sz.000333,美的集团
2022-10-31,2022-08-01,sz.000338,潍柴动力
2022-10-31,2022-08-01,sz.000408,藏格矿业
2022-10-31,2022-08-01,sz.000425,徐工机械
2022-10-31,2022-08-01,sz.000538,云南白药
2022-10-31,2022-08-01,sz.000568,泸州老窖
2022-10-31,2022-08-01,sz.000596,古井贡酒
2022-10-31,2022-08-01,sz.000625,长安汽车
2022-10-31,2022-08-01,sz.000651,格力电器
2022-10-31,2022-08-01,sz.000661,长春高新
2022-10-31,2022-08-01,sz.000703,恒逸石化
2022-10-31,2022-08-01,sz.000708,中信特钢
2022-10-31,2022-08-01,sz.000725,京东方A
2022-10-31,2022-08-01,sz.000768,中航西飞
2022-10-31,2022-08-01,sz.000776,广发证券
2022-10-31,2022-08-01,sz.000786,北新建材
2022-10-31,2022-08-01,sz.000792,盐湖股份
2022-10-31,2022-08-01,sz.000800,一汽解放
2022-10-31,2022-08-01,sz.000858,五粮液
2022-10-31,2022-08-01,sz.000876,新希望
2022-10-31,2022-08-01,sz.000877,天山股份
2022-10-31,2022-08-01,sz.000895,双汇发展
2022-10-31,2022-08-01,sz.000938,紫光股份
2022-10-31,2022-08-01,sz.000963,华东医药
2022-10-31,2022-08-01,sz.000977,浪潮信息
2022-10-31,2022-08-01,sz.001289,龙源电力
2022-10-31,2022-08-01,sz.001979,招商蛇口
2022-10-31,2022-08-01,sz.002001,新和成
2022-10-31,2022-08-01,sz.002007,华兰生物
2022-10-31,2022-08-01,sz.002008,大族激光
2022-10-31,2022-08-01,sz.002027,分众传媒
2022-10-31,2022-08-01,sz.002032,苏泊尔
2022-10-31,2022-08-01,sz.002049,紫光国微
2022-10-31,2022-08-01,sz.002050,三花智控
2022-10-31,2022-08-01,sz.002064,华峰化学
2022-10-31,2022-08-01,sz.002074,国轩高科
2022-10-31,2022-08-01,sz.002120,韵达股份
2022-10-31,2022-08-01,sz.002129,TCL中环
2022-10-31,2022-08-01,sz.002142,宁波银行
2022-10-31,2022-08-01,sz.002179,中航光电
2022-10-31,2022-08-01,sz.002202,金风科技
2022-10-31,2022-08-01,sz.002230,科大讯飞
2022-10-31,2022-08-01,sz.002236,大华股份
2022-10-31,2022-08-01,sz.002241,歌尔股份
2022-10-31,2022-08-01,sz.002252,上海莱士
2022-10-31,2022-08-01,sz.002271,东方雨虹
2022-10-31,2022-08-01,sz.002304,洋河股份
2022-10-31,2022-08-01,sz.002311,海大集团
2022-10-31,2022-08-01,sz.002352,顺丰控股
2022-10-31,2022-08-01,sz.002371,北方华创
2022-10-31,2022-08-01,sz.002410,广联达
2022-10-31,2022-08-01,sz.002414,高德红外
2022-10-31,2022-08-01,sz.002415,海康威视
2022-10-31,2022-08-01,sz.002459,晶澳科技
2022-10-31,2022-08-01,sz.002460,赣锋锂业
2022-10-31,2022-08-01,sz.002466,天齐锂业
2022-10-31,2022-08-01,sz.002475,立讯精密
2022-10-31,2022-08-01,sz.002493,荣盛石化
2022-10-31,2022-08-01,sz.002555,三七互娱
2022-10-31,2022-08-01,sz.002568,百润股份
2022-10-31,2022-08-01,sz.002594,比亚迪
2022-10-31,2022-08-01,sz.002600,领益智造
2022-10-31,2022-08-01,sz.002601,龙佰集团
2022-10-31,2022-08-01,sz.002602,世纪华通
2022-10-31,2022-08-01,sz.002607,中公教育
2022-10-31,2022-08-01,sz.002648,卫星化学
2022-10-31,2022-08-01,sz.002709,天赐材料
2022-10-31,2022-08-01,sz.002714,牧原股份
2022-10-31,2022-08-01,sz.002736,国信证券
2022-10-31,2022-08-01,sz.002791,坚朗五金
2022-10-31,2022-08-01,sz.002812,恩捷股份
2022-10-31,2022-08-01,sz.002821,凯莱英
2022-10-31,2022-08-01,sz.002841,视源股份
2022-10-31,2022-08-01,sz.002916,深南电路
2022-10-31,2022-08-01,sz.002920,德赛西威
2022-10-31,2022-08-01,sz.002938,鹏鼎控股
2022-10-31,2022-08-01,sz.003816,中国广核
2022-10-31,2022-08-01,sz.300003,乐普医疗
2022-10-31,2022-08-01,sz.300014,亿纬锂能
2022-10-31,2022-08-01,sz.300015,爱尔眼科
2022-10-31,2022-08-01,sz.300033,同花顺
2022-10-31,2022-08-01,sz.300059,东方财富
2022-10-31,2022-08-01,sz.300122,智飞生物
2022-10-31,2022-08-01,sz.300124,汇川技术
2022-10-31,2022-08-01,sz.300142,沃森生物
2022-10-31,2022-08-01,sz.300207,欣旺达
2022-10-31,2022-08-01,sz.300223,北京君正
2022-10-31,2022-08-01,sz.300274,阳光电源
2022-10-31,2022-08-01,sz.300316,晶盛机电
2022-10-31,2022-08-01,sz.300347,泰格医药
2022-10-31,2022-08-01,sz.300408,三环集团
2022-10-31,2022-08-01,sz.300413,芒果超媒
2022-10-31,2022-08-01,sz.300433,蓝思科技
2022-10-31,2022-08-01,sz.300450,先导智能
2022-10-31,2022-08-01,sz.300454,深信服
2022-10-31,2022-08-01,sz.300496,中科创达
2022-10-31,2022-08-01,sz.300498,温氏股份
2022-10-31,2022-08-01,sz.300529,健帆生物
2022-10-31,2022-08-01,sz.300595,欧普康视
2022-10-31,2022-08-01,sz.300601,康泰生物
2022-10-31,2022-08-01,sz.300628,亿联网络
2022-10-31,2022-08-01,sz.300661,圣邦股份
2022-10-31,2022-08-01,sz.300750,宁德时代
2022-10-31,2022-08-01,sz.300751,迈为股份
2022-10-31,2022-08-01,sz.300759,康龙化成
2022-10-31,2022-08-01,sz.300760,迈瑞医疗
2022-10-31,2022-08-01,sz.300763,锦浪科技
2022-10-31,2022-08-01,sz.300782,卓胜微
2022-10-31,2022-08-01,sz.300866,安克创新
2022-10-31,2022-08-01,sz.300896,爱美客
2022-10-31,2022-08-01,sz.300919,中伟股份
2022-10-31,2022-08-01,sz.300957,贝泰妮
2022-10-31,2022-08-01,sz.300979,华利集团
2022-10-31,2022-08-01,sz.300999,金龙鱼
2022-11-30,2022-08-01,sh.600000,浦发银行
2022-11-30,2022-08-01,sh.600009,上海机场
2022-11-30,2022-08-01,sh.600010,包钢股份
2022-11-30,2022-08-01,sh.600011,华能国际
2022-11-30,2022-08-01,sh.600015,华夏银行
2022-11-30,2022-08-01,sh.600016,民生银行
2022-11-30,2022-08-01,sh.600018,上港集团
2022-11-30,2022-08-01,sh.600019,宝钢股份
2022-11-30,2022-08-01,sh.600025,华能水电
2022-11-30,2022-08-01,sh.600028,中国石化
2022-11-30,2022-08-01,sh.600029,南方航空
2022-11-30,2022-08-01,sh.600030,中信证券
2022-11-30,2022-08-01,sh.600031,三一重工
2022-11-30,2022-08-01,sh.600036,招商银行
2022-11-30,2022-08-01,sh.600048,保利发展
2022-11-30,2022-08-01,sh.600050,中国联通
2022-11-30,2022-08-01,sh.600061,国投资本
2022-11-30,2022-08-01,sh.600085,同仁堂
2022-11-30,2022-08-01,sh.600089,特变电工
2022-11-30,2022-08-01,sh.600104,上汽集团
2022-11-30,2022-08-01,sh.600111,北方稀土
2022-11-30,2022-08-01,sh.600115,中国东航
2022-11-30,2022-08-01,sh.600132,重庆啤酒
2022-11-30,2022-08-01,sh.600150,中国船舶
2022-11-30,2022-08-01,sh.600161,天坛生物
2022-11-30,2022-08-01,sh.600176,中国巨石
2022-11-30,2022-08-01,sh.600183,生益科技
2022-11-30,2022-08-01,sh.600188,兖矿能源
2022-11-30,2022-08-01,sh.600196,复星医药
2022-11-30,2022-08-01,sh.600219,南山铝业
2022-11-30,2022-08-01,sh.600276,恒瑞医药
2022-11-30,2022-08-01,sh.600309,万华化学
2022-11-30,2022-08-01,sh.600332,白云山
2022-11-30,2022-08-01,sh.600346,恒力石化
2022-11-30,2022-08-01,sh.600352,浙江龙盛
2022-11-30,2022-08-01,sh.600362,江西铜业
2022-11-30,2022-08-01,sh.600383,金地集团
2022-11-30,2022-08-01,sh.600406,国电南瑞
2022-11-30,2022-08-01,sh.600426,华鲁恒升
2022-11-30,2022-08-01,sh.600436,片仔癀
2022-11-30,2022-08-01,sh.600438,通威股份
2022-11-30,2022-08-01,sh.600460,士兰微
2022-11-30,2022-08-01,sh.600489,中金黄金
2022-11-30,2022-08-01,sh.600519,贵州茅台
2022-11-30,2022-08-01,sh.600547,山东黄金
2022-11-30,2022-08-01,sh.600570,恒生电子
2022-11-30,2022-08-01,sh.600584,长电科技
2022-11-30,2022-08-01,sh.600585,海螺水泥
2022-11-30,2022-08-01,sh.600588,用友网络
2022-11-30,2022-08-01,sh.600600,青岛啤酒
2022-11-30,2022-08-01,sh.600606,绿地控股
2022-11-30,2022-08-01,sh.600655,豫园股份
2022-11-30,2022-08-01,sh.600660,福耀玻璃
2022-11-30,2022-08-01,sh.600690,海尔智家
2022-11-30,2022-08-01,sh.600741,华域汽车
2022-11-30,2022-08-01,sh.600745,闻泰科技
2022-11-30,2022-08-01,sh.600760,中航沈飞
2022-11-30,2022-08-01,sh.600763,通策医疗
2022-11-30,2022-08-01,sh.600795,国电电力
2022-11-30,2022-08-01,sh.600809,山西汾酒
2022-11-30,2022-08-01,sh.600837,海通证券
2022-11-30,2022-08-01,sh.600845,宝信软件
2022-11-30,2022-08-01,sh.600886,国投电力
2022-11-30,2022-08-01,sh.600887,伊利股份
2022-11-30,2022-08-01,sh.600893,航发动力
2022-11-30,2022-08-01,sh.600900,长江电力
2022-11-30,2022-08-01,sh.600905,三峡能源
2022-11-30,2022-08-01,sh.600918,中泰证券
2022-11-30,2022-08-01,sh.600919,江苏银行
2022-11-30,2022-08-01,sh.600926,杭州银行
2022-11-30,2022-08-01,sh.600941,中国移动
2022-11-30,2022-08-01,sh.600958,东方证券
2022-11-30,2022-08-01,sh.600989,宝丰能源
2022-11-30,2022-08-01,sh.600999,招商证券
2022-11-30,2022-08-01,sh.601006,大秦铁路
2022-11-30,2022-08-01,sh.601009,南京银行
2022-11-30,2022-08-01,sh.601012,隆基绿能
2022-11-30,2022-08-01,sh.601021,春秋航空
2022-11-30,2022-08-01,sh.601066,中信建投
2022-11-30,2022-08-01,sh.601088,中国神华
2022-11-30,2022-08-01,sh.601100,恒立液压
2022-11-30,2022-08-01,sh.601111,中国国航
2022-11-30,2022-08-01,sh.601117,中国化学
2022-11-30,2022-08-01,sh.601138,工业富联
2022-11-30,2022-08-01,sh.601155,新城控股
2022-11-30,2022-08-01,sh.601166,兴业银行
2022-11-30,2022-08-01,sh.601169,北京银行
2022-11-30,2022-08-01,sh.601186,中国铁建
2022-11-30,2022-08-01,sh.601211,国泰君安
2022-11-30,2022-08-01,sh.601216,君正集团
2022-11-30,2022-08-01,sh.601225,陕西煤业
2022-11-30,2022-08-01,sh.601229,上海银行
2022-11-30,2022-08-01,sh.601236,红塔证券
2022-11-30,2022-08-01,sh.601238,广汽集团
2022-11-30,2022-08-01,sh.601288,农业银行
2022-11-30,2022-08-01,sh.601318,中国平安
2022-11-30,2022-08-01,sh.601319,中国人保
2022-11-30,2022-08-01,sh.601328,交通银行
2022-11-30,2022-08-01,sh.601336,新华保险
2022-11-30,2022-08-01,sh.601360,三六零
2022-11-30,2022-08-01,sh.601377,兴业证券
2022-11-30,2022-08-01,sh.601390,中国中铁
2022-11-30,2022-08-01,sh.601398,工商银行
2022-11-30,2022-08-01,sh.601600,中国铝业
2022-11-30,2022-08-01,sh.601601,中国太保
2022-11-30,2022-08-01,sh.601618,中国中冶
2022-11-30,2022-08-01,sh.601628,中国人寿
2022-11-30,2022-08-01,sh.601633,长城汽车
2022-11-30,2022-08-01,sh.601658,邮储银行
2022-11-30,2022-08-01,sh.601668,中国建筑
2022-11-30,2022-08-01,sh.601669,中国电建
2022-11-30,2022-08-01,sh.601688,华泰证券
2022-11-30,2022-08-01,sh.601698,中国卫通
2022-11-30,2022-08-01,sh.601728,中国电信
2022-11-30,2022-08-01,sh.601766,中国中车
2022-11-30,2022-08-01,sh.601788,光大证券
2022-11-30,2022-08-01,sh.601799,星宇股份
2022-11-30,2022-08-01,sh.601800,中国交建
2022-11-30,2022-08-01,sh.601808,中海油服
2022-11-30,2022-08-01,sh.601816,京沪高铁
2022-11-30,2022-08-01,sh.601818,光大银行
2022-11-30,2022-08-01,sh.601825,沪农商行
2022-11-30,2022-08-01,sh.601838,成都银行
2022-11-30,2022-08-01,sh.601857,中国石油
2022-11-30,2022-08-01,sh.601865,福莱特
2022-11-30,2022-08-01,sh.601868,中国能建
2022-11-30,2022-08-01,sh.601877,正泰电器
2022-11-30,2022-08-01,sh.601878,浙商证券
2022-11-30,2022-08-01,sh.601881,中国银河
2022-11-30,2022-08-01,sh.601888,中国中免
2022-11-30,2022-08-01,sh.601898,中煤能源
2022-11-30,2022-08-01,sh.601899,紫金矿业
2022-11-30,2022-08-01,sh.601901,方正证券
2022-11-30,2022-08-01,sh.601916,浙商银行
2022-11-30,2022-08-01,sh.601919,中远海控
2022-11-30,2022-08-01,sh.601939,建设银行
2022-11-30,2022-08-01,sh.601966,玲珑轮胎
2022-11-30,2022-08-01,sh.601985,中国核电
2022-11-30,2022-08-01,sh.601988,中国银行
2022-11-30,2022-08-01,sh.601989,中国重工
2022-11-30,2022-08-01,sh.601995,中金公司
2022-11-30,2022-08-01,sh.601998,中信银行
2022-11-30,2022-08-01,sh.603019,中科曙光
2022-11-30,2022-08-01,sh.603087,甘李药业
2022-11-30,2022-08-01,sh.603160,汇顶科技
2022-11-30,2022-08-01,sh.603185,上机数控
2022-11-30,2022-08-01,sh.603195,公牛集团
2022-11-30,2022-08-01,sh.603259,药明康德
2022-11-30,2022-08-01,sh.603260,合盛硅业
2022-11-30,2022-08-01,sh.603288,海天味业
2022-11-30,2022-08-01,sh.603290,斯达半导
2022-11-30,2022-08-01,sh.603369,今世缘
2022-11-30,2022-08-01,sh.603392,万泰生物
2022-11-30,2022-08-01,sh.603486,科沃斯
2022-11-30,2022-08-01,sh.603501,韦尔股份
2022-11-30,2022-08-01,sh.603659,璞泰来
2022-11-30,2022-08-01,sh.603799,华友钴业
2022-11-30,2022-08-01,sh.603806,福斯特
2022-11-30,2022-08-01,sh.603833,欧派家居
2022-11-30,2022-08-01,sh.603882,金域医学
2022-11-30,2022-08-01,sh.603899,晨光股份
2022-11-30,2022-08-01,sh.603986,兆易创新
2022-11-30,2022-08-01,sh.603993,洛阳钼业
2022-11-30,2022-08-01,sh.605499,东鹏饮料
2022-11-30,2022-08-01,sh.688005,容百科技
2022-11-30,2022-08-01,sh.688008,澜起科技
2022-11-30,2022-08-01,sh.688012,中微公司
2022-11-30,2022-08-01,sh.688036,传音控股
2022-11-30,2022-08-01,sh.688065,凯赛生物
2022-11-30,2022-08-01,sh.688111,金山办公
2022-11-30,2022-08-01,sh.688126,沪硅产业
2022-11-30,2022-08-01,sh.688169,石头科技
2022-11-30,2022-08-01,sh.688363,华熙生物
2022-11-30,2022-08-01,sh.688396,华润微
2022-11-30,2022-08-01,sh.688561,奇安信
2022-11-30,2022-08-01,sh.688599,天合光能
2022-11-30,2022-08-01,sh.688981,中芯国际
2022-11-30,2022-08-01,sz.000001,平安银行
2022-11-30,2022-08-01,sz.000002,万科A
2022-11-30,2022-08-01,sz.000063,中兴通讯
2022-11-30,2022-08-01,sz.000066,中国长城
2022-11-30,2022-08-01,sz.000069,华侨城A
2022-11-30,2022-08-01,sz.000100,TCL科技
2022-11-30,2022-08-01,sz.000157,中联重科
2022-11-30,2022-08-01,sz.000166,申万宏源
2022-11-30,2022-08-01,sz.000301,东方盛虹
2022-11-30,2022-08-01,sz.000333,美的集团
2022-11-30,2022-08-01,sz.000338,潍柴动力
2022-11-30,2022-08-01,sz.000408,藏格矿业
2022-11-30,2022-08-01,sz.000425,徐工机械
2022-11-30,2022-08-01,sz.000538,云南白药
2022-11-30,2022-08-01,sz.000568,泸州老窖
2022-11-30,2022-08-01,sz.000596,古井贡酒
2022-11-30,2022-08-01,sz.000625,长安汽车
2022-11-30,2022-08-01,sz.000651,格力电器
2022-11-30,2022-08-01,sz.000661,长春高新
2022-11-30,2022-08-01,sz.000703,恒逸石化
2022-11-30,2022-08-01,sz.000708,中信特钢
2022-11-30,2022-08-01,sz.000725,京东方A
2022-11-30,2022-08-01,sz.000768,中航西飞
2022-11-30,2022-08-01,sz.000776,广发证券
2022-11-30,2022-08-01,sz.000786,北新建材
2022-11-30,2022-08-01,sz.000792,盐湖股份
2022-11-30,2022-08-01,sz.000800,一汽解放
2022-11-30,2022-08-01,sz.000858,五粮液
2022-11-30,2022-08-01,sz.000876,新希望
2022-11-30,2022-08-01,sz.000877,天山股份
2022-11-30,2022-08-01,sz.000895,双汇发展
2022-11-30,2022-08-01,sz.000938,紫光股份
2022-11-30,2022-08-01,sz.000963,华东医药
2022-11-30,2022-08-01,sz.000977,浪潮信息
2022-11-30,2022-08-01,sz.001289,龙源电力
2022-11-30,2022-08-01,sz.001979,招商蛇口
2022-11-30,2022-08-01,sz.002001,新和成
2022-11-30,2022-08-01,sz.002007,华兰生物
2022-11-30,2022-08-01,sz.002008,大族激光
2022-11-30,2022-08-01,sz.002027,分众传媒
2022-11-30,2022-08-01,sz.002032,苏泊尔
2022-11-30,2022-08-01,sz.002049,紫光国微
2022-11-30,2022-08-01,sz.002050,三花智控
2022-11-30,2022-08-01,sz.002064,华峰化学
2022-11-30,2022-08-01,sz.002074,国轩高科
2022-11-30,2022-08-01,sz.002120,韵达股份
2022-11-30,2022-08-01,sz.002129,TCL中环
2022-11-30,2022-08-01,sz.002142,宁波银行
2022-11-30,2022-08-01,sz.002179,中航光电
2022-11-30,2022-08-01,sz.002202,金风科技
2022-11-30,2022-08-01,sz.002230,科大讯飞
2022-11-30,2022-08-01,sz.002236,大华股份
2022-11-30,2022-08-01,sz.002241,歌尔股份
2022-11-30,2022-08-01,sz.002252,上海莱士
2022-11-30,2022-08-01,sz.002271,东方雨虹
2022-11-30,2022-08-01,sz.002304,洋河股份
2022-11-30,2022-08-01,sz.002311,海大集团
2022-11-30,2022-08-01,sz.002352,顺丰控股
2022-11-30,2022-08-01,sz.002371,北方华创
2022-11-30,2022-08-01,sz.002410,广联达
2022-11-30,2022-08-01,sz.002414,高德红外
2022-11-30,2022-08-01,sz.002415,海康威视
2022-11-30,2022-08-01,sz.002459,晶澳科技
2022-11-30,2022-08-01,sz.002460,赣锋锂业
2022-11-30,2022-08-01,sz.002466,天齐锂业
2022-11-30,2022-08-01,sz.002475,立讯精密
2022-11-30,2022-08-01,sz.002493,荣盛石化
2022-11-30,2022-08-01,sz.002555,三七互娱
2022-11-30,2022-08-01,sz.002568,百润股份
2022-11-30,2022-08-01,sz.002594,比亚迪
2022-11-30,2022-08-01,sz.002600,领益智造
2022-11-30,2022-08-01,sz.002601,龙佰集团
2022-11-30,2022-08-01,sz.002602,世纪华通
2022-11-30,2022-08-01,sz.002607,中公教育
2022-11-30,2022-08-01,sz.002648,卫星化学
2022-11-30,2022-08-01,sz.002709,天赐材料
2022-11-30,2022-08-01,sz.002714,牧原股份
2022-11-30,2022-08-01,sz.002736,国信证券
2022-11-30,2022-08-01,sz.002791,坚朗五金
2022-11-30,2022-08-01,sz.002812,恩捷股份
2022-11-30,2022-08-01,sz.002821,凯莱英
2022-11-30,2022-08-01,sz.002841,视源股份
2022-11-30,2022-08-01,sz.002916,深南电路
2022-11-30,2022-08-01,sz.002920,德赛西威
2022-11-30,2022-08-01,sz.002938,鹏鼎控股
2022-11-30,2022-08-01,sz.003816,中国广核
2022-11-30,2022-08-01,sz.300003,乐普医疗
2022-11-30,2022-08-01,sz.300014,亿纬锂能
2022-11-30,2022-08-01,sz.300015,爱尔眼科
2022-11-30,2022-08-01,sz.300033,同花顺
2022-11-30,2022-08-01,sz.300059,东方财富
2022-11-30,2022-08-01,sz.300122,智飞生物
2022-11-30,2022-08-01,sz.300124,汇川技术
2022-11-30,2022-08-01,sz.300142,沃森生物
2022-11-30,2022-08-01,sz.300207,欣旺达
2022-11-30,2022-08-01,sz.300223,北京君正
2022-11-30,2022-08-01,sz.300274,阳光电源
2022-11-30,2022-08-01,sz.300316,晶盛机电
2022-11-30,2022-08-01,sz.300347,泰格医药
2022-11-30,2022-08-01,sz.300408,三环集团
2022-11-30,2022-08-01,sz.300413,芒果超媒
2022-11-30,2022-08-01,sz.300433,蓝思科技
2022-11-30,2022-08-01,sz.300450,先导智能
2022-11-30,2022-08-01,sz.300454,深信服
2022-11-30,2022-08-01,sz.300496,中科创达
2022-11-30,2022-08-01,sz.300498,温氏股份
2022-11-30,2022-08-01,sz.300529,健帆生物
2022-11-30,2022-08-01,sz.300595,欧普康视
2022-11-30,2022-08-01,sz.300601,康泰生物
2022-11-30,2022-08-01,sz.300628,亿联网络
2022-11-30,2022-08-01,sz.300661,圣邦股份
2022-11-30,2022-08-01,sz.300750,宁德时代
2022-11-30,2022-08-01,sz.300751,迈为股份
2022-11-30,2022-08-01,sz.300759,康龙化成
2022-11-30,2022-08-01,sz.300760,迈瑞医疗
2022-11-30,2022-08-01,sz.300763,锦浪科技
2022-11-30,2022-08-01,sz.300782,卓胜微
2022-11-30,2022-08-01,sz.300866,安克创新
2022-11-30,2022-08-01,sz.300896,爱美客
2022-11-30,2022-08-01,sz.300919,中伟股份
2022-11-30,2022-08-01,sz.300957,贝泰妮
2022-11-30,2022-08-01,sz.300979,华利集团
2022-11-30,2022-08-01,sz.300999,金龙鱼
2022-12-31,2022-08-01,sh.600000,浦发银行
2022-12-31,2022-08-01,sh.600009,上海机场
2022-12-31,2022-08-01,sh.600010,包钢股份
2022-12-31,2022-08-01,sh.600011,华能国际
2022-12-31,2022-08-01,sh.600015,华夏银行
2022-12-31,2022-08-01,sh.600016,民生银行
2022-12-31,2022-08-01,sh.600018,上港集团
2022-12-31,2022-08-01,sh.600019,宝钢股份
2022-12-31,2022-08-01,sh.600025,华能水电
2022-12-31,2022-08-01,sh.600028,中国石化
2022-12-31,2022-08-01,sh.600029,南方航空
2022-12-31,2022-08-01,sh.600030,中信证券
2022-12-31,2022-08-01,sh.600031,三一重工
2022-12-31,2022-08-01,sh.600036,招商银行
2022-12-31,2022-08-01,sh.600048,保利发展
2022-12-31,2022-08-01,sh.600050,中国联通
2022-12-31,2022-08-01,sh.600061,国投资本
2022-12-31,2022-08-01,sh.600085,同仁堂
2022-12-31,2022-08-01,sh.600089,特变电工
2022-12-31,2022-08-01,sh.600104,上汽集团
2022-12-31,2022-08-01,sh.600111,北方稀土
2022-12-31,2022-08-01,sh.600115,中国东航
2022-12-31,2022-08-01,sh.600132,重庆啤酒
2022-12-31,2022-08-01,sh.600150,中国船舶
2022-12-31,2022-08-01,sh.600161,天坛生物
2022-12-31,2022-08-01,sh.600176,中国巨石
2022-12-31,2022-08-01,sh.600183,生益科技
2022-12-31,2022-08-01,sh.600188,兖矿能源
2022-12-31,2022-08-01,sh.600196,复星医药
2022-12-31,2022-08-01,sh.600219,南山铝业
2022-12-31,2022-08-01,sh.600276,恒瑞医药
2022-12-31,2022-08-01,sh.600309,万华化学
2022-12-31,2022-08-01,sh.600332,白云山
2022-12-31,2022-08-01,sh.600346,恒力石化
2022-12-31,2022-08-01,sh.600352,浙江龙盛
2022-12-31,2022-08-01,sh.600362,江西铜业
2022-12-31,2022-08-01,sh.600383,金地集团
2022-12-31,2022-08-01,sh.600406,国电南瑞
2022-12-31,2022-08-01,sh.600426,华鲁恒升
2022-12-31,2022-08-01,sh.600436,片仔癀
2022-12-31,2022-08-01,sh.600438,通威股份
2022-12-31,2022-08-01,sh.600460,士兰微
2022-12-31,2022-08-01,sh.600489,中金黄金
2022-12-31,2022-08-01,sh.600519,贵州茅台
2022-12-31,2022-08-01,sh.600547,山东黄金
2022-12-31,2022-08-01,sh.600570,恒生电子
2022-12-31,2022-08-01,sh.600584,长电科技
2022-12-31,2022-08-01,sh.600585,海螺水泥
2022-12-31,2022-08-01,sh.600588,用友网络
2022-12-31,2022-08-01,sh.600600,青岛啤酒
2022-12-31,2022-08-01,sh.600606,绿地控股
2022-12-31,2022-08-01,sh.600655,豫园股份
2022-12-31,2022-08-01,sh.600660,福耀玻璃
2022-12-31,2022-08-01,sh.600690,海尔智家
2022-12-31,2022-08-01,sh.600741,华域汽车
2022-12-31,2022-08-01,sh.600745,闻泰科技
2022-12-31,2022-08-01,sh.600760,中航沈飞
2022-12-31,2022-08-01,sh.600763,通策医疗
2022-12-31,2022-08-01,sh.600795,国电电力
2022-12-31,2022-08-01,sh.600809,山西汾酒
2022-12-31,2022-08-01,sh.600837,海通证券
2022-12-31,2022-08-01,sh.600845,宝信软件
2022-12-31,2022-08-01,sh.600886,国投电力
2022-12-31,2022-08-01,sh.600887,伊利股份
2022-12-31,2022-08-01,sh.600893,航发动力
2022-12-31,2022-08-01,sh.600900,长江电力
2022-12-31,2022-08-01,sh.600905,三峡能源
2022-12-31,2022-08-01,sh.600918,中泰证券
2022-12-31,2022-08-01,sh.600919,江苏银行
2022-12-31,2022-08-01,sh.600926,杭州银行
2022-12-31,2022-08-01,sh.600941,中国移动
2022-12-31,2022-08-01,sh.600958,东方证券
2022-12-31,2022-08-01,sh.600989,宝丰能源
2022-12-31,2022-08-01,sh.600999,招商证券
2022-12-31,2022-08-01,sh.601006,大秦铁路
2022-12-31,2022-08-01,sh.601009,南京银行
2022-12-31,2022-08-01,sh.601012,隆基绿能
2022-12-31,2022-08-01,sh.601021,春秋航空
2022-12-31,2022-08-01,sh.601066,中信建投
2022-12-31,2022-08-01,sh.601088,中国神华
2022-12-31,2022-08-01,sh.601100,恒立液压
2022-12-31,2022-08-01,sh.601111,中国国航
2022-12-31,2022-08-01,sh.601117,中国化学
2022-12-31,2022-08-01,sh.601138,工业富联
2022-12-31,2022-08-01,sh.601155,新城控股
2022-12-31,2022-08-01,sh.601166,兴业银行
2022-12-31,2022-08-01,sh.601169,北京银行
2022-12-31,2022-08-01,sh.601186,中国铁建
2022-12-31,2022-08-01,sh.601211,国泰君安
2022-12-31,2022-08-01,sh.601216,君正集团
2022-12-31,2022-08-01,sh.601225,陕西煤业
2022-12-31,2022-08-01,sh.601229,上海银行
2022-12-31,2022-08-01,sh.601236,红塔证券
2022-12-31,2022-08-01,sh.601238,广汽集团
2022-12-31,2022-08-01,sh.601288,农业银行
2022-12-31,2022-08-01,sh.601318,中国平安
2022-12-31,2022-08-01,sh.601319,中国人保
2022-12-31,2022-08-01,sh.601328,交通银行
2022-12-31,2022-08-01,sh.601336,新华保险
2022-12-31,2022-08-01,sh.601360,三六零
2022-12-31,2022-08-01,sh.601377,兴业证券
2022-12-31,2022-08-01,sh.601390,中国中铁
2022-12-31,2022-08-01,sh.601398,工商银行
2022-12-31,2022-08-01,sh.601600,中国铝业
2022-12-31,2022-08-01,sh.601601,中国太保
2022-12-31,2022-08-01,sh.601618,中国中冶
2022-12-31,2022-08-01,sh.601628,中国人寿
2022-12-31,2022-08-01,sh.601633,长城汽车
2022-12-31,2022-08-01,sh.601658,邮储银行
2022-12-31,2022-08-01,sh.601668,中国建筑
2022-12-31,2022-08-01,sh.601669,中国电建
2022-12-31,2022-08-01,sh.601688,华泰证券
2022-12-31,2022-08-01,sh.601698,中国卫通
2022-12-31,2022-08-01,sh.601728,中国电信
2022-12-31,2022-08-01,sh.601766,中国中车
2022-12-31,2022-08-01,sh.601788,光大证券
2022-12-31,2022-08-01,sh.601799,星宇股份
2022-12-31,2022-08-01,sh.601800,中国交建
2022-12-31,2022-08-01,sh.601808,中海油服
2022-12-31,2022-08-01,sh.601816,京沪高铁
2022-12-31,2022-08-01,sh.601818,光大银行
2022-12-31,2022-08-01,sh.601825,沪农商行
2022-12-31,2022-08-01,sh.601838,成都银行
2022-12-31,2022-08-01,sh.601857,中国石油
2022-12-31,2022-08-01,sh.601865,福莱特
2022-12-31,2022-08-01,sh.601868,中国能建
2022-12-31,2022-08-01,sh.601877,正泰电器
2022-12-31,2022-08-01,sh.601878,浙商证券
2022-12-31,2022-08-01,sh.601881,中国银河
2022-12-31,2022-08-01,sh.601888,中国中免
2022-12-31,2022-08-01,sh.601898,中煤能源
2022-12-31,2022-08-01,sh.601899,紫金矿业
2022-12-31,2022-08-01,sh.601901,方正证券
2022-12-31,2022-08-01,sh.601916,浙商银行
2022-12-31,2022-08-01,sh.601919,中远海控
2022-12-31,2022-08-01,sh.601939,建设银行
2022-12-31,2022-08-01,sh.601966,玲珑轮胎
2022-12-31,2022-08-01,sh.601985,中国核电
2022-12-31,2022-08-01,sh.601988,中国银行
2022-12-31,2022-08-01,sh.601989,中国重工
2022-12-31,2022-08-01,sh.601995,中金公司
2022-12-31,2022-08-01,sh.601998,中信银行
2022-12-31,2022-08-01,sh.603019,中科曙光
2022-12-31,2022-08-01,sh.603087,甘李药业
2022-12-31,2022-08-01,sh.603160,汇顶科技
2022-12-31,2022-08-01,sh.603185,上机数控
2022-12-31,2022-08-01,sh.603195,公牛集团
2022-12-31,2022-08-01,sh.603259,药明康德
2022-12-31,2022-08-01,sh.603260,合盛硅业
2022-12-31,2022-08-01,sh.603288,海天味业
2022-12-31,2022-08-01,sh.603290,斯达半导
2022-12-31,2022-08-01,sh.603369,今世缘
2022-12-31,2022-08-01,sh.603392,万泰生物
2022-12-31,2022-08-01,sh.603486,科沃斯
2022-12-31,2022-08-01,sh.603501,韦尔股份
2022-12-31,2022-08-01,sh.603659,璞泰来
2022-12-31,2022-08-01,sh.603799,华友钴业
2022-12-31,2022-08-01,sh.603806,福斯特
2022-12-31,2022-08-01,sh.603833,欧派家居
2022-12-31,2022-08-01,sh.603882,金域医学
2022-12-31,2022-08-01,sh.603899,晨光股份
2022-12-31,2022-08-01,sh.603986,兆易创新
2022-12-31,2022-08-01,sh.603993,洛阳钼业
2022-12-31,2022-08-01,sh.605499,东鹏饮料
2022-12-31,2022-08-01,sh.688005,容百科技
2022-12-31,2022-08-01,sh.688008,澜起科技
2022-12-31,2022-08-01,sh.688012,中微公司
2022-12-31,2022-08-01,sh.688036,传音控股
2022-12-31,2022-08-01,sh.688065,凯赛生物
2022-12-31,2022-08-01,sh.688111,金山办公
2022-12-31,2022-08-01,sh.688126,沪硅产业
2022-12-31,2022-08-01,sh.688169,石头科技
2022-12-31,2022-08-01,sh.688363,华熙生物
2022-12-31,2022-08-01,sh.688396,华润微
2022-12-31,2022-08-01,sh.688561,奇安信
2022-12-31,2022-08-01,sh.688599,天合光能
2022-12-31,2022-08-01,sh.688981,中芯国际
2022-12-31,2022-08-01,sz.000001,平安银行
2022-12-31,2022-08-01,sz.000002,万科A
2022-12-31,2022-08-01,sz.000063,中兴通讯
2022-12-31,2022-08-01,sz.000066,中国长城
2022-12-31,2022-08-01,sz.000069,华侨城A
2022-12-31,2022-08-01,sz.000100,TCL科技
2022-12-31,2022-08-01,sz.000157,中联重科
2022-12-31,2022-08-01,sz.000166,申万宏源
2022-12-31,2022-08-01,sz.000301,东方盛虹
2022-12-31,2022-08-01,sz.000333,美的集团
2022-12-31,2022-08-01,sz.000338,潍柴动力
2022-12-31,2022-08-01,sz.000408,藏格矿业
2022-12-31,2022-08-01,sz.000425,徐工机械
2022-12-31,2022-08-01,sz.000538,云南白药
2022-12-31,2022-08-01,sz.000568,泸州老窖
2022-12-31,2022-08-01,sz.000596,古井贡酒
2022-12-31,2022-08-01,sz.000625,长安汽车
2022-12-31,2022-08-01,sz.000651,格力电器
2022-12-31,2022-08-01,sz.000661,长春高新
2022-12-31,2022-08-01,sz.000703,恒逸石化
2022-12-31,2022-08-01,sz.000708,中信特钢
2022-12-31,2022-08-01,sz.000725,京东方A
2022-12-31,2022-08-01,sz.000768,中航西飞
2022-12-31,2022-08-01,sz.000776,广发证券
2022-12-31,2022-08-01,sz.000786,北新建材
2022-12-31,2022-08-01,sz.000792,盐湖股份
2022-12-31,2022-08-01,sz.000800,一汽解放
2022-12-31,2022-08-01,sz.000858,五粮液
2022-12-31,2022-08-01,sz.000876,新希望
2022-12-31,2022-08-01,sz.000877,天山股份
2022-12-31,2022-08-01,sz.000895,双汇发展
2022-12-31,2022-08-01,sz.000938,紫光股份
2022-12-31,2022-08-01,sz.000963,华东医药
2022-12-31,2022-08-01,sz.000977,浪潮信息
2022-12-31,2022-08-01,sz.001289,龙源电力
2022-12-31,2022-08-01,sz.001979,招商蛇口
2022-12-31,2022-08-01,sz.002001,新和成
2022-12-31,2022-08-01,sz.002007,华兰生物
2022-12-31,2022-08-01,sz.002008,大族激光
2022-12-31,2022-08-01,sz.002027,分众传媒
2022-12-31,2022-08-01,sz.002032,苏泊尔
2022-12-31,2022-08-01,sz.002049,紫光国微
2022-12-31,2022-08-01,sz.002050,三花智控
2022-12-31,2022-08-01,sz.002064,华峰化学
2022-12-31,2022-08-01,sz.002074,国轩高科
2022-12-31,2022-08-01,sz.002120,韵达股份
2022-12-31,2022-08-01,sz.002129,TCL中环
2022-12-31,2022-08-01,sz.002142,宁波银行
2022-12-31,2022-08-01,sz.002179,中航光电
2022-12-31,2022-08-01,sz.002202,金风科技
2022-12-31,2022-08-01,sz.002230,科大讯飞
2022-12-31,2022-08-01,sz.002236,大华股份
2022-12-31,2022-08-01,sz.002241,歌尔股份
2022-12-31,2022-08-01,sz.002252,上海莱士
2022-12-31,2022-08-01,sz.002271,东方雨虹
2022-12-31,2022-08-01,sz.002304,洋河股份
2022-12-31,2022-08-01,sz.002311,海大集团
2022-12-31,2022-08-01,sz.002352,顺丰控股
2022-12-31,2022-08-01,sz.002371,北方华创
2022-12-31,2022-08-01,sz.002410,广联达
2022-12-31,2022-08-01,sz.002414,高德红外
2022-12-31,2022-08-01,sz.002415,海康威视
2022-12-31,2022-08-01,sz.002459,晶澳科技
2022-12-31,2022-08-01,sz.002460,赣锋锂业
2022-12-31,2022-08-01,sz.002466,天齐锂业
2022-12-31,2022-08-01,sz.002475,立讯精密
2022-12-31,2022-08-01,sz.002493,荣盛石化
2022-12-31,2022-08-01,sz.002555,三七互娱
2022-12-31,2022-08-01,sz.002568,百润股份
2022-12-31,2022-08-01,sz.002594,比亚迪
2022-12-31,2022-08-01,sz.002600,领益智造
2022-12-31,2022-08-01,sz.002601,龙佰集团
2022-12-31,2022-08-01,sz.002602,世纪华通
2022-12-31,2022-08-01,sz.002607,中公教育
2022-12-31,2022-08-01,sz.002648,卫星化学
2022-12-31,2022-08-01,sz.002709,天赐材料
2022-12-31,2022-08-01,sz.002714,牧原股份
2022-12-31,2022-08-01,sz.002736,国信证券
2022-12-31,2022-08-01,sz.002791,坚朗五金
2022-12-31,2022-08-01,sz.002812,恩捷股份
2022-12-31,2022-08-01,sz.002821,凯莱英
2022-12-31,2022-08-01,sz.002841,视源股份
2022-12-31,2022-08-01,sz.002916,深南电路
2022-12-31,2022-08-01,sz.002920,德赛西威
2022-12-31,2022-08-01,sz.002938,鹏鼎控股
2022-12-31,2022-08-01,sz.003816,中国广核
2022-12-31,2022-08-01,sz.300003,乐普医疗
2022-12-31,2022-08-01,sz.300014,亿纬锂能
2022-12-31,2022-08-01,sz.300015,爱尔眼科
2022-12-31,2022-08-01,sz.300033,同花顺
2022-12-31,2022-08-01,sz.300059,东方财富
2022-12-31,2022-08-01,sz.300122,智飞生物
2022-12-31,2022-08-01,sz.300124,汇川技术
2022-12-31,2022-08-01,sz.300142,沃森生物
2022-12-31,2022-08-01,sz.300207,欣旺达
2022-12-31,2022-08-01,sz.300223,北京君正
2022-12-31,2022-08-01,sz.300274,阳光电源
2022-12-31,2022-08-01,sz.300316,晶盛机电
2022-12-31,2022-08-01,sz.300347,泰格医药
2022-12-31,2022-08-01,sz.300408,三环集团
2022-12-31,2022-08-01,sz.300413,芒果超媒
2022-12-31,2022-08-01,sz.300433,蓝思科技
2022-12-31,2022-08-01,sz.300450,先导智能
2022-12-31,2022-08-01,sz.300454,深信服
2022-12-31,2022-08-01,sz.300496,中科创达
2022-12-31,2022-08-01,sz.300498,温氏股份
2022-12-31,2022-08-01,sz.300529,健帆生物
2022-12-31,2022-08-01,sz.300595,欧普康视
2022-12-31,2022-08-01,sz.300601,康泰生物
2022-12-31,2022-08-01,sz.300628,亿联网络
2022-12-31,2022-08-01,sz.300661,圣邦股份
2022-12-31,2022-08-01,sz.300750,宁德时代
2022-12-31,2022-08-01,sz.300751,迈为股份
2022-12-31,2022-08-01,sz.300759,康龙化成
2022-12-31,2022-08-01,sz.300760,迈瑞医疗
2022-12-31,2022-08-01,sz.300763,锦浪科技
2022-12-31,2022-08-01,sz.300782,卓胜微
2022-12-31,2022-08-01,sz.300866,安克创新
2022-12-31,2022-08-01,sz.300896,爱美客
2022-12-31,2022-08-01,sz.300919,中伟股份
2022-12-31,2022-08-01,sz.300957,贝泰妮
2022-12-31,2022-08-01,sz.300979,华利集团
2022-12-31,2022-08-01,sz.300999,金龙鱼
2023-01-31,2022-08-01,sh.600000,浦发银行
2023-01-31,2022-08-01,sh.600009,上海机场
2023-01-31,2022-08-01,sh.600010,包钢股份
2023-01-31,2022-08-01,sh.600011,华能国际
2023-01-31,2022-08-01,sh.600015,华夏银行
2023-01-31,2022-08-01,sh.600016,民生银行
2023-01-31,2022-08-01,sh.600018,上港集团
2023-01-31,2022-08-01,sh.600019,宝钢股份
2023-01-31,2022-08-01,sh.600025,华能水电
2023-01-31,2022-08-01,sh.600028,中国石化
2023-01-31,2022-08-01,sh.600029,南方航空
2023-01-31,2022-08-01,sh.600030,中信证券
2023-01-31,2022-08-01,sh.600031,三一重工
2023-01-31,2022-08-01,sh.600036,招商银行
2023-01-31,2022-08-01,sh.600048,保利发展
2023-01-31,2022-08-01,sh.600050,中国联通
2023-01-31,2022-08-01,sh.600061,国投资本
2023-01-31,2022-08-01,sh.600085,同仁堂
2023-01-31,2022-08-01,sh.600089,特变电工
2023-01-31,2022-08-01,sh.600104,上汽集团
2023-01-31,2022-08-01,sh.600111,北方稀土
2023-01-31,2022-08-01,sh.600115,中国东航
2023-01-31,2022-08-01,sh.600132,重庆啤酒
2023-01-31,2022-08-01,sh.600150,中国船舶
2023-01-31,2022-08-01,sh.600161,天坛生物
2023-01-31,2022-08-01,sh.600176,中国巨石
2023-01-31,2022-08-01,sh.600183,生益科技
2023-01-31,2022-08-01,sh.600188,兖矿能源
2023-01-31,2022-08-01,sh.600196,复星医药
2023-01-31,2022-08-01,sh.600219,南山铝业
2023-01-31,2022-08-01,sh.600276,恒瑞医药
2023-01-31,2022-08-01,sh.600309,万华化学
2023-01-31,2022-08-01,sh.600332,白云山
2023-01-31,2022-08-01,sh.600346,恒力石化
2023-01-31,2022-08-01,sh.600352,浙江龙盛
2023-01-31,2022-08-01,sh.600362,江西铜业
2023-01-31,2022-08-01,sh.600383,金地集团
2023-01-31,2022-08-01,sh.600406,国电南瑞
2023-01-31,2022-08-01,sh.600426,华鲁恒升
2023-01-31,2022-08-01,sh.600436,片仔癀
2023-01-31,2022-08-01,sh.600438,通威股份
2023-01-31,2022-08-01,sh.600460,士兰微
2023-01-31,2022-08-01,sh.600489,中金黄金
2023-01-31,2022-08-01,sh.600519,贵州茅台
2023-01-31,2022-08-01,sh.600547,山东黄金
2023-01-31,2022-08-01,sh.600570,恒生电子
2023-01-31,2022-08-01,sh.600584,长电科技
2023-01-31,2022-08-01,sh.600585,海螺水泥
2023-01-31,2022-08-01,sh.600588,用友网络
2023-01-31,2022-08-01,sh.600600,青岛啤酒
2023-01-31,2022-08-01,sh.600606,绿地控股
2023-01-31,2022-08-01,sh.600655,豫园股份
2023-01-31,2022-08-01,sh.600660,福耀玻璃
2023-01-31,2022-08-01,sh.600690,海尔智家
2023-01-31,2022-08-01,sh.600741,华域汽车
2023-01-31,2022-08-01,sh.600745,闻泰科技
2023-01-31,2022-08-01,sh.600760,中航沈飞
2023-01-31,2022-08-01,sh.600763,通策医疗
2023-01-31,2022-08-01,sh.600795,国电电力
2023-01-31,2022-08-01,sh.600809,山西汾酒
2023-01-31,2022-08-01,sh.600837,海通证券
2023-01-31,2022-08-01,sh.600845,宝信软件
2023-01-31,2022-08-01,sh.600886,国投电力
2023-01-31,2022-08-01,sh.600887,伊利股份
2023-01-31,2022-08-01,sh.600893,航发动力
2023-01-31,2022-08-01,sh.600900,长江电力
2023-01-31,2022-08-01,sh.600905,三峡能源
2023-01-31,2022-08-01,sh.600918,中泰证券
2023-01-31,2022-08-01,sh.600919,江苏银行
2023-01-31,2022-08-01,sh.600926,杭州银行
2023-01-31,2022-08-01,sh.600941,中国移动
2023-01-31,2022-08-01,sh.600958,东方证券
2023-01-31,2022-08-01,sh.600989,宝丰能源
2023-01-31,2022-08-01,sh.600999,招商证券
2023-01-31,2022-08-01,sh.601006,大秦铁路
2023-01-31,2022-08-01,sh.601009,南京银行
2023-01-31,2022-08-01,sh.601012,隆基绿能
2023-01-31,2022-08-01,sh.601021,春秋航空
2023-01-31,2022-08-01,sh.601066,中信建投
2023-01-31,2022-08-01,sh.601088,中国神华
2023-01-31,2022-08-01,sh.601100,恒立液压
2023-01-31,2022-08-01,sh.601111,中国国航
2023-01-31,2022-08-01,sh.601117,中国化学
2023-01-31,2022-08-01,sh.601138,工业富联
2023-01-31,2022-08-01,sh.601155,新城控股
2023-01-31,2022-08-01,sh.601166,兴业银行
2023-01-31,2022-08-01,sh.601169,北京银行
2023-01-31,2022-08-01,sh.601186,中国铁建
2023-01-31,2022-08-01,sh.601211,国泰君安
2023-01-31,2022-08-01,sh.601216,君正集团
2023-01-31,2022-08-01,sh.601225,陕西煤业
2023-01-31,2022-08-01,sh.601229,上海银行
2023-01-31,2022-08-01,sh.601236,红塔证券
2023-01-31,2022-08-01,sh.601238,广汽集团
2023-01-31,2022-08-01,sh.601288,农业银行
2023-01-31,2022-08-01,sh.601318,中国平安
2023-01-31,2022-08-01,sh.601319,中国人保
2023-01-31,2022-08-01,sh.601328,交通银行
2023-01-31,2022-08-01,sh.601336,新华保险
2023-01-31,2022-08-01,sh.601360,三六零
2023-01-31,2022-08-01,sh.601377,兴业证券
2023-01-31,2022-08-01,sh.601390,中国中铁
2023-01-31,2022-08-01,sh.601398,工商银行
2023-01-31,2022-08-01,sh.601600,中国铝业
2023-01-31,2022-08-01,sh.601601,中国太保
2023-01-31,2022-08-01,sh.601618,中国中冶
2023-01-31,2022-08-01,sh.601628,中国人寿
2023-01-31,2022-08-01,sh.601633,长城汽车
2023-01-31,2022-08-01,sh.601658,邮储银行
2023-01-31,2022-08-01,sh.601668,中国建筑
2023-01-31,2022-08-01,sh.601669,中国电建
2023-01-31,2022-08-01,sh.601688,华泰证券
2023-01-31,2022-08-01,sh.601698,中国卫通
2023-01-31,2022-08-01,sh.601728,中国电信
2023-01-31,2022-08-01,sh.601766,中国中车
2023-01-31,2022-08-01,sh.601788,光大证券
2023-01-31,2022-08-01,sh.601799,星宇股份
2023-01-31,2022-08-01,sh.601800,中国交建
2023-01-31,2022-08-01,sh.601808,中海油服
2023-01-31,2022-08-01,sh.601816,京沪高铁
2023-01-31,2022-08-01,sh.601818,光大银行
2023-01-31,2022-08-01,sh.601825,沪农商行
2023-01-31,2022-08-01,sh.601838,成都银行
2023-01-31,2022-08-01,sh.601857,中国石油
2023-01-31,2022-08-01,sh.601865,福莱特
2023-01-31,2022-08-01,sh.601868,中国能建
2023-01-31,2022-08-01,sh.601877,正泰电器
2023-01-31,2022-08-01,sh.601878,浙商证券
2023-01-31,2022-08-01,sh.601881,中国银河
2023-01-31,2022-08-01,sh.601888,中国中免
2023-01-31,2022-08-01,sh.601898,中煤能源
2023-01-31,2022-08-01,sh.601899,紫金矿业
2023-01-31,2022-08-01,sh.601901,方正证券
2023-01-31,2022-08-01,sh.601916,浙商银行
2023-01-31,2022-08-01,sh.601919,中远海控
2023-01-31,2022-08-01,sh.601939,建设银行
2023-01-31,2022-08-01,sh.601966,玲珑轮胎
2023-01-31,2022-08-01,sh.601985,中国核电
2023-01-31,2022-08-01,sh.601988,中国银行
2023-01-31,2022-08-01,sh.601989,中国重工
2023-01-31,2022-08-01,sh.601995,中金公司
2023-01-31,2022-08-01,sh.601998,中信银行
2023-01-31,2022-08-01,sh.603019,中科曙光
2023-01-31,2022-08-01,sh.603087,甘李药业
2023-01-31,2022-08-01,sh.603160,汇顶科技
2023-01-31,2022-08-01,sh.603185,上机数控
2023-01-31,2022-08-01,sh.603195,公牛集团
2023-01-31,2022-08-01,sh.603259,药明康德
2023-01-31,2022-08-01,sh.603260,合盛硅业
2023-01-31,2022-08-01,sh.603288,海天味业
2023-01-31,2022-08-01,sh.603290,斯达半导
2023-01-31,2022-08-01,sh.603369,今世缘
2023-01-31,2022-08-01,sh.603392,万泰生物
2023-01-31,2022-08-01,sh.603486,科沃斯
2023-01-31,2022-08-01,sh.603501,韦尔股份
2023-01-31,2022-08-01,sh.603659,璞泰来
2023-01-31,2022-08-01,sh.603799,华友钴业
2023-01-31,2022-08-01,sh.603806,福斯特
2023-01-31,2022-08-01,sh.603833,欧派家居
2023-01-31,2022-08-01,sh.603882,金域医学
2023-01-31,2022-08-01,sh.603899,晨光股份
2023-01-31,2022-08-01,sh.603986,兆易创新
2023-01-31,2022-08-01,sh.603993,洛阳钼业
2023-01-31,2022-08-01,sh.605499,东鹏饮料
2023-01-31,2022-08-01,sh.688005,容百科技
2023-01-31,2022-08-01,sh.688008,澜起科技
2023-01-31,2022-08-01,sh.688012,中微公司
2023-01-31,2022-08-01,sh.688036,传音控股
2023-01-31,2022-08-01,sh.688065,凯赛生物
2023-01-31,2022-08-01,sh.688111,金山办公
2023-01-31,2022-08-01,sh.688126,沪硅产业
2023-01-31,2022-08-01,sh.688169,石头科技
2023-01-31,2022-08-01,sh.688363,华熙生物
2023-01-31,2022-08-01,sh.688396,华润微
2023-01-31,2022-08-01,sh.688561,奇安信
2023-01-31,2022-08-01,sh.688599,天合光能
2023-01-31,2022-08-01,sh.688981,中芯国际
2023-01-31,2022-08-01,sz.000001,平安银行
2023-01-31,2022-08-01,sz.000002,万科A
2023-01-31,2022-08-01,sz.000063,中兴通讯
2023-01-31,2022-08-01,sz.000066,中国长城
2023-01-31,2022-08-01,sz.000069,华侨城A
2023-01-31,2022-08-01,sz.000100,TCL科技
2023-01-31,2022-08-01,sz.000157,中联重科
2023-01-31,2022-08-01,sz.000166,申万宏源
2023-01-31,2022-08-01,sz.000301,东方盛虹
2023-01-31,2022-08-01,sz.000333,美的集团
2023-01-31,2022-08-01,sz.000338,潍柴动力
2023-01-31,2022-08-01,sz.000408,藏格矿业
2023-01-31,2022-08-01,sz.000425,徐工机械
2023-01-31,2022-08-01,sz.000538,云南白药
2023-01-31,2022-08-01,sz.000568,泸州老窖
2023-01-31,2022-08-01,sz.000596,古井贡酒
2023-01-31,2022-08-01,sz.000625,长安汽车
2023-01-31,2022-08-01,sz.000651,格力电器
2023-01-31,2022-08-01,sz.000661,长春高新
2023-01-31,2022-08-01,sz.000703,恒逸石化
2023-01-31,2022-08-01,sz.000708,中信特钢
2023-01-31,2022-08-01,sz.000725,京东方A
2023-01-31,2022-08-01,sz.000768,中航西飞
2023-01-31,2022-08-01,sz.000776,广发证券
2023-01-31,2022-08-01,sz.000786,北新建材
2023-01-31,2022-08-01,sz.000792,盐湖股份
2023-01-31,2022-08-01,sz.000800,一汽解放
2023-01-31,2022-08-01,sz.000858,五粮液
2023-01-31,2022-08-01,sz.000876,新希望
2023-01-31,2022-08-01,sz.000877,天山股份
2023-01-31,2022-08-01,sz.000895,双汇发展
2023-01-31,2022-08-01,sz.000938,紫光股份
2023-01-31,2022-08-01,sz.000963,华东医药
2023-01-31,2022-08-01,sz.000977,浪潮信息
2023-01-31,2022-08-01,sz.001289,龙源电力
2023-01-31,2022-08-01,sz.001979,招商蛇口
2023-01-31,2022-08-01,sz.002001,新和成
2023-01-31,2022-08-01,sz.002007,华兰生物
2023-01-31,2022-08-01,sz.002008,大族激光
2023-01-31,2022-08-01,sz.002027,分众传媒
2023-01-31,2022-08-01,sz.002032,苏泊尔
2023-01-31,2022-08-01,sz.002049,紫光国微
2023-01-31,2022-08-01,sz.002050,三花智控
2023-01-31,2022-08-01,sz.002064,华峰化学
2023-01-31,2022-08-01,sz.002074,国轩高科
2023-01-31,2022-08-01,sz.002120,韵达股份
2023-01-31,2022-08-01,sz.002129,TCL中环
2023-01-31,2022-08-01,sz.002142,宁波银行
2023-01-31,2022-08-01,sz.002179,中航光电
2023-01-31,2022-08-01,sz.002202,金风科技
2023-01-31,2022-08-01,sz.002230,科大讯飞
2023-01-31,2022-08-01,sz.002236,大华股份
2023-01-31,2022-08-01,sz.002241,歌尔股份
2023-01-31,2022-08-01,sz.002252,上海莱士
2023-01-31,2022-08-01,sz.002271,东方雨虹
2023-01-31,2022-08-01,sz.002304,洋河股份
2023-01-31,2022-08-01,sz.002311,海大集团
2023-01-31,2022-08-01,sz.002352,顺丰控股
2023-01-31,2022-08-01,sz.002371,北方华创
2023-01-31,2022-08-01,sz.002410,广联达
2023-01-31,2022-08-01,sz.002414,高德红外
2023-01-31,2022-08-01,sz.002415,海康威视
2023-01-31,2022-08-01,sz.002459,晶澳科技
2023-01-31,2022-08-01,sz.002460,赣锋锂业
2023-01-31,2022-08-01,sz.002466,天齐锂业
2023-01-31,2022-08-01,sz.002475,立讯精密
2023-01-31,2022-08-01,sz.002493,荣盛石化
2023-01-31,2022-08-01,sz.002555,三七互娱
2023-01-31,2022-08-01,sz.002568,百润股份
2023-01-31,2022-08-01,sz.002594,比亚迪
2023-01-31,2022-08-01,sz.002600,领益智造
2023-01-31,2022-08-01,sz.002601,龙佰集团
2023-01-31,2022-08-01,sz.002602,世纪华通
2023-01-31,2022-08-01,sz.002607,中公教育
2023-01-31,2022-08-01,sz.002648,卫星化学
2023-01-31,2022-08-01,sz.002709,天赐材料
2023-01-31,2022-08-01,sz.002714,牧原股份
2023-01-31,2022-08-01,sz.002736,国信证券
2023-01-31,2022-08-01,sz.002791,坚朗五金
2023-01-31,2022-08-01,sz.002812,恩捷股份
2023-01-31,2022-08-01,sz.002821,凯莱英
2023-01-31,2022-08-01,sz.002841,视源股份
2023-01-31,2022-08-01,sz.002916,深南电路
2023-01-31,2022-08-01,sz.002920,德赛西威
2023-01-31,2022-08-01,sz.002938,鹏鼎控股
2023-01-31,2022-08-01,sz.003816,中国广核
2023-01-31,2022-08-01,sz.300003,乐普医疗
2023-01-31,2022-08-01,sz.300014,亿纬锂能
2023-01-31,2022-08-01,sz.300015,爱尔眼科
2023-01-31,2022-08-01,sz.300033,同花顺
2023-01-31,2022-08-01,sz.300059,东方财富
2023-01-31,2022-08-01,sz.300122,智飞生物
2023-01-31,2022-08-01,sz.300124,汇川技术
2023-01-31,2022-08-01,sz.300142,沃森生物
2023-01-31,2022-08-01,sz.300207,欣旺达
2023-01-31,2022-08-01,sz.300223,北京君正
2023-01-31,2022-08-01,sz.300274,阳光电源
2023-01-31,2022-08-01,sz.300316,晶盛机电
2023-01-31,2022-08-01,sz.300347,泰格医药
2023-01-31,2022-08-01,sz.300408,三环集团
2023-01-31,2022-08-01,sz.300413,芒果超媒
2023-01-31,2022-08-01,sz.300433,蓝思科技
2023-01-31,2022-08-01,sz.300450,先导智能
2023-01-31,2022-08-01,sz.300454,深信服
2023-01-31,2022-08-01,sz.300496,中科创达
2023-01-31,2022-08-01,sz.300498,温氏股份
2023-01-31,2022-08-01,sz.300529,健帆生物
2023-01-31,2022-08-01,sz.300595,欧普康视
2023-01-31,2022-08-01,sz.300601,康泰生物
2023-01-31,2022-08-01,sz.300628,亿联网络
2023-01-31,2022-08-01,sz.300661,圣邦股份
2023-01-31,2022-08-01,sz.300750,宁德时代
2023-01-31,2022-08-01,sz.300751,迈为股份
2023-01-31,2022-08-01,sz.300759,康龙化成
2023-01-31,2022-08-01,sz.300760,迈瑞医疗
2023-01-31,2022-08-01,sz.300763,锦浪科技
2023-01-31,2022-08-01,sz.300782,卓胜微
2023-01-31,2022-08-01,sz.300866,安克创新
2023-01-31,2022-08-01,sz.300896,爱美客
2023-01-31,2022-08-01,sz.300919,中伟股份
2023-01-31,2022-08-01,sz.300957,贝泰妮
2023-01-31,2022-08-01,sz.300979,华利集团
2023-01-31,2022-08-01,sz.300999,金龙鱼
2023-02-28,2022-08-01,sh.600000,浦发银行
2023-02-28,2022-08-01,sh.600009,上海机场
2023-02-28,2022-08-01,sh.600010,包钢股份
2023-02-28,2022-08-01,sh.600011,华能国际
2023-02-28,2022-08-01,sh.600015,华夏银行
2023-02-28,2022-08-01,sh.600016,民生银行
2023-02-28,2022-08-01,sh.600018,上港集团
2023-02-28,2022-08-01,sh.600019,宝钢股份
2023-02-28,2022-08-01,sh.600025,华能水电
2023-02-28,2022-08-01,sh.600028,中国石化
2023-02-28,2022-08-01,sh.600029,南方航空
2023-02-28,2022-08-01,sh.600030,中信证券
2023-02-28,2022-08-01,sh.600031,三一重工
2023-02-28,2022-08-01,sh.600036,招商银行
2023-02-28,2022-08-01,sh.600048,保利发展
2023-02-28,2022-08-01,sh.600050,中国联通
2023-02-28,2022-08-01,sh.600061,国投资本
2023-02-28,2022-08-01,sh.600085,同仁堂
2023-02-28,2022-08-01,sh.600089,特变电工
2023-02-28,2022-08-01,sh.600104,上汽集团
2023-02-28,2022-08-01,sh.600111,北方稀土
2023-02-28,2022-08-01,sh.600115,中国东航
2023-02-28,2022-08-01,sh.600132,重庆啤酒
2023-02-28,2022-08-01,sh.600150,中国船舶
2023-02-28,2022-08-01,sh.600161,天坛生物
2023-02-28,2022-08-01,sh.600176,中国巨石
2023-02-28,2022-08-01,sh.600183,生益科技
2023-02-28,2022-08-01,sh.600188,兖矿能源
2023-02-28,2022-08-01,sh.600196,复星医药
2023-02-28,2022-08-01,sh.600219,南山铝业
2023-02-28,2022-08-01,sh.600276,恒瑞医药
2023-02-28,2022-08-01,sh.600309,万华化学
2023-02-28,2022-08-01,sh.600332,白云山
2023-02-28,2022-08-01,sh.600346,恒力石化
2023-02-28,2022-08-01,sh.600352,浙江龙盛
2023-02-28,2022-08-01,sh.600362,江西铜业
2023-02-28,2022-08-01,sh.600383,金地集团
2023-02-28,2022-08-01,sh.600406,国电南瑞
2023-02-28,2022-08-01,sh.600426,华鲁恒升
2023-02-28,2022-08-01,sh.600436,片仔癀
2023-02-28,2022-08-01,sh.600438,通威股份
2023-02-28,2022-08-01,sh.600460,士兰微
2023-02-28,2022-08-01,sh.600489,中金黄金
2023-02-28,2022-08-01,sh.600519,贵州茅台
2023-02-28,2022-08-01,sh.600547,山东黄金
2023-02-28,2022-08-01,sh.600570,恒生电子
2023-02-28,2022-08-01,sh.600584,长电科技
2023-02-28,2022-08-01,sh.600585,海螺水泥
2023-02-28,2022-08-01,sh.600588,用友网络
2023-02-28,2022-08-01,sh.600600,青岛啤酒
2023-02-28,2022-08-01,sh.600606,绿地控股
2023-02-28,2022-08-01,sh.600655,豫园股份
2023-02-28,2022-08-01,sh.600660,福耀玻璃
2023-02-28,2022-08-01,sh.600690,海尔智家
2023-02-28,2022-08-01,sh.600741,华域汽车
2023-02-28,2022-08-01,sh.600745,闻泰科技
2023-02-28,2022-08-01,sh.600760,中航沈飞
2023-02-28,2022-08-01,sh.600763,通策医疗
2023-02-28,2022-08-01,sh.600795,国电电力
2023-02-28,2022-08-01,sh.600809,山西汾酒
2023-02-28,2022-08-01,sh.600837,海通证券
2023-02-28,2022-08-01,sh.600845,宝信软件
2023-02-28,2022-08-01,sh.600886,国投电力
2023-02-28,2022-08-01,sh.600887,伊利股份
2023-02-28,2022-08-01,sh.600893,航发动力
2023-02-28,2022-08-01,sh.600900,长江电力
2023-02-28,2022-08-01,sh.600905,三峡能源
2023-02-28,2022-08-01,sh.600918,中泰证券
2023-02-28,2022-08-01,sh.600919,江苏银行
2023-02-28,2022-08-01,sh.600926,杭州银行
2023-02-28,2022-08-01,sh.600941,中国移动
2023-02-28,2022-08-01,sh.600958,东方证券
2023-02-28,2022-08-01,sh.600989,宝丰能源
2023-02-28,2022-08-01,sh.600999,招商证券
2023-02-28,2022-08-01,sh.601006,大秦铁路
2023-02-28,2022-08-01,sh.601009,南京银行
2023-02-28,2022-08-01,sh.601012,隆基绿能
2023-02-28,2022-08-01,sh.601021,春秋航空
2023-02-28,2022-08-01,sh.601066,中信建投
2023-02-28,2022-08-01,sh.601088,中国神华
2023-02-28,2022-08-01,sh.601100,恒立液压
2023-02-28,2022-08-01,sh.601111,中国国航
2023-02-28,2022-08-01,sh.601117,中国化学
2023-02-28,2022-08-01,sh.601138,工业富联
2023-02-28,2022-08-01,sh.601155,新城控股
2023-02-28,2022-08-01,sh.601166,兴业银行
2023-02-28,2022-08-01,sh.601169,北京银行
2023-02-28,2022-08-01,sh.601186,中国铁建
2023-02-28,2022-08-01,sh.601211,国泰君安
2023-02-28,2022-08-01,sh.601216,君正集团
2023-02-28,2022-08-01,sh.601225,陕西煤业
2023-02-28,2022-08-01,sh.601229,上海银行
2023-02-28,2022-08-01,sh.601236,红塔证券
2023-02-28,2022-08-01,sh.601238,广汽集团
2023-02-28,2022-08-01,sh.601288,农业银行
2023-02-28,2022-08-01,sh.601318,中国平安
2023-02-28,2022-08-01,sh.601319,中国人保
2023-02-28,2022-08-01,sh.601328,交通银行
2023-02-28,2022-08-01,sh.601336,新华保险
2023-02-28,2022-08-01,sh.601360,三六零
2023-02-28,2022-08-01,sh.601377,兴业证券
2023-02-28,2022-08-01,sh.601390,中国中铁
2023-02-28,2022-08-01,sh.601398,工商银行
2023-02-28,2022-08-01,sh.601600,中国铝业
2023-02-28,2022-08-01,sh.601601,中国太保
2023-02-28,2022-08-01,sh.601618,中国中冶
2023-02-28,2022-08-01,sh.601628,中国人寿
2023-02-28,2022-08-01,sh.601633,长城汽车
2023-02-28,2022-08-01,sh.601658,邮储银行
2023-02-28,2022-08-01,sh.601668,中国建筑
2023-02-28,2022-08-01,sh.601669,中国电建
2023-02-28,2022-08-01,sh.601688,华泰证券
2023-02-28,2022-08-01,sh.601698,中国卫通
2023-02-28,2022-08-01,sh.601728,中国电信
2023-02-28,2022-08-01,sh.601766,中国中车
2023-02-28,2022-08-01,sh.601788,光大证券
2023-02-28,2022-08-01,sh.601799,星宇股份
2023-02-28,2022-08-01,sh.601800,中国交建
2023-02-28,2022-08-01,sh.601808,中海油服
2023-02-28,2022-08-01,sh.601816,京沪高铁
2023-02-28,2022-08-01,sh.601818,光大银行
2023-02-28,2022-08-01,sh.601825,沪农商行
2023-02-28,2022-08-01,sh.601838,成都银行
2023-02-28,2022-08-01,sh.601857,中国石油
2023-02-28,2022-08-01,sh.601865,福莱特
2023-02-28,2022-08-01,sh.601868,中国能建
2023-02-28,2022-08-01,sh.601877,正泰电器
2023-02-28,2022-08-01,sh.601878,浙商证券
2023-02-28,2022-08-01,sh.601881,中国银河
2023-02-28,2022-08-01,sh.601888,中国中免
2023-02-28,2022-08-01,sh.601898,中煤能源
2023-02-28,2022-08-01,sh.601899,紫金矿业
2023-02-28,2022-08-01,sh.601901,方正证券
2023-02-28,2022-08-01,sh.601916,浙商银行
2023-02-28,2022-08-01,sh.601919,中远海控
2023-02-28,2022-08-01,sh.601939,建设银行
2023-02-28,2022-08-01,sh.601966,玲珑轮胎
2023-02-28,2022-08-01,sh.601985,中国核电
2023-02-28,2022-08-01,sh.601988,中国银行
2023-02-28,2022-08-01,sh.601989,中国重工
2023-02-28,2022-08-01,sh.601995,中金公司
2023-02-28,2022-08-01,sh.601998,中信银行
2023-02-28,2022-08-01,sh.603019,中科曙光
2023-02-28,2022-08-01,sh.603087,甘李药业
2023-02-28,2022-08-01,sh.603160,汇顶科技
2023-02-28,2022-08-01,sh.603185,上机数控
2023-02-28,2022-08-01,sh.603195,公牛集团
2023-02-28,2022-08-01,sh.603259,药明康德
2023-02-28,2022-08-01,sh.603260,合盛硅业
2023-02-28,2022-08-01,sh.603288,海天味业
2023-02-28,2022-08-01,sh.603290,斯达半导
2023-02-28,2022-08-01,sh.603369,今世缘
2023-02-28,2022-08-01,sh.603392,万泰生物
2023-02-28,2022-08-01,sh.603486,科沃斯
2023-02-28,2022-08-01,sh.603501,韦尔股份
2023-02-28,2022-08-01,sh.603659,璞泰来
2023-02-28,2022-08-01,sh.603799,华友钴业
2023-02-28,2022-08-01,sh.603806,福斯特
2023-02-28,2022-08-01,sh.603833,欧派家居
2023-02-28,2022-08-01,sh.603882,金域医学
2023-02-28,2022-08-01,sh.603899,晨光股份
2023-02-28,2022-08-01,sh.603986,兆易创新
2023-02-28,2022-08-01,sh.603993,洛阳钼业
2023-02-28,2022-08-01,sh.605499,东鹏饮料
2023-02-28,2022-08-01,sh.688005,容百科技
2023-02-28,2022-08-01,sh.688008,澜起科技
2023-02-28,2022-08-01,sh.688012,中微公司
2023-02-28,2022-08-01,sh.688036,传音控股
2023-02-28,2022-08-01,sh.688065,凯赛生物
2023-02-28,2022-08-01,sh.688111,金山办公
2023-02-28,2022-08-01,sh.688126,沪硅产业
2023-02-28,2022-08-01,sh.688169,石头科技
2023-02-28,2022-08-01,sh.688363,华熙生物
2023-02-28,2022-08-01,sh.688396,华润微
2023-02-28,2022-08-01,sh.688561,奇安信
2023-02-28,2022-08-01,sh.688599,天合光能
2023-02-28,2022-08-01,sh.688981,中芯国际
2023-02-28,2022-08-01,sz.000001,平安银行
2023-02-28,2022-08-01,sz.000002,万科A
2023-02-28,2022-08-01,sz.000063,中兴通讯
2023-02-28,2022-08-01,sz.000066,中国长城
2023-02-28,2022-08-01,sz.000069,华侨城A
2023-02-28,2022-08-01,sz.000100,TCL科技
2023-02-28,2022-08-01,sz.000157,中联重科
2023-02-28,2022-08-01,sz.000166,申万宏源
2023-02-28,2022-08-01,sz.000301,东方盛虹
2023-02-28,2022-08-01,sz.000333,美的集团
2023-02-28,2022-08-01,sz.000338,潍柴动力
2023-02-28,2022-08-01,sz.000408,藏格矿业
2023-02-28,2022-08-01,sz.000425,徐工机械
2023-02-28,2022-08-01,sz.000538,云南白药
2023-02-28,2022-08-01,sz.000568,泸州老窖
2023-02-28,2022-08-01,sz.000596,古井贡酒
2023-02-28,2022-08-01,sz.000625,长安汽车
2023-02-28,2022-08-01,sz.000651,格力电器
2023-02-28,2022-08-01,sz.000661,长春高新
2023-02-28,2022-08-01,sz.000703,恒逸石化
2023-02-28,2022-08-01,sz.000708,中信特钢
2023-02-28,2022-08-01,sz.000725,京东方A
2023-02-28,2022-08-01,sz.000768,中航西飞
2023-02-28,2022-08-01,sz.000776,广发证券
2023-02-28,2022-08-01,sz.000786,北新建材
2023-02-28,2022-08-01,sz.000792,盐湖股份
2023-02-28,2022-08-01,sz.000800,一汽解放
2023-02-28,2022-08-01,sz.000858,五粮液
2023-02-28,2022-08-01,sz.000876,新希望
2023-02-28,2022-08-01,sz.000877,天山股份
2023-02-28,2022-08-01,sz.000895,双汇发展
2023-02-28,2022-08-01,sz.000938,紫光股份
2023-02-28,2022-08-01,sz.000963,华东医药
2023-02-28,2022-08-01,sz.000977,浪潮信息
2023-02-28,2022-08-01,sz.001289,龙源电力
2023-02-28,2022-08-01,sz.001979,招商蛇口
2023-02-28,2022-08-01,sz.002001,新和成
2023-02-28,2022-08-01,sz.002007,华兰生物
2023-02-28,2022-08-01,sz.002008,大族激光
2023-02-28,2022-08-01,sz.002027,分众传媒
2023-02-28,2022-08-01,sz.002032,苏泊尔
2023-02-28,2022-08-01,sz.002049,紫光国微
2023-02-28,2022-08-01,sz.002050,三花智控
2023-02-28,2022-08-01,sz.002064,华峰化学
2023-02-28,2022-08-01,sz.002074,国轩高科
2023-02-28,2022-08-01,sz.002120,韵达股份
2023-02-28,2022-08-01,sz.002129,TCL中环
2023-02-28,2022-08-01,sz.002142,宁波银行
2023-02-28,2022-08-01,sz.002179,中航光电
2023-02-28,2022-08-01,sz.002202,金风科技
2023-02-28,2022-08-01,sz.002230,科大讯飞
2023-02-28,2022-08-01,sz.002236,大华股份
2023-02-28,2022-08-01,sz.002241,歌尔股份
2023-02-28,2022-08-01,sz.002252,上海莱士
2023-02-28,2022-08-01,sz.002271,东方雨虹
2023-02-28,2022-08-01,sz.002304,洋河股份
2023-02-28,2022-08-01,sz.002311,海大集团
2023-02-28,2022-08-01,sz.002352,顺丰控股
2023-02-28,2022-08-01,sz.002371,北方华创
2023-02-28,2022-08-01,sz.002410,广联达
2023-02-28,2022-08-01,sz.002414,高德红外
2023-02-28,2022-08-01,sz.002415,海康威视
2023-02-28,2022-08-01,sz.002459,晶澳科技
2023-02-28,2022-08-01,sz.002460,赣锋锂业
2023-02-28,2022-08-01,sz.002466,天齐锂业
2023-02-28,2022-08-01,sz.002475,立讯精密
2023-02-28,2022-08-01,sz.002493,荣盛石化
2023-02-28,2022-08-01,sz.002555,三七互娱
2023-02-28,2022-08-01,sz.002568,百润股份
2023-02-28,2022-08-01,sz.002594,比亚迪
2023-02-28,2022-08-01,sz.002600,领益智造
2023-02-28,2022-08-01,sz.002601,龙佰集团
2023-02-28,2022-08-01,sz.002602,世纪华通
2023-02-28,2022-08-01,sz.002607,中公教育
2023-02-28,2022-08-01,sz.002648,卫星化学
2023-02-28,2022-08-01,sz.002709,天赐材料
2023-02-28,2022-08-01,sz.002714,牧原股份
2023-02-28,2022-08-01,sz.002736,国信证券
2023-02-28,2022-08-01,sz.002791,坚朗五金
2023-02-28,2022-08-01,sz.002812,恩捷股份
2023-02-28,2022-08-01,sz.002821,凯莱英
2023-02-28,2022-08-01,sz.002841,视源股份
2023-02-28,2022-08-01,sz.002916,深南电路
2023-02-28,2022-08-01,sz.002920,德赛西威
2023-02-28,2022-08-01,sz.002938,鹏鼎控股
2023-02-28,2022-08-01,sz.003816,中国广核
2023-02-28,2022-08-01,sz.300003,乐普医疗
2023-02-28,2022-08-01,sz.300014,亿纬锂能
2023-02-28,2022-08-01,sz.300015,爱尔眼科
2023-02-28,2022-08-01,sz.300033,同花顺
2023-02-28,2022-08-01,sz.300059,东方财富
2023-02-28,2022-08-01,sz.300122,智飞生物
2023-02-28,2022-08-01,sz.300124,汇川技术
2023-02-28,2022-08-01,sz.300142,沃森生物
2023-02-28,2022-08-01,sz.300207,欣旺达
2023-02-28,2022-08-01,sz.300223,北京君正
2023-02-28,2022-08-01,sz.300274,阳光电源
2023-02-28,2022-08-01,sz.300316,晶盛机电
2023-02-28,2022-08-01,sz.300347,泰格医药
2023-02-28,2022-08-01,sz.300408,三环集团
2023-02-28,2022-08-01,sz.300413,芒果超媒
2023-02-28,2022-08-01,sz.300433,蓝思科技
2023-02-28,2022-08-01,sz.300450,先导智能
2023-02-28,2022-08-01,sz.300454,深信服
2023-02-28,2022-08-01,sz.300496,中科创达
2023-02-28,2022-08-01,sz.300498,温氏股份
2023-02-28,2022-08-01,sz.300529,健帆生物
2023-02-28,2022-08-01,sz.300595,欧普康视
2023-02-28,2022-08-01,sz.300601,康泰生物
2023-02-28,2022-08-01,sz.300628,亿联网络
2023-02-28,2022-08-01,sz.300661,圣邦股份
2023-02-28,2022-08-01,sz.300750,宁德时代
2023-02-28,2022-08-01,sz.300751,迈为股份
2023-02-28,2022-08-01,sz.300759,康龙化成
2023-02-28,2022-08-01,sz.300760,迈瑞医疗
2023-02-28,2022-08-01,sz.300763,锦浪科技
2023-02-28,2022-08-01,sz.300782,卓胜微
2023-02-28,2022-08-01,sz.300866,安克创新
2023-02-28,2022-08-01,sz.300896,爱美客
2023-02-28,2022-08-01,sz.300919,中伟股份
2023-02-28,2022-08-01,sz.300957,贝泰妮
2023-02-28,2022-08-01,sz.300979,华利集团
2023-02-28,2022-08-01,sz.300999,金龙鱼
2023-03-31,2023-03-27,sh.600000,浦发银行
2023-03-31,2023-03-27,sh.600009,上海机场
2023-03-31,2023-03-27,sh.600010,包钢股份
2023-03-31,2023-03-27,sh.600011,华能国际
2023-03-31,2023-03-27,sh.600015,华夏银行
2023-03-31,2023-03-27,sh.600016,民生银行
2023-03-31,2023-03-27,sh.600018,上港集团
2023-03-31,2023-03-27,sh.600019,宝钢股份
2023-03-31,2023-03-27,sh.600025,华能水电
2023-03-31,2023-03-27,sh.600028,中国石化
2023-03-31,2023-03-27,sh.600029,南方航空
2023-03-31,2023-03-27,sh.600030,中信证券
2023-03-31,2023-03-27,sh.600031,三一重工
2023-03-31,2023-03-27,sh.600036,招商银行
2023-03-31,2023-03-27,sh.600039,四川路桥
2023-03-31,2023-03-27,sh.600048,保利发展
2023-03-31,2023-03-27,sh.600050,中国联通
2023-03-31,2023-03-27,sh.600061,国投资本
2023-03-31,2023-03-27,sh.600085,同仁堂
2023-03-31,2023-03-27,sh.600089,特变电工
2023-03-31,2023-03-27,sh.600104,上汽集团
2023-03-31,2023-03-27,sh.600111,北方稀土
2023-03-31,2023-03-27,sh.600115,中国东航
2023-03-31,2023-03-27,sh.600132,重庆啤酒
2023-03-31,2023-03-27,sh.600150,中国船舶
2023-03-31,2023-03-27,sh.600176,中国巨石
2023-03-31,2023-03-27,sh.600183,生益科技
2023-03-31,2023-03-27,sh.600188,兖矿能源
2023-03-31,2023-03-27,sh.600196,复星医药
2023-03-31,2023-03-27,sh.600219,南山铝业
2023-03-31,2023-03-27,sh.600233,圆通速递
2023-03-31,2023-03-27,sh.600276,恒瑞医药
2023-03-31,2023-03-27,sh.600309,万华化学
2023-03-31,2023-03-27,sh.600332,白云山
2023-03-31,2023-03-27,sh.600346,恒力石化
2023-03-31,2023-03-27,sh.600362,江西铜业
2023-03-31,2023-03-27,sh.600383,金地集团
2023-03-31,2023-03-27,sh.600406,国电南瑞
2023-03-31,2023-03-27,sh.600426,华鲁恒升
2023-03-31,2023-03-27,sh.600436,片仔癀
2023-03-31,2023-03-27,sh.600438,通威股份
2023-03-31,2023-03-27,sh.600460,士兰微
2023-03-31,2023-03-27,sh.600519,贵州茅台
2023-03-31,2023-03-27,sh.600547,山东黄金
2023-03-31,2023-03-27,sh.600570,恒生电子
2023-03-31,2023-03-27,sh.600584,长电科技
2023-03-31,2023-03-27,sh.600585,海螺水泥
2023-03-31,2023-03-27,sh.600588,用友网络
2023-03-31,2023-03-27,sh.600600,青岛啤酒
2023-03-31,2023-03-27,sh.600606,绿地控股
2023-03-31,2023-03-27,sh.600660,福耀玻璃
2023-03-31,2023-03-27,sh.600674,川投能源
2023-03-31,2023-03-27,sh.600690,海尔智家
2023-03-31,2023-03-27,sh.600741,华域汽车
2023-03-31,2023-03-27,sh.600745,闻泰科技
2023-03-31,2023-03-27,sh.600760,中航沈飞
2023-03-31,2023-03-27,sh.600763,通策医疗
2023-03-31,2023-03-27,sh.600795,国电电力
2023-03-31,2023-03-27,sh.600803,新奥股份
2023-03-31,2023-03-27,sh.600809,山西汾酒
2023-03-31,2023-03-27,sh.600837,海通证券
2023-03-31,2023-03-27,sh.600845,宝信软件
2023-03-31,2023-03-27,sh.600884,杉杉股份
2023-03-31,2023-03-27,sh.600886,国投电力
2023-03-31,2023-03-27,sh.600887,伊利股份
2023-03-31,2023-03-27,sh.600893,航发动力
2023-03-31,2023-03-27,sh.600900,长江电力
2023-03-31,2023-03-27,sh.600905,三峡能源
2023-03-31,2023-03-27,sh.600918,中泰证券
2023-03-31,2023-03-27,sh.600919,江苏银行
2023-03-31,2023-03-27,sh.600926,杭州银行
2023-03-31,2023-03-27,sh.600941,中国移动
2023-03-31,2023-03-27,sh.600958,东方证券
2023-03-31,2023-03-27,sh.600989,宝丰能源
2023-03-31,2023-03-27,sh.600999,招商证券
2023-03-31,2023-03-27,sh.601006,大秦铁路
2023-03-31,2023-03-27,sh.601009,南京银行
2023-03-31,2023-03-27,sh.601012,隆基绿能
2023-03-31,2023-03-27,sh.601021,春秋航空
2023-03-31,2023-03-27,sh.601066,中信建投
2023-03-31,2023-03-27,sh.601088,中国神华
2023-03-31,2023-03-27,sh.601100,恒立液压
2023-03-31,2023-03-27,sh.601111,中国国航
2023-03-31,2023-03-27,sh.601117,中国化学
2023-03-31,2023-03-27,sh.601138,工业富联
2023-03-31,2023-03-27,sh.601155,新城控股
2023-03-31,2023-03-27,sh.601166,兴业银行
2023-03-31,2023-03-27,sh.601169,北京银行
2023-03-31,2023-03-27,sh.601186,中国铁建
2023-03-31,2023-03-27,sh.601211,国泰君安
2023-03-31,2023-03-27,sh.601216,君正集团
2023-03-31,2023-03-27,sh.601225,陕西煤业
2023-03-31,2023-03-27,sh.601229,上海银行
2023-03-31,2023-03-27,sh.601236,红塔证券
2023-03-31,2023-03-27,sh.601238,广汽集团
2023-03-31,2023-03-27,sh.601288,农业银行
2023-03-31,2023-03-27,sh.601318,中国平安
2023-03-31,2023-03-27,sh.601319,中国人保
2023-03-31,2023-03-27,sh.601328,交通银行
2023-03-31,2023-03-27,sh.601336,新华保险
2023-03-31,2023-03-27,sh.601360,三六零
2023-03-31,2023-03-27,sh.601377,兴业证券
2023-03-31,2023-03-27,sh.601390,中国中铁
2023-03-31,2023-03-27,sh.601398,工商银行
2023-03-31,2023-03-27,sh.601600,中国铝业
2023-03-31,2023-03-27,sh.601601,中国太保
2023-03-31,2023-03-27,sh.601615,明阳智能
2023-03-31,2023-03-27,sh.601618,中国中冶
2023-03-31,2023-03-27,sh.601628,中国人寿
2023-03-31,2023-03-27,sh.601633,长城汽车
2023-03-31,2023-03-27,sh.601658,邮储银行
2023-03-31,2023-03-27,sh.601668,中国建筑
2023-03-31,2023-03-27,sh.601669,中国电建
2023-03-31,2023-03-27,sh.601688,华泰证券
2023-03-31,2023-03-27,sh.601689,拓普集团
2023-03-31,2023-03-27,sh.601698,中国卫通
2023-03-31,2023-03-27,sh.601728,中国电信
2023-03-31,2023-03-27,sh.601766,中国中车
2023-03-31,2023-03-27,sh.601788,光大证券
2023-03-31,2023-03-27,sh.601799,星宇股份
2023-03-31,2023-03-27,sh.601800,中国交建
2023-03-31,2023-03-27,sh.601808,中海油服
2023-03-31,2023-03-27,sh.601816,京沪高铁
2023-03-31,2023-03-27,sh.601818,光大银行
2023-03-31,2023-03-27,sh.601838,成都银行
2023-03-31,2023-03-27,sh.601857,中国石油
2023-03-31,2023-03-27,sh.601865,福莱特
2023-03-31,2023-03-27,sh.601868,中国能建
2023-03-31,2023-03-27,sh.601877,正泰电器
2023-03-31,2023-03-27,sh.601878,浙商证券
2023-03-31,2023-03-27,sh.601881,中国银河
2023-03-31,2023-03-27,sh.601888,中国中免
2023-03-31,2023-03-27,sh.601898,中煤能源
2023-03-31,2023-03-27,sh.601899,紫金矿业
2023-03-31,2023-03-27,sh.601901,方正证券
2023-03-31,2023-03-27,sh.601919,中远海控
2023-03-31,2023-03-27,sh.601939,建设银行
2023-03-31,2023-03-27,sh.601966,玲珑轮胎
2023-03-31,2023-03-27,sh.601985,中国核电
2023-03-31,2023-03-27,sh.601988,中国银行
2023-03-31,2023-03-27,sh.601989,中国重工
2023-03-31,2023-03-27,sh.601995,中金公司
2023-03-31,2023-03-27,sh.601998,中信银行
2023-03-31,2023-03-27,sh.603019,中科曙光
2023-03-31,2023-03-27,sh.603185,上机数控
2023-03-31,2023-03-27,sh.603195,公牛集团
2023-03-31,2023-03-27,sh.603259,药明康德
2023-03-31,2023-03-27,sh.603260,合盛硅业
2023-03-31,2023-03-27,sh.603288,海天味业
2023-03-31,2023-03-27,sh.603290,斯达半导
2023-03-31,2023-03-27,sh.603369,今世缘
2023-03-31,2023-03-27,sh.603392,万泰生物
2023-03-31,2023-03-27,sh.603486,科沃斯
2023-03-31,2023-03-27,sh.603501,韦尔股份
2023-03-31,2023-03-27,sh.603659,璞泰来
2023-03-31,2023-03-27,sh.603799,华友钴业
2023-03-31,2023-03-27,sh.603806,福斯特
2023-03-31,2023-03-27,sh.603833,欧派家居
2023-03-31,2023-03-27,sh.603882,金域医学
2023-03-31,2023-03-27,sh.603899,晨光股份
2023-03-31,2023-03-27,sh.603986,兆易创新
2023-03-31,2023-03-27,sh.603993,洛阳钼业
2023-03-31,2023-03-27,sh.605117,德业股份
2023-03-31,2023-03-27,sh.605499,东鹏饮料
2023-03-31,2023-03-27,sh.688005,容百科技
2023-03-31,2023-03-27,sh.688008,澜起科技
2023-03-31,2023-03-27,sh.688012,中微公司
2023-03-31,2023-03-27,sh.688036,传音控股
2023-03-31,2023-03-27,sh.688065,凯赛生物
2023-03-31,2023-03-27,sh.688111,金山办公
2023-03-31,2023-03-27,sh.688126,沪硅产业
2023-03-31,2023-03-27,sh.688169,石头科技
2023-03-31,2023-03-27,sh.688187,时代电气
2023-03-31,2023-03-27,sh.688303,大全能源
2023-03-31,2023-03-27,sh.688363,华熙生物
2023-03-31,2023-03-27,sh.688396,华润微
2023-03-31,2023-03-27,sh.688561,奇安信
2023-03-31,2023-03-27,sh.688599,天合光能
2023-03-31,2023-03-27,sh.688981,中芯国际
2023-03-31,2023-03-27,sz.000001,平安银行
2023-03-31,2023-03-27,sz.000002,万科A
2023-03-31,2023-03-27,sz.000063,中兴通讯
2023-03-31,2023-03-27,sz.000069,华侨城A
2023-03-31,2023-03-27,sz.000100,TCL科技
2023-03-31,2023-03-27,sz.000157,中联重科
2023-03-31,2023-03-27,sz.000166,申万宏源
2023-03-31,2023-03-27,sz.000301,东方盛虹
2023-03-31,2023-03-27,sz.000333,美的集团
2023-03-31,2023-03-27,sz.000338,潍柴动力
2023-03-31,2023-03-27,sz.000408,藏格矿业
2023-03-31,2023-03-27,sz.000425,徐工机械
2023-03-31,2023-03-27,sz.000538,云南白药
2023-03-31,2023-03-27,sz.000568,泸州老窖
2023-03-31,2023-03-27,sz.000596,古井贡酒
2023-03-31,2023-03-27,sz.000625,长安汽车
2023-03-31,2023-03-27,sz.000651,格力电器
2023-03-31,2023-03-27,sz.000661,长春高新
2023-03-31,2023-03-27,sz.000708,中信特钢
2023-03-31,2023-03-27,sz.000723,美锦能源
2023-03-31,2023-03-27,sz.000725,京东方A
2023-03-31,2023-03-27,sz.000733,振华科技
2023-03-31,2023-03-27,sz.000768,中航西飞
2023-03-31,2023-03-27,sz.000776,广发证券
2023-03-31,2023-03-27,sz.000786,北新建材
2023-03-31,2023-03-27,sz.000792,盐湖股份
2023-03-31,2023-03-27,sz.000800,一汽解放
2023-03-31,2023-03-27,sz.000858,五粮液
2023-03-31,2023-03-27,sz.000876,新希望
2023-03-31,2023-03-27,sz.000877,天山股份
2023-03-31,2023-03-27,sz.000895,双汇发展
2023-03-31,2023-03-27,sz.000938,紫光股份
2023-03-31,2023-03-27,sz.000963,华东医药
2023-03-31,2023-03-27,sz.000977,浪潮信息
2023-03-31,2023-03-27,sz.001289,龙源电力
2023-03-31,2023-03-27,sz.001979,招商蛇口
2023-03-31,2023-03-27,sz.002001,新和成
2023-03-31,2023-03-27,sz.002007,华兰生物
2023-03-31,2023-03-27,sz.002008,大族激光
2023-03-31,2023-03-27,sz.002027,分众传媒
2023-03-31,2023-03-27,sz.002032,苏泊尔
2023-03-31,2023-03-27,sz.002049,紫光国微
2023-03-31,2023-03-27,sz.002050,三花智控
2023-03-31,2023-03-27,sz.002064,华峰化学
2023-03-31,2023-03-27,sz.002074,国轩高科
2023-03-31,2023-03-27,sz.002120,韵达股份
2023-03-31,2023-03-27,sz.002129,TCL中环
2023-03-31,2023-03-27,sz.002142,宁波银行
2023-03-31,2023-03-27,sz.002179,中航光电
2023-03-31,2023-03-27,sz.002180,纳思达
2023-03-31,2023-03-27,sz.002202,金风科技
2023-03-31,2023-03-27,sz.002230,科大讯飞
2023-03-31,2023-03-27,sz.002236,大华股份
2023-03-31,2023-03-27,sz.002241,歌尔股份
2023-03-31,2023-03-27,sz.002252,上海莱士
2023-03-31,2023-03-27,sz.002271,东方雨虹
2023-03-31,2023-03-27,sz.002304,洋河股份
2023-03-31,2023-03-27,sz.002311,海大集团
2023-03-31,2023-03-27,sz.002352,顺丰控股
2023-03-31,2023-03-27,sz.002371,北方华创
2023-03-31,2023-03-27,sz.002410,广联达
2023-03-31,2023-03-27,sz.002414,高德红外
2023-03-31,2023-03-27,sz.002415,海康威视
2023-03-31,2023-03-27,sz.002459,晶澳科技
2023-03-31,2023-03-27,sz.002460,赣锋锂业
2023-03-31,2023-03-27,sz.002466,天齐锂业
2023-03-31,2023-03-27,sz.002475,立讯精密
2023-03-31,2023-03-27,sz.002493,荣盛石化
2023-03-31,2023-03-27,sz.002555,三七互娱
2023-03-31,2023-03-27,sz.002594,比亚迪
2023-03-31,2023-03-27,sz.002600,领益智造
2023-03-31,2023-03-27,sz.002601,龙佰集团
2023-03-31,2023-03-27,sz.002602,世纪华通
2023-03-31,2023-03-27,sz.002648,卫星化学
2023-03-31,2023-03-27,sz.002709,天赐材料
2023-03-31,2023-03-27,sz.002714,牧原股份
2023-03-31,2023-03-27,sz.002736,国信证券
2023-03-31,2023-03-27,sz.002756,永兴材料
2023-03-31,2023-03-27,sz.002812,恩捷股份
2023-03-31,2023-03-27,sz.002821,凯莱英
2023-03-31,2023-03-27,sz.002841,视源股份
2023-03-31,2023-03-27,sz.002916,深南电路
2023-03-31,2023-03-27,sz.002920,德赛西威
2023-03-31,2023-03-27,sz.002938,鹏鼎控股
2023-03-31,2023-03-27,sz.003816,中国广核
2023-03-31,2023-03-27,sz.300014,亿纬锂能
2023-03-31,2023-03-27,sz.300015,爱尔眼科
2023-03-31,2023-03-27,sz.300033,同花顺
2023-03-31,2023-03-27,sz.300059,东方财富
2023-03-31,2023-03-27,sz.300122,智飞生物
2023-03-31,2023-03-27,sz.300124,汇川技术
2023-03-31,2023-03-27,sz.300142,沃森生物
2023-03-31,2023-03-27,sz.300207,欣旺达
2023-03-31,2023-03-27,sz.300223,北京君正
2023-03-31,2023-03-27,sz.300274,阳光电源
2023-03-31,2023-03-27,sz.300316,晶盛机电
2023-03-31,2023-03-27,sz.300347,泰格医药
2023-03-31,2023-03-27,sz.300408,三环集团
2023-03-31,2023-03-27,sz.300413,芒果超媒
2023-03-31,2023-03-27,sz.300433,蓝思科技
2023-03-31,2023-03-27,sz.300450,先导智能
2023-03-31,2023-03-27,sz.300454,深信服
2023-03-31,2023-03-27,sz.300496,中科创达
2023-03-31,2023-03-27,sz.300498,温氏股份
2023-03-31,2023-03-27,sz.300529,健帆生物
2023-03-31,2023-03-27,sz.300595,欧普康视
2023-03-31,2023-03-27,sz.300601,康泰生物
2023-03-31,2023-03-27,sz.300628,亿联网络
2023-03-31,2023-03-27,sz.300661,圣邦股份
2023-03-31,2023-03-27,sz.300750,宁德时代
2023-03-31,2023-03-27,sz.300751,迈为股份
2023-03-31,2023-03-27,sz.300759,康龙化成
2023-03-31,2023-03-27,sz.300760,迈瑞医疗
2023-03-31,2023-03-27,sz.300763,锦浪科技
2023-03-31,2023-03-27,sz.300769,德方纳米
2023-03-31,2023-03-27,sz.300782,卓胜微
2023-03-31,2023-03-27,sz.300896,爱美客
2023-03-31,2023-03-27,sz.300919,中伟股份
2023-03-31,2023-03-27,sz.300957,贝泰妮
2023-03-31,2023-03-27,sz.300979,华利集团
2023-03-31,2023-03-27,sz.300999,金龙鱼
2023-04-30,2023-04-24,sh.600000,浦发银行
2023-04-30,2023-04-24,sh.600009,上海机场
2023-04-30,2023-04-24,sh.600010,包钢股份
2023-04-30,2023-04-24,sh.600011,华能国际
2023-04-30,2023-04-24,sh.600015,华夏银行
2023-04-30,2023-04-24,sh.600016,民生银行
2023-04-30,2023-04-24,sh.600018,上港集团
2023-04-30,2023-04-24,sh.600019,宝钢股份
2023-04-30,2023-04-24,sh.600025,华能水电
2023-04-30,2023-04-24,sh.600028,中国石化
2023-04-30,2023-04-24,sh.600029,南方航空
2023-04-30,2023-04-24,sh.600030,中信证券
2023-04-30,2023-04-24,sh.600031,三一重工
2023-04-30,2023-04-24,sh.600036,招商银行
2023-04-30,2023-04-24,sh.600039,四川路桥
2023-04-30,2023-04-24,sh.600048,保利发展
2023-04-30,2023-04-24,sh.600050,中国联通
2023-04-30,2023-04-24,sh.600061,国投资本
2023-04-30,2023-04-24,sh.600085,同仁堂
2023-04-30,2023-04-24,sh.600089,特变电工
2023-04-30,2023-04-24,sh.600104,上汽集团
2023-04-30,2023-04-24,sh.600111,北方稀土
2023-04-30,2023-04-24,sh.600115,中国东航
2023-04-30,2023-04-24,sh.600132,重庆啤酒
2023-04-30,2023-04-24,sh.600150,中国船舶
2023-04-30,2023-04-24,sh.600176,中国巨石
2023-04-30,2023-04-24,sh.600183,生益科技
2023-04-30,2023-04-24,sh.600188,兖矿能源
2023-04-30,2023-04-24,sh.600196,复星医药
2023-04-30,2023-04-24,sh.600219,南山铝业
2023-04-30,2023-04-24,sh.600233,圆通速递
2023-04-30,2023-04-24,sh.600276,恒瑞医药
2023-04-30,2023-04-24,sh.600309,万华化学
2023-04-30,2023-04-24,sh.600332,白云山
2023-04-30,2023-04-24,sh.600346,恒力石化
2023-04-30,2023-04-24,sh.600362,江西铜业
2023-04-30,2023-04-24,sh.600383,金地集团
2023-04-30,2023-04-24,sh.600406,国电南瑞
2023-04-30,2023-04-24,sh.600426,华鲁恒升
2023-04-30,2023-04-24,sh.600436,片仔癀
2023-04-30,2023-04-24,sh.600438,通威股份
2023-04-30,2023-04-24,sh.600460,士兰微
2023-04-30,2023-04-24,sh.600519,贵州茅台
2023-04-30,2023-04-24,sh.600547,山东黄金
2023-04-30,2023-04-24,sh.600570,恒生电子
2023-04-30,2023-04-24,sh.600584,长电科技
2023-04-30,2023-04-24,sh.600585,海螺水泥
2023-04-30,2023-04-24,sh.600588,用友网络
2023-04-30,2023-04-24,sh.600600,青岛啤酒
2023-04-30,2023-04-24,sh.600606,绿地控股
2023-04-30,2023-04-24,sh.600660,福耀玻璃
2023-04-30,2023-04-24,sh.600674,川投能源
2023-04-30,2023-04-24,sh.600690,海尔智家
2023-04-30,2023-04-24,sh.600741,华域汽车
2023-04-30,2023-04-24,sh.600745,闻泰科技
2023-04-30,2023-04-24,sh.600760,中航沈飞
2023-04-30,2023-04-24,sh.600763,通策医疗
2023-04-30,2023-04-24,sh.600795,国电电力
2023-04-30,2023-04-24,sh.600803,新奥股份
2023-04-30,2023-04-24,sh.600809,山西汾酒
2023-04-30,2023-04-24,sh.600837,海通证券
2023-04-30,2023-04-24,sh.600845,宝信软件
2023-04-30,2023-04-24,sh.600884,杉杉股份
2023-04-30,2023-04-24,sh.600886,国投电力
2023-04-30,2023-04-24,sh.600887,伊利股份
2023-04-30,2023-04-24,sh.600893,航发动力
2023-04-30,2023-04-24,sh.600900,长江电力
2023-04-30,2023-04-24,sh.600905,三峡能源
2023-04-30,2023-04-24,sh.600918,中泰证券
2023-04-30,2023-04-24,sh.600919,江苏银行
2023-04-30,2023-04-24,sh.600926,杭州银行
2023-04-30,2023-04-24,sh.600941,中国移动
2023-04-30,2023-04-24,sh.600958,东方证券
2023-04-30,2023-04-24,sh.600989,宝丰能源
2023-04-30,2023-04-24,sh.600999,招商证券
2023-04-30,2023-04-24,sh.601006,大秦铁路
2023-04-30,2023-04-24,sh.601009,南京银行
2023-04-30,2023-04-24,sh.601012,隆基绿能
2023-04-30,2023-04-24,sh.601021,春秋航空
2023-04-30,2023-04-24,sh.601066,中信建投
2023-04-30,2023-04-24,sh.601088,中国神华
2023-04-30,2023-04-24,sh.601100,恒立液压
2023-04-30,2023-04-24,sh.601111,中国国航
2023-04-30,2023-04-24,sh.601117,中国化学
2023-04-30,2023-04-24,sh.601138,工业富联
2023-04-30,2023-04-24,sh.601155,新城控股
2023-04-30,2023-04-24,sh.601166,兴业银行
2023-04-30,2023-04-24,sh.601169,北京银行
2023-04-30,2023-04-24,sh.601186,中国铁建
2023-04-30,2023-04-24,sh.601211,国泰君安
2023-04-30,2023-04-24,sh.601216,君正集团
2023-04-30,2023-04-24,sh.601225,陕西煤业
2023-04-30,2023-04-24,sh.601229,上海银行
2023-04-30,2023-04-24,sh.601236,红塔证券
2023-04-30,2023-04-24,sh.601238,广汽集团
2023-04-30,2023-04-24,sh.601288,农业银行
2023-04-30,2023-04-24,sh.601318,中国平安
2023-04-30,2023-04-24,sh.601319,中国人保
2023-04-30,2023-04-24,sh.601328,交通银行
2023-04-30,2023-04-24,sh.601336,新华保险
2023-04-30,2023-04-24,sh.601360,三六零
2023-04-30,2023-04-24,sh.601377,兴业证券
2023-04-30,2023-04-24,sh.601390,中国中铁
2023-04-30,2023-04-24,sh.601398,工商银行
2023-04-30,2023-04-24,sh.601600,中国铝业
2023-04-30,2023-04-24,sh.601601,中国太保
2023-04-30,2023-04-24,sh.601615,明阳智能
2023-04-30,2023-04-24,sh.601618,中国中冶
2023-04-30,2023-04-24,sh.601628,中国人寿
2023-04-30,2023-04-24,sh.601633,长城汽车
2023-04-30,2023-04-24,sh.601658,邮储银行
2023-04-30,2023-04-24,sh.601668,中国建筑
2023-04-30,2023-04-24,sh.601669,中国电建
2023-04-30,2023-04-24,sh.601688,华泰证券
2023-04-30,2023-04-24,sh.601689,拓普集团
2023-04-30,2023-04-24,sh.601698,中国卫通
2023-04-30,2023-04-24,sh.601728,中国电信
2023-04-30,2023-04-24,sh.601766,中国中车
2023-04-30,2023-04-24,sh.601788,光大证券
2023-04-30,2023-04-24,sh.601799,星宇股份
2023-04-30,2023-04-24,sh.601800,中国交建
2023-04-30,2023-04-24,sh.601808,中海油服
2023-04-30,2023-04-24,sh.601816,京沪高铁
2023-04-30,2023-04-24,sh.601818,光大银行
2023-04-30,2023-04-24,sh.601838,成都银行
2023-04-30,2023-04-24,sh.601857,中国石油
2023-04-30,2023-04-24,sh.601865,福莱特
2023-04-30,2023-04-24,sh.601868,中国能建
2023-04-30,2023-04-24,sh.601877,正泰电器
2023-04-30,2023-04-24,sh.601878,浙商证券
2023-04-30,2023-04-24,sh.601881,中国银河
2023-04-30,2023-04-24,sh.601888,中国中免
2023-04-30,2023-04-24,sh.601898,中煤能源
2023-04-30,2023-04-24,sh.601899,紫金矿业
2023-04-30,2023-04-24,sh.601901,方正证券
2023-04-30,2023-04-24,sh.601919,中远海控
2023-04-30,2023-04-24,sh.601939,建设银行
2023-04-30,2023-04-24,sh.601966,玲珑轮胎
2023-04-30,2023-04-24,sh.601985,中国核电
2023-04-30,2023-04-24,sh.601988,中国银行
2023-04-30,2023-04-24,sh.601989,中国重工
2023-04-30,2023-04-24,sh.601995,中金公司
2023-04-30,2023-04-24,sh.601998,中信银行
2023-04-30,2023-04-24,sh.603019,中科曙光
2023-04-30,2023-04-24,sh.603185,上机数控
2023-04-30,2023-04-24,sh.603195,公牛集团
2023-04-30,2023-04-24,sh.603259,药明康德
2023-04-30,2023-04-24,sh.603260,合盛硅业
2023-04-30,2023-04-24,sh.603288,海天味业
2023-04-30,2023-04-24,sh.603290,斯达半导
2023-04-30,2023-04-24,sh.603369,今世缘
2023-04-30,2023-04-24,sh.603392,万泰生物
2023-04-30,2023-04-24,sh.603486,科沃斯
2023-04-30,2023-04-24,sh.603501,韦尔股份
2023-04-30,2023-04-24,sh.603659,璞泰来
2023-04-30,2023-04-24,sh.603799,华友钴业
2023-04-30,2023-04-24,sh.603806,福斯特
2023-04-30,2023-04-24,sh.603833,欧派家居
2023-04-30,2023-04-24,sh.603882,金域医学
2023-04-30,2023-04-24,sh.603899,晨光股份
2023-04-30,2023-04-24,sh.603986,兆易创新
2023-04-30,2023-04-24,sh.603993,洛阳钼业
2023-04-30,2023-04-24,sh.605117,德业股份
2023-04-30,2023-04-24,sh.605499,东鹏饮料
2023-04-30,2023-04-24,sh.688005,容百科技
2023-04-30,2023-04-24,sh.688008,澜起科技
2023-04-30,2023-04-24,sh.688012,中微公司
2023-04-30,2023-04-24,sh.688036,传音控股
2023-04-30,2023-04-24,sh.688065,凯赛生物
2023-04-30,2023-04-24,sh.688111,金山办公
2023-04-30,2023-04-24,sh.688126,沪硅产业
2023-04-30,2023-04-24,sh.688169,石头科技
2023-04-30,2023-04-24,sh.688187,时代电气
2023-04-30,2023-04-24,sh.688303,大全能源
2023-04-30,2023-04-24,sh.688363,华熙生物
2023-04-30,2023-04-24,sh.688396,华润微
2023-04-30,2023-04-24,sh.688561,奇安信
2023-04-30,2023-04-24,sh.688599,天合光能
2023-04-30,2023-04-24,sh.688981,中芯国际
2023-04-30,2023-04-24,sz.000001,平安银行
2023-04-30,2023-04-24,sz.000002,万科A
2023-04-30,2023-04-24,sz.000063,中兴通讯
2023-04-30,2023-04-24,sz.000069,华侨城A
2023-04-30,2023-04-24,sz.000100,TCL科技
2023-04-30,2023-04-24,sz.000157,中联重科
2023-04-30,2023-04-24,sz.000166,申万宏源
2023-04-30,2023-04-24,sz.000301,东方盛虹
2023-04-30,2023-04-24,sz.000333,美的集团
2023-04-30,2023-04-24,sz.000338,潍柴动力
2023-04-30,2023-04-24,sz.000408,藏格矿业
2023-04-30,2023-04-24,sz.000425,徐工机械
2023-04-30,2023-04-24,sz.000538,云南白药
2023-04-30,2023-04-24,sz.000568,泸州老窖
2023-04-30,2023-04-24,sz.000596,古井贡酒
2023-04-30,2023-04-24,sz.000625,长安汽车
2023-04-30,2023-04-24,sz.000651,格力电器
2023-04-30,2023-04-24,sz.000661,长春高新
2023-04-30,2023-04-24,sz.000708,中信特钢
2023-04-30,2023-04-24,sz.000723,美锦能源
2023-04-30,2023-04-24,sz.000725,京东方A
2023-04-30,2023-04-24,sz.000733,振华科技
2023-04-30,2023-04-24,sz.000768,中航西飞
2023-04-30,2023-04-24,sz.000776,广发证券
2023-04-30,2023-04-24,sz.000786,北新建材
2023-04-30,2023-04-24,sz.000792,盐湖股份
2023-04-30,2023-04-24,sz.000800,一汽解放
2023-04-30,2023-04-24,sz.000858,五粮液
2023-04-30,2023-04-24,sz.000876,新希望
2023-04-30,2023-04-24,sz.000877,天山股份
2023-04-30,2023-04-24,sz.000895,双汇发展
2023-04-30,2023-04-24,sz.000938,紫光股份
2023-04-30,2023-04-24,sz.000963,华东医药
2023-04-30,2023-04-24,sz.000977,浪潮信息
2023-04-30,2023-04-24,sz.001289,龙源电力
2023-04-30,2023-04-24,sz.001979,招商蛇口
2023-04-30,2023-04-24,sz.002001,新和成
2023-04-30,2023-04-24,sz.002007,华兰生物
2023-04-30,2023-04-24,sz.002008,大族激光
2023-04-30,2023-04-24,sz.002027,分众传媒
2023-04-30,2023-04-24,sz.002032,苏泊尔
2023-04-30,2023-04-24,sz.002049,紫光国微
2023-04-30,2023-04-24,sz.002050,三花智控
2023-04-30,2023-04-24,sz.002064,华峰化学
2023-04-30,2023-04-24,sz.002074,国轩高科
2023-04-30,2023-04-24,sz.002120,韵达股份
2023-04-30,2023-04-24,sz.002129,TCL中环
2023-04-30,2023-04-24,sz.002142,宁波银行
2023-04-30,2023-04-24,sz.002179,中航光电
2023-04-30,2023-04-24,sz.002180,纳思达
2023-04-30,2023-04-24,sz.002202,金风科技
2023-04-30,2023-04-24,sz.002230,科大讯飞
2023-04-30,2023-04-24,sz.002236,大华股份
2023-04-30,2023-04-24,sz.002241,歌尔股份
2023-04-30,2023-04-24,sz.002252,上海莱士
2023-04-30,2023-04-24,sz.002271,东方雨虹
2023-04-30,2023-04-24,sz.002304,洋河股份
2023-04-30,2023-04-24,sz.002311,海大集团
2023-04-30,2023-04-24,sz.002352,顺丰控股
2023-04-30,2023-04-24,sz.002371,北方华创
2023-04-30,2023-04-24,sz.002410,广联达
2023-04-30,2023-04-24,sz.002414,高德红外
2023-04-30,2023-04-24,sz.002415,海康威视
2023-04-30,2023-04-24,sz.002459,晶澳科技
2023-04-30,2023-04-24,sz.002460,赣锋锂业
2023-04-30,2023-04-24,sz.002466,天齐锂业
2023-04-30,2023-04-24,sz.002475,立讯精密
2023-04-30,2023-04-24,sz.002493,荣盛石化
2023-04-30,2023-04-24,sz.002555,三七互娱
2023-04-30,2023-04-24,sz.002594,比亚迪
2023-04-30,2023-04-24,sz.002600,领益智造
2023-04-30,2023-04-24,sz.002601,龙佰集团
2023-04-30,2023-04-24,sz.002602,世纪华通
2023-04-30,2023-04-24,sz.002648,卫星化学
2023-04-30,2023-04-24,sz.002709,天赐材料
2023-04-30,2023-04-24,sz.002714,牧原股份
2023-04-30,2023-04-24,sz.002736,国信证券
2023-04-30,2023-04-24,sz.002756,永兴材料
2023-04-30,2023-04-24,sz.002812,恩捷股份
2023-04-30,2023-04-24,sz.002821,凯莱英
2023-04-30,2023-04-24,sz.002841,视源股份
2023-04-30,2023-04-24,sz.002916,深南电路
2023-04-30,2023-04-24,sz.002920,德赛西威
2023-04-30,2023-04-24,sz.002938,鹏鼎控股
2023-04-30,2023-04-24,sz.003816,中国广核
2023-04-30,2023-04-24,sz.300014,亿纬锂能
2023-04-30,2023-04-24,sz.300015,爱尔眼科
2023-04-30,2023-04-24,sz.300033,同花顺
2023-04-30,2023-04-24,sz.300059,东方财富
2023-04-30,2023-04-24,sz.300122,智飞生物
2023-04-30,2023-04-24,sz.300124,汇川技术
2023-04-30,2023-04-24,sz.300142,沃森生物
2023-04-30,2023-04-24,sz.300207,欣旺达
2023-04-30,2023-04-24,sz.300223,北京君正
2023-04-30,2023-04-24,sz.300274,阳光电源
2023-04-30,2023-04-24,sz.300316,晶盛机电
2023-04-30,2023-04-24,sz.300347,泰格医药
2023-04-30,2023-04-24,sz.300408,三环集团
2023-04-30,2023-04-24,sz.300413,芒果超媒
2023-04-30,2023-04-24,sz.300433,蓝思科技
2023-04-30,2023-04-24,sz.300450,先导智能
2023-04-30,2023-04-24,sz.300454,深信服
2023-04-30,2023-04-24,sz.300496,中科创达
2023-04-30,2023-04-24,sz.300498,温氏股份
2023-04-30,2023-04-24,sz.300529,健帆生物
2023-04-30,2023-04-24,sz.300595,欧普康视
2023-04-30,2023-04-24,sz.300601,康泰生物
2023-04-30,2023-04-24,sz.300628,亿联网络
2023-04-30,2023-04-24,sz.300661,圣邦股份
2023-04-30,2023-04-24,sz.300750,宁德时代
2023-04-30,2023-04-24,sz.300751,迈为股份
2023-04-30,2023-04-24,sz.300759,康龙化成
2023-04-30,2023-04-24,sz.300760,迈瑞医疗
2023-04-30,2023-04-24,sz.300763,锦浪科技
2023-04-30,2023-04-24,sz.300769,德方纳米
2023-04-30,2023-04-24,sz.300782,卓胜微
2023-04-30,2023-04-24,sz.300896,爱美客
2023-04-30,2023-04-24,sz.300919,中伟股份
2023-04-30,2023-04-24,sz.300957,贝泰妮
2023-04-30,2023-04-24,sz.300979,华利集团
2023-04-30,2023-04-24,sz.300999,金龙鱼
2023-05-31,2023-05-29,sh.600000,浦发银行
2023-05-31,2023-05-29,sh.600009,上海机场
2023-05-31,2023-05-29,sh.600010,包钢股份
2023-05-31,2023-05-29,sh.600011,华能国际
2023-05-31,2023-05-29,sh.600015,华夏银行
2023-05-31,2023-05-29,sh.600016,民生银行
2023-05-31,2023-05-29,sh.600018,上港集团
2023-05-31,2023-05-29,sh.600019,宝钢股份
2023-05-31,2023-05-29,sh.600025,华能水电
2023-05-31,2023-05-29,sh.600028,中国石化
2023-05-31,2023-05-29,sh.600029,南方航空
2023-05-31,2023-05-29,sh.600030,中信证券
2023-05-31,2023-05-29,sh.600031,三一重工
2023-05-31,2023-05-29,sh.600036,招商银行
2023-05-31,2023-05-29,sh.600039,四川路桥
2023-05-31,2023-05-29,sh.600048,保利发展
2023-05-31,2023-05-29,sh.600050,中国联通
2023-05-31,2023-05-29,sh.600061,国投资本
2023-05-31,2023-05-29,sh.600085,同仁堂
2023-05-31,2023-05-29,sh.600089,特变电工
2023-05-31,2023-05-29,sh.600104,上汽集团
2023-05-31,2023-05-29,sh.600111,北方稀土
2023-05-31,2023-05-29,sh.600115,中国东航
2023-05-31,2023-05-29,sh.600132,重庆啤酒
2023-05-31,2023-05-29,sh.600150,中国船舶
2023-05-31,2023-05-29,sh.600176,中国巨石
2023-05-31,2023-05-29,sh.600183,生益科技
2023-05-31,2023-05-29,sh.600188,兖矿能源
2023-05-31,2023-05-29,sh.600196,复星医药
2023-05-31,2023-05-29,sh.600219,南山铝业
2023-05-31,2023-05-29,sh.600233,圆通速递
2023-05-31,2023-05-29,sh.600276,恒瑞医药
2023-05-31,2023-05-29,sh.600309,万华化学
2023-05-31,2023-05-29,sh.600332,白云山
2023-05-31,2023-05-29,sh.600346,恒力石化
2023-05-31,2023-05-29,sh.600362,江西铜业
2023-05-31,2023-05-29,sh.600383,金地集团
2023-05-31,2023-05-29,sh.600406,国电南瑞
2023-05-31,2023-05-29,sh.600426,华鲁恒升
2023-05-31,2023-05-29,sh.600436,片仔癀
2023-05-31,2023-05-29,sh.600438,通威股份
2023-05-31,2023-05-29,sh.600460,士兰微
2023-05-31,2023-05-29,sh.600519,贵州茅台
2023-05-31,2023-05-29,sh.600547,山东黄金
2023-05-31,2023-05-29,sh.600570,恒生电子
2023-05-31,2023-05-29,sh.600584,长电科技
2023-05-31,2023-05-29,sh.600585,海螺水泥
2023-05-31,2023-05-29,sh.600588,用友网络
2023-05-31,2023-05-29,sh.600600,青岛啤酒
2023-05-31,2023-05-29,sh.600606,绿地控股
2023-05-31,2023-05-29,sh.600660,福耀玻璃
2023-05-31,2023-05-29,sh.600674,川投能源
2023-05-31,2023-05-29,sh.600690,海尔智家
2023-05-31,2023-05-29,sh.600741,华域汽车
2023-05-31,2023-05-29,sh.600745,闻泰科技
2023-05-31,2023-05-29,sh.600760,中航沈飞
2023-05-31,2023-05-29,sh.600763,通策医疗
2023-05-31,2023-05-29,sh.600795,国电电力
2023-05-31,2023-05-29,sh.600803,新奥股份
2023-05-31,2023-05-29,sh.600809,山西汾酒
2023-05-31,2023-05-29,sh.600837,海通证券
2023-05-31,2023-05-29,sh.600845,宝信软件
2023-05-31,2023-05-29,sh.600884,杉杉股份
2023-05-31,2023-05-29,sh.600886,国投电力
2023-05-31,2023-05-29,sh.600887,伊利股份
2023-05-31,2023-05-29,sh.600893,航发动力
2023-05-31,2023-05-29,sh.600900,长江电力
2023-05-31,2023-05-29,sh.600905,三峡能源
2023-05-31,2023-05-29,sh.600918,中泰证券
2023-05-31,2023-05-29,sh.600919,江苏银行
2023-05-31,2023-05-29,sh.600926,杭州银行
2023-05-31,2023-05-29,sh.600941,中国移动
2023-05-31,2023-05-29,sh.600958,东方证券
2023-05-31,2023-05-29,sh.600989,宝丰能源
2023-05-31,2023-05-29,sh.600999,招商证券
2023-05-31,2023-05-29,sh.601006,大秦铁路
2023-05-31,2023-05-29,sh.601009,南京银行
2023-05-31,2023-05-29,sh.601012,隆基绿能
2023-05-31,2023-05-29,sh.601021,春秋航空
2023-05-31,2023-05-29,sh.601066,中信建投
2023-05-31,2023-05-29,sh.601088,中国神华
2023-05-31,2023-05-29,sh.601100,恒立液压
2023-05-31,2023-05-29,sh.601111,中国国航
2023-05-31,2023-05-29,sh.601117,中国化学
2023-05-31,2023-05-29,sh.601138,工业富联
2023-05-31,2023-05-29,sh.601155,新城控股
2023-05-31,2023-05-29,sh.601166,兴业银行
2023-05-31,2023-05-29,sh.601169,北京银行
2023-05-31,2023-05-29,sh.601186,中国铁建
2023-05-31,2023-05-29,sh.601211,国泰君安
2023-05-31,2023-05-29,sh.601216,君正集团
2023-05-31,2023-05-29,sh.601225,陕西煤业
2023-05-31,2023-05-29,sh.601229,上海银行
2023-05-31,2023-05-29,sh.601236,红塔证券
2023-05-31,2023-05-29,sh.601238,广汽集团
2023-05-31,2023-05-29,sh.601288,农业银行
2023-05-31,2023-05-29,sh.601318,中国平安
2023-05-31,2023-05-29,sh.601319,中国人保
2023-05-31,2023-05-29,sh.601328,交通银行
2023-05-31,2023-05-29,sh.601336,新华保险
2023-05-31,2023-05-29,sh.601360,三六零
2023-05-31,2023-05-29,sh.601377,兴业证券
2023-05-31,2023-05-29,sh.601390,中国中铁
2023-05-31,2023-05-29,sh.601398,工商银行
2023-05-31,2023-05-29,sh.601600,中国铝业
2023-05-31,2023-05-29,sh.601601,中国太保
2023-05-31,2023-05-29,sh.601615,明阳智能
2023-05-31,2023-05-29,sh.601618,中国中冶
2023-05-31,2023-05-29,sh.601628,中国人寿
2023-05-31,2023-05-29,sh.601633,长城汽车
2023-05-31,2023-05-29,sh.601658,邮储银行
2023-05-31,2023-05-29,sh.601668,中国建筑
2023-05-31,2023-05-29,sh.601669,中国电建
2023-05-31,2023-05-29,sh.601688,华泰证券
2023-05-31,2023-05-29,sh.601689,拓普集团
2023-05-31,2023-05-29,sh.601698,中国卫通
2023-05-31,2023-05-29,sh.601728,中国电信
2023-05-31,2023-05-29,sh.601766,中国中车
2023-05-31,2023-05-29,sh.601788,光大证券
2023-05-31,2023-05-29,sh.601799,星宇股份
2023-05-31,2023-05-29,sh.601800,中国交建
2023-05-31,2023-05-29,sh.601808,中海油服
2023-05-31,2023-05-29,sh.601816,京沪高铁
2023-05-31,2023-05-29,sh.601818,光大银行
2023-05-31,2023-05-29,sh.601838,成都银行
2023-05-31,2023-05-29,sh.601857,中国石油
2023-05-31,2023-05-29,sh.601865,福莱特
2023-05-31,2023-05-29,sh.601868,中国能建
2023-05-31,2023-05-29,sh.601877,正泰电器
2023-05-31,2023-05-29,sh.601878,浙商证券
2023-05-31,2023-05-29,sh.601881,中国银河
2023-05-31,2023-05-29,sh.601888,中国中免
2023-05-31,2023-05-29,sh.601898,中煤能源
2023-05-31,2023-05-29,sh.601899,紫金矿业
2023-05-31,2023-05-29,sh.601901,方正证券
2023-05-31,2023-05-29,sh.601919,中远海控
2023-05-31,2023-05-29,sh.601939,建设银行
2023-05-31,2023-05-29,sh.601966,玲珑轮胎
2023-05-31,2023-05-29,sh.601985,中国核电
2023-05-31,2023-05-29,sh.601988,中国银行
2023-05-31,2023-05-29,sh.601989,中国重工
2023-05-31,2023-05-29,sh.601995,中金公司
2023-05-31,2023-05-29,sh.601998,中信银行
2023-05-31,2023-05-29,sh.603019,中科曙光
2023-05-31,2023-05-29,sh.603185,弘元绿能
2023-05-31,2023-05-29,sh.603195,公牛集团
2023-05-31,2023-05-29,sh.603259,药明康德
2023-05-31,2023-05-29,sh.603260,合盛硅业
2023-05-31,2023-05-29,sh.603288,海天味业
2023-05-31,2023-05-29,sh.603290,斯达半导
2023-05-31,2023-05-29,sh.603369,今世缘
2023-05-31,2023-05-29,sh.603392,万泰生物
2023-05-31,2023-05-29,sh.603486,科沃斯
2023-05-31,2023-05-29,sh.603501,韦尔股份
2023-05-31,2023-05-29,sh.603659,璞泰来
2023-05-31,2023-05-29,sh.603799,华友钴业
2023-05-31,2023-05-29,sh.603806,福斯特
2023-05-31,2023-05-29,sh.603833,欧派家居
2023-05-31,2023-05-29,sh.603882,金域医学
2023-05-31,2023-05-29,sh.603899,晨光股份
2023-05-31,2023-05-29,sh.603986,兆易创新
2023-05-31,2023-05-29,sh.603993,洛阳钼业
2023-05-31,2023-05-29,sh.605117,德业股份
2023-05-31,2023-05-29,sh.605499,东鹏饮料
2023-05-31,2023-05-29,sh.688005,容百科技
2023-05-31,2023-05-29,sh.688008,澜起科技
2023-05-31,2023-05-29,sh.688012,中微公司
2023-05-31,2023-05-29,sh.688036,传音控股
2023-05-31,2023-05-29,sh.688065,凯赛生物
2023-05-31,2023-05-29,sh.688111,金山办公
2023-05-31,2023-05-29,sh.688126,沪硅产业
2023-05-31,2023-05-29,sh.688169,石头科技
2023-05-31,2023-05-29,sh.688187,时代电气
2023-05-31,2023-05-29,sh.688303,大全能源
2023-05-31,2023-05-29,sh.688363,华熙生物
2023-05-31,2023-05-29,sh.688396,华润微
2023-05-31,2023-05-29,sh.688561,奇安信
2023-05-31,2023-05-29,sh.688599,天合光能
2023-05-31,2023-05-29,sh.688981,中芯国际
2023-05-31,2023-05-29,sz.000001,平安银行
2023-05-31,2023-05-29,sz.000002,万科A
2023-05-31,2023-05-29,sz.000063,中兴通讯
2023-05-31,2023-05-29,sz.000069,华侨城A
2023-05-31,2023-05-29,sz.000100,TCL科技
2023-05-31,2023-05-29,sz.000157,中联重科
2023-05-31,2023-05-29,sz.000166,申万宏源
2023-05-31,2023-05-29,sz.000301,东方盛虹
2023-05-31,2023-05-29,sz.000333,美的集团
2023-05-31,2023-05-29,sz.000338,潍柴动力
2023-05-31,2023-05-29,sz.000408,藏格矿业
2023-05-31,2023-05-29,sz.000425,徐工机械
2023-05-31,2023-05-29,sz.000538,云南白药
2023-05-31,2023-05-29,sz.000568,泸州老窖
2023-05-31,2023-05-29,sz.000596,古井贡酒
2023-05-31,2023-05-29,sz.000625,长安汽车
2023-05-31,2023-05-29,sz.000651,格力电器
2023-05-31,2023-05-29,sz.000661,长春高新
2023-05-31,2023-05-29,sz.000708,中信特钢
2023-05-31,2023-05-29,sz.000723,美锦能源
2023-05-31,2023-05-29,sz.000725,京东方A
2023-05-31,2023-05-29,sz.000733,振华科技
2023-05-31,2023-05-29,sz.000768,中航西飞
2023-05-31,2023-05-29,sz.000776,广发证券
2023-05-31,2023-05-29,sz.000786,北新建材
2023-05-31,2023-05-29,sz.000792,盐湖股份
2023-05-31,2023-05-29,sz.000800,一汽解放
2023-05-31,2023-05-29,sz.000858,五粮液
2023-05-31,2023-05-29,sz.000876,新希望
2023-05-31,2023-05-29,sz.000877,天山股份
2023-05-31,2023-05-29,sz.000895,双汇发展
2023-05-31,2023-05-29,sz.000938,紫光股份
2023-05-31,2023-05-29,sz.000963,华东医药
2023-05-31,2023-05-29,sz.000977,浪潮信息
2023-05-31,2023-05-29,sz.001289,龙源电力
2023-05-31,2023-05-29,sz.001979,招商蛇口
2023-05-31,2023-05-29,sz.002001,新和成
2023-05-31,2023-05-29,sz.002007,华兰生物
2023-05-31,2023-05-29,sz.002008,大族激光
2023-05-31,2023-05-29,sz.002027,分众传媒
2023-05-31,2023-05-29,sz.002032,苏泊尔
2023-05-31,2023-05-29,sz.002049,紫光国微
2023-05-31,2023-05-29,sz.002050,三花智控
2023-05-31,2023-05-29,sz.002064,华峰化学
2023-05-31,2023-05-29,sz.002074,国轩高科
2023-05-31,2023-05-29,sz.002120,韵达股份
2023-05-31,2023-05-29,sz.002129,TCL中环
2023-05-31,2023-05-29,sz.002142,宁波银行
2023-05-31,2023-05-29,sz.002179,中航光电
2023-05-31,2023-05-29,sz.002180,纳思达
2023-05-31,2023-05-29,sz.002202,金风科技
2023-05-31,2023-05-29,sz.002230,科大讯飞
2023-05-31,2023-05-29,sz.002236,大华股份
2023-05-31,2023-05-29,sz.002241,歌尔股份
2023-05-31,2023-05-29,sz.002252,上海莱士
2023-05-31,2023-05-29,sz.002271,东方雨虹
2023-05-31,2023-05-29,sz.002304,洋河股份
2023-05-31,2023-05-29,sz.002311,海大集团
2023-05-31,2023-05-29,sz.002352,顺丰控股
2023-05-31,2023-05-29,sz.002371,北方华创
2023-05-31,2023-05-29,sz.002410,广联达
2023-05-31,2023-05-29,sz.002414,高德红外
2023-05-31,2023-05-29,sz.002415,海康威视
2023-05-31,2023-05-29,sz.002459,晶澳科技
2023-05-31,2023-05-29,sz.002460,赣锋锂业
2023-05-31,2023-05-29,sz.002466,天齐锂业
2023-05-31,2023-05-29,sz.002475,立讯精密
2023-05-31,2023-05-29,sz.002493,荣盛石化
2023-05-31,2023-05-29,sz.002555,三七互娱
2023-05-31,2023-05-29,sz.002594,比亚迪
2023-05-31,2023-05-29,sz.002600,领益智造
2023-05-31,2023-05-29,sz.002601,龙佰集团
2023-05-31,2023-05-29,sz.002602,世纪华通
2023-05-31,2023-05-29,sz.002648,卫星化学
2023-05-31,2023-05-29,sz.002709,天赐材料
2023-05-31,2023-05-29,sz.002714,牧原股份
2023-05-31,2023-05-29,sz.002736,国信证券
2023-05-31,2023-05-29,sz.002756,永兴材料
2023-05-31,2023-05-29,sz.002812,恩捷股份
2023-05-31,2023-05-29,sz.002821,凯莱英
2023-05-31,2023-05-29,sz.002841,视源股份
2023-05-31,2023-05-29,sz.002916,深南电路
2023-05-31,2023-05-29,sz.002920,德赛西威
2023-05-31,2023-05-29,sz.002938,鹏鼎控股
2023-05-31,2023-05-29,sz.003816,中国广核
2023-05-31,2023-05-29,sz.300014,亿纬锂能
2023-05-31,2023-05-29,sz.300015,爱尔眼科
2023-05-31,2023-05-29,sz.300033,同花顺
2023-05-31,2023-05-29,sz.300059,东方财富
2023-05-31,2023-05-29,sz.300122,智飞生物
2023-05-31,2023-05-29,sz.300124,汇川技术
2023-05-31,2023-05-29,sz.300142,沃森生物
2023-05-31,2023-05-29,sz.300207,欣旺达
2023-05-31,2023-05-29,sz.300223,北京君正
2023-05-31,2023-05-29,sz.300274,阳光电源
2023-05-31,2023-05-29,sz.300316,晶盛机电
2023-05-31,2023-05-29,sz.300347,泰格医药
2023-05-31,2023-05-29,sz.300408,三环集团
2023-05-31,2023-05-29,sz.300413,芒果超媒
2023-05-31,2023-05-29,sz.300433,蓝思科技
2023-05-31,2023-05-29,sz.300450,先导智能
2023-05-31,2023-05-29,sz.300454,深信服
2023-05-31,2023-05-29,sz.300496,中科创达
2023-05-31,2023-05-29,sz.300498,温氏股份
2023-05-31,2023-05-29,sz.300529,健帆生物
2023-05-31,2023-05-29,sz.300595,欧普康视
2023-05-31,2023-05-29,sz.300601,康泰生物
2023-05-31,2023-05-29,sz.300628,亿联网络
2023-05-31,2023-05-29,sz.300661,圣邦股份
2023-05-31,2023-05-29,sz.300750,宁德时代
2023-05-31,2023-05-29,sz.300751,迈为股份
2023-05-31,2023-05-29,sz.300759,康龙化成
2023-05-31,2023-05-29,sz.300760,迈瑞医疗
2023-05-31,2023-05-29,sz.300763,锦浪科技
2023-05-31,2023-05-29,sz.300769,德方纳米
2023-05-31,2023-05-29,sz.300782,卓胜微
2023-05-31,2023-05-29,sz.300896,爱美客
2023-05-31,2023-05-29,sz.300919,中伟股份
2023-05-31,2023-05-29,sz.300957,贝泰妮
2023-05-31,2023-05-29,sz.300979,华利集团
2023-05-31,2023-05-29,sz.300999,金龙鱼
2023-06-30,2023-06-26,sh.600000,浦发银行
2023-06-30,2023-06-26,sh.600009,上海机场
2023-06-30,2023-06-26,sh.600010,包钢股份
2023-06-30,2023-06-26,sh.600011,华能国际
2023-06-30,2023-06-26,sh.600015,华夏银行
2023-06-30,2023-06-26,sh.600016,民生银行
2023-06-30,2023-06-26,sh.600018,上港集团
2023-06-30,2023-06-26,sh.600019,宝钢股份
2023-06-30,2023-06-26,sh.600025,华能水电
2023-06-30,2023-06-26,sh.600028,中国石化
2023-06-30,2023-06-26,sh.600029,南方航空
2023-06-30,2023-06-26,sh.600030,中信证券
2023-06-30,2023-06-26,sh.600031,三一重工
2023-06-30,2023-06-26,sh.600036,招商银行
2023-06-30,2023-06-26,sh.600039,四川路桥
2023-06-30,2023-06-26,sh.600048,保利发展
2023-06-30,2023-06-26,sh.600050,中国联通
2023-06-30,2023-06-26,sh.600061,国投资本
2023-06-30,2023-06-26,sh.600085,同仁堂
2023-06-30,2023-06-26,sh.600089,特变电工
2023-06-30,2023-06-26,sh.600104,上汽集团
2023-06-30,2023-06-26,sh.600111,北方稀土
2023-06-30,2023-06-26,sh.600115,中国东航
2023-06-30,2023-06-26,sh.600132,重庆啤酒
2023-06-30,2023-06-26,sh.600150,中国船舶
2023-06-30,2023-06-26,sh.600176,中国巨石
2023-06-30,2023-06-26,sh.600183,生益科技
2023-06-30,2023-06-26,sh.600188,兖矿能源
2023-06-30,2023-06-26,sh.600196,复星医药
2023-06-30,2023-06-26,sh.600219,南山铝业
2023-06-30,2023-06-26,sh.600233,圆通速递
2023-06-30,2023-06-26,sh.600276,恒瑞医药
2023-06-30,2023-06-26,sh.600309,万华化学
2023-06-30,2023-06-26,sh.600332,白云山
2023-06-30,2023-06-26,sh.600346,恒力石化
2023-06-30,2023-06-26,sh.600362,江西铜业
2023-06-30,2023-06-26,sh.600383,金地集团
2023-06-30,2023-06-26,sh.600406,国电南瑞
2023-06-30,2023-06-26,sh.600426,华鲁恒升
2023-06-30,2023-06-26,sh.600436,片仔癀
2023-06-30,2023-06-26,sh.600438,通威股份
2023-06-30,2023-06-26,sh.600460,士兰微
2023-06-30,2023-06-26,sh.600519,贵州茅台
2023-06-30,2023-06-26,sh.600547,山东黄金
2023-06-30,2023-06-26,sh.600570,恒生电子
2023-06-30,2023-06-26,sh.600584,长电科技
2023-06-30,2023-06-26,sh.600585,海螺水泥
2023-06-30,2023-06-26,sh.600588,用友网络
2023-06-30,2023-06-26,sh.600600,青岛啤酒
2023-06-30,2023-06-26,sh.600606,绿地控股
2023-06-30,2023-06-26,sh.600660,福耀玻璃
2023-06-30,2023-06-26,sh.600674,川投能源
2023-06-30,2023-06-26,sh.600690,海尔智家
2023-06-30,2023-06-26,sh.600732,爱旭股份
2023-06-30,2023-06-26,sh.600741,华域汽车
2023-06-30,2023-06-26,sh.600745,闻泰科技
2023-06-30,2023-06-26,sh.600754,锦江酒店
2023-06-30,2023-06-26,sh.600760,中航沈飞
2023-06-30,2023-06-26,sh.600763,通策医疗
2023-06-30,2023-06-26,sh.600795,国电电力
2023-06-30,2023-06-26,sh.600803,新奥股份
2023-06-30,2023-06-26,sh.600809,山西汾酒
2023-06-30,2023-06-26,sh.600837,海通证券
2023-06-30,2023-06-26,sh.600845,宝信软件
2023-06-30,2023-06-26,sh.600875,东方电气
2023-06-30,2023-06-26,sh.600884,杉杉股份
2023-06-30,2023-06-26,sh.600886,国投电力
2023-06-30,2023-06-26,sh.600887,伊利股份
2023-06-30,2023-06-26,sh.600893,航发动力
2023-06-30,2023-06-26,sh.600900,长江电力
2023-06-30,2023-06-26,sh.600905,三峡能源
2023-06-30,2023-06-26,sh.600918,中泰证券
2023-06-30,2023-06-26,sh.600919,江苏银行
2023-06-30,2023-06-26,sh.600926,杭州银行
2023-06-30,2023-06-26,sh.600941,中国移动
2023-06-30,2023-06-26,sh.600958,东方证券
2023-06-30,2023-06-26,sh.600989,宝丰能源
2023-06-30,2023-06-26,sh.600999,招商证券
2023-06-30,2023-06-26,sh.601006,大秦铁路
2023-06-30,2023-06-26,sh.601009,南京银行
2023-06-30,2023-06-26,sh.601012,隆基绿能
2023-06-30,2023-06-26,sh.601021,春秋航空
2023-06-30,2023-06-26,sh.601066,中信建投
2023-06-30,2023-06-26,sh.601088,中国神华
2023-06-30,2023-06-26,sh.601100,恒立液压
2023-06-30,2023-06-26,sh.601111,中国国航
2023-06-30,2023-06-26,sh.601117,中国化学
2023-06-30,2023-06-26,sh.601138,工业富联
2023-06-30,2023-06-26,sh.601155,新城控股
2023-06-30,2023-06-26,sh.601166,兴业银行
2023-06-30,2023-06-26,sh.601169,北京银行
2023-06-30,2023-06-26,sh.601186,中国铁建
2023-06-30,2023-06-26,sh.601211,国泰君安
2023-06-30,2023-06-26,sh.601216,君正集团
2023-06-30,2023-06-26,sh.601225,陕西煤业
2023-06-30,2023-06-26,sh.601229,上海银行
2023-06-30,2023-06-26,sh.601236,红塔证券
2023-06-30,2023-06-26,sh.601238,广汽集团
2023-06-30,2023-06-26,sh.601288,农业银行
2023-06-30,2023-06-26,sh.601318,中国平安
2023-06-30,2023-06-26,sh.601319,中国人保
2023-06-30,2023-06-26,sh.601328,交通银行
2023-06-30,2023-06-26,sh.601336,新华保险
2023-06-30,2023-06-26,sh.601360,三六零
2023-06-30,2023-06-26,sh.601377,兴业证券
2023-06-30,2023-06-26,sh.601390,中国中铁
2023-06-30,2023-06-26,sh.601398,工商银行
2023-06-30,2023-06-26,sh.601600,中国铝业
2023-06-30,2023-06-26,sh.601601,中国太保
2023-06-30,2023-06-26,sh.601607,上海医药
2023-06-30,2023-06-26,sh.601615,明阳智能
2023-06-30,2023-06-26,sh.601618,中国中冶
2023-06-30,2023-06-26,sh.601628,中国人寿
2023-06-30,2023-06-26,sh.601633,长城汽车
2023-06-30,2023-06-26,sh.601658,邮储银行
2023-06-30,2023-06-26,sh.601668,中国建筑
2023-06-30,2023-06-26,sh.601669,中国电建
2023-06-30,2023-06-26,sh.601688,华泰证券
2023-06-30,2023-06-26,sh.601689,拓普集团
2023-06-30,2023-06-26,sh.601698,中国卫通
2023-06-30,2023-06-26,sh.601699,潞安环能
2023-06-30,2023-06-26,sh.601728,中国电信
2023-06-30,2023-06-26,sh.601766,中国中车
2023-06-30,2023-06-26,sh.601788,光大证券
2023-06-30,2023-06-26,sh.601799,星宇股份
2023-06-30,2023-06-26,sh.601800,中国交建
2023-06-30,2023-06-26,sh.601808,中海油服
2023-06-30,2023-06-26,sh.601816,京沪高铁
2023-06-30,2023-06-26,sh.601818,光大银行
2023-06-30,2023-06-26,sh.601838,成都银行
2023-06-30,2023-06-26,sh.601857,中国石油
2023-06-30,2023-06-26,sh.601865,福莱特
2023-06-30,2023-06-26,sh.601868,中国能建
2023-06-30,2023-06-26,sh.601872,招商轮船
2023-06-30,2023-06-26,sh.601877,正泰电器
2023-06-30,2023-06-26,sh.601878,浙商证券
2023-06-30,2023-06-26,sh.601881,中国银河
2023-06-30,2023-06-26,sh.601888,中国中免
2023-06-30,2023-06-26,sh.601898,中煤能源
2023-06-30,2023-06-26,sh.601899,紫金矿业
2023-06-30,2023-06-26,sh.601901,方正证券
2023-06-30,2023-06-26,sh.601919,中远海控
2023-06-30,2023-06-26,sh.601939,建设银行
2023-06-30,2023-06-26,sh.601985,中国核电
2023-06-30,2023-06-26,sh.601988,中国银行
2023-06-30,2023-06-26,sh.601989,中国重工
2023-06-30,2023-06-26,sh.601995,中金公司
2023-06-30,2023-06-26,sh.601998,中信银行
2023-06-30,2023-06-26,sh.603019,中科曙光
2023-06-30,2023-06-26,sh.603185,弘元绿能
2023-06-30,2023-06-26,sh.603195,公牛集团
2023-06-30,2023-06-26,sh.603259,药明康德
2023-06-30,2023-06-26,sh.603260,合盛硅业
2023-06-30,2023-06-26,sh.603288,海天味业
2023-06-30,2023-06-26,sh.603290,斯达半导
2023-06-30,2023-06-26,sh.603369,今世缘
2023-06-30,2023-06-26,sh.603392,万泰生物
2023-06-30,2023-06-26,sh.603486,科沃斯
2023-06-30,2023-06-26,sh.603501,韦尔股份
2023-06-30,2023-06-26,sh.603659,璞泰来
2023-06-30,2023-06-26,sh.603799,华友钴业
2023-06-30,2023-06-26,sh.603806,福斯特
2023-06-30,2023-06-26,sh.603833,欧派家居
2023-06-30,2023-06-26,sh.603899,晨光股份
2023-06-30,2023-06-26,sh.603986,兆易创新
2023-06-30,2023-06-26,sh.603993,洛阳钼业
2023-06-30,2023-06-26,sh.605117,德业股份
2023-06-30,2023-06-26,sh.605499,东鹏饮料
2023-06-30,2023-06-26,sh.688005,容百科技
2023-06-30,2023-06-26,sh.688008,澜起科技
2023-06-30,2023-06-26,sh.688012,中微公司
2023-06-30,2023-06-26,sh.688036,传音控股
2023-06-30,2023-06-26,sh.688065,凯赛生物
2023-06-30,2023-06-26,sh.688111,金山办公
2023-06-30,2023-06-26,sh.688126,沪硅产业
2023-06-30,2023-06-26,sh.688187,时代电气
2023-06-30,2023-06-26,sh.688223,晶科能源
2023-06-30,2023-06-26,sh.688303,大全能源
2023-06-30,2023-06-26,sh.688363,华熙生物
2023-06-30,2023-06-26,sh.688396,华润微
2023-06-30,2023-06-26,sh.688561,奇安信
2023-06-30,2023-06-26,sh.688599,天合光能
2023-06-30,2023-06-26,sh.688981,中芯国际
2023-06-30,2023-06-26,sz.000001,平安银行
2023-06-30,2023-06-26,sz.000002,万科A
2023-06-30,2023-06-26,sz.000063,中兴通讯
2023-06-30,2023-06-26,sz.000069,华侨城A
2023-06-30,2023-06-26,sz.000100,TCL科技
2023-06-30,2023-06-26,sz.000157,中联重科
2023-06-30,2023-06-26,sz.000166,申万宏源
2023-06-30,2023-06-26,sz.000301,东方盛虹
2023-06-30,2023-06-26,sz.000333,美的集团
2023-06-30,2023-06-26,sz.000338,潍柴动力
2023-06-30,2023-06-26,sz.000408,藏格矿业
2023-06-30,2023-06-26,sz.000425,徐工机械
2023-06-30,2023-06-26,sz.000538,云南白药
2023-06-30,2023-06-26,sz.000568,泸州老窖
2023-06-30,2023-06-26,sz.000596,古井贡酒
2023-06-30,2023-06-26,sz.000617,中油资本
2023-06-30,2023-06-26,sz.000625,长安汽车
2023-06-30,2023-06-26,sz.000651,格力电器
2023-06-30,2023-06-26,sz.000661,长春高新
2023-06-30,2023-06-26,sz.000708,中信特钢
2023-06-30,2023-06-26,sz.000723,美锦能源
2023-06-30,2023-06-26,sz.000725,京东方A
2023-06-30,2023-06-26,sz.000733,振华科技
2023-06-30,2023-06-26,sz.000768,中航西飞
2023-06-30,2023-06-26,sz.000776,广发证券
2023-06-30,2023-06-26,sz.000786,北新建材
2023-06-30,2023-06-26,sz.000792,盐湖股份
2023-06-30,2023-06-26,sz.000800,一汽解放
2023-06-30,2023-06-26,sz.000858,五粮液
2023-06-30,2023-06-26,sz.000876,新希望
2023-06-30,2023-06-26,sz.000877,天山股份
2023-06-30,2023-06-26,sz.000895,双汇发展
2023-06-30,2023-06-26,sz.000938,紫光股份
2023-06-30,2023-06-26,sz.000963,华东医药
2023-06-30,2023-06-26,sz.000977,浪潮信息
2023-06-30,2023-06-26,sz.000983,山西焦煤
2023-06-30,2023-06-26,sz.001289,龙源电力
2023-06-30,2023-06-26,sz.001979,招商蛇口
2023-06-30,2023-06-26,sz.002001,新和成
2023-06-30,2023-06-26,sz.002007,华兰生物
2023-06-30,2023-06-26,sz.002027,分众传媒
2023-06-30,2023-06-26,sz.002049,紫光国微
2023-06-30,2023-06-26,sz.002050,三花智控
2023-06-30,2023-06-26,sz.002064,华峰化学
2023-06-30,2023-06-26,sz.002074,国轩高科
2023-06-30,2023-06-26,sz.002120,韵达股份
2023-06-30,2023-06-26,sz.002129,TCL中环
2023-06-30,2023-06-26,sz.002142,宁波银行
2023-06-30,2023-06-26,sz.002179,中航光电
2023-06-30,2023-06-26,sz.002180,纳思达
2023-06-30,2023-06-26,sz.002202,金风科技
2023-06-30,2023-06-26,sz.002230,科大讯飞
2023-06-30,2023-06-26,sz.002236,大华股份
2023-06-30,2023-06-26,sz.002241,歌尔股份
2023-06-30,2023-06-26,sz.002252,上海莱士
2023-06-30,2023-06-26,sz.002271,东方雨虹
2023-06-30,2023-06-26,sz.002304,洋河股份
2023-06-30,2023-06-26,sz.002311,海大集团
2023-06-30,2023-06-26,sz.002352,顺丰控股
2023-06-30,2023-06-26,sz.002371,北方华创
2023-06-30,2023-06-26,sz.002410,广联达
2023-06-30,2023-06-26,sz.002414,高德红外
2023-06-30,2023-06-26,sz.002415,海康威视
2023-06-30,2023-06-26,sz.002459,晶澳科技
2023-06-30,2023-06-26,sz.002460,赣锋锂业
2023-06-30,2023-06-26,sz.002466,天齐锂业
2023-06-30,2023-06-26,sz.002475,立讯精密
2023-06-30,2023-06-26,sz.002493,荣盛石化
2023-06-30,2023-06-26,sz.002555,三七互娱
2023-06-30,2023-06-26,sz.002594,比亚迪
2023-06-30,2023-06-26,sz.002601,龙佰集团
2023-06-30,2023-06-26,sz.002648,卫星化学
2023-06-30,2023-06-26,sz.002709,天赐材料
2023-06-30,2023-06-26,sz.002714,牧原股份
2023-06-30,2023-06-26,sz.002736,国信证券
2023-06-30,2023-06-26,sz.002756,永兴材料
2023-06-30,2023-06-26,sz.002812,恩捷股份
2023-06-30,2023-06-26,sz.002821,凯莱英
2023-06-30,2023-06-26,sz.002841,视源股份
2023-06-30,2023-06-26,sz.002916,深南电路
2023-06-30,2023-06-26,sz.002920,德赛西威
2023-06-30,2023-06-26,sz.002938,鹏鼎控股
2023-06-30,2023-06-26,sz.003816,中国广核
2023-06-30,2023-06-26,sz.300014,亿纬锂能
2023-06-30,2023-06-26,sz.300015,爱尔眼科
2023-06-30,2023-06-26,sz.300033,同花顺
2023-06-30,2023-06-26,sz.300059,东方财富
2023-06-30,2023-06-26,sz.300122,智飞生物
2023-06-30,2023-06-26,sz.300124,汇川技术
2023-06-30,2023-06-26,sz.300142,沃森生物
2023-06-30,2023-06-26,sz.300207,欣旺达
2023-06-30,2023-06-26,sz.300223,北京君正
2023-06-30,2023-06-26,sz.300274,阳光电源
2023-06-30,2023-06-26,sz.300316,晶盛机电
2023-06-30,2023-06-26,sz.300347,泰格医药
2023-06-30,2023-06-26,sz.300408,三环集团
2023-06-30,2023-06-26,sz.300413,芒果超媒
2023-06-30,2023-06-26,sz.300433,蓝思科技
2023-06-30,2023-06-26,sz.300450,先导智能
2023-06-30,2023-06-26,sz.300454,深信服
2023-06-30,2023-06-26,sz.300496,中科创达
2023-06-30,2023-06-26,sz.300498,温氏股份
2023-06-30,2023-06-26,sz.300601,康泰生物
2023-06-30,2023-06-26,sz.300628,亿联网络
2023-06-30,2023-06-26,sz.300661,圣邦股份
2023-06-30,2023-06-26,sz.300750,宁德时代
2023-06-30,2023-06-26,sz.300751,迈为股份
2023-06-30,2023-06-26,sz.300759,康龙化成
2023-06-30,2023-06-26,sz.300760,迈瑞医疗
2023-06-30,2023-06-26,sz.300763,锦浪科技
2023-06-30,2023-06-26,sz.300769,德方纳米
2023-06-30,2023-06-26,sz.300782,卓胜微
2023-06-30,2023-06-26,sz.300896,爱美客
2023-06-30,2023-06-26,sz.300919,中伟股份
2023-06-30,2023-06-26,sz.300957,贝泰妮
2023-06-30,2023-06-26,sz.300979,华利集团
2023-06-30,2023-06-26,sz.300999,金龙鱼
2023-07-31,2023-07-31,sh.600000,浦发银行
2023-07-31,2023-07-31,sh.600009,上海机场
2023-07-31,2023-07-31,sh.600010,包钢股份
2023-07-31,2023-07-31,sh.600011,华能国际
2023-07-31,2023-07-31,sh.600015,华夏银行
2023-07-31,2023-07-31,sh.600016,民生银行
2023-07-31,2023-07-31,sh.600018,上港集团
2023-07-31,2023-07-31,sh.600019,宝钢股份
2023-07-31,2023-07-31,sh.600025,华能水电
2023-07-31,2023-07-31,sh.600028,中国石化
2023-07-31,2023-07-31,sh.600029,南方航空
2023-07-31,2023-07-31,sh.600030,中信证券
2023-07-31,2023-07-31,sh.600031,三一重工
2023-07-31,2023-07-31,sh.600036,招商银行
2023-07-31,2023-07-31,sh.600039,四川路桥
2023-07-31,2023-07-31,sh.600048,保利发展
2023-07-31,2023-07-31,sh.600050,中国联通
2023-07-31,2023-07-31,sh.600061,国投资本
2023-07-31,2023-07-31,sh.600085,同仁堂
2023-07-31,2023-07-31,sh.600089,特变电工
2023-07-31,2023-07-31,sh.600104,上汽集团
2023-07-31,2023-07-31,sh.600111,北方稀土
2023-07-31,2023-07-31,sh.600115,中国东航
2023-07-31,2023-07-31,sh.600132,重庆啤酒
2023-07-31,2023-07-31,sh.600150,中国船舶
2023-07-31,2023-07-31,sh.600176,中国巨石
2023-07-31,2023-07-31,sh.600183,生益科技
2023-07-31,2023-07-31,sh.600188,兖矿能源
2023-07-31,2023-07-31,sh.600196,复星医药
2023-07-31,2023-07-31,sh.600219,南山铝业
2023-07-31,2023-07-31,sh.600233,圆通速递
2023-07-31,2023-07-31,sh.600276,恒瑞医药
2023-07-31,2023-07-31,sh.600309,万华化学
2023-07-31,2023-07-31,sh.600332,白云山
2023-07-31,2023-07-31,sh.600346,恒力石化
2023-07-31,2023-07-31,sh.600362,江西铜业
2023-07-31,2023-07-31,sh.600383,金地集团
2023-07-31,2023-07-31,sh.600406,国电南瑞
2023-07-31,2023-07-31,sh.600426,华鲁恒升
2023-07-31,2023-07-31,sh.600436,片仔癀
2023-07-31,2023-07-31,sh.600438,通威股份
2023-07-31,2023-07-31,sh.600460,士兰微
2023-07-31,2023-07-31,sh.600519,贵州茅台
2023-07-31,2023-07-31,sh.600547,山东黄金
2023-07-31,2023-07-31,sh.600570,恒生电子
2023-07-31,2023-07-31,sh.600584,长电科技
2023-07-31,2023-07-31,sh.600585,海螺水泥
2023-07-31,2023-07-31,sh.600588,用友网络
2023-07-31,2023-07-31,sh.600600,青岛啤酒
2023-07-31,2023-07-31,sh.600606,绿地控股
2023-07-31,2023-07-31,sh.600660,福耀玻璃
2023-07-31,2023-07-31,sh.600674,川投能源
2023-07-31,2023-07-31,sh.600690,海尔智家
2023-07-31,2023-07-31,sh.600732,爱旭股份
2023-07-31,2023-07-31,sh.600741,华域汽车
2023-07-31,2023-07-31,sh.600745,闻泰科技
2023-07-31,2023-07-31,sh.600754,锦江酒店
2023-07-31,2023-07-31,sh.600760,中航沈飞
2023-07-31,2023-07-31,sh.600763,通策医疗
2023-07-31,2023-07-31,sh.600795,国电电力
2023-07-31,2023-07-31,sh.600803,新奥股份
2023-07-31,2023-07-31,sh.600809,山西汾酒
2023-07-31,2023-07-31,sh.600837,海通证券
2023-07-31,2023-07-31,sh.600845,宝信软件
2023-07-31,2023-07-31,sh.600875,东方电气
2023-07-31,2023-07-31,sh.600884,杉杉股份
2023-07-31,2023-07-31,sh.600886,国投电力
2023-07-31,2023-07-31,sh.600887,伊利股份
2023-07-31,2023-07-31,sh.600893,航发动力
2023-07-31,2023-07-31,sh.600900,长江电力
2023-07-31,2023-07-31,sh.600905,三峡能源
2023-07-31,2023-07-31,sh.600918,中泰证券
2023-07-31,2023-07-31,sh.600919,江苏银行
2023-07-31,2023-07-31,sh.600926,杭州银行
2023-07-31,2023-07-31,sh.600941,中国移动
2023-07-31,2023-07-31,sh.600958,东方证券
2023-07-31,2023-07-31,sh.600989,宝丰能源
2023-07-31,2023-07-31,sh.600999,招商证券
2023-07-31,2023-07-31,sh.601006,大秦铁路
2023-07-31,2023-07-31,sh.601009,南京银行
2023-07-31,2023-07-31,sh.601012,隆基绿能
2023-07-31,2023-07-31,sh.601021,春秋航空
2023-07-31,2023-07-31,sh.601066,中信建投
2023-07-31,2023-07-31,sh.601088,中国神华
2023-07-31,2023-07-31,sh.601100,恒立液压
2023-07-31,2023-07-31,sh.601111,中国国航
2023-07-31,2023-07-31,sh.601117,中国化学
2023-07-31,2023-07-31,sh.601138,工业富联
2023-07-31,2023-07-31,sh.601155,新城控股
2023-07-31,2023-07-31,sh.601166,兴业银行
2023-07-31,2023-07-31,sh.601169,北京银行
2023-07-31,2023-07-31,sh.601186,中国铁建
2023-07-31,2023-07-31,sh.601211,国泰君安
2023-07-31,2023-07-31,sh.601216,君正集团
2023-07-31,2023-07-31,sh.601225,陕西煤业
2023-07-31,2023-07-31,sh.601229,上海银行
2023-07-31,2023-07-31,sh.601236,红塔证券
2023-07-31,2023-07-31,sh.601238,广汽集团
2023-07-31,2023-07-31,sh.601288,农业银行
2023-07-31,2023-07-31,sh.601318,中国平安
2023-07-31,2023-07-31,sh.601319,中国人保
2023-07-31,2023-07-31,sh.601328,交通银行
2023-07-31,2023-07-31,sh.601336,新华保险
2023-07-31,2023-07-31,sh.601360,三六零
2023-07-31,2023-07-31,sh.601377,兴业证券
2023-07-31,2023-07-31,sh.601390,中国中铁
2023-07-31,2023-07-31,sh.601398,工商银行
2023-07-31,2023-07-31,sh.601600,中国铝业
2023-07-31,2023-07-31,sh.601601,中国太保
2023-07-31,2023-07-31,sh.601607,上海医药
2023-07-31,2023-07-31,sh.601615,明阳智能
2023-07-31,2023-07-31,sh.601618,中国中冶
2023-07-31,2023-07-31,sh.601628,中国人寿
2023-07-31,2023-07-31,sh.601633,长城汽车
2023-07-31,2023-07-31,sh.601658,邮储银行
2023-07-31,2023-07-31,sh.601668,中国建筑
2023-07-31,2023-07-31,sh.601669,中国电建
2023-07-31,2023-07-31,sh.601688,华泰证券
2023-07-31,2023-07-31,sh.601689,拓普集团
2023-07-31,2023-07-31,sh.601698,中国卫通
2023-07-31,2023-07-31,sh.601699,潞安环能
2023-07-31,2023-07-31,sh.601728,中国电信
2023-07-31,2023-07-31,sh.601766,中国中车
2023-07-31,2023-07-31,sh.601788,光大证券
2023-07-31,2023-07-31,sh.601799,星宇股份
2023-07-31,2023-07-31,sh.601800,中国交建
2023-07-31,2023-07-31,sh.601808,中海油服
2023-07-31,2023-07-31,sh.601816,京沪高铁
2023-07-31,2023-07-31,sh.601818,光大银行
2023-07-31,2023-07-31,sh.601838,成都银行
2023-07-31,2023-07-31,sh.601857,中国石油
2023-07-31,2023-07-31,sh.601865,福莱特
2023-07-31,2023-07-31,sh.601868,中国能建
2023-07-31,2023-07-31,sh.601872,招商轮船
2023-07-31,2023-07-31,sh.601877,正泰电器
2023-07-31,2023-07-31,sh.601878,浙商证券
2023-07-31,2023-07-31,sh.601881,中国银河
2023-07-31,2023-07-31,sh.601888,中国中免
2023-07-31,2023-07-31,sh.601898,中煤能源
2023-07-31,2023-07-31,sh.601899,紫金矿业
2023-07-31,2023-07-31,sh.601901,方正证券
2023-07-31,2023-07-31,sh.601919,中远海控
2023-07-31,2023-07-31,sh.601939,建设银行
2023-07-31,2023-07-31,sh.601985,中国核电
2023-07-31,2023-07-31,sh.601988,中国银行
2023-07-31,2023-07-31,sh.601989,中国重工
2023-07-31,2023-07-31,sh.601995,中金公司
2023-07-31,2023-07-31,sh.601998,中信银行
2023-07-31,2023-07-31,sh.603019,中科曙光
2023-07-31,2023-07-31,sh.603185,弘元绿能
2023-07-31,2023-07-31,sh.603195,公牛集团
2023-07-31,2023-07-31,sh.603259,药明康德
2023-07-31,2023-07-31,sh.603260,合盛硅业
2023-07-31,2023-07-31,sh.603288,海天味业
2023-07-31,2023-07-31,sh.603290,斯达半导
2023-07-31,2023-07-31,sh.603369,今世缘
2023-07-31,2023-07-31,sh.603392,万泰生物
2023-07-31,2023-07-31,sh.603486,科沃斯
2023-07-31,2023-07-31,sh.603501,韦尔股份
2023-07-31,2023-07-31,sh.603659,璞泰来
2023-07-31,2023-07-31,sh.603799,华友钴业
2023-07-31,2023-07-31,sh.603806,福斯特
2023-07-31,2023-07-31,sh.603833,欧派家居
2023-07-31,2023-07-31,sh.603899,晨光股份
2023-07-31,2023-07-31,sh.603986,兆易创新
2023-07-31,2023-07-31,sh.603993,洛阳钼业
2023-07-31,2023-07-31,sh.605117,德业股份
2023-07-31,2023-07-31,sh.605499,东鹏饮料
2023-07-31,2023-07-31,sh.688005,容百科技
2023-07-31,2023-07-31,sh.688008,澜起科技
2023-07-31,2023-07-31,sh.688012,中微公司
2023-07-31,2023-07-31,sh.688036,传音控股
2023-07-31,2023-07-31,sh.688065,凯赛生物
2023-07-31,2023-07-31,sh.688111,金山办公
2023-07-31,2023-07-31,sh.688126,沪硅产业
2023-07-31,2023-07-31,sh.688187,时代电气
2023-07-31,2023-07-31,sh.688223,晶科能源
2023-07-31,2023-07-31,sh.688303,大全能源
2023-07-31,2023-07-31,sh.688363,华熙生物
2023-07-31,2023-07-31,sh.688396,华润微
2023-07-31,2023-07-31,sh.688561,奇安信
2023-07-31,2023-07-31,sh.688599,天合光能
2023-07-31,2023-07-31,sh.688981,中芯国际
2023-07-31,2023-07-31,sz.000001,平安银行
2023-07-31,2023-07-31,sz.000002,万科A
2023-07-31,2023-07-31,sz.000063,中兴通讯
2023-07-31,2023-07-31,sz.000069,华侨城A
2023-07-31,2023-07-31,sz.000100,TCL科技
2023-07-31,2023-07-31,sz.000157,中联重科
2023-07-31,2023-07-31,sz.000166,申万宏源
2023-07-31,2023-07-31,sz.000301,东方盛虹
2023-07-31,2023-07-31,sz.000333,美的集团
2023-07-31,2023-07-31,sz.000338,潍柴动力
2023-07-31,2023-07-31,sz.000408,藏格矿业
2023-07-31,2023-07-31,sz.000425,徐工机械
2023-07-31,2023-07-31,sz.000538,云南白药
2023-07-31,2023-07-31,sz.000568,泸州老窖
2023-07-31,2023-07-31,sz.000596,古井贡酒
2023-07-31,2023-07-31,sz.000617,中油资本
2023-07-31,2023-07-31,sz.000625,长安汽车
2023-07-31,2023-07-31,sz.000651,格力电器
2023-07-31,2023-07-31,sz.000661,长春高新
2023-07-31,2023-07-31,sz.000708,中信特钢
2023-07-31,2023-07-31,sz.000723,美锦能源
2023-07-31,2023-07-31,sz.000725,京东方A
2023-07-31,2023-07-31,sz.000733,振华科技
2023-07-31,2023-07-31,sz.000768,中航西飞
2023-07-31,2023-07-31,sz.000776,广发证券
2023-07-31,2023-07-31,sz.000786,北新建材
2023-07-31,2023-07-31,sz.000792,盐湖股份
2023-07-31,2023-07-31,sz.000800,一汽解放
2023-07-31,2023-07-31,sz.000858,五粮液
2023-07-31,2023-07-31,sz.000876,新希望
2023-07-31,2023-07-31,sz.000877,天山股份
2023-07-31,2023-07-31,sz.000895,双汇发展
2023-07-31,2023-07-31,sz.000938,紫光股份
2023-07-31,2023-07-31,sz.000963,华东医药
2023-07-31,2023-07-31,sz.000977,浪潮信息
2023-07-31,2023-07-31,sz.000983,山西焦煤
2023-07-31,2023-07-31,sz.001289,龙源电力
2023-07-31,2023-07-31,sz.001979,招商蛇口
2023-07-31,2023-07-31,sz.002001,新和成
2023-07-31,2023-07-31,sz.002007,华兰生物
2023-07-31,2023-07-31,sz.002027,分众传媒
2023-07-31,2023-07-31,sz.002049,紫光国微
2023-07-31,2023-07-31,sz.002050,三花智控
2023-07-31,2023-07-31,sz.002064,华峰化学
2023-07-31,2023-07-31,sz.002074,国轩高科
2023-07-31,2023-07-31,sz.002120,韵达股份
2023-07-31,2023-07-31,sz.002129,TCL中环
2023-07-31,2023-07-31,sz.002142,宁波银行
2023-07-31,2023-07-31,sz.002179,中航光电
2023-07-31,2023-07-31,sz.002180,纳思达
2023-07-31,2023-07-31,sz.002202,金风科技
2023-07-31,2023-07-31,sz.002230,科大讯飞
2023-07-31,2023-07-31,sz.002236,大华股份
2023-07-31,2023-07-31,sz.002241,歌尔股份
2023-07-31,2023-07-31,sz.002252,上海莱士
2023-07-31,2023-07-31,sz.002271,东方雨虹
2023-07-31,2023-07-31,sz.002304,洋河股份
2023-07-31,2023-07-31,sz.002311,海大集团
2023-07-31,2023-07-31,sz.002352,顺丰控股
2023-07-31,2023-07-31,sz.002371,北方华创
2023-07-31,2023-07-31,sz.002410,广联达
2023-07-31,2023-07-31,sz.002414,高德红外
2023-07-31,2023-07-31,sz.002415,海康威视
2023-07-31,2023-07-31,sz.002459,晶澳科技
2023-07-31,2023-07-31,sz.002460,赣锋锂业
2023-07-31,2023-07-31,sz.002466,天齐锂业
2023-07-31,2023-07-31,sz.002475,立讯精密
2023-07-31,2023-07-31,sz.002493,荣盛石化
2023-07-31,2023-07-31,sz.002555,三七互娱
2023-07-31,2023-07-31,sz.002594,比亚迪
2023-07-31,2023-07-31,sz.002601,龙佰集团
2023-07-31,2023-07-31,sz.002648,卫星化学
2023-07-31,2023-07-31,sz.002709,天赐材料
2023-07-31,2023-07-31,sz.002714,牧原股份
2023-07-31,2023-07-31,sz.002736,国信证券
2023-07-31,2023-07-31,sz.002756,永兴材料
2023-07-31,2023-07-31,sz.002812,恩捷股份
2023-07-31,2023-07-31,sz.002821,凯莱英
2023-07-31,2023-07-31,sz.002841,视源股份
2023-07-31,2023-07-31,sz.002916,深南电路
2023-07-31,2023-07-31,sz.002920,德赛西威
2023-07-31,2023-07-31,sz.002938,鹏鼎控股
2023-07-31,2023-07-31,sz.003816,中国广核
2023-07-31,2023-07-31,sz.300014,亿纬锂能
2023-07-31,2023-07-31,sz.300015,爱尔眼科
2023-07-31,2023-07-31,sz.300033,同花顺
2023-07-31,2023-07-31,sz.300059,东方财富
2023-07-31,2023-07-31,sz.300122,智飞生物
2023-07-31,2023-07-31,sz.300124,汇川技术
2023-07-31,2023-07-31,sz.300142,沃森生物
2023-07-31,2023-07-31,sz.300207,欣旺达
2023-07-31,2023-07-31,sz.300223,北京君正
2023-07-31,2023-07-31,sz.300274,阳光电源
2023-07-31,2023-07-31,sz.300316,晶盛机电
2023-07-31,2023-07-31,sz.300347,泰格医药
2023-07-31,2023-07-31,sz.300408,三环集团
2023-07-31,2023-07-31,sz.300413,芒果超媒
2023-07-31,2023-07-31,sz.300433,蓝思科技
2023-07-31,2023-07-31,sz.300450,先导智能
2023-07-31,2023-07-31,sz.300454,深信服
2023-07-31,2023-07-31,sz.300496,中科创达
2023-07-31,2023-07-31,sz.300498,温氏股份
2023-07-31,2023-07-31,sz.300601,康泰生物
2023-07-31,2023-07-31,sz.300628,亿联网络
2023-07-31,2023-07-31,sz.300661,圣邦股份
2023-07-31,2023-07-31,sz.300750,宁德时代
2023-07-31,2023-07-31,sz.300751,迈为股份
2023-07-31,2023-07-31,sz.300759,康龙化成
2023-07-31,2023-07-31,sz.300760,迈瑞医疗
2023-07-31,2023-07-31,sz.300763,锦浪科技
2023-07-31,2023-07-31,sz.300769,德方纳米
2023-07-31,2023-07-31,sz.300782,卓胜微
2023-07-31,2023-07-31,sz.300896,爱美客
2023-07-31,2023-07-31,sz.300919,中伟股份
2023-07-31,2023-07-31,sz.300957,贝泰妮
2023-07-31,2023-07-31,sz.300979,华利集团
2023-07-31,2023-07-31,sz.300999,金龙鱼
2023-08-31,2023-08-28,sh.600000,浦发银行
2023-08-31,2023-08-28,sh.600009,上海机场
2023-08-31,2023-08-28,sh.600010,包钢股份
2023-08-31,2023-08-28,sh.600011,华能国际
2023-08-31,2023-08-28,sh.600015,华夏银行
2023-08-31,2023-08-28,sh.600016,民生银行
2023-08-31,2023-08-28,sh.600018,上港集团
2023-08-31,2023-08-28,sh.600019,宝钢股份
2023-08-31,2023-08-28,sh.600025,华能水电
2023-08-31,2023-08-28,sh.600028,中国石化
2023-08-31,2023-08-28,sh.600029,南方航空
2023-08-31,2023-08-28,sh.600030,中信证券
2023-08-31,2023-08-28,sh.600031,三一重工
2023-08-31,2023-08-28,sh.600036,招商银行
2023-08-31,2023-08-28,sh.600039,四川路桥
2023-08-31,2023-08-28,sh.600048,保利发展
2023-08-31,2023-08-28,sh.600050,中国联通
2023-08-31,2023-08-28,sh.600061,国投资本
2023-08-31,2023-08-28,sh.600085,同仁堂
2023-08-31,2023-08-28,sh.600089,特变电工
2023-08-31,2023-08-28,sh.600104,上汽集团
2023-08-31,2023-08-28,sh.600111,北方稀土
2023-08-31,2023-08-28,sh.600115,中国东航
2023-08-31,2023-08-28,sh.600132,重庆啤酒
2023-08-31,2023-08-28,sh.600150,中国船舶
2023-08-31,2023-08-28,sh.600176,中国巨石
2023-08-31,2023-08-28,sh.600183,生益科技
2023-08-31,2023-08-28,sh.600188,兖矿能源
2023-08-31,2023-08-28,sh.600196,复星医药
2023-08-31,2023-08-28,sh.600219,南山铝业
2023-08-31,2023-08-28,sh.600233,圆通速递
2023-08-31,2023-08-28,sh.600276,恒瑞医药
2023-08-31,2023-08-28,sh.600309,万华化学
2023-08-31,2023-08-28,sh.600332,白云山
2023-08-31,2023-08-28,sh.600346,恒力石化
2023-08-31,2023-08-28,sh.600362,江西铜业
2023-08-31,2023-08-28,sh.600383,金地集团
2023-08-31,2023-08-28,sh.600406,国电南瑞
2023-08-31,2023-08-28,sh.600426,华鲁恒升
2023-08-31,2023-08-28,sh.600436,片仔癀
2023-08-31,2023-08-28,sh.600438,通威股份
2023-08-31,2023-08-28,sh.600460,士兰微
2023-08-31,2023-08-28,sh.600519,贵州茅台
2023-08-31,2023-08-28,sh.600547,山东黄金
2023-08-31,2023-08-28,sh.600570,恒生电子
2023-08-31,2023-08-28,sh.600584,长电科技
2023-08-31,2023-08-28,sh.600585,海螺水泥
2023-08-31,2023-08-28,sh.600588,用友网络
2023-08-31,2023-08-28,sh.600600,青岛啤酒
2023-08-31,2023-08-28,sh.600606,绿地控股
2023-08-31,2023-08-28,sh.600660,福耀玻璃
2023-08-31,2023-08-28,sh.600674,川投能源
2023-08-31,2023-08-28,sh.600690,海尔智家
2023-08-31,2023-08-28,sh.600732,爱旭股份
2023-08-31,2023-08-28,sh.600741,华域汽车
2023-08-31,2023-08-28,sh.600745,闻泰科技
2023-08-31,2023-08-28,sh.600754,锦江酒店
2023-08-31,2023-08-28,sh.600760,中航沈飞
2023-08-31,2023-08-28,sh.600763,通策医疗
2023-08-31,2023-08-28,sh.600795,国电电力
2023-08-31,2023-08-28,sh.600803,新奥股份
2023-08-31,2023-08-28,sh.600809,山西汾酒
2023-08-31,2023-08-28,sh.600837,海通证券
2023-08-31,2023-08-28,sh.600845,宝信软件
2023-08-31,2023-08-28,sh.600875,东方电气
2023-08-31,2023-08-28,sh.600884,杉杉股份
2023-08-31,2023-08-28,sh.600886,国投电力
2023-08-31,2023-08-28,sh.600887,伊利股份
2023-08-31,2023-08-28,sh.600893,航发动力
2023-08-31,2023-08-28,sh.600900,长江电力
2023-08-31,2023-08-28,sh.600905,三峡能源
2023-08-31,2023-08-28,sh.600918,中泰证券
2023-08-31,2023-08-28,sh.600919,江苏银行
2023-08-31,2023-08-28,sh.600926,杭州银行
2023-08-31,2023-08-28,sh.600941,中国移动
2023-08-31,2023-08-28,sh.600958,东方证券
2023-08-31,2023-08-28,sh.600989,宝丰能源
2023-08-31,2023-08-28,sh.600999,招商证券
2023-08-31,2023-08-28,sh.601006,大秦铁路
2023-08-31,2023-08-28,sh.601009,南京银行
2023-08-31,2023-08-28,sh.601012,隆基绿能
2023-08-31,2023-08-28,sh.601021,春秋航空
2023-08-31,2023-08-28,sh.601066,中信建投
2023-08-31,2023-08-28,sh.601088,中国神华
2023-08-31,2023-08-28,sh.601100,恒立液压
2023-08-31,2023-08-28,sh.601111,中国国航
2023-08-31,2023-08-28,sh.601117,中国化学
2023-08-31,2023-08-28,sh.601138,工业富联
2023-08-31,2023-08-28,sh.601155,新城控股
2023-08-31,2023-08-28,sh.601166,兴业银行
2023-08-31,2023-08-28,sh.601169,北京银行
2023-08-31,2023-08-28,sh.601186,中国铁建
2023-08-31,2023-08-28,sh.601211,国泰君安
2023-08-31,2023-08-28,sh.601216,君正集团
2023-08-31,2023-08-28,sh.601225,陕西煤业
2023-08-31,2023-08-28,sh.601229,上海银行
2023-08-31,2023-08-28,sh.601236,红塔证券
2023-08-31,2023-08-28,sh.601238,广汽集团
2023-08-31,2023-08-28,sh.601288,农业银行
2023-08-31,2023-08-28,sh.601318,中国平安
2023-08-31,2023-08-28,sh.601319,中国人保
2023-08-31,2023-08-28,sh.601328,交通银行
2023-08-31,2023-08-28,sh.601336,新华保险
2023-08-31,2023-08-28,sh.601360,三六零
2023-08-31,2023-08-28,sh.601377,兴业证券
2023-08-31,2023-08-28,sh.601390,中国中铁
2023-08-31,2023-08-28,sh.601398,工商银行
2023-08-31,2023-08-28,sh.601600,中国铝业
2023-08-31,2023-08-28,sh.601601,中国太保
2023-08-31,2023-08-28,sh.601607,上海医药
2023-08-31,2023-08-28,sh.601615,明阳智能
2023-08-31,2023-08-28,sh.601618,中国中冶
2023-08-31,2023-08-28,sh.601628,中国人寿
2023-08-31,2023-08-28,sh.601633,长城汽车
2023-08-31,2023-08-28,sh.601658,邮储银行
2023-08-31,2023-08-28,sh.601668,中国建筑
2023-08-31,2023-08-28,sh.601669,中国电建
2023-08-31,2023-08-28,sh.601688,华泰证券
2023-08-31,2023-08-28,sh.601689,拓普集团
2023-08-31,2023-08-28,sh.601698,中国卫通
2023-08-31,2023-08-28,sh.601699,潞安环能
2023-08-31,2023-08-28,sh.601728,中国电信
2023-08-31,2023-08-28,sh.601766,中国中车
2023-08-31,2023-08-28,sh.601788,光大证券
2023-08-31,2023-08-28,sh.601799,星宇股份
2023-08-31,2023-08-28,sh.601800,中国交建
2023-08-31,2023-08-28,sh.601808,中海油服
2023-08-31,2023-08-28,sh.601816,京沪高铁
2023-08-31,2023-08-28,sh.601818,光大银行
2023-08-31,2023-08-28,sh.601838,成都银行
2023-08-31,2023-08-28,sh.601857,中国石油
2023-08-31,2023-08-28,sh.601865,福莱特
2023-08-31,2023-08-28,sh.601868,中国能建
2023-08-31,2023-08-28,sh.601872,招商轮船
2023-08-31,2023-08-28,sh.601877,正泰电器
2023-08-31,2023-08-28,sh.601878,浙商证券
2023-08-31,2023-08-28,sh.601881,中国银河
2023-08-31,2023-08-28,sh.601888,中国中免
2023-08-31,2023-08-28,sh.601898,中煤能源
2023-08-31,2023-08-28,sh.601899,紫金矿业
2023-08-31,2023-08-28,sh.601901,方正证券
2023-08-31,2023-08-28,sh.601919,中远海控
2023-08-31,2023-08-28,sh.601939,建设银行
2023-08-31,2023-08-28,sh.601985,中国核电
2023-08-31,2023-08-28,sh.601988,中国银行
2023-08-31,2023-08-28,sh.601989,中国重工
2023-08-31,2023-08-28,sh.601995,中金公司
2023-08-31,2023-08-28,sh.601998,中信银行
2023-08-31,2023-08-28,sh.603019,中科曙光
2023-08-31,2023-08-28,sh.603185,弘元绿能
2023-08-31,2023-08-28,sh.603195,公牛集团
2023-08-31,2023-08-28,sh.603259,药明康德
2023-08-31,2023-08-28,sh.603260,合盛硅业
2023-08-31,2023-08-28,sh.603288,海天味业
2023-08-31,2023-08-28,sh.603290,斯达半导
2023-08-31,2023-08-28,sh.603369,今世缘
2023-08-31,2023-08-28,sh.603392,万泰生物
2023-08-31,2023-08-28,sh.603486,科沃斯
2023-08-31,2023-08-28,sh.603501,韦尔股份
2023-08-31,2023-08-28,sh.603659,璞泰来
2023-08-31,2023-08-28,sh.603799,华友钴业
2023-08-31,2023-08-28,sh.603806,福斯特
2023-08-31,2023-08-28,sh.603833,欧派家居
2023-08-31,2023-08-28,sh.603899,晨光股份
2023-08-31,2023-08-28,sh.603986,兆易创新
2023-08-31,2023-08-28,sh.603993,洛阳钼业
2023-08-31,2023-08-28,sh.605117,德业股份
2023-08-31,2023-08-28,sh.605499,东鹏饮料
2023-08-31,2023-08-28,sh.688005,容百科技
2023-08-31,2023-08-28,sh.688008,澜起科技
2023-08-31,2023-08-28,sh.688012,中微公司
2023-08-31,2023-08-28,sh.688036,传音控股
2023-08-31,2023-08-28,sh.688065,凯赛生物
2023-08-31,2023-08-28,sh.688111,金山办公
2023-08-31,2023-08-28,sh.688126,沪硅产业
2023-08-31,2023-08-28,sh.688187,时代电气
2023-08-31,2023-08-28,sh.688223,晶科能源
2023-08-31,2023-08-28,sh.688303,大全能源
2023-08-31,2023-08-28,sh.688363,华熙生物
2023-08-31,2023-08-28,sh.688396,华润微
2023-08-31,2023-08-28,sh.688561,奇安信
2023-08-31,2023-08-28,sh.688599,天合光能
2023-08-31,2023-08-28,sh.688981,中芯国际
2023-08-31,2023-08-28,sz.000001,平安银行
2023-08-31,2023-08-28,sz.000002,万科A
2023-08-31,2023-08-28,sz.000063,中兴通讯
2023-08-31,2023-08-28,sz.000069,华侨城A
2023-08-31,2023-08-28,sz.000100,TCL科技
2023-08-31,2023-08-28,sz.000157,中联重科
2023-08-31,2023-08-28,sz.000166,申万宏源
2023-08-31,2023-08-28,sz.000301,东方盛虹
2023-08-31,2023-08-28,sz.000333,美的集团
2023-08-31,2023-08-28,sz.000338,潍柴动力
2023-08-31,2023-08-28,sz.000408,藏格矿业
2023-08-31,2023-08-28,sz.000425,徐工机械
2023-08-31,2023-08-28,sz.000538,云南白药
2023-08-31,2023-08-28,sz.000568,泸州老窖
2023-08-31,2023-08-28,sz.000596,古井贡酒
2023-08-31,2023-08-28,sz.000617,中油资本
2023-08-31,2023-08-28,sz.000625,长安汽车
2023-08-31,2023-08-28,sz.000651,格力电器
2023-08-31,2023-08-28,sz.000661,长春高新
2023-08-31,2023-08-28,sz.000708,中信特钢
2023-08-31,2023-08-28,sz.000723,美锦能源
2023-08-31,2023-08-28,sz.000725,京东方A
2023-08-31,2023-08-28,sz.000733,振华科技
2023-08-31,2023-08-28,sz.000768,中航西飞
2023-08-31,2023-08-28,sz.000776,广发证券
2023-08-31,2023-08-28,sz.000786,北新建材
2023-08-31,2023-08-28,sz.000792,盐湖股份
2023-08-31,2023-08-28,sz.000800,一汽解放
2023-08-31,2023-08-28,sz.000858,五粮液
2023-08-31,2023-08-28,sz.000876,新希望
2023-08-31,2023-08-28,sz.000877,天山股份
2023-08-31,2023-08-28,sz.000895,双汇发展
2023-08-31,2023-08-28,sz.000938,紫光股份
2023-08-31,2023-08-28,sz.000963,华东医药
2023-08-31,2023-08-28,sz.000977,浪潮信息
2023-08-31,2023-08-28,sz.000983,山西焦煤
2023-08-31,2023-08-28,sz.001289,龙源电力
2023-08-31,2023-08-28,sz.001979,招商蛇口
2023-08-31,2023-08-28,sz.002001,新和成
2023-08-31,2023-08-28,sz.002007,华兰生物
2023-08-31,2023-08-28,sz.002027,分众传媒
2023-08-31,2023-08-28,sz.002049,紫光国微
2023-08-31,2023-08-28,sz.002050,三花智控
2023-08-31,2023-08-28,sz.002064,华峰化学
2023-08-31,2023-08-28,sz.002074,国轩高科
2023-08-31,2023-08-28,sz.002120,韵达股份
2023-08-31,2023-08-28,sz.002129,TCL中环
2023-08-31,2023-08-28,sz.002142,宁波银行
2023-08-31,2023-08-28,sz.002179,中航光电
2023-08-31,2023-08-28,sz.002180,纳思达
2023-08-31,2023-08-28,sz.002202,金风科技
2023-08-31,2023-08-28,sz.002230,科大讯飞
2023-08-31,2023-08-28,sz.002236,大华股份
2023-08-31,2023-08-28,sz.002241,歌尔股份
2023-08-31,2023-08-28,sz.002252,上海莱士
2023-08-31,2023-08-28,sz.002271,东方雨虹
2023-08-31,2023-08-28,sz.002304,洋河股份
2023-08-31,2023-08-28,sz.002311,海大集团
2023-08-31,2023-08-28,sz.002352,顺丰控股
2023-08-31,2023-08-28,sz.002371,北方华创
2023-08-31,2023-08-28,sz.002410,广联达
2023-08-31,2023-08-28,sz.002414,高德红外
2023-08-31,2023-08-28,sz.002415,海康威视
2023-08-31,2023-08-28,sz.002459,晶澳科技
2023-08-31,2023-08-28,sz.002460,赣锋锂业
2023-08-31,2023-08-28,sz.002466,天齐锂业
2023-08-31,2023-08-28,sz.002475,立讯精密
2023-08-31,2023-08-28,sz.002493,荣盛石化
2023-08-31,2023-08-28,sz.002555,三七互娱
2023-08-31,2023-08-28,sz.002594,比亚迪
2023-08-31,2023-08-28,sz.002601,龙佰集团
2023-08-31,2023-08-28,sz.002648,卫星化学
2023-08-31,2023-08-28,sz.002709,天赐材料
2023-08-31,2023-08-28,sz.002714,牧原股份
2023-08-31,2023-08-28,sz.002736,国信证券
2023-08-31,2023-08-28,sz.002756,永兴材料
2023-08-31,2023-08-28,sz.002812,恩捷股份
2023-08-31,2023-08-28,sz.002821,凯莱英
2023-08-31,2023-08-28,sz.002841,视源股份
2023-08-31,2023-08-28,sz.002916,深南电路
2023-08-31,2023-08-28,sz.002920,德赛西威
2023-08-31,2023-08-28,sz.002938,鹏鼎控股
2023-08-31,2023-08-28,sz.003816,中国广核
2023-08-31,2023-08-28,sz.300014,亿纬锂能
2023-08-31,2023-08-28,sz.300015,爱尔眼科
2023-08-31,2023-08-28,sz.300033,同花顺
2023-08-31,2023-08-28,sz.300059,东方财富
2023-08-31,2023-08-28,sz.300122,智飞生物
2023-08-31,2023-08-28,sz.300124,汇川技术
2023-08-31,2023-08-28,sz.300142,沃森生物
2023-08-31,2023-08-28,sz.300207,欣旺达
2023-08-31,2023-08-28,sz.300223,北京君正
2023-08-31,2023-08-28,sz.300274,阳光电源
2023-08-31,2023-08-28,sz.300316,晶盛机电
2023-08-31,2023-08-28,sz.300347,泰格医药
2023-08-31,2023-08-28,sz.300408,三环集团
2023-08-31,2023-08-28,sz.300413,芒果超媒
2023-08-31,2023-08-28,sz.300433,蓝思科技
2023-08-31,2023-08-28,sz.300450,先导智能
2023-08-31,2023-08-28,sz.300454,深信服
2023-08-31,2023-08-28,sz.300496,中科创达
2023-08-31,2023-08-28,sz.300498,温氏股份
2023-08-31,2023-08-28,sz.300601,康泰生物
2023-08-31,2023-08-28,sz.300628,亿联网络
2023-08-31,2023-08-28,sz.300661,圣邦股份
2023-08-31,2023-08-28,sz.300750,宁德时代
2023-08-31,2023-08-28,sz.300751,迈为股份
2023-08-31,2023-08-28,sz.300759,康龙化成
2023-08-31,2023-08-28,sz.300760,迈瑞医疗
2023-08-31,2023-08-28,sz.300763,锦浪科技
2023-08-31,2023-08-28,sz.300769,德方纳米
2023-08-31,2023-08-28,sz.300782,卓胜微
2023-08-31,2023-08-28,sz.300896,爱美客
2023-08-31,2023-08-28,sz.300919,中伟股份
2023-08-31,2023-08-28,sz.300957,贝泰妮
2023-08-31,2023-08-28,sz.300979,华利集团
2023-08-31,2023-08-28,sz.300999,金龙鱼
2023-09-30,2023-09-25,sh.600000,浦发银行
2023-09-30,2023-09-25,sh.600009,上海机场
2023-09-30,2023-09-25,sh.600010,包钢股份
2023-09-30,2023-09-25,sh.600011,华能国际
2023-09-30,2023-09-25,sh.600015,华夏银行
2023-09-30,2023-09-25,sh.600016,民生银行
2023-09-30,2023-09-25,sh.600018,上港集团
2023-09-30,2023-09-25,sh.600019,宝钢股份
2023-09-30,2023-09-25,sh.600025,华能水电
2023-09-30,2023-09-25,sh.600028,中国石化
2023-09-30,2023-09-25,sh.600029,南方航空
2023-09-30,2023-09-25,sh.600030,中信证券
2023-09-30,2023-09-25,sh.600031,三一重工
2023-09-30,2023-09-25,sh.600036,招商银行
2023-09-30,2023-09-25,sh.600039,四川路桥
2023-09-30,2023-09-25,sh.600048,保利发展
2023-09-30,2023-09-25,sh.600050,中国联通
2023-09-30,2023-09-25,sh.600061,国投资本
2023-09-30,2023-09-25,sh.600085,同仁堂
2023-09-30,2023-09-25,sh.600089,特变电工
2023-09-30,2023-09-25,sh.600104,上汽集团
2023-09-30,2023-09-25,sh.600111,北方稀土
2023-09-30,2023-09-25,sh.600115,中国东航
2023-09-30,2023-09-25,sh.600132,重庆啤酒
2023-09-30,2023-09-25,sh.600150,中国船舶
2023-09-30,2023-09-25,sh.600176,中国巨石
2023-09-30,2023-09-25,sh.600183,生益科技
2023-09-30,2023-09-25,sh.600188,兖矿能源
2023-09-30,2023-09-25,sh.600196,复星医药
2023-09-30,2023-09-25,sh.600219,南山铝业
2023-09-30,2023-09-25,sh.600233,圆通速递
2023-09-30,2023-09-25,sh.600276,恒瑞医药
2023-09-30,2023-09-25,sh.600309,万华化学
2023-09-30,2023-09-25,sh.600332,白云山
2023-09-30,2023-09-25,sh.600346,恒力石化
2023-09-30,2023-09-25,sh.600362,江西铜业
2023-09-30,2023-09-25,sh.600383,金地集团
2023-09-30,2023-09-25,sh.600406,国电南瑞
2023-09-30,2023-09-25,sh.600426,华鲁恒升
2023-09-30,2023-09-25,sh.600436,片仔癀
2023-09-30,2023-09-25,sh.600438,通威股份
2023-09-30,2023-09-25,sh.600460,士兰微
2023-09-30,2023-09-25,sh.600519,贵州茅台
2023-09-30,2023-09-25,sh.600547,山东黄金
2023-09-30,2023-09-25,sh.600570,恒生电子
2023-09-30,2023-09-25,sh.600584,长电科技
2023-09-30,2023-09-25,sh.600585,海螺水泥
2023-09-30,2023-09-25,sh.600588,用友网络
2023-09-30,2023-09-25,sh.600600,青岛啤酒
2023-09-30,2023-09-25,sh.600606,绿地控股
2023-09-30,2023-09-25,sh.600660,福耀玻璃
2023-09-30,2023-09-25,sh.600674,川投能源
2023-09-30,2023-09-25,sh.600690,海尔智家
2023-09-30,2023-09-25,sh.600732,爱旭股份
2023-09-30,2023-09-25,sh.600741,华域汽车
2023-09-30,2023-09-25,sh.600745,闻泰科技
2023-09-30,2023-09-25,sh.600754,锦江酒店
2023-09-30,2023-09-25,sh.600760,中航沈飞
2023-09-30,2023-09-25,sh.600763,通策医疗
2023-09-30,2023-09-25,sh.600795,国电电力
2023-09-30,2023-09-25,sh.600803,新奥股份
2023-09-30,2023-09-25,sh.600809,山西汾酒
2023-09-30,2023-09-25,sh.600837,海通证券
2023-09-30,2023-09-25,sh.600845,宝信软件
2023-09-30,2023-09-25,sh.600875,东方电气
2023-09-30,2023-09-25,sh.600884,杉杉股份
2023-09-30,2023-09-25,sh.600886,国投电力
2023-09-30,2023-09-25,sh.600887,伊利股份
2023-09-30,2023-09-25,sh.600893,航发动力
2023-09-30,2023-09-25,sh.600900,长江电力
2023-09-30,2023-09-25,sh.600905,三峡能源
2023-09-30,2023-09-25,sh.600918,中泰证券
2023-09-30,2023-09-25,sh.600919,江苏银行
2023-09-30,2023-09-25,sh.600926,杭州银行
2023-09-30,2023-09-25,sh.600941,中国移动
2023-09-30,2023-09-25,sh.600958,东方证券
2023-09-30,2023-09-25,sh.600989,宝丰能源
2023-09-30,2023-09-25,sh.600999,招商证券
2023-09-30,2023-09-25,sh.601006,大秦铁路
2023-09-30,2023-09-25,sh.601009,南京银行
2023-09-30,2023-09-25,sh.601012,隆基绿能
2023-09-30,2023-09-25,sh.601021,春秋航空
2023-09-30,2023-09-25,sh.601066,中信建投
2023-09-30,2023-09-25,sh.601088,中国神华
2023-09-30,2023-09-25,sh.601100,恒立液压
2023-09-30,2023-09-25,sh.601111,中国国航
2023-09-30,2023-09-25,sh.601117,中国化学
2023-09-30,2023-09-25,sh.601138,工业富联
2023-09-30,2023-09-25,sh.601155,新城控股
2023-09-30,2023-09-25,sh.601166,兴业银行
2023-09-30,2023-09-25,sh.601169,北京银行
2023-09-30,2023-09-25,sh.601186,中国铁建
2023-09-30,2023-09-25,sh.601211,国泰君安
2023-09-30,2023-09-25,sh.601216,君正集团
2023-09-30,2023-09-25,sh.601225,陕西煤业
2023-09-30,2023-09-25,sh.601229,上海银行
2023-09-30,2023-09-25,sh.601236,红塔证券
2023-09-30,2023-09-25,sh.601238,广汽集团
2023-09-30,2023-09-25,sh.601288,农业银行
2023-09-30,2023-09-25,sh.601318,中国平安
2023-09-30,2023-09-25,sh.601319,中国人保
2023-09-30,2023-09-25,sh.601328,交通银行
2023-09-30,2023-09-25,sh.601336,新华保险
2023-09-30,2023-09-25,sh.601360,三六零
2023-09-30,2023-09-25,sh.601377,兴业证券
2023-09-30,2023-09-25,sh.601390,中国中铁
2023-09-30,2023-09-25,sh.601398,工商银行
2023-09-30,2023-09-25,sh.601600,中国铝业
2023-09-30,2023-09-25,sh.601601,中国太保
2023-09-30,2023-09-25,sh.601607,上海医药
2023-09-30,2023-09-25,sh.601615,明阳智能
2023-09-30,2023-09-25,sh.601618,中国中冶
2023-09-30,2023-09-25,sh.601628,中国人寿
2023-09-30,2023-09-25,sh.601633,长城汽车
2023-09-30,2023-09-25,sh.601658,邮储银行
2023-09-30,2023-09-25,sh.601668,中国建筑
2023-09-30,2023-09-25,sh.601669,中国电建
2023-09-30,2023-09-25,sh.601688,华泰证券
2023-09-30,2023-09-25,sh.601689,拓普集团
2023-09-30,2023-09-25,sh.601698,中国卫通
2023-09-30,2023-09-25,sh.601699,潞安环能
2023-09-30,2023-09-25,sh.601728,中国电信
2023-09-30,2023-09-25,sh.601766,中国中车
2023-09-30,2023-09-25,sh.601788,光大证券
2023-09-30,2023-09-25,sh.601799,星宇股份
2023-09-30,2023-09-25,sh.601800,中国交建
2023-09-30,2023-09-25,sh.601808,中海油服
2023-09-30,2023-09-25,sh.601816,京沪高铁
2023-09-30,2023-09-25,sh.601818,光大银行
2023-09-30,2023-09-25,sh.601838,成都银行
2023-09-30,2023-09-25,sh.601857,中国石油
2023-09-30,2023-09-25,sh.601865,福莱特
2023-09-30,2023-09-25,sh.601868,中国能建
2023-09-30,2023-09-25,sh.601872,招商轮船
2023-09-30,2023-09-25,sh.601877,正泰电器
2023-09-30,2023-09-25,sh.601878,浙商证券
2023-09-30,2023-09-25,sh.601881,中国银河
2023-09-30,2023-09-25,sh.601888,中国中免
2023-09-30,2023-09-25,sh.601898,中煤能源
2023-09-30,2023-09-25,sh.601899,紫金矿业
2023-09-30,2023-09-25,sh.601901,方正证券
2023-09-30,2023-09-25,sh.601919,中远海控
2023-09-30,2023-09-25,sh.601939,建设银行
2023-09-30,2023-09-25,sh.601985,中国核电
2023-09-30,2023-09-25,sh.601988,中国银行
2023-09-30,2023-09-25,sh.601989,中国重工
2023-09-30,2023-09-25,sh.601995,中金公司
2023-09-30,2023-09-25,sh.601998,中信银行
2023-09-30,2023-09-25,sh.603019,中科曙光
2023-09-30,2023-09-25,sh.603185,弘元绿能
2023-09-30,2023-09-25,sh.603195,公牛集团
2023-09-30,2023-09-25,sh.603259,药明康德
2023-09-30,2023-09-25,sh.603260,合盛硅业
2023-09-30,2023-09-25,sh.603288,海天味业
2023-09-30,2023-09-25,sh.603290,斯达半导
2023-09-30,2023-09-25,sh.603369,今世缘
2023-09-30,2023-09-25,sh.603392,万泰生物
2023-09-30,2023-09-25,sh.603486,科沃斯
2023-09-30,2023-09-25,sh.603501,韦尔股份
2023-09-30,2023-09-25,sh.603659,璞泰来
2023-09-30,2023-09-25,sh.603799,华友钴业
2023-09-30,2023-09-25,sh.603806,福斯特
2023-09-30,2023-09-25,sh.603833,欧派家居
2023-09-30,2023-09-25,sh.603899,晨光股份
2023-09-30,2023-09-25,sh.603986,兆易创新
2023-09-30,2023-09-25,sh.603993,洛阳钼业
2023-09-30,2023-09-25,sh.605117,德业股份
2023-09-30,2023-09-25,sh.605499,东鹏饮料
2023-09-30,2023-09-25,sh.688005,容百科技
2023-09-30,2023-09-25,sh.688008,澜起科技
2023-09-30,2023-09-25,sh.688012,中微公司
2023-09-30,2023-09-25,sh.688036,传音控股
2023-09-30,2023-09-25,sh.688065,凯赛生物
2023-09-30,2023-09-25,sh.688111,金山办公
2023-09-30,2023-09-25,sh.688126,沪硅产业
2023-09-30,2023-09-25,sh.688187,时代电气
2023-09-30,2023-09-25,sh.688223,晶科能源
2023-09-30,2023-09-25,sh.688303,大全能源
2023-09-30,2023-09-25,sh.688363,华熙生物
2023-09-30,2023-09-25,sh.688396,华润微
2023-09-30,2023-09-25,sh.688561,奇安信
2023-09-30,2023-09-25,sh.688599,天合光能
2023-09-30,2023-09-25,sh.688981,中芯国际
2023-09-30,2023-09-25,sz.000001,平安银行
2023-09-30,2023-09-25,sz.000002,万科A
2023-09-30,2023-09-25,sz.000063,中兴通讯
2023-09-30,2023-09-25,sz.000069,华侨城A
2023-09-30,2023-09-25,sz.000100,TCL科技
2023-09-30,2023-09-25,sz.000157,中联重科
2023-09-30,2023-09-25,sz.000166,申万宏源
2023-09-30,2023-09-25,sz.000301,东方盛虹
2023-09-30,2023-09-25,sz.000333,美的集团
2023-09-30,2023-09-25,sz.000338,潍柴动力
2023-09-30,2023-09-25,sz.000408,藏格矿业
2023-09-30,2023-09-25,sz.000425,徐工机械
2023-09-30,2023-09-25,sz.000538,云南白药
2023-09-30,2023-09-25,sz.000568,泸州老窖
2023-09-30,2023-09-25,sz.000596,古井贡酒
2023-09-30,2023-09-25,sz.000617,中油资本
2023-09-30,2023-09-25,sz.000625,长安汽车
2023-09-30,2023-09-25,sz.000651,格力电器
2023-09-30,2023-09-25,sz.000661,长春高新
2023-09-30,2023-09-25,sz.000708,中信特钢
2023-09-30,2023-09-25,sz.000723,美锦能源
2023-09-30,2023-09-25,sz.000725,京东方A
2023-09-30,2023-09-25,sz.000733,振华科技
2023-09-30,2023-09-25,sz.000768,中航西飞
2023-09-30,2023-09-25,sz.000776,广发证券
2023-09-30,2023-09-25,sz.000786,北新建材
2023-09-30,2023-09-25,sz.000792,盐湖股份
2023-09-30,2023-09-25,sz.000800,一汽解放
2023-09-30,2023-09-25,sz.000858,五粮液
2023-09-30,2023-09-25,sz.000876,新希望
2023-09-30,2023-09-25,sz.000877,天山股份
2023-09-30,2023-09-25,sz.000895,双汇发展
2023-09-30,2023-09-25,sz.000938,紫光股份
2023-09-30,2023-09-25,sz.000963,华东医药
2023-09-30,2023-09-25,sz.000977,浪潮信息
2023-09-30,2023-09-25,sz.000983,山西焦煤
2023-09-30,2023-09-25,sz.001289,龙源电力
2023-09-30,2023-09-25,sz.001979,招商蛇口
2023-09-30,2023-09-25,sz.002001,新和成
2023-09-30,2023-09-25,sz.002007,华兰生物
2023-09-30,2023-09-25,sz.002027,分众传媒
2023-09-30,2023-09-25,sz.002049,紫光国微
2023-09-30,2023-09-25,sz.002050,三花智控
2023-09-30,2023-09-25,sz.002064,华峰化学
2023-09-30,2023-09-25,sz.002074,国轩高科
2023-09-30,2023-09-25,sz.002120,韵达股份
2023-09-30,2023-09-25,sz.002129,TCL中环
2023-09-30,2023-09-25,sz.002142,宁波银行
2023-09-30,2023-09-25,sz.002179,中航光电
2023-09-30,2023-09-25,sz.002180,纳思达
2023-09-30,2023-09-25,sz.002202,金风科技
2023-09-30,2023-09-25,sz.002230,科大讯飞
2023-09-30,2023-09-25,sz.002236,大华股份
2023-09-30,2023-09-25,sz.002241,歌尔股份
2023-09-30,2023-09-25,sz.002252,上海莱士
2023-09-30,2023-09-25,sz.002271,东方雨虹
2023-09-30,2023-09-25,sz.002304,洋河股份
2023-09-30,2023-09-25,sz.002311,海大集团
2023-09-30,2023-09-25,sz.002352,顺丰控股
2023-09-30,2023-09-25,sz.002371,北方华创
2023-09-30,2023-09-25,sz.002410,广联达
2023-09-30,2023-09-25,sz.002414,高德红外
2023-09-30,2023-09-25,sz.002415,海康威视
2023-09-30,2023-09-25,sz.002459,晶澳科技
2023-09-30,2023-09-25,sz.002460,赣锋锂业
2023-09-30,2023-09-25,sz.002466,天齐锂业
2023-09-30,2023-09-25,sz.002475,立讯精密
2023-09-30,2023-09-25,sz.002493,荣盛石化
2023-09-30,2023-09-25,sz.002555,三七互娱
2023-09-30,2023-09-25,sz.002594,比亚迪
2023-09-30,2023-09-25,sz.002601,龙佰集团
2023-09-30,2023-09-25,sz.002648,卫星化学
2023-09-30,2023-09-25,sz.002709,天赐材料
2023-09-30,2023-09-25,sz.002714,牧原股份
2023-09-30,2023-09-25,sz.002736,国信证券
2023-09-30,2023-09-25,sz.002756,永兴材料
2023-09-30,2023-09-25,sz.002812,恩捷股份
2023-09-30,2023-09-25,sz.002821,凯莱英
2023-09-30,2023-09-25,sz.002841,视源股份
2023-09-30,2023-09-25,sz.002916,深南电路
2023-09-30,2023-09-25,sz.002920,德赛西威
2023-09-30,2023-09-25,sz.002938,鹏鼎控股
2023-09-30,2023-09-25,sz.003816,中国广核
2023-09-30,2023-09-25,sz.300014,亿纬锂能
2023-09-30,2023-09-25,sz.300015,爱尔眼科
2023-09-30,2023-09-25,sz.300033,同花顺
2023-09-30,2023-09-25,sz.300059,东方财富
2023-09-30,2023-09-25,sz.300122,智飞生物
2023-09-30,2023-09-25,sz.300124,汇川技术
2023-09-30,2023-09-25,sz.300142,沃森生物
2023-09-30,2023-09-25,sz.300207,欣旺达
2023-09-30,2023-09-25,sz.300223,北京君正
2023-09-30,2023-09-25,sz.300274,阳光电源
2023-09-30,2023-09-25,sz.300316,晶盛机电
2023-09-30,2023-09-25,sz.300347,泰格医药
2023-09-30,2023-09-25,sz.300408,三环集团
2023-09-30,2023-09-25,sz.300413,芒果超媒
2023-09-30,2023-09-25,sz.300433,蓝思科技
2023-09-30,2023-09-25,sz.300450,先导智能
2023-09-30,2023-09-25,sz.300454,深信服
2023-09-30,2023-09-25,sz.300496,中科创达
2023-09-30,2023-09-25,sz.300498,温氏股份
2023-09-30,2023-09-25,sz.300601,康泰生物
2023-09-30,2023-09-25,sz.300628,亿联网络
2023-09-30,2023-09-25,sz.300661,圣邦股份
2023-09-30,2023-09-25,sz.300750,宁德时代
2023-09-30,2023-09-25,sz.300751,迈为股份
2023-09-30,2023-09-25,sz.300759,康龙化成
2023-09-30,2023-09-25,sz.300760,迈瑞医疗
2023-09-30,2023-09-25,sz.300763,锦浪科技
2023-09-30,2023-09-25,sz.300769,德方纳米
2023-09-30,2023-09-25,sz.300782,卓胜微
2023-09-30,2023-09-25,sz.300896,爱美客
2023-09-30,2023-09-25,sz.300919,中伟股份
2023-09-30,2023-09-25,sz.300957,贝泰妮
2023-09-30,2023-09-25,sz.300979,华利集团
2023-09-30,2023-09-25,sz.300999,金龙鱼
2023-10-31,2023-10-30,sh.600000,浦发银行
2023-10-31,2023-10-30,sh.600009,上海机场
2023-10-31,2023-10-30,sh.600010,包钢股份
2023-10-31,2023-10-30,sh.600011,华能国际
2023-10-31,2023-10-30,sh.600015,华夏银行
2023-10-31,2023-10-30,sh.600016,民生银行
2023-10-31,2023-10-30,sh.600018,上港集团
2023-10-31,2023-10-30,sh.600019,宝钢股份
2023-10-31,2023-10-30,sh.600025,华能水电
2023-10-31,2023-10-30,sh.600028,中国石化
2023-10-31,2023-10-30,sh.600029,南方航空
2023-10-31,2023-10-30,sh.600030,中信证券
2023-10-31,2023-10-30,sh.600031,三一重工
2023-10-31,2023-10-30,sh.600036,招商银行
2023-10-31,2023-10-30,sh.600039,四川路桥
2023-10-31,2023-10-30,sh.600048,保利发展
2023-10-31,2023-10-30,sh.600050,中国联通
2023-10-31,2023-10-30,sh.600061,国投资本
2023-10-31,2023-10-30,sh.600085,同仁堂
2023-10-31,2023-10-30,sh.600089,特变电工
2023-10-31,2023-10-30,sh.600104,上汽集团
2023-10-31,2023-10-30,sh.600111,北方稀土
2023-10-31,2023-10-30,sh.600115,中国东航
2023-10-31,2023-10-30,sh.600132,重庆啤酒
2023-10-31,2023-10-30,sh.600150,中国船舶
2023-10-31,2023-10-30,sh.600176,中国巨石
2023-10-31,2023-10-30,sh.600183,生益科技
2023-10-31,2023-10-30,sh.600188,兖矿能源
2023-10-31,2023-10-30,sh.600196,复星医药
2023-10-31,2023-10-30,sh.600219,南山铝业
2023-10-31,2023-10-30,sh.600233,圆通速递
2023-10-31,2023-10-30,sh.600276,恒瑞医药
2023-10-31,2023-10-30,sh.600309,万华化学
2023-10-31,2023-10-30,sh.600332,白云山
2023-10-31,2023-10-30,sh.600346,恒力石化
2023-10-31,2023-10-30,sh.600362,江西铜业
2023-10-31,2023-10-30,sh.600383,金地集团
2023-10-31,2023-10-30,sh.600406,国电南瑞
2023-10-31,2023-10-30,sh.600426,华鲁恒升
2023-10-31,2023-10-30,sh.600436,片仔癀
2023-10-31,2023-10-30,sh.600438,通威股份
2023-10-31,2023-10-30,sh.600460,士兰微
2023-10-31,2023-10-30,sh.600519,贵州茅台
2023-10-31,2023-10-30,sh.600547,山东黄金
2023-10-31,2023-10-30,sh.600570,恒生电子
2023-10-31,2023-10-30,sh.600584,长电科技
2023-10-31,2023-10-30,sh.600585,海螺水泥
2023-10-31,2023-10-30,sh.600588,用友网络
2023-10-31,2023-10-30,sh.600600,青岛啤酒
2023-10-31,2023-10-30,sh.600606,绿地控股
2023-10-31,2023-10-30,sh.600660,福耀玻璃
2023-10-31,2023-10-30,sh.600674,川投能源
2023-10-31,2023-10-30,sh.600690,海尔智家
2023-10-31,2023-10-30,sh.600732,爱旭股份
2023-10-31,2023-10-30,sh.600741,华域汽车
2023-10-31,2023-10-30,sh.600745,闻泰科技
2023-10-31,2023-10-30,sh.600754,锦江酒店
2023-10-31,2023-10-30,sh.600760,中航沈飞
2023-10-31,2023-10-30,sh.600763,通策医疗
2023-10-31,2023-10-30,sh.600795,国电电力
2023-10-31,2023-10-30,sh.600803,新奥股份
2023-10-31,2023-10-30,sh.600809,山西汾酒
2023-10-31,2023-10-30,sh.600837,海通证券
2023-10-31,2023-10-30,sh.600845,宝信软件
2023-10-31,2023-10-30,sh.600875,东方电气
2023-10-31,2023-10-30,sh.600884,杉杉股份
2023-10-31,2023-10-30,sh.600886,国投电力
2023-10-31,2023-10-30,sh.600887,伊利股份
2023-10-31,2023-10-30,sh.600893,航发动力
2023-10-31,2023-10-30,sh.600900,长江电力
2023-10-31,2023-10-30,sh.600905,三峡能源
2023-10-31,2023-10-30,sh.600918,中泰证券
2023-10-31,2023-10-30,sh.600919,江苏银行
2023-10-31,2023-10-30,sh.600926,杭州银行
2023-10-31,2023-10-30,sh.600941,中国移动
2023-10-31,2023-10-30,sh.600958,东方证券
2023-10-31,2023-10-30,sh.600989,宝丰能源
2023-10-31,2023-10-30,sh.600999,招商证券
2023-10-31,2023-10-30,sh.601006,大秦铁路
2023-10-31,2023-10-30,sh.601009,南京银行
2023-10-31,2023-10-30,sh.601012,隆基绿能
2023-10-31,2023-10-30,sh.601021,春秋航空
2023-10-31,2023-10-30,sh.601066,中信建投
2023-10-31,2023-10-30,sh.601088,中国神华
2023-10-31,2023-10-30,sh.601100,恒立液压
2023-10-31,2023-10-30,sh.601111,中国国航
2023-10-31,2023-10-30,sh.601117,中国化学
2023-10-31,2023-10-30,sh.601138,工业富联
2023-10-31,2023-10-30,sh.601155,新城控股
2023-10-31,2023-10-30,sh.601166,兴业银行
2023-10-31,2023-10-30,sh.601169,北京银行
2023-10-31,2023-10-30,sh.601186,中国铁建
2023-10-31,2023-10-30,sh.601211,国泰君安
2023-10-31,2023-10-30,sh.601216,君正集团
2023-10-31,2023-10-30,sh.601225,陕西煤业
2023-10-31,2023-10-30,sh.601229,上海银行
2023-10-31,2023-10-30,sh.601236,红塔证券
2023-10-31,2023-10-30,sh.601238,广汽集团
2023-10-31,2023-10-30,sh.601288,农业银行
2023-10-31,2023-10-30,sh.601318,中国平安
2023-10-31,2023-10-30,sh.601319,中国人保
2023-10-31,2023-10-30,sh.601328,交通银行
2023-10-31,2023-10-30,sh.601336,新华保险
2023-10-31,2023-10-30,sh.601360,三六零
2023-10-31,2023-10-30,sh.601377,兴业证券
2023-10-31,2023-10-30,sh.601390,中国中铁
2023-10-31,2023-10-30,sh.601398,工商银行
2023-10-31,2023-10-30,sh.601600,中国铝业
2023-10-31,2023-10-30,sh.601601,中国太保
2023-10-31,2023-10-30,sh.601607,上海医药
2023-10-31,2023-10-30,sh.601615,明阳智能
2023-10-31,2023-10-30,sh.601618,中国中冶
2023-10-31,2023-10-30,sh.601628,中国人寿
2023-10-31,2023-10-30,sh.601633,长城汽车
2023-10-31,2023-10-30,sh.601658,邮储银行
2023-10-31,2023-10-30,sh.601668,中国建筑
2023-10-31,2023-10-30,sh.601669,中国电建
2023-10-31,2023-10-30,sh.601688,华泰证券
2023-10-31,2023-10-30,sh.601689,拓普集团
2023-10-31,2023-10-30,sh.601698,中国卫通
2023-10-31,2023-10-30,sh.601699,潞安环能
2023-10-31,2023-10-30,sh.601728,中国电信
2023-10-31,2023-10-30,sh.601766,中国中车
2023-10-31,2023-10-30,sh.601788,光大证券
2023-10-31,2023-10-30,sh.601799,星宇股份
2023-10-31,2023-10-30,sh.601800,中国交建
2023-10-31,2023-10-30,sh.601808,中海油服
2023-10-31,2023-10-30,sh.601816,京沪高铁
2023-10-31,2023-10-30,sh.601818,光大银行
2023-10-31,2023-10-30,sh.601838,成都银行
2023-10-31,2023-10-30,sh.601857,中国石油
2023-10-31,2023-10-30,sh.601865,福莱特
2023-10-31,2023-10-30,sh.601868,中国能建
2023-10-31,2023-10-30,sh.601872,招商轮船
2023-10-31,2023-10-30,sh.601877,正泰电器
2023-10-31,2023-10-30,sh.601878,浙商证券
2023-10-31,2023-10-30,sh.601881,中国银河
2023-10-31,2023-10-30,sh.601888,中国中免
2023-10-31,2023-10-30,sh.601898,中煤能源
2023-10-31,2023-10-30,sh.601899,紫金矿业
2023-10-31,2023-10-30,sh.601901,方正证券
2023-10-31,2023-10-30,sh.601919,中远海控
2023-10-31,2023-10-30,sh.601939,建设银行
2023-10-31,2023-10-30,sh.601985,中国核电
2023-10-31,2023-10-30,sh.601988,中国银行
2023-10-31,2023-10-30,sh.601989,中国重工
2023-10-31,2023-10-30,sh.601995,中金公司
2023-10-31,2023-10-30,sh.601998,中信银行
2023-10-31,2023-10-30,sh.603019,中科曙光
2023-10-31,2023-10-30,sh.603185,弘元绿能
2023-10-31,2023-10-30,sh.603195,公牛集团
2023-10-31,2023-10-30,sh.603259,药明康德
2023-10-31,2023-10-30,sh.603260,合盛硅业
2023-10-31,2023-10-30,sh.603288,海天味业
2023-10-31,2023-10-30,sh.603290,斯达半导
2023-10-31,2023-10-30,sh.603369,今世缘
2023-10-31,2023-10-30,sh.603392,万泰生物
2023-10-31,2023-10-30,sh.603486,科沃斯
2023-10-31,2023-10-30,sh.603501,韦尔股份
2023-10-31,2023-10-30,sh.603659,璞泰来
2023-10-31,2023-10-30,sh.603799,华友钴业
2023-10-31,2023-10-30,sh.603806,福斯特
2023-10-31,2023-10-30,sh.603833,欧派家居
2023-10-31,2023-10-30,sh.603899,晨光股份
2023-10-31,2023-10-30,sh.603986,兆易创新
2023-10-31,2023-10-30,sh.603993,洛阳钼业
2023-10-31,2023-10-30,sh.605117,德业股份
2023-10-31,2023-10-30,sh.605499,东鹏饮料
2023-10-31,2023-10-30,sh.688005,容百科技
2023-10-31,2023-10-30,sh.688008,澜起科技
2023-10-31,2023-10-30,sh.688012,中微公司
2023-10-31,2023-10-30,sh.688036,传音控股
2023-10-31,2023-10-30,sh.688065,凯赛生物
2023-10-31,2023-10-30,sh.688111,金山办公
2023-10-31,2023-10-30,sh.688126,沪硅产业
2023-10-31,2023-10-30,sh.688187,时代电气
2023-10-31,2023-10-30,sh.688223,晶科能源
2023-10-31,2023-10-30,sh.688303,大全能源
2023-10-31,2023-10-30,sh.688363,华熙生物
2023-10-31,2023-10-30,sh.688396,华润微
2023-10-31,2023-10-30,sh.688561,奇安信
2023-10-31,2023-10-30,sh.688599,天合光能
2023-10-31,2023-10-30,sh.688981,中芯国际
2023-10-31,2023-10-30,sz.000001,平安银行
2023-10-31,2023-10-30,sz.000002,万科A
2023-10-31,2023-10-30,sz.000063,中兴通讯
2023-10-31,2023-10-30,sz.000069,华侨城A
2023-10-31,2023-10-30,sz.000100,TCL科技
2023-10-31,2023-10-30,sz.000157,中联重科
2023-10-31,2023-10-30,sz.000166,申万宏源
2023-10-31,2023-10-30,sz.000301,东方盛虹
2023-10-31,2023-10-30,sz.000333,美的集团
2023-10-31,2023-10-30,sz.000338,潍柴动力
2023-10-31,2023-10-30,sz.000408,藏格矿业
2023-10-31,2023-10-30,sz.000425,徐工机械
2023-10-31,2023-10-30,sz.000538,云南白药
2023-10-31,2023-10-30,sz.000568,泸州老窖
2023-10-31,2023-10-30,sz.000596,古井贡酒
2023-10-31,2023-10-30,sz.000617,中油资本
2023-10-31,2023-10-30,sz.000625,长安汽车
2023-10-31,2023-10-30,sz.000651,格力电器
2023-10-31,2023-10-30,sz.000661,长春高新
2023-10-31,2023-10-30,sz.000708,中信特钢
2023-10-31,2023-10-30,sz.000723,美锦能源
2023-10-31,2023-10-30,sz.000725,京东方A
2023-10-31,2023-10-30,sz.000733,振华科技
2023-10-31,2023-10-30,sz.000768,中航西飞
2023-10-31,2023-10-30,sz.000776,广发证券
2023-10-31,2023-10-30,sz.000786,北新建材
2023-10-31,2023-10-30,sz.000792,盐湖股份
2023-10-31,2023-10-30,sz.000800,一汽解放
2023-10-31,2023-10-30,sz.000858,五粮液
2023-10-31,2023-10-30,sz.000876,新希望
2023-10-31,2023-10-30,sz.000877,天山股份
2023-10-31,2023-10-30,sz.000895,双汇发展
2023-10-31,2023-10-30,sz.000938,紫光股份
2023-10-31,2023-10-30,sz.000963,华东医药
2023-10-31,2023-10-30,sz.000977,浪潮信息
2023-10-31,2023-10-30,sz.000983,山西焦煤
2023-10-31,2023-10-30,sz.001289,龙源电力
2023-10-31,2023-10-30,sz.001979,招商蛇口
2023-10-31,2023-10-30,sz.002001,新和成
2023-10-31,2023-10-30,sz.002007,华兰生物
2023-10-31,2023-10-30,sz.002027,分众传媒
2023-10-31,2023-10-30,sz.002049,紫光国微
2023-10-31,2023-10-30,sz.002050,三花智控
2023-10-31,2023-10-30,sz.002064,华峰化学
2023-10-31,2023-10-30,sz.002074,国轩高科
2023-10-31,2023-10-30,sz.002120,韵达股份
2023-10-31,2023-10-30,sz.002129,TCL中环
2023-10-31,2023-10-30,sz.002142,宁波银行
2023-10-31,2023-10-30,sz.002179,中航光电
2023-10-31,2023-10-30,sz.002180,纳思达
2023-10-31,2023-10-30,sz.002202,金风科技
2023-10-31,2023-10-30,sz.002230,科大讯飞
2023-10-31,2023-10-30,sz.002236,大华股份
2023-10-31,2023-10-30,sz.002241,歌尔股份
2023-10-31,2023-10-30,sz.002252,上海莱士
2023-10-31,2023-10-30,sz.002271,东方雨虹
2023-10-31,2023-10-30,sz.002304,洋河股份
2023-10-31,2023-10-30,sz.002311,海大集团
2023-10-31,2023-10-30,sz.002352,顺丰控股
2023-10-31,2023-10-30,sz.002371,北方华创
2023-10-31,2023-10-30,sz.002410,广联达
2023-10-31,2023-10-30,sz.002414,高德红外
2023-10-31,2023-10-30,sz.002415,海康威视
2023-10-31,2023-10-30,sz.002459,晶澳科技
2023-10-31,2023-10-30,sz.002460,赣锋锂业
2023-10-31,2023-10-30,sz.002466,天齐锂业
2023-10-31,2023-10-30,sz.002475,立讯精密
2023-10-31,2023-10-30,sz.002493,荣盛石化
2023-10-31,2023-10-30,sz.002555,三七互娱
2023-10-31,2023-10-30,sz.002594,比亚迪
2023-10-31,2023-10-30,sz.002601,龙佰集团
2023-10-31,2023-10-30,sz.002648,卫星化学
2023-10-31,2023-10-30,sz.002709,天赐材料
2023-10-31,2023-10-30,sz.002714,牧原股份
2023-10-31,2023-10-30,sz.002736,国信证券
2023-10-31,2023-10-30,sz.002756,永兴材料
2023-10-31,2023-10-30,sz.002812,恩捷股份
2023-10-31,2023-10-30,sz.002821,凯莱英
2023-10-31,2023-10-30,sz.002841,视源股份
2023-10-31,2023-10-30,sz.002916,深南电路
2023-10-31,2023-10-30,sz.002920,德赛西威
2023-10-31,2023-10-30,sz.002938,鹏鼎控股
2023-10-31,2023-10-30,sz.003816,中国广核
2023-10-31,2023-10-30,sz.300014,亿纬锂能
2023-10-31,2023-10-30,sz.300015,爱尔眼科
2023-10-31,2023-10-30,sz.300033,同花顺
2023-10-31,2023-10-30,sz.300059,东方财富
2023-10-31,2023-10-30,sz.300122,智飞生物
2023-10-31,2023-10-30,sz.300124,汇川技术
2023-10-31,2023-10-30,sz.300142,沃森生物
2023-10-31,2023-10-30,sz.300207,欣旺达
2023-10-31,2023-10-30,sz.300223,北京君正
2023-10-31,2023-10-30,sz.300274,阳光电源
2023-10-31,2023-10-30,sz.300316,晶盛机电
2023-10-31,2023-10-30,sz.300347,泰格医药
2023-10-31,2023-10-30,sz.300408,三环集团
2023-10-31,2023-10-30,sz.300413,芒果超媒
2023-10-31,2023-10-30,sz.300433,蓝思科技
2023-10-31,2023-10-30,sz.300450,先导智能
2023-10-31,2023-10-30,sz.300454,深信服
2023-10-31,2023-10-30,sz.300496,中科创达
2023-10-31,2023-10-30,sz.300498,温氏股份
2023-10-31,2023-10-30,sz.300601,康泰生物
2023-10-31,2023-10-30,sz.300628,亿联网络
2023-10-31,2023-10-30,sz.300661,圣邦股份
2023-10-31,2023-10-30,sz.300750,宁德时代
2023-10-31,2023-10-30,sz.300751,迈为股份
2023-10-31,2023-10-30,sz.300759,康龙化成
2023-10-31,2023-10-30,sz.300760,迈瑞医疗
2023-10-31,2023-10-30,sz.300763,锦浪科技
2023-10-31,2023-10-30,sz.300769,德方纳米
2023-10-31,2023-10-30,sz.300782,卓胜微
2023-10-31,2023-10-30,sz.300896,爱美客
2023-10-31,2023-10-30,sz.300919,中伟股份
2023-10-31,2023-10-30,sz.300957,贝泰妮
2023-10-31,2023-10-30,sz.300979,华利集团
2023-10-31,2023-10-30,sz.300999,金龙鱼
2023-11-30,2023-11-27,sh.600000,浦发银行
2023-11-30,2023-11-27,sh.600009,上海机场
2023-11-30,2023-11-27,sh.600010,包钢股份
2023-11-30,2023-11-27,sh.600011,华能国际
2023-11-30,2023-11-27,sh.600015,华夏银行
2023-11-30,2023-11-27,sh.600016,民生银行
2023-11-30,2023-11-27,sh.600018,上港集团
2023-11-30,2023-11-27,sh.600019,宝钢股份
2023-11-30,2023-11-27,sh.600025,华能水电
2023-11-30,2023-11-27,sh.600028,中国石化
2023-11-30,2023-11-27,sh.600029,南方航空
2023-11-30,2023-11-27,sh.600030,中信证券
2023-11-30,2023-11-27,sh.600031,三一重工
2023-11-30,2023-11-27,sh.600036,招商银行
2023-11-30,2023-11-27,sh.600039,四川路桥
2023-11-30,2023-11-27,sh.600048,保利发展
2023-11-30,2023-11-27,sh.600050,中国联通
2023-11-30,2023-11-27,sh.600061,国投资本
2023-11-30,2023-11-27,sh.600085,同仁堂
2023-11-30,2023-11-27,sh.600089,特变电工
2023-11-30,2023-11-27,sh.600104,上汽集团
2023-11-30,2023-11-27,sh.600111,北方稀土
2023-11-30,2023-11-27,sh.600115,中国东航
2023-11-30,2023-11-27,sh.600132,重庆啤酒
2023-11-30,2023-11-27,sh.600150,中国船舶
2023-11-30,2023-11-27,sh.600176,中国巨石
2023-11-30,2023-11-27,sh.600183,生益科技
2023-11-30,2023-11-27,sh.600188,兖矿能源
2023-11-30,2023-11-27,sh.600196,复星医药
2023-11-30,2023-11-27,sh.600219,南山铝业
2023-11-30,2023-11-27,sh.600233,圆通速递
2023-11-30,2023-11-27,sh.600276,恒瑞医药
2023-11-30,2023-11-27,sh.600309,万华化学
2023-11-30,2023-11-27,sh.600332,白云山
2023-11-30,2023-11-27,sh.600346,恒力石化
2023-11-30,2023-11-27,sh.600362,江西铜业
2023-11-30,2023-11-27,sh.600383,金地集团
2023-11-30,2023-11-27,sh.600406,国电南瑞
2023-11-30,2023-11-27,sh.600426,华鲁恒升
2023-11-30,2023-11-27,sh.600436,片仔癀
2023-11-30,2023-11-27,sh.600438,通威股份
2023-11-30,2023-11-27,sh.600460,士兰微
2023-11-30,2023-11-27,sh.600519,贵州茅台
2023-11-30,2023-11-27,sh.600547,山东黄金
2023-11-30,2023-11-27,sh.600570,恒生电子
2023-11-30,2023-11-27,sh.600584,长电科技
2023-11-30,2023-11-27,sh.600585,海螺水泥
2023-11-30,2023-11-27,sh.600588,用友网络
2023-11-30,2023-11-27,sh.600600,青岛啤酒
2023-11-30,2023-11-27,sh.600606,绿地控股
2023-11-30,2023-11-27,sh.600660,福耀玻璃
2023-11-30,2023-11-27,sh.600674,川投能源
2023-11-30,2023-11-27,sh.600690,海尔智家
2023-11-30,2023-11-27,sh.600732,爱旭股份
2023-11-30,2023-11-27,sh.600741,华域汽车
2023-11-30,2023-11-27,sh.600745,闻泰科技
2023-11-30,2023-11-27,sh.600754,锦江酒店
2023-11-30,2023-11-27,sh.600760,中航沈飞
2023-11-30,2023-11-27,sh.600763,通策医疗
2023-11-30,2023-11-27,sh.600795,国电电力
2023-11-30,2023-11-27,sh.600803,新奥股份
2023-11-30,2023-11-27,sh.600809,山西汾酒
2023-11-30,2023-11-27,sh.600837,海通证券
2023-11-30,2023-11-27,sh.600845,宝信软件
2023-11-30,2023-11-27,sh.600875,东方电气
2023-11-30,2023-11-27,sh.600884,杉杉股份
2023-11-30,2023-11-27,sh.600886,国投电力
2023-11-30,2023-11-27,sh.600887,伊利股份
2023-11-30,2023-11-27,sh.600893,航发动力
2023-11-30,2023-11-27,sh.600900,长江电力
2023-11-30,2023-11-27,sh.600905,三峡能源
2023-11-30,2023-11-27,sh.600918,中泰证券
2023-11-30,2023-11-27,sh.600919,江苏银行
2023-11-30,2023-11-27,sh.600926,杭州银行
2023-11-30,2023-11-27,sh.600941,中国移动
2023-11-30,2023-11-27,sh.600958,东方证券
2023-11-30,2023-11-27,sh.600989,宝丰能源
2023-11-30,2023-11-27,sh.600999,招商证券
2023-11-30,2023-11-27,sh.601006,大秦铁路
2023-11-30,2023-11-27,sh.601009,南京银行
2023-11-30,2023-11-27,sh.601012,隆基绿能
2023-11-30,2023-11-27,sh.601021,春秋航空
2023-11-30,2023-11-27,sh.601066,中信建投
2023-11-30,2023-11-27,sh.601088,中国神华
2023-11-30,2023-11-27,sh.601100,恒立液压
2023-11-30,2023-11-27,sh.601111,中国国航
2023-11-30,2023-11-27,sh.601117,中国化学
2023-11-30,2023-11-27,sh.601138,工业富联
2023-11-30,2023-11-27,sh.601155,新城控股
2023-11-30,2023-11-27,sh.601166,兴业银行
2023-11-30,2023-11-27,sh.601169,北京银行
2023-11-30,2023-11-27,sh.601186,中国铁建
2023-11-30,2023-11-27,sh.601211,国泰君安
2023-11-30,2023-11-27,sh.601216,君正集团
2023-11-30,2023-11-27,sh.601225,陕西煤业
2023-11-30,2023-11-27,sh.601229,上海银行
2023-11-30,2023-11-27,sh.601236,红塔证券
2023-11-30,2023-11-27,sh.601238,广汽集团
2023-11-30,2023-11-27,sh.601288,农业银行
2023-11-30,2023-11-27,sh.601318,中国平安
2023-11-30,2023-11-27,sh.601319,中国人保
2023-11-30,2023-11-27,sh.601328,交通银行
2023-11-30,2023-11-27,sh.601336,新华保险
2023-11-30,2023-11-27,sh.601360,三六零
2023-11-30,2023-11-27,sh.601377,兴业证券
2023-11-30,2023-11-27,sh.601390,中国中铁
2023-11-30,2023-11-27,sh.601398,工商银行
2023-11-30,2023-11-27,sh.601600,中国铝业
2023-11-30,2023-11-27,sh.601601,中国太保
2023-11-30,2023-11-27,sh.601607,上海医药
2023-11-30,2023-11-27,sh.601615,明阳智能
2023-11-30,2023-11-27,sh.601618,中国中冶
2023-11-30,2023-11-27,sh.601628,中国人寿
2023-11-30,2023-11-27,sh.601633,长城汽车
2023-11-30,2023-11-27,sh.601658,邮储银行
2023-11-30,2023-11-27,sh.601668,中国建筑
2023-11-30,2023-11-27,sh.601669,中国电建
2023-11-30,2023-11-27,sh.601688,华泰证券
2023-11-30,2023-11-27,sh.601689,拓普集团
2023-11-30,2023-11-27,sh.601698,中国卫通
2023-11-30,2023-11-27,sh.601699,潞安环能
2023-11-30,2023-11-27,sh.601728,中国电信
2023-11-30,2023-11-27,sh.601766,中国中车
2023-11-30,2023-11-27,sh.601788,光大证券
2023-11-30,2023-11-27,sh.601799,星宇股份
2023-11-30,2023-11-27,sh.601800,中国交建
2023-11-30,2023-11-27,sh.601808,中海油服
2023-11-30,2023-11-27,sh.601816,京沪高铁
2023-11-30,2023-11-27,sh.601818,光大银行
2023-11-30,2023-11-27,sh.601838,成都银行
2023-11-30,2023-11-27,sh.601857,中国石油
2023-11-30,2023-11-27,sh.601865,福莱特
2023-11-30,2023-11-27,sh.601868,中国能建
2023-11-30,2023-11-27,sh.601872,招商轮船
2023-11-30,2023-11-27,sh.601877,正泰电器
2023-11-30,2023-11-27,sh.601878,浙商证券
2023-11-30,2023-11-27,sh.601881,中国银河
2023-11-30,2023-11-27,sh.601888,中国中免
2023-11-30,2023-11-27,sh.601898,中煤能源
2023-11-30,2023-11-27,sh.601899,紫金矿业
2023-11-30,2023-11-27,sh.601901,方正证券
2023-11-30,2023-11-27,sh.601919,中远海控
2023-11-30,2023-11-27,sh.601939,建设银行
2023-11-30,2023-11-27,sh.601985,中国核电
2023-11-30,2023-11-27,sh.601988,中国银行
2023-11-30,2023-11-27,sh.601989,中国重工
2023-11-30,2023-11-27,sh.601995,中金公司
2023-11-30,2023-11-27,sh.601998,中信银行
2023-11-30,2023-11-27,sh.603019,中科曙光
2023-11-30,2023-11-27,sh.603185,弘元绿能
2023-11-30,2023-11-27,sh.603195,公牛集团
2023-11-30,2023-11-27,sh.603259,药明康德
2023-11-30,2023-11-27,sh.603260,合盛硅业
2023-11-30,2023-11-27,sh.603288,海天味业
2023-11-30,2023-11-27,sh.603290,斯达半导
2023-11-30,2023-11-27,sh.603369,今世缘
2023-11-30,2023-11-27,sh.603392,万泰生物
2023-11-30,2023-11-27,sh.603486,科沃斯
2023-11-30,2023-11-27,sh.603501,韦尔股份
2023-11-30,2023-11-27,sh.603659,璞泰来
2023-11-30,2023-11-27,sh.603799,华友钴业
2023-11-30,2023-11-27,sh.603806,福斯特
2023-11-30,2023-11-27,sh.603833,欧派家居
2023-11-30,2023-11-27,sh.603899,晨光股份
2023-11-30,2023-11-27,sh.603986,兆易创新
2023-11-30,2023-11-27,sh.603993,洛阳钼业
2023-11-30,2023-11-27,sh.605117,德业股份
2023-11-30,2023-11-27,sh.605499,东鹏饮料
2023-11-30,2023-11-27,sh.688005,容百科技
2023-11-30,2023-11-27,sh.688008,澜起科技
2023-11-30,2023-11-27,sh.688012,中微公司
2023-11-30,2023-11-27,sh.688036,传音控股
2023-11-30,2023-11-27,sh.688065,凯赛生物
2023-11-30,2023-11-27,sh.688111,金山办公
2023-11-30,2023-11-27,sh.688126,沪硅产业
2023-11-30,2023-11-27,sh.688187,时代电气
2023-11-30,2023-11-27,sh.688223,晶科能源
2023-11-30,2023-11-27,sh.688303,大全能源
2023-11-30,2023-11-27,sh.688363,华熙生物
2023-11-30,2023-11-27,sh.688396,华润微
2023-11-30,2023-11-27,sh.688561,奇安信
2023-11-30,2023-11-27,sh.688599,天合光能
2023-11-30,2023-11-27,sh.688981,中芯国际
2023-11-30,2023-11-27,sz.000001,平安银行
2023-11-30,2023-11-27,sz.000002,万科A
2023-11-30,2023-11-27,sz.000063,中兴通讯
2023-11-30,2023-11-27,sz.000069,华侨城A
2023-11-30,2023-11-27,sz.000100,TCL科技
2023-11-30,2023-11-27,sz.000157,中联重科
2023-11-30,2023-11-27,sz.000166,申万宏源
2023-11-30,2023-11-27,sz.000301,东方盛虹
2023-11-30,2023-11-27,sz.000333,美的集团
2023-11-30,2023-11-27,sz.000338,潍柴动力
2023-11-30,2023-11-27,sz.000408,藏格矿业
2023-11-30,2023-11-27,sz.000425,徐工机械
2023-11-30,2023-11-27,sz.000538,云南白药
2023-11-30,2023-11-27,sz.000568,泸州老窖
2023-11-30,2023-11-27,sz.000596,古井贡酒
2023-11-30,2023-11-27,sz.000617,中油资本
2023-11-30,2023-11-27,sz.000625,长安汽车
2023-11-30,2023-11-27,sz.000651,格力电器
2023-11-30,2023-11-27,sz.000661,长春高新
2023-11-30,2023-11-27,sz.000708,中信特钢
2023-11-30,2023-11-27,sz.000723,美锦能源
2023-11-30,2023-11-27,sz.000725,京东方A
2023-11-30,2023-11-27,sz.000733,振华科技
2023-11-30,2023-11-27,sz.000768,中航西飞
2023-11-30,2023-11-27,sz.000776,广发证券
2023-11-30,2023-11-27,sz.000786,北新建材
2023-11-30,2023-11-27,sz.000792,盐湖股份
2023-11-30,2023-11-27,sz.000800,一汽解放
2023-11-30,2023-11-27,sz.000858,五粮液
2023-11-30,2023-11-27,sz.000876,新希望
2023-11-30,2023-11-27,sz.000877,天山股份
2023-11-30,2023-11-27,sz.000895,双汇发展
2023-11-30,2023-11-27,sz.000938,紫光股份
2023-11-30,2023-11-27,sz.000963,华东医药
2023-11-30,2023-11-27,sz.000977,浪潮信息
2023-11-30,2023-11-27,sz.000983,山西焦煤
2023-11-30,2023-11-27,sz.001289,龙源电力
2023-11-30,2023-11-27,sz.001979,招商蛇口
2023-11-30,2023-11-27,sz.002001,新和成
2023-11-30,2023-11-27,sz.002007,华兰生物
2023-11-30,2023-11-27,sz.002027,分众传媒
2023-11-30,2023-11-27,sz.002049,紫光国微
2023-11-30,2023-11-27,sz.002050,三花智控
2023-11-30,2023-11-27,sz.002064,华峰化学
2023-11-30,2023-11-27,sz.002074,国轩高科
2023-11-30,2023-11-27,sz.002120,韵达股份
2023-11-30,2023-11-27,sz.002129,TCL中环
2023-11-30,2023-11-27,sz.002142,宁波银行
2023-11-30,2023-11-27,sz.002179,中航光电
2023-11-30,2023-11-27,sz.002180,纳思达
2023-11-30,2023-11-27,sz.002202,金风科技
2023-11-30,2023-11-27,sz.002230,科大讯飞
2023-11-30,2023-11-27,sz.002236,大华股份
2023-11-30,2023-11-27,sz.002241,歌尔股份
2023-11-30,2023-11-27,sz.002252,上海莱士
2023-11-30,2023-11-27,sz.002271,东方雨虹
2023-11-30,2023-11-27,sz.002304,洋河股份
2023-11-30,2023-11-27,sz.002311,海大集团
2023-11-30,2023-11-27,sz.002352,顺丰控股
2023-11-30,2023-11-27,sz.002371,北方华创
2023-11-30,2023-11-27,sz.002410,广联达
2023-11-30,2023-11-27,sz.002414,高德红外
2023-11-30,2023-11-27,sz.002415,海康威视
2023-11-30,2023-11-27,sz.002459,晶澳科技
2023-11-30,2023-11-27,sz.002460,赣锋锂业
2023-11-30,2023-11-27,sz.002466,天齐锂业
2023-11-30,2023-11-27,sz.002475,立讯精密
2023-11-30,2023-11-27,sz.002493,荣盛石化
2023-11-30,2023-11-27,sz.002555,三七互娱
2023-11-30,2023-11-27,sz.002594,比亚迪
2023-11-30,2023-11-27,sz.002601,龙佰集团
2023-11-30,2023-11-27,sz.002648,卫星化学
2023-11-30,2023-11-27,sz.002709,天赐材料
2023-11-30,2023-11-27,sz.002714,牧原股份
2023-11-30,2023-11-27,sz.002736,国信证券
2023-11-30,2023-11-27,sz.002756,永兴材料
2023-11-30,2023-11-27,sz.002812,恩捷股份
2023-11-30,2023-11-27,sz.002821,凯莱英
2023-11-30,2023-11-27,sz.002841,视源股份
2023-11-30,2023-11-27,sz.002916,深南电路
2023-11-30,2023-11-27,sz.002920,德赛西威
2023-11-30,2023-11-27,sz.002938,鹏鼎控股
2023-11-30,2023-11-27,sz.003816,中国广核
2023-11-30,2023-11-27,sz.300014,亿纬锂能
2023-11-30,2023-11-27,sz.300015,爱尔眼科
2023-11-30,2023-11-27,sz.300033,同花顺
2023-11-30,2023-11-27,sz.300059,东方财富
2023-11-30,2023-11-27,sz.300122,智飞生物
2023-11-30,2023-11-27,sz.300124,汇川技术
2023-11-30,2023-11-27,sz.300142,沃森生物
2023-11-30,2023-11-27,sz.300207,欣旺达
2023-11-30,2023-11-27,sz.300223,北京君正
2023-11-30,2023-11-27,sz.300274,阳光电源
2023-11-30,2023-11-27,sz.300316,晶盛机电
2023-11-30,2023-11-27,sz.300347,泰格医药
2023-11-30,2023-11-27,sz.300408,三环集团
2023-11-30,2023-11-27,sz.300413,芒果超媒
2023-11-30,2023-11-27,sz.300433,蓝思科技
2023-11-30,2023-11-27,sz.300450,先导智能
2023-11-30,2023-11-27,sz.300454,深信服
2023-11-30,2023-11-27,sz.300496,中科创达
2023-11-30,2023-11-27,sz.300498,温氏股份
2023-11-30,2023-11-27,sz.300601,康泰生物
2023-11-30,2023-11-27,sz.300628,亿联网络
2023-11-30,2023-11-27,sz.300661,圣邦股份
2023-11-30,2023-11-27,sz.300750,宁德时代
2023-11-30,2023-11-27,sz.300751,迈为股份
2023-11-30,2023-11-27,sz.300759,康龙化成
2023-11-30,2023-11-27,sz.300760,迈瑞医疗
2023-11-30,2023-11-27,sz.300763,锦浪科技
2023-11-30,2023-11-27,sz.300769,德方纳米
2023-11-30,2023-11-27,sz.300782,卓胜微
2023-11-30,2023-11-27,sz.300896,爱美客
2023-11-30,2023-11-27,sz.300919,中伟股份
2023-11-30,2023-11-27,sz.300957,贝泰妮
2023-11-30,2023-11-27,sz.300979,华利集团
2023-11-30,2023-11-27,sz.300999,金龙鱼
2023-12-31,2023-12-25,sh.600000,浦发银行
2023-12-31,2023-12-25,sh.600009,上海机场
2023-12-31,2023-12-25,sh.600010,包钢股份
2023-12-31,2023-12-25,sh.600011,华能国际
2023-12-31,2023-12-25,sh.600015,华夏银行
2023-12-31,2023-12-25,sh.600016,民生银行
2023-12-31,2023-12-25,sh.600018,上港集团
2023-12-31,2023-12-25,sh.600019,宝钢股份
2023-12-31,2023-12-25,sh.600023,浙能电力
2023-12-31,2023-12-25,sh.600025,华能水电
2023-12-31,2023-12-25,sh.600028,中国石化
2023-12-31,2023-12-25,sh.600029,南方航空
2023-12-31,2023-12-25,sh.600030,中信证券
2023-12-31,2023-12-25,sh.600031,三一重工
2023-12-31,2023-12-25,sh.600036,招商银行
2023-12-31,2023-12-25,sh.600039,四川路桥
2023-12-31,2023-12-25,sh.600048,保利发展
2023-12-31,2023-12-25,sh.600050,中国联通
2023-12-31,2023-12-25,sh.600061,国投资本
2023-12-31,2023-12-25,sh.600085,同仁堂
2023-12-31,2023-12-25,sh.600089,特变电工
2023-12-31,2023-12-25,sh.600104,上汽集团
2023-12-31,2023-12-25,sh.600111,北方稀土
2023-12-31,2023-12-25,sh.600115,中国东航
2023-12-31,2023-12-25,sh.600132,重庆啤酒
2023-12-31,2023-12-25,sh.600150,中国船舶
2023-12-31,2023-12-25,sh.600176,中国巨石
2023-12-31,2023-12-25,sh.600183,生益科技
2023-12-31,2023-12-25,sh.600188,兖矿能源
2023-12-31,2023-12-25,sh.600196,复星医药
2023-12-31,2023-12-25,sh.600219,南山铝业
2023-12-31,2023-12-25,sh.600233,圆通速递
2023-12-31,2023-12-25,sh.600276,恒瑞医药
2023-12-31,2023-12-25,sh.600309,万华化学
2023-12-31,2023-12-25,sh.600332,白云山
2023-12-31,2023-12-25,sh.600346,恒力石化
2023-12-31,2023-12-25,sh.600362,江西铜业
2023-12-31,2023-12-25,sh.600372,中航机载
2023-12-31,2023-12-25,sh.600406,国电南瑞
2023-12-31,2023-12-25,sh.600426,华鲁恒升
2023-12-31,2023-12-25,sh.600436,片仔癀
2023-12-31,2023-12-25,sh.600438,通威股份
2023-12-31,2023-12-25,sh.600460,士兰微
2023-12-31,2023-12-25,sh.600489,中金黄金
2023-12-31,2023-12-25,sh.600515,海南机场
2023-12-31,2023-12-25,sh.600519,贵州茅台
2023-12-31,2023-12-25,sh.600547,山东黄金
2023-12-31,2023-12-25,sh.600570,恒生电子
2023-12-31,2023-12-25,sh.600584,长电科技
2023-12-31,2023-12-25,sh.600585,海螺水泥
2023-12-31,2023-12-25,sh.600588,用友网络
2023-12-31,2023-12-25,sh.600600,青岛啤酒
2023-12-31,2023-12-25,sh.600606,绿地控股
2023-12-31,2023-12-25,sh.600660,福耀玻璃
2023-12-31,2023-12-25,sh.600674,川投能源
2023-12-31,2023-12-25,sh.600690,海尔智家
2023-12-31,2023-12-25,sh.600732,爱旭股份
2023-12-31,2023-12-25,sh.600741,华域汽车
2023-12-31,2023-12-25,sh.600745,闻泰科技
2023-12-31,2023-12-25,sh.600754,锦江酒店
2023-12-31,2023-12-25,sh.600760,中航沈飞
2023-12-31,2023-12-25,sh.600795,国电电力
2023-12-31,2023-12-25,sh.600803,新奥股份
2023-12-31,2023-12-25,sh.600809,山西汾酒
2023-12-31,2023-12-25,sh.600837,海通证券
2023-12-31,2023-12-25,sh.600845,宝信软件
2023-12-31,2023-12-25,sh.600875,东方电气
2023-12-31,2023-12-25,sh.600886,国投电力
2023-12-31,2023-12-25,sh.600887,伊利股份
2023-12-31,2023-12-25,sh.600893,航发动力
2023-12-31,2023-12-25,sh.600900,长江电力
2023-12-31,2023-12-25,sh.600905,三峡能源
2023-12-31,2023-12-25,sh.600918,中泰证券
2023-12-31,2023-12-25,sh.600919,江苏银行
2023-12-31,2023-12-25,sh.600926,杭州银行
2023-12-31,2023-12-25,sh.600938,中国海油
2023-12-31,2023-12-25,sh.600941,中国移动
2023-12-31,2023-12-25,sh.600958,东方证券
2023-12-31,2023-12-25,sh.600989,宝丰能源
2023-12-31,2023-12-25,sh.600999,招商证券
2023-12-31,2023-12-25,sh.601006,大秦铁路
2023-12-31,2023-12-25,sh.601009,南京银行
2023-12-31,2023-12-25,sh.601012,隆基绿能
2023-12-31,2023-12-25,sh.601021,春秋航空
2023-12-31,2023-12-25,sh.601059,信达证券
2023-12-31,2023-12-25,sh.601066,中信建投
2023-12-31,2023-12-25,sh.601088,中国神华
2023-12-31,2023-12-25,sh.601100,恒立液压
2023-12-31,2023-12-25,sh.601111,中国国航
2023-12-31,2023-12-25,sh.601117,中国化学
2023-12-31,2023-12-25,sh.601138,工业富联
2023-12-31,2023-12-25,sh.601155,新城控股
2023-12-31,2023-12-25,sh.601166,兴业银行
2023-12-31,2023-12-25,sh.601169,北京银行
2023-12-31,2023-12-25,sh.601186,中国铁建
2023-12-31,2023-12-25,sh.601211,国泰君安
2023-12-31,2023-12-25,sh.601225,陕西煤业
2023-12-31,2023-12-25,sh.601229,上海银行
2023-12-31,2023-12-25,sh.601236,红塔证券
2023-12-31,2023-12-25,sh.601238,广汽集团
2023-12-31,2023-12-25,sh.601288,农业银行
2023-12-31,2023-12-25,sh.601318,中国平安
2023-12-31,2023-12-25,sh.601319,中国人保
2023-12-31,2023-12-25,sh.601328,交通银行
2023-12-31,2023-12-25,sh.601336,新华保险
2023-12-31,2023-12-25,sh.601360,三六零
2023-12-31,2023-12-25,sh.601377,兴业证券
2023-12-31,2023-12-25,sh.601390,中国中铁
2023-12-31,2023-12-25,sh.601398,工商银行
2023-12-31,2023-12-25,sh.601600,中国铝业
2023-12-31,2023-12-25,sh.601601,中国太保
2023-12-31,2023-12-25,sh.601607,上海医药
2023-12-31,2023-12-25,sh.601615,明阳智能
2023-12-31,2023-12-25,sh.601618,中国中冶
2023-12-31,2023-12-25,sh.601628,中国人寿
2023-12-31,2023-12-25,sh.601633,长城汽车
2023-12-31,2023-12-25,sh.601658,邮储银行
2023-12-31,2023-12-25,sh.601668,中国建筑
2023-12-31,2023-12-25,sh.601669,中国电建
2023-12-31,2023-12-25,sh.601688,华泰证券
2023-12-31,2023-12-25,sh.601689,拓普集团
2023-12-31,2023-12-25,sh.601698,中国卫通
2023-12-31,2023-12-25,sh.601699,潞安环能
2023-12-31,2023-12-25,sh.601728,中国电信
2023-12-31,2023-12-25,sh.601766,中国中车
2023-12-31,2023-12-25,sh.601788,光大证券
2023-12-31,2023-12-25,sh.601799,星宇股份
2023-12-31,2023-12-25,sh.601800,中国交建
2023-12-31,2023-12-25,sh.601808,中海油服
2023-12-31,2023-12-25,sh.601816,京沪高铁
2023-12-31,2023-12-25,sh.601818,光大银行
2023-12-31,2023-12-25,sh.601838,成都银行
2023-12-31,2023-12-25,sh.601857,中国石油
2023-12-31,2023-12-25,sh.601865,福莱特
2023-12-31,2023-12-25,sh.601868,中国能建
2023-12-31,2023-12-25,sh.601872,招商轮船
2023-12-31,2023-12-25,sh.601877,正泰电器
2023-12-31,2023-12-25,sh.601878,浙商证券
2023-12-31,2023-12-25,sh.601881,中国银河
2023-12-31,2023-12-25,sh.601888,中国中免
2023-12-31,2023-12-25,sh.601898,中煤能源
2023-12-31,2023-12-25,sh.601899,紫金矿业
2023-12-31,2023-12-25,sh.601901,方正证券
2023-12-31,2023-12-25,sh.601916,浙商银行
2023-12-31,2023-12-25,sh.601919,中远海控
2023-12-31,2023-12-25,sh.601939,建设银行
2023-12-31,2023-12-25,sh.601985,中国核电
2023-12-31,2023-12-25,sh.601988,中国银行
2023-12-31,2023-12-25,sh.601989,中国重工
2023-12-31,2023-12-25,sh.601995,中金公司
2023-12-31,2023-12-25,sh.601998,中信银行
2023-12-31,2023-12-25,sh.603019,中科曙光
2023-12-31,2023-12-25,sh.603195,公牛集团
2023-12-31,2023-12-25,sh.603259,药明康德
2023-12-31,2023-12-25,sh.603260,合盛硅业
2023-12-31,2023-12-25,sh.603288,海天味业
2023-12-31,2023-12-25,sh.603290,斯达半导
2023-12-31,2023-12-25,sh.603369,今世缘
2023-12-31,2023-12-25,sh.603392,万泰生物
2023-12-31,2023-12-25,sh.603486,科沃斯
2023-12-31,2023-12-25,sh.603501,韦尔股份
2023-12-31,2023-12-25,sh.603659,璞泰来
2023-12-31,2023-12-25,sh.603799,华友钴业
2023-12-31,2023-12-25,sh.603806,福斯特
2023-12-31,2023-12-25,sh.603833,欧派家居
2023-12-31,2023-12-25,sh.603899,晨光股份
2023-12-31,2023-12-25,sh.603986,兆易创新
2023-12-31,2023-12-25,sh.603993,洛阳钼业
2023-12-31,2023-12-25,sh.605117,德业股份
2023-12-31,2023-12-25,sh.605499,东鹏饮料
2023-12-31,2023-12-25,sh.688008,澜起科技
2023-12-31,2023-12-25,sh.688012,中微公司
2023-12-31,2023-12-25,sh.688036,传音控股
2023-12-31,2023-12-25,sh.688041,海光信息
2023-12-31,2023-12-25,sh.688065,凯赛生物
2023-12-31,2023-12-25,sh.688111,金山办公
2023-12-31,2023-12-25,sh.688126,沪硅产业
2023-12-31,2023-12-25,sh.688187,时代电气
2023-12-31,2023-12-25,sh.688223,晶科能源
2023-12-31,2023-12-25,sh.688256,寒武纪
2023-12-31,2023-12-25,sh.688271,联影医疗
2023-12-31,2023-12-25,sh.688303,大全能源
2023-12-31,2023-12-25,sh.688363,华熙生物
2023-12-31,2023-12-25,sh.688396,华润微
2023-12-31,2023-12-25,sh.688561,奇安信
2023-12-31,2023-12-25,sh.688599,天合光能
2023-12-31,2023-12-25,sh.688981,中芯国际
2023-12-31,2023-12-25,sz.000001,平安银行
2023-12-31,2023-12-25,sz.000002,万科A
2023-12-31,2023-12-25,sz.000063,中兴通讯
2023-12-31,2023-12-25,sz.000069,华侨城A
2023-12-31,2023-12-25,sz.000100,TCL科技
2023-12-31,2023-12-25,sz.000157,中联重科
2023-12-31,2023-12-25,sz.000166,申万宏源
2023-12-31,2023-12-25,sz.000301,东方盛虹
2023-12-31,2023-12-25,sz.000333,美的集团
2023-12-31,2023-12-25,sz.000338,潍柴动力
2023-12-31,2023-12-25,sz.000408,藏格矿业
2023-12-31,2023-12-25,sz.000425,徐工机械
2023-12-31,2023-12-25,sz.000538,云南白药
2023-12-31,2023-12-25,sz.000568,泸州老窖
2023-12-31,2023-12-25,sz.000596,古井贡酒
2023-12-31,2023-12-25,sz.000617,中油资本
2023-12-31,2023-12-25,sz.000625,长安汽车
2023-12-31,2023-12-25,sz.000651,格力电器
2023-12-31,2023-12-25,sz.000661,长春高新
2023-12-31,2023-12-25,sz.000708,中信特钢
2023-12-31,2023-12-25,sz.000725,京东方A
2023-12-31,2023-12-25,sz.000733,振华科技
2023-12-31,2023-12-25,sz.000768,中航西飞
2023-12-31,2023-12-25,sz.000776,广发证券
2023-12-31,2023-12-25,sz.000786,北新建材
2023-12-31,2023-12-25,sz.000792,盐湖股份
2023-12-31,2023-12-25,sz.000800,一汽解放
2023-12-31,2023-12-25,sz.000858,五粮液
2023-12-31,2023-12-25,sz.000876,新希望
2023-12-31,2023-12-25,sz.000877,天山股份
2023-12-31,2023-12-25,sz.000895,双汇发展
2023-12-31,2023-12-25,sz.000938,紫光股份
2023-12-31,2023-12-25,sz.000963,华东医药
2023-12-31,2023-12-25,sz.000977,浪潮信息
2023-12-31,2023-12-25,sz.000983,山西焦煤
2023-12-31,2023-12-25,sz.000999,华润三九
2023-12-31,2023-12-25,sz.001289,龙源电力
2023-12-31,2023-12-25,sz.001979,招商蛇口
2023-12-31,2023-12-25,sz.002001,新和成
2023-12-31,2023-12-25,sz.002007,华兰生物
2023-12-31,2023-12-25,sz.002027,分众传媒
2023-12-31,2023-12-25,sz.002049,紫光国微
2023-12-31,2023-12-25,sz.002050,三花智控
2023-12-31,2023-12-25,sz.002074,国轩高科
2023-12-31,2023-12-25,sz.002129,TCL中环
2023-12-31,2023-12-25,sz.002142,宁波银行
2023-12-31,2023-12-25,sz.002179,中航光电
2023-12-31,2023-12-25,sz.002180,纳思达
2023-12-31,2023-12-25,sz.002202,金风科技
2023-12-31,2023-12-25,sz.002230,科大讯飞
2023-12-31,2023-12-25,sz.002236,大华股份
2023-12-31,2023-12-25,sz.002241,歌尔股份
2023-12-31,2023-12-25,sz.002252,上海莱士
2023-12-31,2023-12-25,sz.002271,东方雨虹
2023-12-31,2023-12-25,sz.002304,洋河股份
2023-12-31,2023-12-25,sz.002311,海大集团
2023-12-31,2023-12-25,sz.002352,顺丰控股
2023-12-31,2023-12-25,sz.002371,北方华创
2023-12-31,2023-12-25,sz.002410,广联达
2023-12-31,2023-12-25,sz.002415,海康威视
2023-12-31,2023-12-25,sz.002459,晶澳科技
2023-12-31,2023-12-25,sz.002460,赣锋锂业
2023-12-31,2023-12-25,sz.002466,天齐锂业
2023-12-31,2023-12-25,sz.002475,立讯精密
2023-12-31,2023-12-25,sz.002493,荣盛石化
2023-12-31,2023-12-25,sz.002555,三七互娱
2023-12-31,2023-12-25,sz.002594,比亚迪
2023-12-31,2023-12-25,sz.002601,龙佰集团
2023-12-31,2023-12-25,sz.002603,以岭药业
2023-12-31,2023-12-25,sz.002648,卫星化学
2023-12-31,2023-12-25,sz.002709,天赐材料
2023-12-31,2023-12-25,sz.002714,牧原股份
2023-12-31,2023-12-25,sz.002736,国信证券
2023-12-31,2023-12-25,sz.002812,恩捷股份
2023-12-31,2023-12-25,sz.002821,凯莱英
2023-12-31,2023-12-25,sz.002841,视源股份
2023-12-31,2023-12-25,sz.002916,深南电路
2023-12-31,2023-12-25,sz.002920,德赛西威
2023-12-31,2023-12-25,sz.002938,鹏鼎控股
2023-12-31,2023-12-25,sz.003816,中国广核
2023-12-31,2023-12-25,sz.300014,亿纬锂能
2023-12-31,2023-12-25,sz.300015,爱尔眼科
2023-12-31,2023-12-25,sz.300033,同花顺
2023-12-31,2023-12-25,sz.300059,东方财富
2023-12-31,2023-12-25,sz.300122,智飞生物
2023-12-31,2023-12-25,sz.300124,汇川技术
2023-12-31,2023-12-25,sz.300142,沃森生物
2023-12-31,2023-12-25,sz.300223,北京君正
2023-12-31,2023-12-25,sz.300274,阳光电源
2023-12-31,2023-12-25,sz.300308,中际旭创
2023-12-31,2023-12-25,sz.300316,晶盛机电
2023-12-31,2023-12-25,sz.300347,泰格医药
2023-12-31,2023-12-25,sz.300408,三环集团
2023-12-31,2023-12-25,sz.300413,芒果超媒
2023-12-31,2023-12-25,sz.300433,蓝思科技
2023-12-31,2023-12-25,sz.300450,先导智能
2023-12-31,2023-12-25,sz.300454,深信服
2023-12-31,2023-12-25,sz.300496,中科创达
2023-12-31,2023-12-25,sz.300498,温氏股份
2023-12-31,2023-12-25,sz.300628,亿联网络
2023-12-31,2023-12-25,sz.300661,圣邦股份
2023-12-31,2023-12-25,sz.300750,宁德时代
2023-12-31,2023-12-25,sz.300751,迈为股份
2023-12-31,2023-12-25,sz.300759,康龙化成
2023-12-31,2023-12-25,sz.300760,迈瑞医疗
2023-12-31,2023-12-25,sz.300763,锦浪科技
2023-12-31,2023-12-25,sz.300782,卓胜微
2023-12-31,2023-12-25,sz.300896,爱美客
2023-12-31,2023-12-25,sz.300919,中伟股份
2023-12-31,2023-12-25,sz.300957,贝泰妮
2023-12-31,2023-12-25,sz.300979,华利集团
2023-12-31,2023-12-25,sz.300999,金龙鱼
2023-12-31,2023-12-25,sz.301269,华大九天
2024-01-31,2024-01-29,sh.600000,浦发银行
2024-01-31,2024-01-29,sh.600009,上海机场
2024-01-31,2024-01-29,sh.600010,包钢股份
2024-01-31,2024-01-29,sh.600011,华能国际
2024-01-31,2024-01-29,sh.600015,华夏银行
2024-01-31,2024-01-29,sh.600016,民生银行
2024-01-31,2024-01-29,sh.600018,上港集团
2024-01-31,2024-01-29,sh.600019,宝钢股份
2024-01-31,2024-01-29,sh.600023,浙能电力
2024-01-31,2024-01-29,sh.600025,华能水电
2024-01-31,2024-01-29,sh.600028,中国石化
2024-01-31,2024-01-29,sh.600029,南方航空
2024-01-31,2024-01-29,sh.600030,中信证券
2024-01-31,2024-01-29,sh.600031,三一重工
2024-01-31,2024-01-29,sh.600036,招商银行
2024-01-31,2024-01-29,sh.600039,四川路桥
2024-01-31,2024-01-29,sh.600048,保利发展
2024-01-31,2024-01-29,sh.600050,中国联通
2024-01-31,2024-01-29,sh.600061,国投资本
2024-01-31,2024-01-29,sh.600085,同仁堂
2024-01-31,2024-01-29,sh.600089,特变电工
2024-01-31,2024-01-29,sh.600104,上汽集团
2024-01-31,2024-01-29,sh.600111,北方稀土
2024-01-31,2024-01-29,sh.600115,中国东航
2024-01-31,2024-01-29,sh.600132,重庆啤酒
2024-01-31,2024-01-29,sh.600150,中国船舶
2024-01-31,2024-01-29,sh.600176,中国巨石
2024-01-31,2024-01-29,sh.600183,生益科技
2024-01-31,2024-01-29,sh.600188,兖矿能源
2024-01-31,2024-01-29,sh.600196,复星医药
2024-01-31,2024-01-29,sh.600219,南山铝业
2024-01-31,2024-01-29,sh.600233,圆通速递
2024-01-31,2024-01-29,sh.600276,恒瑞医药
2024-01-31,2024-01-29,sh.600309,万华化学
2024-01-31,2024-01-29,sh.600332,白云山
2024-01-31,2024-01-29,sh.600346,恒力石化
2024-01-31,2024-01-29,sh.600362,江西铜业
2024-01-31,2024-01-29,sh.600372,中航机载
2024-01-31,2024-01-29,sh.600406,国电南瑞
2024-01-31,2024-01-29,sh.600426,华鲁恒升
2024-01-31,2024-01-29,sh.600436,片仔癀
2024-01-31,2024-01-29,sh.600438,通威股份
2024-01-31,2024-01-29,sh.600460,士兰微
2024-01-31,2024-01-29,sh.600489,中金黄金
2024-01-31,2024-01-29,sh.600515,海南机场
2024-01-31,2024-01-29,sh.600519,贵州茅台
2024-01-31,2024-01-29,sh.600547,山东黄金
2024-01-31,2024-01-29,sh.600570,恒生电子
2024-01-31,2024-01-29,sh.600584,长电科技
2024-01-31,2024-01-29,sh.600585,海螺水泥
2024-01-31,2024-01-29,sh.600588,用友网络
2024-01-31,2024-01-29,sh.600600,青岛啤酒
2024-01-31,2024-01-29,sh.600606,绿地控股
2024-01-31,2024-01-29,sh.600660,福耀玻璃
2024-01-31,2024-01-29,sh.600674,川投能源
2024-01-31,2024-01-29,sh.600690,海尔智家
2024-01-31,2024-01-29,sh.600732,爱旭股份
2024-01-31,2024-01-29,sh.600741,华域汽车
2024-01-31,2024-01-29,sh.600745,闻泰科技
2024-01-31,2024-01-29,sh.600754,锦江酒店
2024-01-31,2024-01-29,sh.600760,中航沈飞
2024-01-31,2024-01-29,sh.600795,国电电力
2024-01-31,2024-01-29,sh.600803,新奥股份
2024-01-31,2024-01-29,sh.600809,山西汾酒
2024-01-31,2024-01-29,sh.600837,海通证券
2024-01-31,2024-01-29,sh.600845,宝信软件
2024-01-31,2024-01-29,sh.600875,东方电气
2024-01-31,2024-01-29,sh.600886,国投电力
2024-01-31,2024-01-29,sh.600887,伊利股份
2024-01-31,2024-01-29,sh.600893,航发动力
2024-01-31,2024-01-29,sh.600900,长江电力
2024-01-31,2024-01-29,sh.600905,三峡能源
2024-01-31,2024-01-29,sh.600918,中泰证券
2024-01-31,2024-01-29,sh.600919,江苏银行
2024-01-31,2024-01-29,sh.600926,杭州银行
2024-01-31,2024-01-29,sh.600938,中国海油
2024-01-31,2024-01-29,sh.600941,中国移动
2024-01-31,2024-01-29,sh.600958,东方证券
2024-01-31,2024-01-29,sh.600989,宝丰能源
2024-01-31,2024-01-29,sh.600999,招商证券
2024-01-31,2024-01-29,sh.601006,大秦铁路
2024-01-31,2024-01-29,sh.601009,南京银行
2024-01-31,2024-01-29,sh.601012,隆基绿能
2024-01-31,2024-01-29,sh.601021,春秋航空
2024-01-31,2024-01-29,sh.601059,信达证券
2024-01-31,2024-01-29,sh.601066,中信建投
2024-01-31,2024-01-29,sh.601088,中国神华
2024-01-31,2024-01-29,sh.601100,恒立液压
2024-01-31,2024-01-29,sh.601111,中国国航
2024-01-31,2024-01-29,sh.601117,中国化学
2024-01-31,2024-01-29,sh.601138,工业富联
2024-01-31,2024-01-29,sh.601155,新城控股
2024-01-31,2024-01-29,sh.601166,兴业银行
2024-01-31,2024-01-29,sh.601169,北京银行
2024-01-31,2024-01-29,sh.601186,中国铁建
2024-01-31,2024-01-29,sh.601211,国泰君安
2024-01-31,2024-01-29,sh.601225,陕西煤业
2024-01-31,2024-01-29,sh.601229,上海银行
2024-01-31,2024-01-29,sh.601236,红塔证券
2024-01-31,2024-01-29,sh.601238,广汽集团
2024-01-31,2024-01-29,sh.601288,农业银行
2024-01-31,2024-01-29,sh.601318,中国平安
2024-01-31,2024-01-29,sh.601319,中国人保
2024-01-31,2024-01-29,sh.601328,交通银行
2024-01-31,2024-01-29,sh.601336,新华保险
2024-01-31,2024-01-29,sh.601360,三六零
2024-01-31,2024-01-29,sh.601377,兴业证券
2024-01-31,2024-01-29,sh.601390,中国中铁
2024-01-31,2024-01-29,sh.601398,工商银行
2024-01-31,2024-01-29,sh.601600,中国铝业
2024-01-31,2024-01-29,sh.601601,中国太保
2024-01-31,2024-01-29,sh.601607,上海医药
2024-01-31,2024-01-29,sh.601615,明阳智能
2024-01-31,2024-01-29,sh.601618,中国中冶
2024-01-31,2024-01-29,sh.601628,中国人寿
2024-01-31,2024-01-29,sh.601633,长城汽车
2024-01-31,2024-01-29,sh.601658,邮储银行
2024-01-31,2024-01-29,sh.601668,中国建筑
2024-01-31,2024-01-29,sh.601669,中国电建
2024-01-31,2024-01-29,sh.601688,华泰证券
2024-01-31,2024-01-29,sh.601689,拓普集团
2024-01-31,2024-01-29,sh.601698,中国卫通
2024-01-31,2024-01-29,sh.601699,潞安环能
2024-01-31,2024-01-29,sh.601728,中国电信
2024-01-31,2024-01-29,sh.601766,中国中车
2024-01-31,2024-01-29,sh.601788,光大证券
2024-01-31,2024-01-29,sh.601799,星宇股份
2024-01-31,2024-01-29,sh.601800,中国交建
2024-01-31,2024-01-29,sh.601808,中海油服
2024-01-31,2024-01-29,sh.601816,京沪高铁
2024-01-31,2024-01-29,sh.601818,光大银行
2024-01-31,2024-01-29,sh.601838,成都银行
2024-01-31,2024-01-29,sh.601857,中国石油
2024-01-31,2024-01-29,sh.601865,福莱特
2024-01-31,2024-01-29,sh.601868,中国能建
2024-01-31,2024-01-29,sh.601872,招商轮船
2024-01-31,2024-01-29,sh.601877,正泰电器
2024-01-31,2024-01-29,sh.601878,浙商证券
2024-01-31,2024-01-29,sh.601881,中国银河
2024-01-31,2024-01-29,sh.601888,中国中免
2024-01-31,2024-01-29,sh.601898,中煤能源
2024-01-31,2024-01-29,sh.601899,紫金矿业
2024-01-31,2024-01-29,sh.601901,方正证券
2024-01-31,2024-01-29,sh.601916,浙商银行
2024-01-31,2024-01-29,sh.601919,中远海控
2024-01-31,2024-01-29,sh.601939,建设银行
2024-01-31,2024-01-29,sh.601985,中国核电
2024-01-31,2024-01-29,sh.601988,中国银行
2024-01-31,2024-01-29,sh.601989,中国重工
2024-01-31,2024-01-29,sh.601995,中金公司
2024-01-31,2024-01-29,sh.601998,中信银行
2024-01-31,2024-01-29,sh.603019,中科曙光
2024-01-31,2024-01-29,sh.603195,公牛集团
2024-01-31,2024-01-29,sh.603259,药明康德
2024-01-31,2024-01-29,sh.603260,合盛硅业
2024-01-31,2024-01-29,sh.603288,海天味业
2024-01-31,2024-01-29,sh.603290,斯达半导
2024-01-31,2024-01-29,sh.603369,今世缘
2024-01-31,2024-01-29,sh.603392,万泰生物
2024-01-31,2024-01-29,sh.603486,科沃斯
2024-01-31,2024-01-29,sh.603501,韦尔股份
2024-01-31,2024-01-29,sh.603659,璞泰来
2024-01-31,2024-01-29,sh.603799,华友钴业
2024-01-31,2024-01-29,sh.603806,福斯特
2024-01-31,2024-01-29,sh.603833,欧派家居
2024-01-31,2024-01-29,sh.603899,晨光股份
2024-01-31,2024-01-29,sh.603986,兆易创新
2024-01-31,2024-01-29,sh.603993,洛阳钼业
2024-01-31,2024-01-29,sh.605117,德业股份
2024-01-31,2024-01-29,sh.605499,东鹏饮料
2024-01-31,2024-01-29,sh.688008,澜起科技
2024-01-31,2024-01-29,sh.688012,中微公司
2024-01-31,2024-01-29,sh.688036,传音控股
2024-01-31,2024-01-29,sh.688041,海光信息
2024-01-31,2024-01-29,sh.688065,凯赛生物
2024-01-31,2024-01-29,sh.688111,金山办公
2024-01-31,2024-01-29,sh.688126,沪硅产业
2024-01-31,2024-01-29,sh.688187,时代电气
2024-01-31,2024-01-29,sh.688223,晶科能源
2024-01-31,2024-01-29,sh.688256,寒武纪
2024-01-31,2024-01-29,sh.688271,联影医疗
2024-01-31,2024-01-29,sh.688303,大全能源
2024-01-31,2024-01-29,sh.688363,华熙生物
2024-01-31,2024-01-29,sh.688396,华润微
2024-01-31,2024-01-29,sh.688561,奇安信
2024-01-31,2024-01-29,sh.688599,天合光能
2024-01-31,2024-01-29,sh.688981,中芯国际
2024-01-31,2024-01-29,sz.000001,平安银行
2024-01-31,2024-01-29,sz.000002,万科A
2024-01-31,2024-01-29,sz.000063,中兴通讯
2024-01-31,2024-01-29,sz.000069,华侨城A
2024-01-31,2024-01-29,sz.000100,TCL科技
2024-01-31,2024-01-29,sz.000157,中联重科
2024-01-31,2024-01-29,sz.000166,申万宏源
2024-01-31,2024-01-29,sz.000301,东方盛虹
2024-01-31,2024-01-29,sz.000333,美的集团
2024-01-31,2024-01-29,sz.000338,潍柴动力
2024-01-31,2024-01-29,sz.000408,藏格矿业
2024-01-31,2024-01-29,sz.000425,徐工机械
2024-01-31,2024-01-29,sz.000538,云南白药
2024-01-31,2024-01-29,sz.000568,泸州老窖
2024-01-31,2024-01-29,sz.000596,古井贡酒
2024-01-31,2024-01-29,sz.000617,中油资本
2024-01-31,2024-01-29,sz.000625,长安汽车
2024-01-31,2024-01-29,sz.000651,格力电器
2024-01-31,2024-01-29,sz.000661,长春高新
2024-01-31,2024-01-29,sz.000708,中信特钢
2024-01-31,2024-01-29,sz.000725,京东方A
2024-01-31,2024-01-29,sz.000733,振华科技
2024-01-31,2024-01-29,sz.000768,中航西飞
2024-01-31,2024-01-29,sz.000776,广发证券
2024-01-31,2024-01-29,sz.000786,北新建材
2024-01-31,2024-01-29,sz.000792,盐湖股份
2024-01-31,2024-01-29,sz.000800,一汽解放
2024-01-31,2024-01-29,sz.000858,五粮液
2024-01-31,2024-01-29,sz.000876,新希望
2024-01-31,2024-01-29,sz.000877,天山股份
2024-01-31,2024-01-29,sz.000895,双汇发展
2024-01-31,2024-01-29,sz.000938,紫光股份
2024-01-31,2024-01-29,sz.000963,华东医药
2024-01-31,2024-01-29,sz.000977,浪潮信息
2024-01-31,2024-01-29,sz.000983,山西焦煤
2024-01-31,2024-01-29,sz.000999,华润三九
2024-01-31,2024-01-29,sz.001289,龙源电力
2024-01-31,2024-01-29,sz.001979,招商蛇口
2024-01-31,2024-01-29,sz.002001,新和成
2024-01-31,2024-01-29,sz.002007,华兰生物
2024-01-31,2024-01-29,sz.002027,分众传媒
2024-01-31,2024-01-29,sz.002049,紫光国微
2024-01-31,2024-01-29,sz.002050,三花智控
2024-01-31,2024-01-29,sz.002074,国轩高科
2024-01-31,2024-01-29,sz.002129,TCL中环
2024-01-31,2024-01-29,sz.002142,宁波银行
2024-01-31,2024-01-29,sz.002179,中航光电
2024-01-31,2024-01-29,sz.002180,纳思达
2024-01-31,2024-01-29,sz.002202,金风科技
2024-01-31,2024-01-29,sz.002230,科大讯飞
2024-01-31,2024-01-29,sz.002236,大华股份
2024-01-31,2024-01-29,sz.002241,歌尔股份
2024-01-31,2024-01-29,sz.002252,上海莱士
2024-01-31,2024-01-29,sz.002271,东方雨虹
2024-01-31,2024-01-29,sz.002304,洋河股份
2024-01-31,2024-01-29,sz.002311,海大集团
2024-01-31,2024-01-29,sz.002352,顺丰控股
2024-01-31,2024-01-29,sz.002371,北方华创
2024-01-31,2024-01-29,sz.002410,广联达
2024-01-31,2024-01-29,sz.002415,海康威视
2024-01-31,2024-01-29,sz.002459,晶澳科技
2024-01-31,2024-01-29,sz.002460,赣锋锂业
2024-01-31,2024-01-29,sz.002466,天齐锂业
2024-01-31,2024-01-29,sz.002475,立讯精密
2024-01-31,2024-01-29,sz.002493,荣盛石化
2024-01-31,2024-01-29,sz.002555,三七互娱
2024-01-31,2024-01-29,sz.002594,比亚迪
2024-01-31,2024-01-29,sz.002601,龙佰集团
2024-01-31,2024-01-29,sz.002603,以岭药业
2024-01-31,2024-01-29,sz.002648,卫星化学
2024-01-31,2024-01-29,sz.002709,天赐材料
2024-01-31,2024-01-29,sz.002714,牧原股份
2024-01-31,2024-01-29,sz.002736,国信证券
2024-01-31,2024-01-29,sz.002812,恩捷股份
2024-01-31,2024-01-29,sz.002821,凯莱英
2024-01-31,2024-01-29,sz.002841,视源股份
2024-01-31,2024-01-29,sz.002916,深南电路
2024-01-31,2024-01-29,sz.002920,德赛西威
2024-01-31,2024-01-29,sz.002938,鹏鼎控股
2024-01-31,2024-01-29,sz.003816,中国广核
2024-01-31,2024-01-29,sz.300014,亿纬锂能
2024-01-31,2024-01-29,sz.300015,爱尔眼科
2024-01-31,2024-01-29,sz.300033,同花顺
2024-01-31,2024-01-29,sz.300059,东方财富
2024-01-31,2024-01-29,sz.300122,智飞生物
2024-01-31,2024-01-29,sz.300124,汇川技术
2024-01-31,2024-01-29,sz.300142,沃森生物
2024-01-31,2024-01-29,sz.300223,北京君正
2024-01-31,2024-01-29,sz.300274,阳光电源
2024-01-31,2024-01-29,sz.300308,中际旭创
2024-01-31,2024-01-29,sz.300316,晶盛机电
2024-01-31,2024-01-29,sz.300347,泰格医药
2024-01-31,2024-01-29,sz.300408,三环集团
2024-01-31,2024-01-29,sz.300413,芒果超媒
2024-01-31,2024-01-29,sz.300433,蓝思科技
2024-01-31,2024-01-29,sz.300450,先导智能
2024-01-31,2024-01-29,sz.300454,深信服
2024-01-31,2024-01-29,sz.300496,中科创达
2024-01-31,2024-01-29,sz.300498,温氏股份
2024-01-31,2024-01-29,sz.300628,亿联网络
2024-01-31,2024-01-29,sz.300661,圣邦股份
2024-01-31,2024-01-29,sz.300750,宁德时代
2024-01-31,2024-01-29,sz.300751,迈为股份
2024-01-31,2024-01-29,sz.300759,康龙化成
2024-01-31,2024-01-29,sz.300760,迈瑞医疗
2024-01-31,2024-01-29,sz.300763,锦浪科技
2024-01-31,2024-01-29,sz.300782,卓胜微
2024-01-31,2024-01-29,sz.300896,爱美客
2024-01-31,2024-01-29,sz.300919,中伟股份
2024-01-31,2024-01-29,sz.300957,贝泰妮
2024-01-31,2024-01-29,sz.300979,华利集团
2024-01-31,2024-01-29,sz.300999,金龙鱼
2024-01-31,2024-01-29,sz.301269,华大九天
2024-02-29,2024-02-26,sh.600000,浦发银行
2024-02-29,2024-02-26,sh.600009,上海机场
2024-02-29,2024-02-26,sh.600010,包钢股份
2024-02-29,2024-02-26,sh.600011,华能国际
2024-02-29,2024-02-26,sh.600015,华夏银行
2024-02-29,2024-02-26,sh.600016,民生银行
2024-02-29,2024-02-26,sh.600018,上港集团
2024-02-29,2024-02-26,sh.600019,宝钢股份
2024-02-29,2024-02-26,sh.600023,浙能电力
2024-02-29,2024-02-26,sh.600025,华能水电
2024-02-29,2024-02-26,sh.600028,中国石化
2024-02-29,2024-02-26,sh.600029,南方航空
2024-02-29,2024-02-26,sh.600030,中信证券
2024-02-29,2024-02-26,sh.600031,三一重工
2024-02-29,2024-02-26,sh.600036,招商银行
2024-02-29,2024-02-26,sh.600039,四川路桥
2024-02-29,2024-02-26,sh.600048,保利发展
2024-02-29,2024-02-26,sh.600050,中国联通
2024-02-29,2024-02-26,sh.600061,国投资本
2024-02-29,2024-02-26,sh.600085,同仁堂
2024-02-29,2024-02-26,sh.600089,特变电工
2024-02-29,2024-02-26,sh.600104,上汽集团
2024-02-29,2024-02-26,sh.600111,北方稀土
2024-02-29,2024-02-26,sh.600115,中国东航
2024-02-29,2024-02-26,sh.600132,重庆啤酒
2024-02-29,2024-02-26,sh.600150,中国船舶
2024-02-29,2024-02-26,sh.600176,中国巨石
2024-02-29,2024-02-26,sh.600183,生益科技
2024-02-29,2024-02-26,sh.600188,兖矿能源
2024-02-29,2024-02-26,sh.600196,复星医药
2024-02-29,2024-02-26,sh.600219,南山铝业
2024-02-29,2024-02-26,sh.600233,圆通速递
2024-02-29,2024-02-26,sh.600276,恒瑞医药
2024-02-29,2024-02-26,sh.600309,万华化学
2024-02-29,2024-02-26,sh.600332,白云山
2024-02-29,2024-02-26,sh.600346,恒力石化
2024-02-29,2024-02-26,sh.600362,江西铜业
2024-02-29,2024-02-26,sh.600372,中航机载
2024-02-29,2024-02-26,sh.600406,国电南瑞
2024-02-29,2024-02-26,sh.600426,华鲁恒升
2024-02-29,2024-02-26,sh.600436,片仔癀
2024-02-29,2024-02-26,sh.600438,通威股份
2024-02-29,2024-02-26,sh.600460,士兰微
2024-02-29,2024-02-26,sh.600489,中金黄金
2024-02-29,2024-02-26,sh.600515,海南机场
2024-02-29,2024-02-26,sh.600519,贵州茅台
2024-02-29,2024-02-26,sh.600547,山东黄金
2024-02-29,2024-02-26,sh.600570,恒生电子
2024-02-29,2024-02-26,sh.600584,长电科技
2024-02-29,2024-02-26,sh.600585,海螺水泥
2024-02-29,2024-02-26,sh.600588,用友网络
2024-02-29,2024-02-26,sh.600600,青岛啤酒
2024-02-29,2024-02-26,sh.600606,绿地控股
2024-02-29,2024-02-26,sh.600660,福耀玻璃
2024-02-29,2024-02-26,sh.600674,川投能源
2024-02-29,2024-02-26,sh.600690,海尔智家
2024-02-29,2024-02-26,sh.600732,爱旭股份
2024-02-29,2024-02-26,sh.600741,华域汽车
2024-02-29,2024-02-26,sh.600745,闻泰科技
2024-02-29,2024-02-26,sh.600754,锦江酒店
2024-02-29,2024-02-26,sh.600760,中航沈飞
2024-02-29,2024-02-26,sh.600795,国电电力
2024-02-29,2024-02-26,sh.600803,新奥股份
2024-02-29,2024-02-26,sh.600809,山西汾酒
2024-02-29,2024-02-26,sh.600837,海通证券
2024-02-29,2024-02-26,sh.600845,宝信软件
2024-02-29,2024-02-26,sh.600875,东方电气
2024-02-29,2024-02-26,sh.600886,国投电力
2024-02-29,2024-02-26,sh.600887,伊利股份
2024-02-29,2024-02-26,sh.600893,航发动力
2024-02-29,2024-02-26,sh.600900,长江电力
2024-02-29,2024-02-26,sh.600905,三峡能源
2024-02-29,2024-02-26,sh.600918,中泰证券
2024-02-29,2024-02-26,sh.600919,江苏银行
2024-02-29,2024-02-26,sh.600926,杭州银行
2024-02-29,2024-02-26,sh.600938,中国海油
2024-02-29,2024-02-26,sh.600941,中国移动
2024-02-29,2024-02-26,sh.600958,东方证券
2024-02-29,2024-02-26,sh.600989,宝丰能源
2024-02-29,2024-02-26,sh.600999,招商证券
2024-02-29,2024-02-26,sh.601006,大秦铁路
2024-02-29,2024-02-26,sh.601009,南京银行
2024-02-29,2024-02-26,sh.601012,隆基绿能
2024-02-29,2024-02-26,sh.601021,春秋航空
2024-02-29,2024-02-26,sh.601059,信达证券
2024-02-29,2024-02-26,sh.601066,中信建投
2024-02-29,2024-02-26,sh.601088,中国神华
2024-02-29,2024-02-26,sh.601100,恒立液压
2024-02-29,2024-02-26,sh.601111,中国国航
2024-02-29,2024-02-26,sh.601117,中国化学
2024-02-29,2024-02-26,sh.601138,工业富联
2024-02-29,2024-02-26,sh.601155,新城控股
2024-02-29,2024-02-26,sh.601166,兴业银行
2024-02-29,2024-02-26,sh.601169,北京银行
2024-02-29,2024-02-26,sh.601186,中国铁建
2024-02-29,2024-02-26,sh.601211,国泰君安
2024-02-29,2024-02-26,sh.601225,陕西煤业
2024-02-29,2024-02-26,sh.601229,上海银行
2024-02-29,2024-02-26,sh.601236,红塔证券
2024-02-29,2024-02-26,sh.601238,广汽集团
2024-02-29,2024-02-26,sh.601288,农业银行
2024-02-29,2024-02-26,sh.601318,中国平安
2024-02-29,2024-02-26,sh.601319,中国人保
2024-02-29,2024-02-26,sh.601328,交通银行
2024-02-29,2024-02-26,sh.601336,新华保险
2024-02-29,2024-02-26,sh.601360,三六零
2024-02-29,2024-02-26,sh.601377,兴业证券
2024-02-29,2024-02-26,sh.601390,中国中铁
2024-02-29,2024-02-26,sh.601398,工商银行
2024-02-29,2024-02-26,sh.601600,中国铝业
2024-02-29,2024-02-26,sh.601601,中国太保
2024-02-29,2024-02-26,sh.601607,上海医药
2024-02-29,2024-02-26,sh.601615,明阳智能
2024-02-29,2024-02-26,sh.601618,中国中冶
2024-02-29,2024-02-26,sh.601628,中国人寿
2024-02-29,2024-02-26,sh.601633,长城汽车
2024-02-29,2024-02-26,sh.601658,邮储银行
2024-02-29,2024-02-26,sh.601668,中国建筑
2024-02-29,2024-02-26,sh.601669,中国电建
2024-02-29,2024-02-26,sh.601688,华泰证券
2024-02-29,2024-02-26,sh.601689,拓普集团
2024-02-29,2024-02-26,sh.601698,中国卫通
2024-02-29,2024-02-26,sh.601699,潞安环能
2024-02-29,2024-02-26,sh.601728,中国电信
2024-02-29,2024-02-26,sh.601766,中国中车
2024-02-29,2024-02-26,sh.601788,光大证券
2024-02-29,2024-02-26,sh.601799,星宇股份
2024-02-29,2024-02-26,sh.601800,中国交建
2024-02-29,2024-02-26,sh.601808,中海油服
2024-02-29,2024-02-26,sh.601816,京沪高铁
2024-02-29,2024-02-26,sh.601818,光大银行
2024-02-29,2024-02-26,sh.601838,成都银行
2024-02-29,2024-02-26,sh.601857,中国石油
2024-02-29,2024-02-26,sh.601865,福莱特
2024-02-29,2024-02-26,sh.601868,中国能建
2024-02-29,2024-02-26,sh.601872,招商轮船
2024-02-29,2024-02-26,sh.601877,正泰电器
2024-02-29,2024-02-26,sh.601878,浙商证券
2024-02-29,2024-02-26,sh.601881,中国银河
2024-02-29,2024-02-26,sh.601888,中国中免
2024-02-29,2024-02-26,sh.601898,中煤能源
2024-02-29,2024-02-26,sh.601899,紫金矿业
2024-02-29,2024-02-26,sh.601901,方正证券
2024-02-29,2024-02-26,sh.601916,浙商银行
2024-02-29,2024-02-26,sh.601919,中远海控
2024-02-29,2024-02-26,sh.601939,建设银行
2024-02-29,2024-02-26,sh.601985,中国核电
2024-02-29,2024-02-26,sh.601988,中国银行
2024-02-29,2024-02-26,sh.601989,中国重工
2024-02-29,2024-02-26,sh.601995,中金公司
2024-02-29,2024-02-26,sh.601998,中信银行
2024-02-29,2024-02-26,sh.603019,中科曙光
2024-02-29,2024-02-26,sh.603195,公牛集团
2024-02-29,2024-02-26,sh.603259,药明康德
2024-02-29,2024-02-26,sh.603260,合盛硅业
2024-02-29,2024-02-26,sh.603288,海天味业
2024-02-29,2024-02-26,sh.603290,斯达半导
2024-02-29,2024-02-26,sh.603369,今世缘
2024-02-29,2024-02-26,sh.603392,万泰生物
2024-02-29,2024-02-26,sh.603486,科沃斯
2024-02-29,2024-02-26,sh.603501,韦尔股份
2024-02-29,2024-02-26,sh.603659,璞泰来
2024-02-29,2024-02-26,sh.603799,华友钴业
2024-02-29,2024-02-26,sh.603806,福斯特
2024-02-29,2024-02-26,sh.603833,欧派家居
2024-02-29,2024-02-26,sh.603899,晨光股份
2024-02-29,2024-02-26,sh.603986,兆易创新
2024-02-29,2024-02-26,sh.603993,洛阳钼业
2024-02-29,2024-02-26,sh.605117,德业股份
2024-02-29,2024-02-26,sh.605499,东鹏饮料
2024-02-29,2024-02-26,sh.688008,澜起科技
2024-02-29,2024-02-26,sh.688012,中微公司
2024-02-29,2024-02-26,sh.688036,传音控股
2024-02-29,2024-02-26,sh.688041,海光信息
2024-02-29,2024-02-26,sh.688065,凯赛生物
2024-02-29,2024-02-26,sh.688111,金山办公
2024-02-29,2024-02-26,sh.688126,沪硅产业
2024-02-29,2024-02-26,sh.688187,时代电气
2024-02-29,2024-02-26,sh.688223,晶科能源
2024-02-29,2024-02-26,sh.688256,寒武纪
2024-02-29,2024-02-26,sh.688271,联影医疗
2024-02-29,2024-02-26,sh.688303,大全能源
2024-02-29,2024-02-26,sh.688363,华熙生物
2024-02-29,2024-02-26,sh.688396,华润微
2024-02-29,2024-02-26,sh.688561,奇安信
2024-02-29,2024-02-26,sh.688599,天合光能
2024-02-29,2024-02-26,sh.688981,中芯国际
2024-02-29,2024-02-26,sz.000001,平安银行
2024-02-29,2024-02-26,sz.000002,万科A
2024-02-29,2024-02-26,sz.000063,中兴通讯
2024-02-29,2024-02-26,sz.000069,华侨城A
2024-02-29,2024-02-26,sz.000100,TCL科技
2024-02-29,2024-02-26,sz.000157,中联重科
2024-02-29,2024-02-26,sz.000166,申万宏源
2024-02-29,2024-02-26,sz.000301,东方盛虹
2024-02-29,2024-02-26,sz.000333,美的集团
2024-02-29,2024-02-26,sz.000338,潍柴动力
2024-02-29,2024-02-26,sz.000408,藏格矿业
2024-02-29,2024-02-26,sz.000425,徐工机械
2024-02-29,2024-02-26,sz.000538,云南白药
2024-02-29,2024-02-26,sz.000568,泸州老窖
2024-02-29,2024-02-26,sz.000596,古井贡酒
2024-02-29,2024-02-26,sz.000617,中油资本
2024-02-29,2024-02-26,sz.000625,长安汽车
2024-02-29,2024-02-26,sz.000651,格力电器
2024-02-29,2024-02-26,sz.000661,长春高新
2024-02-29,2024-02-26,sz.000708,中信特钢
2024-02-29,2024-02-26,sz.000725,京东方A
2024-02-29,2024-02-26,sz.000733,振华科技
2024-02-29,2024-02-26,sz.000768,中航西飞
2024-02-29,2024-02-26,sz.000776,广发证券
2024-02-29,2024-02-26,sz.000786,北新建材
2024-02-29,2024-02-26,sz.000792,盐湖股份
2024-02-29,2024-02-26,sz.000800,一汽解放
2024-02-29,2024-02-26,sz.000858,五粮液
2024-02-29,2024-02-26,sz.000876,新希望
2024-02-29,2024-02-26,sz.000877,天山股份
2024-02-29,2024-02-26,sz.000895,双汇发展
2024-02-29,2024-02-26,sz.000938,紫光股份
2024-02-29,2024-02-26,sz.000963,华东医药
2024-02-29,2024-02-26,sz.000977,浪潮信息
2024-02-29,2024-02-26,sz.000983,山西焦煤
2024-02-29,2024-02-26,sz.000999,华润三九
2024-02-29,2024-02-26,sz.001289,龙源电力
2024-02-29,2024-02-26,sz.001979,招商蛇口
2024-02-29,2024-02-26,sz.002001,新和成
2024-02-29,2024-02-26,sz.002007,华兰生物
2024-02-29,2024-02-26,sz.002027,分众传媒
2024-02-29,2024-02-26,sz.002049,紫光国微
2024-02-29,2024-02-26,sz.002050,三花智控
2024-02-29,2024-02-26,sz.002074,国轩高科
2024-02-29,2024-02-26,sz.002129,TCL中环
2024-02-29,2024-02-26,sz.002142,宁波银行
2024-02-29,2024-02-26,sz.002179,中航光电
2024-02-29,2024-02-26,sz.002180,纳思达
2024-02-29,2024-02-26,sz.002202,金风科技
2024-02-29,2024-02-26,sz.002230,科大讯飞
2024-02-29,2024-02-26,sz.002236,大华股份
2024-02-29,2024-02-26,sz.002241,歌尔股份
2024-02-29,2024-02-26,sz.002252,上海莱士
2024-02-29,2024-02-26,sz.002271,东方雨虹
2024-02-29,2024-02-26,sz.002304,洋河股份
2024-02-29,2024-02-26,sz.002311,海大集团
2024-02-29,2024-02-26,sz.002352,顺丰控股
2024-02-29,2024-02-26,sz.002371,北方华创
2024-02-29,2024-02-26,sz.002410,广联达
2024-02-29,2024-02-26,sz.002415,海康威视
2024-02-29,2024-02-26,sz.002459,晶澳科技
2024-02-29,2024-02-26,sz.002460,赣锋锂业
2024-02-29,2024-02-26,sz.002466,天齐锂业
2024-02-29,2024-02-26,sz.002475,立讯精密
2024-02-29,2024-02-26,sz.002493,荣盛石化
2024-02-29,2024-02-26,sz.002555,三七互娱
2024-02-29,2024-02-26,sz.002594,比亚迪
2024-02-29,2024-02-26,sz.002601,龙佰集团
2024-02-29,2024-02-26,sz.002603,以岭药业
2024-02-29,2024-02-26,sz.002648,卫星化学
2024-02-29,2024-02-26,sz.002709,天赐材料
2024-02-29,2024-02-26,sz.002714,牧原股份
2024-02-29,2024-02-26,sz.002736,国信证券
2024-02-29,2024-02-26,sz.002812,恩捷股份
2024-02-29,2024-02-26,sz.002821,凯莱英
2024-02-29,2024-02-26,sz.002841,视源股份
2024-02-29,2024-02-26,sz.002916,深南电路
2024-02-29,2024-02-26,sz.002920,德赛西威
2024-02-29,2024-02-26,sz.002938,鹏鼎控股
2024-02-29,2024-02-26,sz.003816,中国广核
2024-02-29,2024-02-26,sz.300014,亿纬锂能
2024-02-29,2024-02-26,sz.300015,爱尔眼科
2024-02-29,2024-02-26,sz.300033,同花顺
2024-02-29,2024-02-26,sz.300059,东方财富
2024-02-29,2024-02-26,sz.300122,智飞生物
2024-02-29,2024-02-26,sz.300124,汇川技术
2024-02-29,2024-02-26,sz.300142,沃森生物
2024-02-29,2024-02-26,sz.300223,北京君正
2024-02-29,2024-02-26,sz.300274,阳光电源
2024-02-29,2024-02-26,sz.300308,中际旭创
2024-02-29,2024-02-26,sz.300316,晶盛机电
2024-02-29,2024-02-26,sz.300347,泰格医药
2024-02-29,2024-02-26,sz.300408,三环集团
2024-02-29,2024-02-26,sz.300413,芒果超媒
2024-02-29,2024-02-26,sz.300433,蓝思科技
2024-02-29,2024-02-26,sz.300450,先导智能
2024-02-29,2024-02-26,sz.300454,深信服
2024-02-29,2024-02-26,sz.300496,中科创达
2024-02-29,2024-02-26,sz.300498,温氏股份
2024-02-29,2024-02-26,sz.300628,亿联网络
2024-02-29,2024-02-26,sz.300661,圣邦股份
2024-02-29,2024-02-26,sz.300750,宁德时代
2024-02-29,2024-02-26,sz.300751,迈为股份
2024-02-29,2024-02-26,sz.300759,康龙化成
2024-02-29,2024-02-26,sz.300760,迈瑞医疗
2024-02-29,2024-02-26,sz.300763,锦浪科技
2024-02-29,2024-02-26,sz.300782,卓胜微
2024-02-29,2024-02-26,sz.300896,爱美客
2024-02-29,2024-02-26,sz.300919,中伟股份
2024-02-29,2024-02-26,sz.300957,贝泰妮
2024-02-29,2024-02-26,sz.300979,华利集团
2024-02-29,2024-02-26,sz.300999,金龙鱼
2024-02-29,2024-02-26,sz.301269,华大九天
2024-03-31,2024-03-25,sh.600000,浦发银行
2024-03-31,2024-03-25,sh.600009,上海机场
2024-03-31,2024-03-25,sh.600010,包钢股份
2024-03-31,2024-03-25,sh.600011,华能国际
2024-03-31,2024-03-25,sh.600015,华夏银行
2024-03-31,2024-03-25,sh.600016,民生银行
2024-03-31,2024-03-25,sh.600018,上港集团
2024-03-31,2024-03-25,sh.600019,宝钢股份
2024-03-31,2024-03-25,sh.600023,浙能电力
2024-03-31,2024-03-25,sh.600025,华能水电
2024-03-31,2024-03-25,sh.600028,中国石化
2024-03-31,2024-03-25,sh.600029,南方航空
2024-03-31,2024-03-25,sh.600030,中信证券
2024-03-31,2024-03-25,sh.600031,三一重工
2024-03-31,2024-03-25,sh.600036,招商银行
2024-03-31,2024-03-25,sh.600039,四川路桥
2024-03-31,2024-03-25,sh.600048,保利发展
2024-03-31,2024-03-25,sh.600050,中国联通
2024-03-31,2024-03-25,sh.600061,国投资本
2024-03-31,2024-03-25,sh.600085,同仁堂
2024-03-31,2024-03-25,sh.600089,特变电工
2024-03-31,2024-03-25,sh.600104,上汽集团
2024-03-31,2024-03-25,sh.600111,北方稀土
2024-03-31,2024-03-25,sh.600115,中国东航
2024-03-31,2024-03-25,sh.600132,重庆啤酒
2024-03-31,2024-03-25,sh.600150,中国船舶
2024-03-31,2024-03-25,sh.600176,中国巨石
2024-03-31,2024-03-25,sh.600183,生益科技
2024-03-31,2024-03-25,sh.600188,兖矿能源
2024-03-31,2024-03-25,sh.600196,复星医药
2024-03-31,2024-03-25,sh.600219,南山铝业
2024-03-31,2024-03-25,sh.600233,圆通速递
2024-03-31,2024-03-25,sh.600276,恒瑞医药
2024-03-31,2024-03-25,sh.600309,万华化学
2024-03-31,2024-03-25,sh.600332,白云山
2024-03-31,2024-03-25,sh.600346,恒力石化
2024-03-31,2024-03-25,sh.600362,江西铜业
2024-03-31,2024-03-25,sh.600372,中航机载
2024-03-31,2024-03-25,sh.600406,国电南瑞
2024-03-31,2024-03-25,sh.600426,华鲁恒升
2024-03-31,2024-03-25,sh.600436,片仔癀
2024-03-31,2024-03-25,sh.600438,通威股份
2024-03-31,2024-03-25,sh.600460,士兰微
2024-03-31,2024-03-25,sh.600489,中金黄金
2024-03-31,2024-03-25,sh.600515,海南机场
2024-03-31,2024-03-25,sh.600519,贵州茅台
2024-03-31,2024-03-25,sh.600547,山东黄金
2024-03-31,2024-03-25,sh.600570,恒生电子
2024-03-31,2024-03-25,sh.600584,长电科技
2024-03-31,2024-03-25,sh.600585,海螺水泥
2024-03-31,2024-03-25,sh.600588,用友网络
2024-03-31,2024-03-25,sh.600600,青岛啤酒
2024-03-31,2024-03-25,sh.600606,绿地控股
2024-03-31,2024-03-25,sh.600660,福耀玻璃
2024-03-31,2024-03-25,sh.600674,川投能源
2024-03-31,2024-03-25,sh.600690,海尔智家
2024-03-31,2024-03-25,sh.600732,爱旭股份
2024-03-31,2024-03-25,sh.600741,华域汽车
2024-03-31,2024-03-25,sh.600745,闻泰科技
2024-03-31,2024-03-25,sh.600754,锦江酒店
2024-03-31,2024-03-25,sh.600760,中航沈飞
2024-03-31,2024-03-25,sh.600795,国电电力
2024-03-31,2024-03-25,sh.600803,新奥股份
2024-03-31,2024-03-25,sh.600809,山西汾酒
2024-03-31,2024-03-25,sh.600837,海通证券
2024-03-31,2024-03-25,sh.600845,宝信软件
2024-03-31,2024-03-25,sh.600875,东方电气
2024-03-31,2024-03-25,sh.600886,国投电力
2024-03-31,2024-03-25,sh.600887,伊利股份
2024-03-31,2024-03-25,sh.600893,航发动力
2024-03-31,2024-03-25,sh.600900,长江电力
2024-03-31,2024-03-25,sh.600905,三峡能源
2024-03-31,2024-03-25,sh.600918,中泰证券
2024-03-31,2024-03-25,sh.600919,江苏银行
2024-03-31,2024-03-25,sh.600926,杭州银行
2024-03-31,2024-03-25,sh.600938,中国海油
2024-03-31,2024-03-25,sh.600941,中国移动
2024-03-31,2024-03-25,sh.600958,东方证券
2024-03-31,2024-03-25,sh.600989,宝丰能源
2024-03-31,2024-03-25,sh.600999,招商证券
2024-03-31,2024-03-25,sh.601006,大秦铁路
2024-03-31,2024-03-25,sh.601009,南京银行
2024-03-31,2024-03-25,sh.601012,隆基绿能
2024-03-31,2024-03-25,sh.601021,春秋航空
2024-03-31,2024-03-25,sh.601059,信达证券
2024-03-31,2024-03-25,sh.601066,中信建投
2024-03-31,2024-03-25,sh.601088,中国神华
2024-03-31,2024-03-25,sh.601100,恒立液压
2024-03-31,2024-03-25,sh.601111,中国国航
2024-03-31,2024-03-25,sh.601117,中国化学
2024-03-31,2024-03-25,sh.601138,工业富联
2024-03-31,2024-03-25,sh.601155,新城控股
2024-03-31,2024-03-25,sh.601166,兴业银行
2024-03-31,2024-03-25,sh.601169,北京银行
2024-03-31,2024-03-25,sh.601186,中国铁建
2024-03-31,2024-03-25,sh.601211,国泰君安
2024-03-31,2024-03-25,sh.601225,陕西煤业
2024-03-31,2024-03-25,sh.601229,上海银行
2024-03-31,2024-03-25,sh.601236,红塔证券
2024-03-31,2024-03-25,sh.601238,广汽集团
2024-03-31,2024-03-25,sh.601288,农业银行
2024-03-31,2024-03-25,sh.601318,中国平安
2024-03-31,2024-03-25,sh.601319,中国人保
2024-03-31,2024-03-25,sh.601328,交通银行
2024-03-31,2024-03-25,sh.601336,新华保险
2024-03-31,2024-03-25,sh.601360,三六零
2024-03-31,2024-03-25,sh.601377,兴业证券
2024-03-31,2024-03-25,sh.601390,中国中铁
2024-03-31,2024-03-25,sh.601398,工商银行
2024-03-31,2024-03-25,sh.601600,中国铝业
2024-03-31,2024-03-25,sh.601601,中国太保
2024-03-31,2024-03-25,sh.601607,上海医药
2024-03-31,2024-03-25,sh.601615,明阳智能
2024-03-31,2024-03-25,sh.601618,中国中冶
2024-03-31,2024-03-25,sh.601628,中国人寿
2024-03-31,2024-03-25,sh.601633,长城汽车
2024-03-31,2024-03-25,sh.601658,邮储银行
2024-03-31,2024-03-25,sh.601668,中国建筑
2024-03-31,2024-03-25,sh.601669,中国电建
2024-03-31,2024-03-25,sh.601688,华泰证券
2024-03-31,2024-03-25,sh.601689,拓普集团
2024-03-31,2024-03-25,sh.601698,中国卫通
2024-03-31,2024-03-25,sh.601699,潞安环能
2024-03-31,2024-03-25,sh.601728,中国电信
2024-03-31,2024-03-25,sh.601766,中国中车
2024-03-31,2024-03-25,sh.601788,光大证券
2024-03-31,2024-03-25,sh.601799,星宇股份
2024-03-31,2024-03-25,sh.601800,中国交建
2024-03-31,2024-03-25,sh.601808,中海油服
2024-03-31,2024-03-25,sh.601816,京沪高铁
2024-03-31,2024-03-25,sh.601818,光大银行
2024-03-31,2024-03-25,sh.601838,成都银行
2024-03-31,2024-03-25,sh.601857,中国石油
2024-03-31,2024-03-25,sh.601865,福莱特
2024-03-31,2024-03-25,sh.601868,中国能建
2024-03-31,2024-03-25,sh.601872,招商轮船
2024-03-31,2024-03-25,sh.601877,正泰电器
2024-03-31,2024-03-25,sh.601878,浙商证券
2024-03-31,2024-03-25,sh.601881,中国银河
2024-03-31,2024-03-25,sh.601888,中国中免
2024-03-31,2024-03-25,sh.601898,中煤能源
2024-03-31,2024-03-25,sh.601899,紫金矿业
2024-03-31,2024-03-25,sh.601901,方正证券
2024-03-31,2024-03-25,sh.601916,浙商银行
2024-03-31,2024-03-25,sh.601919,中远海控
2024-03-31,2024-03-25,sh.601939,建设银行
2024-03-31,2024-03-25,sh.601985,中国核电
2024-03-31,2024-03-25,sh.601988,中国银行
2024-03-31,2024-03-25,sh.601989,中国重工
2024-03-31,2024-03-25,sh.601995,中金公司
2024-03-31,2024-03-25,sh.601998,中信银行
2024-03-31,2024-03-25,sh.603019,中科曙光
2024-03-31,2024-03-25,sh.603195,公牛集团
2024-03-31,2024-03-25,sh.603259,药明康德
2024-03-31,2024-03-25,sh.603260,合盛硅业
2024-03-31,2024-03-25,sh.603288,海天味业
2024-03-31,2024-03-25,sh.603290,斯达半导
2024-03-31,2024-03-25,sh.603369,今世缘
2024-03-31,2024-03-25,sh.603392,万泰生物
2024-03-31,2024-03-25,sh.603486,科沃斯
2024-03-31,2024-03-25,sh.603501,韦尔股份
2024-03-31,2024-03-25,sh.603659,璞泰来
2024-03-31,2024-03-25,sh.603799,华友钴业
2024-03-31,2024-03-25,sh.603806,福斯特
2024-03-31,2024-03-25,sh.603833,欧派家居
2024-03-31,2024-03-25,sh.603899,晨光股份
2024-03-31,2024-03-25,sh.603986,兆易创新
2024-03-31,2024-03-25,sh.603993,洛阳钼业
2024-03-31,2024-03-25,sh.605117,德业股份
2024-03-31,2024-03-25,sh.605499,东鹏饮料
2024-03-31,2024-03-25,sh.688008,澜起科技
2024-03-31,2024-03-25,sh.688012,中微公司
2024-03-31,2024-03-25,sh.688036,传音控股
2024-03-31,2024-03-25,sh.688041,海光信息
2024-03-31,2024-03-25,sh.688065,凯赛生物
2024-03-31,2024-03-25,sh.688111,金山办公
2024-03-31,2024-03-25,sh.688126,沪硅产业
2024-03-31,2024-03-25,sh.688187,时代电气
2024-03-31,2024-03-25,sh.688223,晶科能源
2024-03-31,2024-03-25,sh.688256,寒武纪
2024-03-31,2024-03-25,sh.688271,联影医疗
2024-03-31,2024-03-25,sh.688303,大全能源
2024-03-31,2024-03-25,sh.688363,华熙生物
2024-03-31,2024-03-25,sh.688396,华润微
2024-03-31,2024-03-25,sh.688561,奇安信
2024-03-31,2024-03-25,sh.688599,天合光能
2024-03-31,2024-03-25,sh.688981,中芯国际
2024-03-31,2024-03-25,sz.000001,平安银行
2024-03-31,2024-03-25,sz.000002,万科A
2024-03-31,2024-03-25,sz.000063,中兴通讯
2024-03-31,2024-03-25,sz.000069,华侨城A
2024-03-31,2024-03-25,sz.000100,TCL科技
2024-03-31,2024-03-25,sz.000157,中联重科
2024-03-31,2024-03-25,sz.000166,申万宏源
2024-03-31,2024-03-25,sz.000301,东方盛虹
2024-03-31,2024-03-25,sz.000333,美的集团
2024-03-31,2024-03-25,sz.000338,潍柴动力
2024-03-31,2024-03-25,sz.000408,藏格矿业
2024-03-31,2024-03-25,sz.000425,徐工机械
2024-03-31,2024-03-25,sz.000538,云南白药
2024-03-31,2024-03-25,sz.000568,泸州老窖
2024-03-31,2024-03-25,sz.000596,古井贡酒
2024-03-31,2024-03-25,sz.000617,中油资本
2024-03-31,2024-03-25,sz.000625,长安汽车
2024-03-31,2024-03-25,sz.000651,格力电器
2024-03-31,2024-03-25,sz.000661,长春高新
2024-03-31,2024-03-25,sz.000708,中信特钢
2024-03-31,2024-03-25,sz.000725,京东方A
2024-03-31,2024-03-25,sz.000733,振华科技
2024-03-31,2024-03-25,sz.000768,中航西飞
2024-03-31,2024-03-25,sz.000776,广发证券
2024-03-31,2024-03-25,sz.000786,北新建材
2024-03-31,2024-03-25,sz.000792,盐湖股份
2024-03-31,2024-03-25,sz.000800,一汽解放
2024-03-31,2024-03-25,sz.000858,五粮液
2024-03-31,2024-03-25,sz.000876,新希望
2024-03-31,2024-03-25,sz.000877,天山股份
2024-03-31,2024-03-25,sz.000895,双汇发展
2024-03-31,2024-03-25,sz.000938,紫光股份
2024-03-31,2024-03-25,sz.000963,华东医药
2024-03-31,2024-03-25,sz.000977,浪潮信息
2024-03-31,2024-03-25,sz.000983,山西焦煤
2024-03-31,2024-03-25,sz.000999,华润三九
2024-03-31,2024-03-25,sz.001289,龙源电力
2024-03-31,2024-03-25,sz.001979,招商蛇口
2024-03-31,2024-03-25,sz.002001,新和成
2024-03-31,2024-03-25,sz.002007,华兰生物
2024-03-31,2024-03-25,sz.002027,分众传媒
2024-03-31,2024-03-25,sz.002049,紫光国微
2024-03-31,2024-03-25,sz.002050,三花智控
2024-03-31,2024-03-25,sz.002074,国轩高科
2024-03-31,2024-03-25,sz.002129,TCL中环
2024-03-31,2024-03-25,sz.002142,宁波银行
2024-03-31,2024-03-25,sz.002179,中航光电
2024-03-31,2024-03-25,sz.002180,纳思达
2024-03-31,2024-03-25,sz.002202,金风科技
2024-03-31,2024-03-25,sz.002230,科大讯飞
2024-03-31,2024-03-25,sz.002236,大华股份
2024-03-31,2024-03-25,sz.002241,歌尔股份
2024-03-31,2024-03-25,sz.002252,上海莱士
2024-03-31,2024-03-25,sz.002271,东方雨虹
2024-03-31,2024-03-25,sz.002304,洋河股份
2024-03-31,2024-03-25,sz.002311,海大集团
2024-03-31,2024-03-25,sz.002352,顺丰控股
2024-03-31,2024-03-25,sz.002371,北方华创
2024-03-31,2024-03-25,sz.002410,广联达
2024-03-31,2024-03-25,sz.002415,海康威视
2024-03-31,2024-03-25,sz.002459,晶澳科技
2024-03-31,2024-03-25,sz.002460,赣锋锂业
2024-03-31,2024-03-25,sz.002466,天齐锂业
2024-03-31,2024-03-25,sz.002475,立讯精密
2024-03-31,2024-03-25,sz.002493,荣盛石化
2024-03-31,2024-03-25,sz.002555,三七互娱
2024-03-31,2024-03-25,sz.002594,比亚迪
2024-03-31,2024-03-25,sz.002601,龙佰集团
2024-03-31,2024-03-25,sz.002603,以岭药业
2024-03-31,2024-03-25,sz.002648,卫星化学
2024-03-31,2024-03-25,sz.002709,天赐材料
2024-03-31,2024-03-25,sz.002714,牧原股份
2024-03-31,2024-03-25,sz.002736,国信证券
2024-03-31,2024-03-25,sz.002812,恩捷股份
2024-03-31,2024-03-25,sz.002821,凯莱英
2024-03-31,2024-03-25,sz.002841,视源股份
2024-03-31,2024-03-25,sz.002916,深南电路
2024-03-31,2024-03-25,sz.002920,德赛西威
2024-03-31,2024-03-25,sz.002938,鹏鼎控股
2024-03-31,2024-03-25,sz.003816,中国广核
2024-03-31,2024-03-25,sz.300014,亿纬锂能
2024-03-31,2024-03-25,sz.300015,爱尔眼科
2024-03-31,2024-03-25,sz.300033,同花顺
2024-03-31,2024-03-25,sz.300059,东方财富
2024-03-31,2024-03-25,sz.300122,智飞生物
2024-03-31,2024-03-25,sz.300124,汇川技术
2024-03-31,2024-03-25,sz.300142,沃森生物
2024-03-31,2024-03-25,sz.300223,北京君正
2024-03-31,2024-03-25,sz.300274,阳光电源
2024-03-31,2024-03-25,sz.300308,中际旭创
2024-03-31,2024-03-25,sz.300316,晶盛机电
2024-03-31,2024-03-25,sz.300347,泰格医药
2024-03-31,2024-03-25,sz.300408,三环集团
2024-03-31,2024-03-25,sz.300413,芒果超媒
2024-03-31,2024-03-25,sz.300433,蓝思科技
2024-03-31,2024-03-25,sz.300450,先导智能
2024-03-31,2024-03-25,sz.300454,深信服
2024-03-31,2024-03-25,sz.300496,中科创达
2024-03-31,2024-03-25,sz.300498,温氏股份
2024-03-31,2024-03-25,sz.300628,亿联网络
2024-03-31,2024-03-25,sz.300661,圣邦股份
2024-03-31,2024-03-25,sz.300750,宁德时代
2024-03-31,2024-03-25,sz.300751,迈为股份
2024-03-31,2024-03-25,sz.300759,康龙化成
2024-03-31,2024-03-25,sz.300760,迈瑞医疗
2024-03-31,2024-03-25,sz.300763,锦浪科技
2024-03-31,2024-03-25,sz.300782,卓胜微
2024-03-31,2024-03-25,sz.300896,爱美客
2024-03-31,2024-03-25,sz.300919,中伟股份
2024-03-31,2024-03-25,sz.300957,贝泰妮
2024-03-31,2024-03-25,sz.300979,华利集团
2024-03-31,2024-03-25,sz.300999,金龙鱼
2024-03-31,2024-03-25,sz.301269,华大九天
