instrument,snapshot_source_date,requested_date
sh.600000,2017-12-25,2017-12-31
sh.600008,2017-12-25,2017-12-31
sh.600009,2017-12-25,2017-12-31
sh.600010,2017-12-25,2017-12-31
sh.600011,2017-12-25,2017-12-31
sh.600015,2017-12-25,2017-12-31
sh.600016,2017-12-25,2017-12-31
sh.600018,2017-12-25,2017-12-31
sh.600019,2017-12-25,2017-12-31
sh.600021,2017-12-25,2017-12-31
sh.600023,2017-12-25,2017-12-31
sh.600028,2017-12-25,2017-12-31
sh.600029,2017-12-25,2017-12-31
sh.600030,2017-12-25,2017-12-31
sh.600031,2017-12-25,2017-12-31
sh.600036,2017-12-25,2017-12-31
sh.600038,2017-12-25,2017-12-31
sh.600048,2017-12-25,2017-12-31
sh.600050,2017-12-25,2017-12-31
sh.600061,2017-12-25,2017-12-31
sh.600066,2017-12-25,2017-12-31
sh.600068,2017-12-25,2017-12-31
sh.600074,2017-12-25,2017-12-31
sh.600085,2017-12-25,2017-12-31
sh.600089,2017-12-25,2017-12-31
sh.600100,2017-12-25,2017-12-31
sh.600104,2017-12-25,2017-12-31
sh.600109,2017-12-25,2017-12-31
sh.600111,2017-12-25,2017-12-31
sh.600115,2017-12-25,2017-12-31
sh.600118,2017-12-25,2017-12-31
sh.600153,2017-12-25,2017-12-31
sh.600157,2017-12-25,2017-12-31
sh.600170,2017-12-25,2017-12-31
sh.600177,2017-12-25,2017-12-31
sh.600188,2017-12-25,2017-12-31
sh.600196,2017-12-25,2017-12-31
sh.600208,2017-12-25,2017-12-31
sh.600219,2017-12-25,2017-12-31
sh.600221,2017-12-25,2017-12-31
sh.600233,2017-12-25,2017-12-31
sh.600271,2017-12-25,2017-12-31
sh.600276,2017-12-25,2017-12-31
sh.600297,2017-12-25,2017-12-31
sh.600309,2017-12-25,2017-12-31
sh.600332,2017-12-25,2017-12-31
sh.600340,2017-12-25,2017-12-31
sh.600352,2017-12-25,2017-12-31
sh.600362,2017-12-25,2017-12-31
sh.600369,2017-12-25,2017-12-31
sh.600372,2017-12-25,2017-12-31
sh.600373,2017-12-25,2017-12-31
sh.600376,2017-12-25,2017-12-31
sh.600383,2017-12-25,2017-12-31
sh.600390,2017-12-25,2017-12-31
sh.600406,2017-12-25,2017-12-31
sh.600415,2017-12-25,2017-12-31
sh.600436,2017-12-25,2017-12-31
sh.600482,2017-12-25,2017-12-31
sh.600485,2017-12-25,2017-12-31
sh.600489,2017-12-25,2017-12-31
sh.600498,2017-12-25,2017-12-31
sh.600518,2017-12-25,2017-12-31
sh.600519,2017-12-25,2017-12-31
sh.600522,2017-12-25,2017-12-31
sh.600535,2017-12-25,2017-12-31
sh.600547,2017-12-25,2017-12-31
sh.600549,2017-12-25,2017-12-31
sh.600570,2017-12-25,2017-12-31
sh.600583,2017-12-25,2017-12-31
sh.600585,2017-12-25,2017-12-31
sh.600588,2017-12-25,2017-12-31
sh.600606,2017-12-25,2017-12-31
sh.600637,2017-12-25,2017-12-31
sh.600649,2017-12-25,2017-12-31
sh.600660,2017-12-25,2017-12-31
sh.600663,2017-12-25,2017-12-31
sh.600674,2017-12-25,2017-12-31
sh.600682,2017-12-25,2017-12-31
sh.600685,2017-12-25,2017-12-31
sh.600688,2017-12-25,2017-12-31
sh.600690,2017-12-25,2017-12-31
sh.600703,2017-12-25,2017-12-31
sh.600704,2017-12-25,2017-12-31
sh.600705,2017-12-25,2017-12-31
sh.600739,2017-12-25,2017-12-31
sh.600741,2017-12-25,2017-12-31
sh.600795,2017-12-25,2017-12-31
sh.600804,2017-12-25,2017-12-31
sh.600816,2017-12-25,2017-12-31
sh.600820,2017-12-25,2017-12-31
sh.600827,2017-12-25,2017-12-31
sh.600837,2017-12-25,2017-12-31
sh.600871,2017-12-25,2017-12-31
sh.600886,2017-12-25,2017-12-31
sh.600887,2017-12-25,2017-12-31
sh.600893,2017-12-25,2017-12-31
sh.600895,2017-12-25,2017-12-31
sh.600900,2017-12-25,2017-12-31
sh.600909,2017-12-25,2017-12-31
sh.600919,2017-12-25,2017-12-31
sh.600926,2017-12-25,2017-12-31
sh.600958,2017-12-25,2017-12-31
sh.600959,2017-12-25,2017-12-31
sh.600977,2017-12-25,2017-12-31
sh.600999,2017-12-25,2017-12-31
sh.601006,2017-12-25,2017-12-31
sh.601009,2017-12-25,2017-12-31
sh.601012,2017-12-25,2017-12-31
sh.601018,2017-12-25,2017-12-31
sh.601021,2017-12-25,2017-12-31
sh.601088,2017-12-25,2017-12-31
sh.601099,2017-12-25,2017-12-31
sh.601111,2017-12-25,2017-12-31
sh.601117,2017-12-25,2017-12-31
sh.601118,2017-12-25,2017-12-31
sh.601155,2017-12-25,2017-12-31
sh.601163,2017-12-25,2017-12-31
sh.601166,2017-12-25,2017-12-31
sh.601169,2017-12-25,2017-12-31
sh.601186,2017-12-25,2017-12-31
sh.601198,2017-12-25,2017-12-31
sh.601211,2017-12-25,2017-12-31
sh.601212,2017-12-25,2017-12-31
sh.601216,2017-12-25,2017-12-31
sh.601225,2017-12-25,2017-12-31
sh.601228,2017-12-25,2017-12-31
sh.601229,2017-12-25,2017-12-31
sh.601288,2017-12-25,2017-12-31
sh.601318,2017-12-25,2017-12-31
sh.601328,2017-12-25,2017-12-31
sh.601333,2017-12-25,2017-12-31
sh.601336,2017-12-25,2017-12-31
sh.601375,2017-12-25,2017-12-31
sh.601377,2017-12-25,2017-12-31
sh.601390,2017-12-25,2017-12-31
sh.601398,2017-12-25,2017-12-31
sh.601555,2017-12-25,2017-12-31
sh.601600,2017-12-25,2017-12-31
sh.601601,2017-12-25,2017-12-31
sh.601607,2017-12-25,2017-12-31
sh.601608,2017-12-25,2017-12-31
sh.601611,2017-12-25,2017-12-31
sh.601618,2017-12-25,2017-12-31
sh.601628,2017-12-25,2017-12-31
sh.601633,2017-12-25,2017-12-31
sh.601668,2017-12-25,2017-12-31
sh.601669,2017-12-25,2017-12-31
sh.601688,2017-12-25,2017-12-31
sh.601718,2017-12-25,2017-12-31
sh.601727,2017-12-25,2017-12-31
sh.601766,2017-12-25,2017-12-31
sh.601788,2017-12-25,2017-12-31
sh.601800,2017-12-25,2017-12-31
sh.601818,2017-12-25,2017-12-31
sh.601857,2017-12-25,2017-12-31
sh.601866,2017-12-25,2017-12-31
sh.601872,2017-12-25,2017-12-31
sh.601877,2017-12-25,2017-12-31
sh.601878,2017-12-25,2017-12-31
sh.601881,2017-12-25,2017-12-31
sh.601888,2017-12-25,2017-12-31
sh.601898,2017-12-25,2017-12-31
sh.601899,2017-12-25,2017-12-31
sh.601901,2017-12-25,2017-12-31
sh.601919,2017-12-25,2017-12-31
sh.601933,2017-12-25,2017-12-31
sh.601939,2017-12-25,2017-12-31
sh.601958,2017-12-25,2017-12-31
sh.601966,2017-12-25,2017-12-31
sh.601985,2017-12-25,2017-12-31
sh.601988,2017-12-25,2017-12-31
sh.601989,2017-12-25,2017-12-31
sh.601991,2017-12-25,2017-12-31
sh.601992,2017-12-25,2017-12-31
sh.601997,2017-12-25,2017-12-31
sh.601998,2017-12-25,2017-12-31
sh.603160,2017-12-25,2017-12-31
sh.603799,2017-12-25,2017-12-31
sh.603833,2017-12-25,2017-12-31
sh.603858,2017-12-25,2017-12-31
sh.603993,2017-12-25,2017-12-31
sz.000001,2017-12-25,2017-12-31
sz.000002,2017-12-25,2017-12-31
sz.000008,2017-12-25,2017-12-31
sz.000060,2017-12-25,2017-12-31
sz.000063,2017-12-25,2017-12-31
sz.000069,2017-12-25,2017-12-31
sz.000100,2017-12-25,2017-12-31
sz.000157,2017-12-25,2017-12-31
sz.000166,2017-12-25,2017-12-31
sz.000333,2017-12-25,2017-12-31
sz.000338,2017-12-25,2017-12-31
sz.000402,2017-12-25,2017-12-31
sz.000413,2017-12-25,2017-12-31
sz.000415,2017-12-25,2017-12-31
sz.000423,2017-12-25,2017-12-31
sz.000425,2017-12-25,2017-12-31
sz.000503,2017-12-25,2017-12-31
sz.000538,2017-12-25,2017-12-31
sz.000540,2017-12-25,2017-12-31
sz.000559,2017-12-25,2017-12-31
sz.000568,2017-12-25,2017-12-31
sz.000623,2017-12-25,2017-12-31
sz.000625,2017-12-25,2017-12-31
sz.000627,2017-12-25,2017-12-31
sz.000630,2017-12-25,2017-12-31
sz.000651,2017-12-25,2017-12-31
sz.000671,2017-12-25,2017-12-31
sz.000686,2017-12-25,2017-12-31
sz.000709,2017-12-25,2017-12-31
sz.000723,2017-12-25,2017-12-31
sz.000725,2017-12-25,2017-12-31
sz.000728,2017-12-25,2017-12-31
sz.000738,2017-12-25,2017-12-31
sz.000750,2017-12-25,2017-12-31
sz.000768,2017-12-25,2017-12-31
sz.000776,2017-12-25,2017-12-31
sz.000783,2017-12-25,2017-12-31
sz.000792,2017-12-25,2017-12-31
sz.000826,2017-12-25,2017-12-31
sz.000839,2017-12-25,2017-12-31
sz.000858,2017-12-25,2017-12-31
sz.000876,2017-12-25,2017-12-31
sz.000895,2017-12-25,2017-12-31
sz.000898,2017-12-25,2017-12-31
sz.000938,2017-12-25,2017-12-31
sz.000959,2017-12-25,2017-12-31
sz.000961,2017-12-25,2017-12-31
sz.000963,2017-12-25,2017-12-31
sz.000983,2017-12-25,2017-12-31
sz.001979,2017-12-25,2017-12-31
sz.002007,2017-12-25,2017-12-31
sz.002008,2017-12-25,2017-12-31
sz.002024,2017-12-25,2017-12-31
sz.002027,2017-12-25,2017-12-31
sz.002044,2017-12-25,2017-12-31
sz.002065,2017-12-25,2017-12-31
sz.002074,2017-12-25,2017-12-31
sz.002081,2017-12-25,2017-12-31
sz.002142,2017-12-25,2017-12-31
sz.002146,2017-12-25,2017-12-31
sz.002153,2017-12-25,2017-12-31
sz.002174,2017-12-25,2017-12-31
sz.002202,2017-12-25,2017-12-31
sz.002230,2017-12-25,2017-12-31
sz.002236,2017-12-25,2017-12-31
sz.002241,2017-12-25,2017-12-31
sz.002252,2017-12-25,2017-12-31
sz.002292,2017-12-25,2017-12-31
sz.002294,2017-12-25,2017-12-31
sz.002304,2017-12-25,2017-12-31
sz.002310,2017-12-25,2017-12-31
sz.002352,2017-12-25,2017-12-31
sz.002385,2017-12-25,2017-12-31
sz.002411,2017-12-25,2017-12-31
sz.002415,2017-12-25,2017-12-31
sz.002424,2017-12-25,2017-12-31
sz.002426,2017-12-25,2017-12-31
sz.002450,2017-12-25,2017-12-31
sz.002456,2017-12-25,2017-12-31
sz.002460,2017-12-25,2017-12-31
sz.002465,2017-12-25,2017-12-31
sz.002466,2017-12-25,2017-12-31
sz.002468,2017-12-25,2017-12-31
sz.002470,2017-12-25,2017-12-31
sz.002475,2017-12-25,2017-12-31
sz.002500,2017-12-25,2017-12-31
sz.002508,2017-12-25,2017-12-31
sz.002555,2017-12-25,2017-12-31
sz.002558,2017-12-25,2017-12-31
sz.002572,2017-12-25,2017-12-31
sz.002594,2017-12-25,2017-12-31
sz.002601,2017-12-25,2017-12-31
sz.002602,2017-12-25,2017-12-31
sz.002608,2017-12-25,2017-12-31
sz.002624,2017-12-25,2017-12-31
sz.002673,2017-12-25,2017-12-31
sz.002714,2017-12-25,2017-12-31
sz.002736,2017-12-25,2017-12-31
sz.002739,2017-12-25,2017-12-31
sz.002797,2017-12-25,2017-12-31
sz.002831,2017-12-25,2017-12-31
sz.002839,2017-12-25,2017-12-31
sz.002841,2017-12-25,2017-12-31
sz.300003,2017-12-25,2017-12-31
sz.300015,2017-12-25,2017-12-31
sz.300017,2017-12-25,2017-12-31
sz.300024,2017-12-25,2017-12-31
sz.300027,2017-12-25,2017-12-31
sz.300033,2017-12-25,2017-12-31
sz.300059,2017-12-25,2017-12-31
sz.300070,2017-12-25,2017-12-31
sz.300072,2017-12-25,2017-12-31
sz.300122,2017-12-25,2017-12-31
sz.300124,2017-12-25,2017-12-31
sz.300136,2017-12-25,2017-12-31
sz.300144,2017-12-25,2017-12-31
sz.300251,2017-12-25,2017-12-31
sz.300315,2017-12-25,2017-12-31
sh.600000,2018-01-29,2018-01-31
sh.600008,2018-01-29,2018-01-31
sh.600009,2018-01-29,2018-01-31
sh.600010,2018-01-29,2018-01-31
sh.600011,2018-01-29,2018-01-31
sh.600015,2018-01-29,2018-01-31
sh.600016,2018-01-29,2018-01-31
sh.600018,2018-01-29,2018-01-31
sh.600019,2018-01-29,2018-01-31
sh.600021,2018-01-29,2018-01-31
sh.600023,2018-01-29,2018-01-31
sh.600028,2018-01-29,2018-01-31
sh.600029,2018-01-29,2018-01-31
sh.600030,2018-01-29,2018-01-31
sh.600031,2018-01-29,2018-01-31
sh.600036,2018-01-29,2018-01-31
sh.600038,2018-01-29,2018-01-31
sh.600048,2018-01-29,2018-01-31
sh.600050,2018-01-29,2018-01-31
sh.600061,2018-01-29,2018-01-31
sh.600066,2018-01-29,2018-01-31
sh.600068,2018-01-29,2018-01-31
sh.600074,2018-01-29,2018-01-31
sh.600085,2018-01-29,2018-01-31
sh.600089,2018-01-29,2018-01-31
sh.600100,2018-01-29,2018-01-31
sh.600104,2018-01-29,2018-01-31
sh.600109,2018-01-29,2018-01-31
sh.600111,2018-01-29,2018-01-31
sh.600115,2018-01-29,2018-01-31
sh.600118,2018-01-29,2018-01-31
sh.600153,2018-01-29,2018-01-31
sh.600157,2018-01-29,2018-01-31
sh.600170,2018-01-29,2018-01-31
sh.600177,2018-01-29,2018-01-31
sh.600188,2018-01-29,2018-01-31
sh.600196,2018-01-29,2018-01-31
sh.600208,2018-01-29,2018-01-31
sh.600219,2018-01-29,2018-01-31
sh.600221,2018-01-29,2018-01-31
sh.600233,2018-01-29,2018-01-31
sh.600271,2018-01-29,2018-01-31
sh.600276,2018-01-29,2018-01-31
sh.600297,2018-01-29,2018-01-31
sh.600309,2018-01-29,2018-01-31
sh.600332,2018-01-29,2018-01-31
sh.600340,2018-01-29,2018-01-31
sh.600352,2018-01-29,2018-01-31
sh.600362,2018-01-29,2018-01-31
sh.600369,2018-01-29,2018-01-31
sh.600372,2018-01-29,2018-01-31
sh.600373,2018-01-29,2018-01-31
sh.600376,2018-01-29,2018-01-31
sh.600383,2018-01-29,2018-01-31
sh.600390,2018-01-29,2018-01-31
sh.600406,2018-01-29,2018-01-31
sh.600415,2018-01-29,2018-01-31
sh.600436,2018-01-29,2018-01-31
sh.600482,2018-01-29,2018-01-31
sh.600485,2018-01-29,2018-01-31
sh.600489,2018-01-29,2018-01-31
sh.600498,2018-01-29,2018-01-31
sh.600518,2018-01-29,2018-01-31
sh.600519,2018-01-29,2018-01-31
sh.600522,2018-01-29,2018-01-31
sh.600535,2018-01-29,2018-01-31
sh.600547,2018-01-29,2018-01-31
sh.600549,2018-01-29,2018-01-31
sh.600570,2018-01-29,2018-01-31
sh.600583,2018-01-29,2018-01-31
sh.600585,2018-01-29,2018-01-31
sh.600588,2018-01-29,2018-01-31
sh.600606,2018-01-29,2018-01-31
sh.600637,2018-01-29,2018-01-31
sh.600649,2018-01-29,2018-01-31
sh.600660,2018-01-29,2018-01-31
sh.600663,2018-01-29,2018-01-31
sh.600674,2018-01-29,2018-01-31
sh.600682,2018-01-29,2018-01-31
sh.600685,2018-01-29,2018-01-31
sh.600688,2018-01-29,2018-01-31
sh.600690,2018-01-29,2018-01-31
sh.600703,2018-01-29,2018-01-31
sh.600704,2018-01-29,2018-01-31
sh.600705,2018-01-29,2018-01-31
sh.600739,2018-01-29,2018-01-31
sh.600741,2018-01-29,2018-01-31
sh.600795,2018-01-29,2018-01-31
sh.600804,2018-01-29,2018-01-31
sh.600816,2018-01-29,2018-01-31
sh.600820,2018-01-29,2018-01-31
sh.600827,2018-01-29,2018-01-31
sh.600837,2018-01-29,2018-01-31
sh.600871,2018-01-29,2018-01-31
sh.600886,2018-01-29,2018-01-31
sh.600887,2018-01-29,2018-01-31
sh.600893,2018-01-29,2018-01-31
sh.600895,2018-01-29,2018-01-31
sh.600900,2018-01-29,2018-01-31
sh.600909,2018-01-29,2018-01-31
sh.600919,2018-01-29,2018-01-31
sh.600926,2018-01-29,2018-01-31
sh.600958,2018-01-29,2018-01-31
sh.600959,2018-01-29,2018-01-31
sh.600977,2018-01-29,2018-01-31
sh.600999,2018-01-29,2018-01-31
sh.601006,2018-01-29,2018-01-31
sh.601009,2018-01-29,2018-01-31
sh.601012,2018-01-29,2018-01-31
sh.601018,2018-01-29,2018-01-31
sh.601021,2018-01-29,2018-01-31
sh.601088,2018-01-29,2018-01-31
sh.601099,2018-01-29,2018-01-31
sh.601111,2018-01-29,2018-01-31
sh.601117,2018-01-29,2018-01-31
sh.601118,2018-01-29,2018-01-31
sh.601155,2018-01-29,2018-01-31
sh.601163,2018-01-29,2018-01-31
sh.601166,2018-01-29,2018-01-31
sh.601169,2018-01-29,2018-01-31
sh.601186,2018-01-29,2018-01-31
sh.601198,2018-01-29,2018-01-31
sh.601211,2018-01-29,2018-01-31
sh.601212,2018-01-29,2018-01-31
sh.601216,2018-01-29,2018-01-31
sh.601225,2018-01-29,2018-01-31
sh.601228,2018-01-29,2018-01-31
sh.601229,2018-01-29,2018-01-31
sh.601288,2018-01-29,2018-01-31
sh.601318,2018-01-29,2018-01-31
sh.601328,2018-01-29,2018-01-31
sh.601333,2018-01-29,2018-01-31
sh.601336,2018-01-29,2018-01-31
sh.601375,2018-01-29,2018-01-31
sh.601377,2018-01-29,2018-01-31
sh.601390,2018-01-29,2018-01-31
sh.601398,2018-01-29,2018-01-31
sh.601555,2018-01-29,2018-01-31
sh.601600,2018-01-29,2018-01-31
sh.601601,2018-01-29,2018-01-31
sh.601607,2018-01-29,2018-01-31
sh.601608,2018-01-29,2018-01-31
sh.601611,2018-01-29,2018-01-31
sh.601618,2018-01-29,2018-01-31
sh.601628,2018-01-29,2018-01-31
sh.601633,2018-01-29,2018-01-31
sh.601668,2018-01-29,2018-01-31
sh.601669,2018-01-29,2018-01-31
sh.601688,2018-01-29,2018-01-31
sh.601718,2018-01-29,2018-01-31
sh.601727,2018-01-29,2018-01-31
sh.601766,2018-01-29,2018-01-31
sh.601788,2018-01-29,2018-01-31
sh.601800,2018-01-29,2018-01-31
sh.601818,2018-01-29,2018-01-31
sh.601857,2018-01-29,2018-01-31
sh.601866,2018-01-29,2018-01-31
sh.601872,2018-01-29,2018-01-31
sh.601877,2018-01-29,2018-01-31
sh.601878,2018-01-29,2018-01-31
sh.601881,2018-01-29,2018-01-31
sh.601888,2018-01-29,2018-01-31
sh.601898,2018-01-29,2018-01-31
sh.601899,2018-01-29,2018-01-31
sh.601901,2018-01-29,2018-01-31
sh.601919,2018-01-29,2018-01-31
sh.601933,2018-01-29,2018-01-31
sh.601939,2018-01-29,2018-01-31
sh.601958,2018-01-29,2018-01-31
sh.601966,2018-01-29,2018-01-31
sh.601985,2018-01-29,2018-01-31
sh.601988,2018-01-29,2018-01-31
sh.601989,2018-01-29,2018-01-31
sh.601991,2018-01-29,2018-01-31
sh.601992,2018-01-29,2018-01-31
sh.601997,2018-01-29,2018-01-31
sh.601998,2018-01-29,2018-01-31
sh.603160,2018-01-29,2018-01-31
sh.603799,2018-01-29,2018-01-31
sh.603833,2018-01-29,2018-01-31
sh.603858,2018-01-29,2018-01-31
sh.603993,2018-01-29,2018-01-31
sz.000001,2018-01-29,2018-01-31
sz.000002,2018-01-29,2018-01-31
sz.000008,2018-01-29,2018-01-31
sz.000060,2018-01-29,2018-01-31
sz.000063,2018-01-29,2018-01-31
sz.000069,2018-01-29,2018-01-31
sz.000100,2018-01-29,2018-01-31
sz.000157,2018-01-29,2018-01-31
sz.000166,2018-01-29,2018-01-31
sz.000333,2018-01-29,2018-01-31
sz.000338,2018-01-29,2018-01-31
sz.000402,2018-01-29,2018-01-31
sz.000413,2018-01-29,2018-01-31
sz.000415,2018-01-29,2018-01-31
sz.000423,2018-01-29,2018-01-31
sz.000425,2018-01-29,2018-01-31
sz.000503,2018-01-29,2018-01-31
sz.000538,2018-01-29,2018-01-31
sz.000540,2018-01-29,2018-01-31
sz.000559,2018-01-29,2018-01-31
sz.000568,2018-01-29,2018-01-31
sz.000623,2018-01-29,2018-01-31
sz.000625,2018-01-29,2018-01-31
sz.000627,2018-01-29,2018-01-31
sz.000630,2018-01-29,2018-01-31
sz.000651,2018-01-29,2018-01-31
sz.000671,2018-01-29,2018-01-31
sz.000686,2018-01-29,2018-01-31
sz.000709,2018-01-29,2018-01-31
sz.000723,2018-01-29,2018-01-31
sz.000725,2018-01-29,2018-01-31
sz.000728,2018-01-29,2018-01-31
sz.000738,2018-01-29,2018-01-31
sz.000750,2018-01-29,2018-01-31
sz.000768,2018-01-29,2018-01-31
sz.000776,2018-01-29,2018-01-31
sz.000783,2018-01-29,2018-01-31
sz.000792,2018-01-29,2018-01-31
sz.000826,2018-01-29,2018-01-31
sz.000839,2018-01-29,2018-01-31
sz.000858,2018-01-29,2018-01-31
sz.000876,2018-01-29,2018-01-31
sz.000895,2018-01-29,2018-01-31
sz.000898,2018-01-29,2018-01-31
sz.000938,2018-01-29,2018-01-31
sz.000959,2018-01-29,2018-01-31
sz.000961,2018-01-29,2018-01-31
sz.000963,2018-01-29,2018-01-31
sz.000983,2018-01-29,2018-01-31
sz.001979,2018-01-29,2018-01-31
sz.002007,2018-01-29,2018-01-31
sz.002008,2018-01-29,2018-01-31
sz.002024,2018-01-29,2018-01-31
sz.002027,2018-01-29,2018-01-31
sz.002044,2018-01-29,2018-01-31
sz.002065,2018-01-29,2018-01-31
sz.002074,2018-01-29,2018-01-31
sz.002081,2018-01-29,2018-01-31
sz.002142,2018-01-29,2018-01-31
sz.002146,2018-01-29,2018-01-31
sz.002153,2018-01-29,2018-01-31
sz.002174,2018-01-29,2018-01-31
sz.002202,2018-01-29,2018-01-31
sz.002230,2018-01-29,2018-01-31
sz.002236,2018-01-29,2018-01-31
sz.002241,2018-01-29,2018-01-31
sz.002252,2018-01-29,2018-01-31
sz.002292,2018-01-29,2018-01-31
sz.002294,2018-01-29,2018-01-31
sz.002304,2018-01-29,2018-01-31
sz.002310,2018-01-29,2018-01-31
sz.002352,2018-01-29,2018-01-31
sz.002385,2018-01-29,2018-01-31
sz.002411,2018-01-29,2018-01-31
sz.002415,2018-01-29,2018-01-31
sz.002424,2018-01-29,2018-01-31
sz.002426,2018-01-29,2018-01-31
sz.002450,2018-01-29,2018-01-31
sz.002456,2018-01-29,2018-01-31
sz.002460,2018-01-29,2018-01-31
sz.002465,2018-01-29,2018-01-31
sz.002466,2018-01-29,2018-01-31
sz.002468,2018-01-29,2018-01-31
sz.002470,2018-01-29,2018-01-31
sz.002475,2018-01-29,2018-01-31
sz.002500,2018-01-29,2018-01-31
sz.002508,2018-01-29,2018-01-31
sz.002555,2018-01-29,2018-01-31
sz.002558,2018-01-29,2018-01-31
sz.002572,2018-01-29,2018-01-31
sz.002594,2018-01-29,2018-01-31
sz.002601,2018-01-29,2018-01-31
sz.002602,2018-01-29,2018-01-31
sz.002608,2018-01-29,2018-01-31
sz.002624,2018-01-29,2018-01-31
sz.002673,2018-01-29,2018-01-31
sz.002714,2018-01-29,2018-01-31
sz.002736,2018-01-29,2018-01-31
sz.002739,2018-01-29,2018-01-31
sz.002797,2018-01-29,2018-01-31
sz.002831,2018-01-29,2018-01-31
sz.002839,2018-01-29,2018-01-31
sz.002841,2018-01-29,2018-01-31
sz.300003,2018-01-29,2018-01-31
sz.300015,2018-01-29,2018-01-31
sz.300017,2018-01-29,2018-01-31
sz.300024,2018-01-29,2018-01-31
sz.300027,2018-01-29,2018-01-31
sz.300033,2018-01-29,2018-01-31
sz.300059,2018-01-29,2018-01-31
sz.300070,2018-01-29,2018-01-31
sz.300072,2018-01-29,2018-01-31
sz.300122,2018-01-29,2018-01-31
sz.300124,2018-01-29,2018-01-31
sz.300136,2018-01-29,2018-01-31
sz.300144,2018-01-29,2018-01-31
sz.300251,2018-01-29,2018-01-31
sz.300315,2018-01-29,2018-01-31
sh.600000,2018-02-26,2018-02-28
sh.600008,2018-02-26,2018-02-28
sh.600009,2018-02-26,2018-02-28
sh.600010,2018-02-26,2018-02-28
sh.600011,2018-02-26,2018-02-28
sh.600015,2018-02-26,2018-02-28
sh.600016,2018-02-26,2018-02-28
sh.600018,2018-02-26,2018-02-28
sh.600019,2018-02-26,2018-02-28
sh.600021,2018-02-26,2018-02-28
sh.600023,2018-02-26,2018-02-28
sh.600028,2018-02-26,2018-02-28
sh.600029,2018-02-26,2018-02-28
sh.600030,2018-02-26,2018-02-28
sh.600031,2018-02-26,2018-02-28
sh.600036,2018-02-26,2018-02-28
sh.600038,2018-02-26,2018-02-28
sh.600048,2018-02-26,2018-02-28
sh.600050,2018-02-26,2018-02-28
sh.600061,2018-02-26,2018-02-28
sh.600066,2018-02-26,2018-02-28
sh.600068,2018-02-26,2018-02-28
sh.600074,2018-02-26,2018-02-28
sh.600085,2018-02-26,2018-02-28
sh.600089,2018-02-26,2018-02-28
sh.600100,2018-02-26,2018-02-28
sh.600104,2018-02-26,2018-02-28
sh.600109,2018-02-26,2018-02-28
sh.600111,2018-02-26,2018-02-28
sh.600115,2018-02-26,2018-02-28
sh.600118,2018-02-26,2018-02-28
sh.600153,2018-02-26,2018-02-28
sh.600157,2018-02-26,2018-02-28
sh.600170,2018-02-26,2018-02-28
sh.600177,2018-02-26,2018-02-28
sh.600188,2018-02-26,2018-02-28
sh.600196,2018-02-26,2018-02-28
sh.600208,2018-02-26,2018-02-28
sh.600219,2018-02-26,2018-02-28
sh.600221,2018-02-26,2018-02-28
sh.600233,2018-02-26,2018-02-28
sh.600271,2018-02-26,2018-02-28
sh.600276,2018-02-26,2018-02-28
sh.600297,2018-02-26,2018-02-28
sh.600309,2018-02-26,2018-02-28
sh.600332,2018-02-26,2018-02-28
sh.600340,2018-02-26,2018-02-28
sh.600352,2018-02-26,2018-02-28
sh.600362,2018-02-26,2018-02-28
sh.600369,2018-02-26,2018-02-28
sh.600372,2018-02-26,2018-02-28
sh.600373,2018-02-26,2018-02-28
sh.600376,2018-02-26,2018-02-28
sh.600383,2018-02-26,2018-02-28
sh.600390,2018-02-26,2018-02-28
sh.600406,2018-02-26,2018-02-28
sh.600415,2018-02-26,2018-02-28
sh.600436,2018-02-26,2018-02-28
sh.600482,2018-02-26,2018-02-28
sh.600485,2018-02-26,2018-02-28
sh.600489,2018-02-26,2018-02-28
sh.600498,2018-02-26,2018-02-28
sh.600518,2018-02-26,2018-02-28
sh.600519,2018-02-26,2018-02-28
sh.600522,2018-02-26,2018-02-28
sh.600535,2018-02-26,2018-02-28
sh.600547,2018-02-26,2018-02-28
sh.600549,2018-02-26,2018-02-28
sh.600570,2018-02-26,2018-02-28
sh.600583,2018-02-26,2018-02-28
sh.600585,2018-02-26,2018-02-28
sh.600588,2018-02-26,2018-02-28
sh.600606,2018-02-26,2018-02-28
sh.600637,2018-02-26,2018-02-28
sh.600649,2018-02-26,2018-02-28
sh.600660,2018-02-26,2018-02-28
sh.600663,2018-02-26,2018-02-28
sh.600674,2018-02-26,2018-02-28
sh.600682,2018-02-26,2018-02-28
sh.600685,2018-02-26,2018-02-28
sh.600688,2018-02-26,2018-02-28
sh.600690,2018-02-26,2018-02-28
sh.600703,2018-02-26,2018-02-28
sh.600704,2018-02-26,2018-02-28
sh.600705,2018-02-26,2018-02-28
sh.600739,2018-02-26,2018-02-28
sh.600741,2018-02-26,2018-02-28
sh.600795,2018-02-26,2018-02-28
sh.600804,2018-02-26,2018-02-28
sh.600816,2018-02-26,2018-02-28
sh.600820,2018-02-26,2018-02-28
sh.600827,2018-02-26,2018-02-28
sh.600837,2018-02-26,2018-02-28
sh.600871,2018-02-26,2018-02-28
sh.600886,2018-02-26,2018-02-28
sh.600887,2018-02-26,2018-02-28
sh.600893,2018-02-26,2018-02-28
sh.600895,2018-02-26,2018-02-28
sh.600900,2018-02-26,2018-02-28
sh.600909,2018-02-26,2018-02-28
sh.600919,2018-02-26,2018-02-28
sh.600926,2018-02-26,2018-02-28
sh.600958,2018-02-26,2018-02-28
sh.600959,2018-02-26,2018-02-28
sh.600977,2018-02-26,2018-02-28
sh.600999,2018-02-26,2018-02-28
sh.601006,2018-02-26,2018-02-28
sh.601009,2018-02-26,2018-02-28
sh.601012,2018-02-26,2018-02-28
sh.601018,2018-02-26,2018-02-28
sh.601021,2018-02-26,2018-02-28
sh.601088,2018-02-26,2018-02-28
sh.601099,2018-02-26,2018-02-28
sh.601111,2018-02-26,2018-02-28
sh.601117,2018-02-26,2018-02-28
sh.601118,2018-02-26,2018-02-28
sh.601155,2018-02-26,2018-02-28
sh.601163,2018-02-26,2018-02-28
sh.601166,2018-02-26,2018-02-28
sh.601169,2018-02-26,2018-02-28
sh.601186,2018-02-26,2018-02-28
sh.601198,2018-02-26,2018-02-28
sh.601211,2018-02-26,2018-02-28
sh.601212,2018-02-26,2018-02-28
sh.601216,2018-02-26,2018-02-28
sh.601225,2018-02-26,2018-02-28
sh.601228,2018-02-26,2018-02-28
sh.601229,2018-02-26,2018-02-28
sh.601288,2018-02-26,2018-02-28
sh.601318,2018-02-26,2018-02-28
sh.601328,2018-02-26,2018-02-28
sh.601333,2018-02-26,2018-02-28
sh.601336,2018-02-26,2018-02-28
sh.601375,2018-02-26,2018-02-28
sh.601377,2018-02-26,2018-02-28
sh.601390,2018-02-26,2018-02-28
sh.601398,2018-02-26,2018-02-28
sh.601555,2018-02-26,2018-02-28
sh.601600,2018-02-26,2018-02-28
sh.601601,2018-02-26,2018-02-28
sh.601607,2018-02-26,2018-02-28
sh.601608,2018-02-26,2018-02-28
sh.601611,2018-02-26,2018-02-28
sh.601618,2018-02-26,2018-02-28
sh.601628,2018-02-26,2018-02-28
sh.601633,2018-02-26,2018-02-28
sh.601668,2018-02-26,2018-02-28
sh.601669,2018-02-26,2018-02-28
sh.601688,2018-02-26,2018-02-28
sh.601718,2018-02-26,2018-02-28
sh.601727,2018-02-26,2018-02-28
sh.601766,2018-02-26,2018-02-28
sh.601788,2018-02-26,2018-02-28
sh.601800,2018-02-26,2018-02-28
sh.601818,2018-02-26,2018-02-28
sh.601857,2018-02-26,2018-02-28
sh.601866,2018-02-26,2018-02-28
sh.601872,2018-02-26,2018-02-28
sh.601877,2018-02-26,2018-02-28
sh.601878,2018-02-26,2018-02-28
sh.601881,2018-02-26,2018-02-28
sh.601888,2018-02-26,2018-02-28
sh.601898,2018-02-26,2018-02-28
sh.601899,2018-02-26,2018-02-28
sh.601901,2018-02-26,2018-02-28
sh.601919,2018-02-26,2018-02-28
sh.601933,2018-02-26,2018-02-28
sh.601939,2018-02-26,2018-02-28
sh.601958,2018-02-26,2018-02-28
sh.601966,2018-02-26,2018-02-28
sh.601985,2018-02-26,2018-02-28
sh.601988,2018-02-26,2018-02-28
sh.601989,2018-02-26,2018-02-28
sh.601991,2018-02-26,2018-02-28
sh.601992,2018-02-26,2018-02-28
sh.601997,2018-02-26,2018-02-28
sh.601998,2018-02-26,2018-02-28
sh.603160,2018-02-26,2018-02-28
sh.603799,2018-02-26,2018-02-28
sh.603833,2018-02-26,2018-02-28
sh.603858,2018-02-26,2018-02-28
sh.603993,2018-02-26,2018-02-28
sz.000001,2018-02-26,2018-02-28
sz.000002,2018-02-26,2018-02-28
sz.000008,2018-02-26,2018-02-28
sz.000060,2018-02-26,2018-02-28
sz.000063,2018-02-26,2018-02-28
sz.000069,2018-02-26,2018-02-28
sz.000100,2018-02-26,2018-02-28
sz.000157,2018-02-26,2018-02-28
sz.000166,2018-02-26,2018-02-28
sz.000333,2018-02-26,2018-02-28
sz.000338,2018-02-26,2018-02-28
sz.000402,2018-02-26,2018-02-28
sz.000413,2018-02-26,2018-02-28
sz.000415,2018-02-26,2018-02-28
sz.000423,2018-02-26,2018-02-28
sz.000425,2018-02-26,2018-02-28
sz.000503,2018-02-26,2018-02-28
sz.000538,2018-02-26,2018-02-28
sz.000540,2018-02-26,2018-02-28
sz.000559,2018-02-26,2018-02-28
sz.000568,2018-02-26,2018-02-28
sz.000623,2018-02-26,2018-02-28
sz.000625,2018-02-26,2018-02-28
sz.000627,2018-02-26,2018-02-28
sz.000630,2018-02-26,2018-02-28
sz.000651,2018-02-26,2018-02-28
sz.000671,2018-02-26,2018-02-28
sz.000686,2018-02-26,2018-02-28
sz.000709,2018-02-26,2018-02-28
sz.000723,2018-02-26,2018-02-28
sz.000725,2018-02-26,2018-02-28
sz.000728,2018-02-26,2018-02-28
sz.000738,2018-02-26,2018-02-28
sz.000750,2018-02-26,2018-02-28
sz.000768,2018-02-26,2018-02-28
sz.000776,2018-02-26,2018-02-28
sz.000783,2018-02-26,2018-02-28
sz.000792,2018-02-26,2018-02-28
sz.000826,2018-02-26,2018-02-28
sz.000839,2018-02-26,2018-02-28
sz.000858,2018-02-26,2018-02-28
sz.000876,2018-02-26,2018-02-28
sz.000895,2018-02-26,2018-02-28
sz.000898,2018-02-26,2018-02-28
sz.000938,2018-02-26,2018-02-28
sz.000959,2018-02-26,2018-02-28
sz.000961,2018-02-26,2018-02-28
sz.000963,2018-02-26,2018-02-28
sz.000983,2018-02-26,2018-02-28
sz.001979,2018-02-26,2018-02-28
sz.002007,2018-02-26,2018-02-28
sz.002008,2018-02-26,2018-02-28
sz.002024,2018-02-26,2018-02-28
sz.002027,2018-02-26,2018-02-28
sz.002044,2018-02-26,2018-02-28
sz.002065,2018-02-26,2018-02-28
sz.002074,2018-02-26,2018-02-28
sz.002081,2018-02-26,2018-02-28
sz.002142,2018-02-26,2018-02-28
sz.002146,2018-02-26,2018-02-28
sz.002153,2018-02-26,2018-02-28
sz.002174,2018-02-26,2018-02-28
sz.002202,2018-02-26,2018-02-28
sz.002230,2018-02-26,2018-02-28
sz.002236,2018-02-26,2018-02-28
sz.002241,2018-02-26,2018-02-28
sz.002252,2018-02-26,2018-02-28
sz.002292,2018-02-26,2018-02-28
sz.002294,2018-02-26,2018-02-28
sz.002304,2018-02-26,2018-02-28
sz.002310,2018-02-26,2018-02-28
sz.002352,2018-02-26,2018-02-28
sz.002385,2018-02-26,2018-02-28
sz.002411,2018-02-26,2018-02-28
sz.002415,2018-02-26,2018-02-28
sz.002424,2018-02-26,2018-02-28
sz.002426,2018-02-26,2018-02-28
sz.002450,2018-02-26,2018-02-28
sz.002456,2018-02-26,2018-02-28
sz.002460,2018-02-26,2018-02-28
sz.002465,2018-02-26,2018-02-28
sz.002466,2018-02-26,2018-02-28
sz.002468,2018-02-26,2018-02-28
sz.002470,2018-02-26,2018-02-28
sz.002475,2018-02-26,2018-02-28
sz.002500,2018-02-26,2018-02-28
sz.002508,2018-02-26,2018-02-28
sz.002555,2018-02-26,2018-02-28
sz.002558,2018-02-26,2018-02-28
sz.002572,2018-02-26,2018-02-28
sz.002594,2018-02-26,2018-02-28
sz.002601,2018-02-26,2018-02-28
sz.002602,2018-02-26,2018-02-28
sz.002608,2018-02-26,2018-02-28
sz.002624,2018-02-26,2018-02-28
sz.002673,2018-02-26,2018-02-28
sz.002714,2018-02-26,2018-02-28
sz.002736,2018-02-26,2018-02-28
sz.002739,2018-02-26,2018-02-28
sz.002797,2018-02-26,2018-02-28
sz.002831,2018-02-26,2018-02-28
sz.002839,2018-02-26,2018-02-28
sz.002841,2018-02-26,2018-02-28
sz.300003,2018-02-26,2018-02-28
sz.300015,2018-02-26,2018-02-28
sz.300017,2018-02-26,2018-02-28
sz.300024,2018-02-26,2018-02-28
sz.300027,2018-02-26,2018-02-28
sz.300033,2018-02-26,2018-02-28
sz.300059,2018-02-26,2018-02-28
sz.300070,2018-02-26,2018-02-28
sz.300072,2018-02-26,2018-02-28
sz.300122,2018-02-26,2018-02-28
sz.300124,2018-02-26,2018-02-28
sz.300136,2018-02-26,2018-02-28
sz.300144,2018-02-26,2018-02-28
sz.300251,2018-02-26,2018-02-28
sz.300315,2018-02-26,2018-02-28
sh.600000,2018-03-26,2018-03-31
sh.600008,2018-03-26,2018-03-31
sh.600009,2018-03-26,2018-03-31
sh.600010,2018-03-26,2018-03-31
sh.600011,2018-03-26,2018-03-31
sh.600015,2018-03-26,2018-03-31
sh.600016,2018-03-26,2018-03-31
sh.600018,2018-03-26,2018-03-31
sh.600019,2018-03-26,2018-03-31
sh.600021,2018-03-26,2018-03-31
sh.600023,2018-03-26,2018-03-31
sh.600028,2018-03-26,2018-03-31
sh.600029,2018-03-26,2018-03-31
sh.600030,2018-03-26,2018-03-31
sh.600031,2018-03-26,2018-03-31
sh.600036,2018-03-26,2018-03-31
sh.600038,2018-03-26,2018-03-31
sh.600048,2018-03-26,2018-03-31
sh.600050,2018-03-26,2018-03-31
sh.600061,2018-03-26,2018-03-31
sh.600066,2018-03-26,2018-03-31
sh.600068,2018-03-26,2018-03-31
sh.600074,2018-03-26,2018-03-31
sh.600085,2018-03-26,2018-03-31
sh.600089,2018-03-26,2018-03-31
sh.600100,2018-03-26,2018-03-31
sh.600104,2018-03-26,2018-03-31
sh.600109,2018-03-26,2018-03-31
sh.600111,2018-03-26,2018-03-31
sh.600115,2018-03-26,2018-03-31
sh.600118,2018-03-26,2018-03-31
sh.600153,2018-03-26,2018-03-31
sh.600157,2018-03-26,2018-03-31
sh.600170,2018-03-26,2018-03-31
sh.600177,2018-03-26,2018-03-31
sh.600188,2018-03-26,2018-03-31
sh.600196,2018-03-26,2018-03-31
sh.600208,2018-03-26,2018-03-31
sh.600219,2018-03-26,2018-03-31
sh.600221,2018-03-26,2018-03-31
sh.600233,2018-03-26,2018-03-31
sh.600271,2018-03-26,2018-03-31
sh.600276,2018-03-26,2018-03-31
sh.600297,2018-03-26,2018-03-31
sh.600309,2018-03-26,2018-03-31
sh.600332,2018-03-26,2018-03-31
sh.600340,2018-03-26,2018-03-31
sh.600352,2018-03-26,2018-03-31
sh.600362,2018-03-26,2018-03-31
sh.600369,2018-03-26,2018-03-31
sh.600372,2018-03-26,2018-03-31
sh.600373,2018-03-26,2018-03-31
sh.600376,2018-03-26,2018-03-31
sh.600383,2018-03-26,2018-03-31
sh.600390,2018-03-26,2018-03-31
sh.600406,2018-03-26,2018-03-31
sh.600415,2018-03-26,2018-03-31
sh.600436,2018-03-26,2018-03-31
sh.600482,2018-03-26,2018-03-31
sh.600485,2018-03-26,2018-03-31
sh.600489,2018-03-26,2018-03-31
sh.600498,2018-03-26,2018-03-31
sh.600518,2018-03-26,2018-03-31
sh.600519,2018-03-26,2018-03-31
sh.600522,2018-03-26,2018-03-31
sh.600535,2018-03-26,2018-03-31
sh.600547,2018-03-26,2018-03-31
sh.600549,2018-03-26,2018-03-31
sh.600570,2018-03-26,2018-03-31
sh.600583,2018-03-26,2018-03-31
sh.600585,2018-03-26,2018-03-31
sh.600588,2018-03-26,2018-03-31
sh.600606,2018-03-26,2018-03-31
sh.600637,2018-03-26,2018-03-31
sh.600649,2018-03-26,2018-03-31
sh.600660,2018-03-26,2018-03-31
sh.600663,2018-03-26,2018-03-31
sh.600674,2018-03-26,2018-03-31
sh.600682,2018-03-26,2018-03-31
sh.600685,2018-03-26,2018-03-31
sh.600688,2018-03-26,2018-03-31
sh.600690,2018-03-26,2018-03-31
sh.600703,2018-03-26,2018-03-31
sh.600704,2018-03-26,2018-03-31
sh.600705,2018-03-26,2018-03-31
sh.600739,2018-03-26,2018-03-31
sh.600741,2018-03-26,2018-03-31
sh.600795,2018-03-26,2018-03-31
sh.600804,2018-03-26,2018-03-31
sh.600816,2018-03-26,2018-03-31
sh.600820,2018-03-26,2018-03-31
sh.600827,2018-03-26,2018-03-31
sh.600837,2018-03-26,2018-03-31
sh.600871,2018-03-26,2018-03-31
sh.600886,2018-03-26,2018-03-31
sh.600887,2018-03-26,2018-03-31
sh.600893,2018-03-26,2018-03-31
sh.600895,2018-03-26,2018-03-31
sh.600900,2018-03-26,2018-03-31
sh.600909,2018-03-26,2018-03-31
sh.600919,2018-03-26,2018-03-31
sh.600926,2018-03-26,2018-03-31
sh.600958,2018-03-26,2018-03-31
sh.600959,2018-03-26,2018-03-31
sh.600977,2018-03-26,2018-03-31
sh.600999,2018-03-26,2018-03-31
sh.601006,2018-03-26,2018-03-31
sh.601009,2018-03-26,2018-03-31
sh.601012,2018-03-26,2018-03-31
sh.601018,2018-03-26,2018-03-31
sh.601021,2018-03-26,2018-03-31
sh.601088,2018-03-26,2018-03-31
sh.601099,2018-03-26,2018-03-31
sh.601111,2018-03-26,2018-03-31
sh.601117,2018-03-26,2018-03-31
sh.601118,2018-03-26,2018-03-31
sh.601155,2018-03-26,2018-03-31
sh.601163,2018-03-26,2018-03-31
sh.601166,2018-03-26,2018-03-31
sh.601169,2018-03-26,2018-03-31
sh.601186,2018-03-26,2018-03-31
sh.601198,2018-03-26,2018-03-31
sh.601211,2018-03-26,2018-03-31
sh.601212,2018-03-26,2018-03-31
sh.601216,2018-03-26,2018-03-31
sh.601225,2018-03-26,2018-03-31
sh.601228,2018-03-26,2018-03-31
sh.601229,2018-03-26,2018-03-31
sh.601288,2018-03-26,2018-03-31
sh.601318,2018-03-26,2018-03-31
sh.601328,2018-03-26,2018-03-31
sh.601333,2018-03-26,2018-03-31
sh.601336,2018-03-26,2018-03-31
sh.601375,2018-03-26,2018-03-31
sh.601377,2018-03-26,2018-03-31
sh.601390,2018-03-26,2018-03-31
sh.601398,2018-03-26,2018-03-31
sh.601555,2018-03-26,2018-03-31
sh.601600,2018-03-26,2018-03-31
sh.601601,2018-03-26,2018-03-31
sh.601607,2018-03-26,2018-03-31
sh.601608,2018-03-26,2018-03-31
sh.601611,2018-03-26,2018-03-31
sh.601618,2018-03-26,2018-03-31
sh.601628,2018-03-26,2018-03-31
sh.601633,2018-03-26,2018-03-31
sh.601668,2018-03-26,2018-03-31
sh.601669,2018-03-26,2018-03-31
sh.601688,2018-03-26,2018-03-31
sh.601718,2018-03-26,2018-03-31
sh.601727,2018-03-26,2018-03-31
sh.601766,2018-03-26,2018-03-31
sh.601788,2018-03-26,2018-03-31
sh.601800,2018-03-26,2018-03-31
sh.601818,2018-03-26,2018-03-31
sh.601857,2018-03-26,2018-03-31
sh.601866,2018-03-26,2018-03-31
sh.601872,2018-03-26,2018-03-31
sh.601877,2018-03-26,2018-03-31
sh.601878,2018-03-26,2018-03-31
sh.601881,2018-03-26,2018-03-31
sh.601888,2018-03-26,2018-03-31
sh.601898,2018-03-26,2018-03-31
sh.601899,2018-03-26,2018-03-31
sh.601901,2018-03-26,2018-03-31
sh.601919,2018-03-26,2018-03-31
sh.601933,2018-03-26,2018-03-31
sh.601939,2018-03-26,2018-03-31
sh.601958,2018-03-26,2018-03-31
sh.601966,2018-03-26,2018-03-31
sh.601985,2018-03-26,2018-03-31
sh.601988,2018-03-26,2018-03-31
sh.601989,2018-03-26,2018-03-31
sh.601991,2018-03-26,2018-03-31
sh.601992,2018-03-26,2018-03-31
sh.601997,2018-03-26,2018-03-31
sh.601998,2018-03-26,2018-03-31
sh.603160,2018-03-26,2018-03-31
sh.603799,2018-03-26,2018-03-31
sh.603833,2018-03-26,2018-03-31
sh.603858,2018-03-26,2018-03-31
sh.603993,2018-03-26,2018-03-31
sz.000001,2018-03-26,2018-03-31
sz.000002,2018-03-26,2018-03-31
sz.000008,2018-03-26,2018-03-31
sz.000060,2018-03-26,2018-03-31
sz.000063,2018-03-26,2018-03-31
sz.000069,2018-03-26,2018-03-31
sz.000100,2018-03-26,2018-03-31
sz.000157,2018-03-26,2018-03-31
sz.000166,2018-03-26,2018-03-31
sz.000333,2018-03-26,2018-03-31
sz.000338,2018-03-26,2018-03-31
sz.000402,2018-03-26,2018-03-31
sz.000413,2018-03-26,2018-03-31
sz.000415,2018-03-26,2018-03-31
sz.000423,2018-03-26,2018-03-31
sz.000425,2018-03-26,2018-03-31
sz.000503,2018-03-26,2018-03-31
sz.000538,2018-03-26,2018-03-31
sz.000540,2018-03-26,2018-03-31
sz.000559,2018-03-26,2018-03-31
sz.000568,2018-03-26,2018-03-31
sz.000623,2018-03-26,2018-03-31
sz.000625,2018-03-26,2018-03-31
sz.000627,2018-03-26,2018-03-31
sz.000630,2018-03-26,2018-03-31
sz.000651,2018-03-26,2018-03-31
sz.000671,2018-03-26,2018-03-31
sz.000686,2018-03-26,2018-03-31
sz.000709,2018-03-26,2018-03-31
sz.000723,2018-03-26,2018-03-31
sz.000725,2018-03-26,2018-03-31
sz.000728,2018-03-26,2018-03-31
sz.000738,2018-03-26,2018-03-31
sz.000750,2018-03-26,2018-03-31
sz.000768,2018-03-26,2018-03-31
sz.000776,2018-03-26,2018-03-31
sz.000783,2018-03-26,2018-03-31
sz.000792,2018-03-26,2018-03-31
sz.000826,2018-03-26,2018-03-31
sz.000839,2018-03-26,2018-03-31
sz.000858,2018-03-26,2018-03-31
sz.000876,2018-03-26,2018-03-31
sz.000895,2018-03-26,2018-03-31
sz.000898,2018-03-26,2018-03-31
sz.000938,2018-03-26,2018-03-31
sz.000959,2018-03-26,2018-03-31
sz.000961,2018-03-26,2018-03-31
sz.000963,2018-03-26,2018-03-31
sz.000983,2018-03-26,2018-03-31
sz.001979,2018-03-26,2018-03-31
sz.002007,2018-03-26,2018-03-31
sz.002008,2018-03-26,2018-03-31
sz.002024,2018-03-26,2018-03-31
sz.002027,2018-03-26,2018-03-31
sz.002044,2018-03-26,2018-03-31
sz.002065,2018-03-26,2018-03-31
sz.002074,2018-03-26,2018-03-31
sz.002081,2018-03-26,2018-03-31
sz.002142,2018-03-26,2018-03-31
sz.002146,2018-03-26,2018-03-31
sz.002153,2018-03-26,2018-03-31
sz.002174,2018-03-26,2018-03-31
sz.002202,2018-03-26,2018-03-31
sz.002230,2018-03-26,2018-03-31
sz.002236,2018-03-26,2018-03-31
sz.002241,2018-03-26,2018-03-31
sz.002252,2018-03-26,2018-03-31
sz.002292,2018-03-26,2018-03-31
sz.002294,2018-03-26,2018-03-31
sz.002304,2018-03-26,2018-03-31
sz.002310,2018-03-26,2018-03-31
sz.002352,2018-03-26,2018-03-31
sz.002385,2018-03-26,2018-03-31
sz.002411,2018-03-26,2018-03-31
sz.002415,2018-03-26,2018-03-31
sz.002424,2018-03-26,2018-03-31
sz.002426,2018-03-26,2018-03-31
sz.002450,2018-03-26,2018-03-31
sz.002456,2018-03-26,2018-03-31
sz.002460,2018-03-26,2018-03-31
sz.002465,2018-03-26,2018-03-31
sz.002466,2018-03-26,2018-03-31
sz.002468,2018-03-26,2018-03-31
sz.002470,2018-03-26,2018-03-31
sz.002475,2018-03-26,2018-03-31
sz.002500,2018-03-26,2018-03-31
sz.002508,2018-03-26,2018-03-31
sz.002555,2018-03-26,2018-03-31
sz.002558,2018-03-26,2018-03-31
sz.002572,2018-03-26,2018-03-31
sz.002594,2018-03-26,2018-03-31
sz.002601,2018-03-26,2018-03-31
sz.002602,2018-03-26,2018-03-31
sz.002608,2018-03-26,2018-03-31
sz.002624,2018-03-26,2018-03-31
sz.002673,2018-03-26,2018-03-31
sz.002714,2018-03-26,2018-03-31
sz.002736,2018-03-26,2018-03-31
sz.002739,2018-03-26,2018-03-31
sz.002797,2018-03-26,2018-03-31
sz.002831,2018-03-26,2018-03-31
sz.002839,2018-03-26,2018-03-31
sz.002841,2018-03-26,2018-03-31
sz.300003,2018-03-26,2018-03-31
sz.300015,2018-03-26,2018-03-31
sz.300017,2018-03-26,2018-03-31
sz.300024,2018-03-26,2018-03-31
sz.300027,2018-03-26,2018-03-31
sz.300033,2018-03-26,2018-03-31
sz.300059,2018-03-26,2018-03-31
sz.300070,2018-03-26,2018-03-31
sz.300072,2018-03-26,2018-03-31
sz.300122,2018-03-26,2018-03-31
sz.300124,2018-03-26,2018-03-31
sz.300136,2018-03-26,2018-03-31
sz.300144,2018-03-26,2018-03-31
sz.300251,2018-03-26,2018-03-31
sz.300315,2018-03-26,2018-03-31
sh.600000,2018-04-30,2018-04-30
sh.600008,2018-04-30,2018-04-30
sh.600009,2018-04-30,2018-04-30
sh.600010,2018-04-30,2018-04-30
sh.600011,2018-04-30,2018-04-30
sh.600015,2018-04-30,2018-04-30
sh.600016,2018-04-30,2018-04-30
sh.600018,2018-04-30,2018-04-30
sh.600019,2018-04-30,2018-04-30
sh.600021,2018-04-30,2018-04-30
sh.600023,2018-04-30,2018-04-30
sh.600028,2018-04-30,2018-04-30
sh.600029,2018-04-30,2018-04-30
sh.600030,2018-04-30,2018-04-30
sh.600031,2018-04-30,2018-04-30
sh.600036,2018-04-30,2018-04-30
sh.600038,2018-04-30,2018-04-30
sh.600048,2018-04-30,2018-04-30
sh.600050,2018-04-30,2018-04-30
sh.600061,2018-04-30,2018-04-30
sh.600066,2018-04-30,2018-04-30
sh.600068,2018-04-30,2018-04-30
sh.600074,2018-04-30,2018-04-30
sh.600085,2018-04-30,2018-04-30
sh.600089,2018-04-30,2018-04-30
sh.600100,2018-04-30,2018-04-30
sh.600104,2018-04-30,2018-04-30
sh.600109,2018-04-30,2018-04-30
sh.600111,2018-04-30,2018-04-30
sh.600115,2018-04-30,2018-04-30
sh.600118,2018-04-30,2018-04-30
sh.600153,2018-04-30,2018-04-30
sh.600157,2018-04-30,2018-04-30
sh.600170,2018-04-30,2018-04-30
sh.600177,2018-04-30,2018-04-30
sh.600188,2018-04-30,2018-04-30
sh.600196,2018-04-30,2018-04-30
sh.600208,2018-04-30,2018-04-30
sh.600219,2018-04-30,2018-04-30
sh.600221,2018-04-30,2018-04-30
sh.600233,2018-04-30,2018-04-30
sh.600271,2018-04-30,2018-04-30
sh.600276,2018-04-30,2018-04-30
sh.600297,2018-04-30,2018-04-30
sh.600309,2018-04-30,2018-04-30
sh.600332,2018-04-30,2018-04-30
sh.600340,2018-04-30,2018-04-30
sh.600352,2018-04-30,2018-04-30
sh.600362,2018-04-30,2018-04-30
sh.600369,2018-04-30,2018-04-30
sh.600372,2018-04-30,2018-04-30
sh.600373,2018-04-30,2018-04-30
sh.600376,2018-04-30,2018-04-30
sh.600383,2018-04-30,2018-04-30
sh.600390,2018-04-30,2018-04-30
sh.600406,2018-04-30,2018-04-30
sh.600415,2018-04-30,2018-04-30
sh.600436,2018-04-30,2018-04-30
sh.600482,2018-04-30,2018-04-30
sh.600485,2018-04-30,2018-04-30
sh.600489,2018-04-30,2018-04-30
sh.600498,2018-04-30,2018-04-30
sh.600518,2018-04-30,2018-04-30
sh.600519,2018-04-30,2018-04-30
sh.600522,2018-04-30,2018-04-30
sh.600535,2018-04-30,2018-04-30
sh.600547,2018-04-30,2018-04-30
sh.600549,2018-04-30,2018-04-30
sh.600570,2018-04-30,2018-04-30
sh.600583,2018-04-30,2018-04-30
sh.600585,2018-04-30,2018-04-30
sh.600588,2018-04-30,2018-04-30
sh.600606,2018-04-30,2018-04-30
sh.600637,2018-04-30,2018-04-30
sh.600649,2018-04-30,2018-04-30
sh.600660,2018-04-30,2018-04-30
sh.600663,2018-04-30,2018-04-30
sh.600674,2018-04-30,2018-04-30
sh.600682,2018-04-30,2018-04-30
sh.600685,2018-04-30,2018-04-30
sh.600688,2018-04-30,2018-04-30
sh.600690,2018-04-30,2018-04-30
sh.600703,2018-04-30,2018-04-30
sh.600704,2018-04-30,2018-04-30
sh.600705,2018-04-30,2018-04-30
sh.600739,2018-04-30,2018-04-30
sh.600741,2018-04-30,2018-04-30
sh.600795,2018-04-30,2018-04-30
sh.600804,2018-04-30,2018-04-30
sh.600816,2018-04-30,2018-04-30
sh.600820,2018-04-30,2018-04-30
sh.600827,2018-04-30,2018-04-30
sh.600837,2018-04-30,2018-04-30
sh.600871,2018-04-30,2018-04-30
sh.600886,2018-04-30,2018-04-30
sh.600887,2018-04-30,2018-04-30
sh.600893,2018-04-30,2018-04-30
sh.600895,2018-04-30,2018-04-30
sh.600900,2018-04-30,2018-04-30
sh.600909,2018-04-30,2018-04-30
sh.600919,2018-04-30,2018-04-30
sh.600926,2018-04-30,2018-04-30
sh.600958,2018-04-30,2018-04-30
sh.600959,2018-04-30,2018-04-30
sh.600977,2018-04-30,2018-04-30
sh.600999,2018-04-30,2018-04-30
sh.601006,2018-04-30,2018-04-30
sh.601009,2018-04-30,2018-04-30
sh.601012,2018-04-30,2018-04-30
sh.601018,2018-04-30,2018-04-30
sh.601021,2018-04-30,2018-04-30
sh.601088,2018-04-30,2018-04-30
sh.601099,2018-04-30,2018-04-30
sh.601111,2018-04-30,2018-04-30
sh.601117,2018-04-30,2018-04-30
sh.601118,2018-04-30,2018-04-30
sh.601155,2018-04-30,2018-04-30
sh.601163,2018-04-30,2018-04-30
sh.601166,2018-04-30,2018-04-30
sh.601169,2018-04-30,2018-04-30
sh.601186,2018-04-30,2018-04-30
sh.601198,2018-04-30,2018-04-30
sh.601211,2018-04-30,2018-04-30
sh.601212,2018-04-30,2018-04-30
sh.601216,2018-04-30,2018-04-30
sh.601225,2018-04-30,2018-04-30
sh.601228,2018-04-30,2018-04-30
sh.601229,2018-04-30,2018-04-30
sh.601288,2018-04-30,2018-04-30
sh.601318,2018-04-30,2018-04-30
sh.601328,2018-04-30,2018-04-30
sh.601333,2018-04-30,2018-04-30
sh.601336,2018-04-30,2018-04-30
sh.601375,2018-04-30,2018-04-30
sh.601377,2018-04-30,2018-04-30
sh.601390,2018-04-30,2018-04-30
sh.601398,2018-04-30,2018-04-30
sh.601555,2018-04-30,2018-04-30
sh.601600,2018-04-30,2018-04-30
sh.601601,2018-04-30,2018-04-30
sh.601607,2018-04-30,2018-04-30
sh.601608,2018-04-30,2018-04-30
sh.601611,2018-04-30,2018-04-30
sh.601618,2018-04-30,2018-04-30
sh.601628,2018-04-30,2018-04-30
sh.601633,2018-04-30,2018-04-30
sh.601668,2018-04-30,2018-04-30
sh.601669,2018-04-30,2018-04-30
sh.601688,2018-04-30,2018-04-30
sh.601718,2018-04-30,2018-04-30
sh.601727,2018-04-30,2018-04-30
sh.601766,2018-04-30,2018-04-30
sh.601788,2018-04-30,2018-04-30
sh.601800,2018-04-30,2018-04-30
sh.601818,2018-04-30,2018-04-30
sh.601857,2018-04-30,2018-04-30
sh.601866,2018-04-30,2018-04-30
sh.601872,2018-04-30,2018-04-30
sh.601877,2018-04-30,2018-04-30
sh.601878,2018-04-30,2018-04-30
sh.601881,2018-04-30,2018-04-30
sh.601888,2018-04-30,2018-04-30
sh.601898,2018-04-30,2018-04-30
sh.601899,2018-04-30,2018-04-30
sh.601901,2018-04-30,2018-04-30
sh.601919,2018-04-30,2018-04-30
sh.601933,2018-04-30,2018-04-30
sh.601939,2018-04-30,2018-04-30
sh.601958,2018-04-30,2018-04-30
sh.601966,2018-04-30,2018-04-30
sh.601985,2018-04-30,2018-04-30
sh.601988,2018-04-30,2018-04-30
sh.601989,2018-04-30,2018-04-30
sh.601991,2018-04-30,2018-04-30
sh.601992,2018-04-30,2018-04-30
sh.601997,2018-04-30,2018-04-30
sh.601998,2018-04-30,2018-04-30
sh.603160,2018-04-30,2018-04-30
sh.603799,2018-04-30,2018-04-30
sh.603833,2018-04-30,2018-04-30
sh.603858,2018-04-30,2018-04-30
sh.603993,2018-04-30,2018-04-30
sz.000001,2018-04-30,2018-04-30
sz.000002,2018-04-30,2018-04-30
sz.000008,2018-04-30,2018-04-30
sz.000060,2018-04-30,2018-04-30
sz.000063,2018-04-30,2018-04-30
sz.000069,2018-04-30,2018-04-30
sz.000100,2018-04-30,2018-04-30
sz.000157,2018-04-30,2018-04-30
sz.000166,2018-04-30,2018-04-30
sz.000333,2018-04-30,2018-04-30
sz.000338,2018-04-30,2018-04-30
sz.000402,2018-04-30,2018-04-30
sz.000413,2018-04-30,2018-04-30
sz.000415,2018-04-30,2018-04-30
sz.000423,2018-04-30,2018-04-30
sz.000425,2018-04-30,2018-04-30
sz.000503,2018-04-30,2018-04-30
sz.000538,2018-04-30,2018-04-30
sz.000540,2018-04-30,2018-04-30
sz.000559,2018-04-30,2018-04-30
sz.000568,2018-04-30,2018-04-30
sz.000623,2018-04-30,2018-04-30
sz.000625,2018-04-30,2018-04-30
sz.000627,2018-04-30,2018-04-30
sz.000630,2018-04-30,2018-04-30
sz.000651,2018-04-30,2018-04-30
sz.000671,2018-04-30,2018-04-30
sz.000686,2018-04-30,2018-04-30
sz.000709,2018-04-30,2018-04-30
sz.000723,2018-04-30,2018-04-30
sz.000725,2018-04-30,2018-04-30
sz.000728,2018-04-30,2018-04-30
sz.000738,2018-04-30,2018-04-30
sz.000750,2018-04-30,2018-04-30
sz.000768,2018-04-30,2018-04-30
sz.000776,2018-04-30,2018-04-30
sz.000783,2018-04-30,2018-04-30
sz.000792,2018-04-30,2018-04-30
sz.000826,2018-04-30,2018-04-30
sz.000839,2018-04-30,2018-04-30
sz.000858,2018-04-30,2018-04-30
sz.000876,2018-04-30,2018-04-30
sz.000895,2018-04-30,2018-04-30
sz.000898,2018-04-30,2018-04-30
sz.000938,2018-04-30,2018-04-30
sz.000959,2018-04-30,2018-04-30
sz.000961,2018-04-30,2018-04-30
sz.000963,2018-04-30,2018-04-30
sz.000983,2018-04-30,2018-04-30
sz.001979,2018-04-30,2018-04-30
sz.002007,2018-04-30,2018-04-30
sz.002008,2018-04-30,2018-04-30
sz.002024,2018-04-30,2018-04-30
sz.002027,2018-04-30,2018-04-30
sz.002044,2018-04-30,2018-04-30
sz.002065,2018-04-30,2018-04-30
sz.002074,2018-04-30,2018-04-30
sz.002081,2018-04-30,2018-04-30
sz.002142,2018-04-30,2018-04-30
sz.002146,2018-04-30,2018-04-30
sz.002153,2018-04-30,2018-04-30
sz.002174,2018-04-30,2018-04-30
sz.002202,2018-04-30,2018-04-30
sz.002230,2018-04-30,2018-04-30
sz.002236,2018-04-30,2018-04-30
sz.002241,2018-04-30,2018-04-30
sz.002252,2018-04-30,2018-04-30
sz.002292,2018-04-30,2018-04-30
sz.002294,2018-04-30,2018-04-30
sz.002304,2018-04-30,2018-04-30
sz.002310,2018-04-30,2018-04-30
sz.002352,2018-04-30,2018-04-30
sz.002385,2018-04-30,2018-04-30
sz.002411,2018-04-30,2018-04-30
sz.002415,2018-04-30,2018-04-30
sz.002424,2018-04-30,2018-04-30
sz.002426,2018-04-30,2018-04-30
sz.002450,2018-04-30,2018-04-30
sz.002456,2018-04-30,2018-04-30
sz.002460,2018-04-30,2018-04-30
sz.002465,2018-04-30,2018-04-30
sz.002466,2018-04-30,2018-04-30
sz.002468,2018-04-30,2018-04-30
sz.002470,2018-04-30,2018-04-30
sz.002475,2018-04-30,2018-04-30
sz.002500,2018-04-30,2018-04-30
sz.002508,2018-04-30,2018-04-30
sz.002555,2018-04-30,2018-04-30
sz.002558,2018-04-30,2018-04-30
sz.002572,2018-04-30,2018-04-30
sz.002594,2018-04-30,2018-04-30
sz.002601,2018-04-30,2018-04-30
sz.002602,2018-04-30,2018-04-30
sz.002608,2018-04-30,2018-04-30
sz.002624,2018-04-30,2018-04-30
sz.002673,2018-04-30,2018-04-30
sz.002714,2018-04-30,2018-04-30
sz.002736,2018-04-30,2018-04-30
sz.002739,2018-04-30,2018-04-30
sz.002797,2018-04-30,2018-04-30
sz.002831,2018-04-30,2018-04-30
sz.002839,2018-04-30,2018-04-30
sz.002841,2018-04-30,2018-04-30
sz.300003,2018-04-30,2018-04-30
sz.300015,2018-04-30,2018-04-30
sz.300017,2018-04-30,2018-04-30
sz.300024,2018-04-30,2018-04-30
sz.300027,2018-04-30,2018-04-30
sz.300033,2018-04-30,2018-04-30
sz.300059,2018-04-30,2018-04-30
sz.300070,2018-04-30,2018-04-30
sz.300072,2018-04-30,2018-04-30
sz.300122,2018-04-30,2018-04-30
sz.300124,2018-04-30,2018-04-30
sz.300136,2018-04-30,2018-04-30
sz.300144,2018-04-30,2018-04-30
sz.300251,2018-04-30,2018-04-30
sz.300315,2018-04-30,2018-04-30
sh.600000,2018-05-28,2018-05-31
sh.600008,2018-05-28,2018-05-31
sh.600009,2018-05-28,2018-05-31
sh.600010,2018-05-28,2018-05-31
sh.600011,2018-05-28,2018-05-31
sh.600015,2018-05-28,2018-05-31
sh.600016,2018-05-28,2018-05-31
sh.600018,2018-05-28,2018-05-31
sh.600019,2018-05-28,2018-05-31
sh.600021,2018-05-28,2018-05-31
sh.600023,2018-05-28,2018-05-31
sh.600028,2018-05-28,2018-05-31
sh.600029,2018-05-28,2018-05-31
sh.600030,2018-05-28,2018-05-31
sh.600031,2018-05-28,2018-05-31
sh.600036,2018-05-28,2018-05-31
sh.600038,2018-05-28,2018-05-31
sh.600048,2018-05-28,2018-05-31
sh.600050,2018-05-28,2018-05-31
sh.600061,2018-05-28,2018-05-31
sh.600066,2018-05-28,2018-05-31
sh.600068,2018-05-28,2018-05-31
sh.600074,2018-05-28,2018-05-31
sh.600085,2018-05-28,2018-05-31
sh.600089,2018-05-28,2018-05-31
sh.600100,2018-05-28,2018-05-31
sh.600104,2018-05-28,2018-05-31
sh.600109,2018-05-28,2018-05-31
sh.600111,2018-05-28,2018-05-31
sh.600115,2018-05-28,2018-05-31
sh.600118,2018-05-28,2018-05-31
sh.600153,2018-05-28,2018-05-31
sh.600157,2018-05-28,2018-05-31
sh.600170,2018-05-28,2018-05-31
sh.600177,2018-05-28,2018-05-31
sh.600188,2018-05-28,2018-05-31
sh.600196,2018-05-28,2018-05-31
sh.600208,2018-05-28,2018-05-31
sh.600219,2018-05-28,2018-05-31
sh.600221,2018-05-28,2018-05-31
sh.600233,2018-05-28,2018-05-31
sh.600271,2018-05-28,2018-05-31
sh.600276,2018-05-28,2018-05-31
sh.600297,2018-05-28,2018-05-31
sh.600309,2018-05-28,2018-05-31
sh.600332,2018-05-28,2018-05-31
sh.600340,2018-05-28,2018-05-31
sh.600352,2018-05-28,2018-05-31
sh.600362,2018-05-28,2018-05-31
sh.600369,2018-05-28,2018-05-31
sh.600372,2018-05-28,2018-05-31
sh.600373,2018-05-28,2018-05-31
sh.600376,2018-05-28,2018-05-31
sh.600383,2018-05-28,2018-05-31
sh.600390,2018-05-28,2018-05-31
sh.600406,2018-05-28,2018-05-31
sh.600415,2018-05-28,2018-05-31
sh.600436,2018-05-28,2018-05-31
sh.600482,2018-05-28,2018-05-31
sh.600485,2018-05-28,2018-05-31
sh.600489,2018-05-28,2018-05-31
sh.600498,2018-05-28,2018-05-31
sh.600518,2018-05-28,2018-05-31
sh.600519,2018-05-28,2018-05-31
sh.600522,2018-05-28,2018-05-31
sh.600535,2018-05-28,2018-05-31
sh.600547,2018-05-28,2018-05-31
sh.600549,2018-05-28,2018-05-31
sh.600570,2018-05-28,2018-05-31
sh.600583,2018-05-28,2018-05-31
sh.600585,2018-05-28,2018-05-31
sh.600588,2018-05-28,2018-05-31
sh.600606,2018-05-28,2018-05-31
sh.600637,2018-05-28,2018-05-31
sh.600649,2018-05-28,2018-05-31
sh.600660,2018-05-28,2018-05-31
sh.600663,2018-05-28,2018-05-31
sh.600674,2018-05-28,2018-05-31
sh.600682,2018-05-28,2018-05-31
sh.600685,2018-05-28,2018-05-31
sh.600688,2018-05-28,2018-05-31
sh.600690,2018-05-28,2018-05-31
sh.600703,2018-05-28,2018-05-31
sh.600704,2018-05-28,2018-05-31
sh.600705,2018-05-28,2018-05-31
sh.600739,2018-05-28,2018-05-31
sh.600741,2018-05-28,2018-05-31
sh.600795,2018-05-28,2018-05-31
sh.600804,2018-05-28,2018-05-31
sh.600816,2018-05-28,2018-05-31
sh.600820,2018-05-28,2018-05-31
sh.600827,2018-05-28,2018-05-31
sh.600837,2018-05-28,2018-05-31
sh.600871,2018-05-28,2018-05-31
sh.600886,2018-05-28,2018-05-31
sh.600887,2018-05-28,2018-05-31
sh.600893,2018-05-28,2018-05-31
sh.600895,2018-05-28,2018-05-31
sh.600900,2018-05-28,2018-05-31
sh.600909,2018-05-28,2018-05-31
sh.600919,2018-05-28,2018-05-31
sh.600926,2018-05-28,2018-05-31
sh.600958,2018-05-28,2018-05-31
sh.600959,2018-05-28,2018-05-31
sh.600977,2018-05-28,2018-05-31
sh.600999,2018-05-28,2018-05-31
sh.601006,2018-05-28,2018-05-31
sh.601009,2018-05-28,2018-05-31
sh.601012,2018-05-28,2018-05-31
sh.601018,2018-05-28,2018-05-31
sh.601021,2018-05-28,2018-05-31
sh.601088,2018-05-28,2018-05-31
sh.601099,2018-05-28,2018-05-31
sh.601111,2018-05-28,2018-05-31
sh.601117,2018-05-28,2018-05-31
sh.601118,2018-05-28,2018-05-31
sh.601155,2018-05-28,2018-05-31
sh.601163,2018-05-28,2018-05-31
sh.601166,2018-05-28,2018-05-31
sh.601169,2018-05-28,2018-05-31
sh.601186,2018-05-28,2018-05-31
sh.601198,2018-05-28,2018-05-31
sh.601211,2018-05-28,2018-05-31
sh.601212,2018-05-28,2018-05-31
sh.601216,2018-05-28,2018-05-31
sh.601225,2018-05-28,2018-05-31
sh.601228,2018-05-28,2018-05-31
sh.601229,2018-05-28,2018-05-31
sh.601288,2018-05-28,2018-05-31
sh.601318,2018-05-28,2018-05-31
sh.601328,2018-05-28,2018-05-31
sh.601333,2018-05-28,2018-05-31
sh.601336,2018-05-28,2018-05-31
sh.601375,2018-05-28,2018-05-31
sh.601377,2018-05-28,2018-05-31
sh.601390,2018-05-28,2018-05-31
sh.601398,2018-05-28,2018-05-31
sh.601555,2018-05-28,2018-05-31
sh.601600,2018-05-28,2018-05-31
sh.601601,2018-05-28,2018-05-31
sh.601607,2018-05-28,2018-05-31
sh.601608,2018-05-28,2018-05-31
sh.601611,2018-05-28,2018-05-31
sh.601618,2018-05-28,2018-05-31
sh.601628,2018-05-28,2018-05-31
sh.601633,2018-05-28,2018-05-31
sh.601668,2018-05-28,2018-05-31
sh.601669,2018-05-28,2018-05-31
sh.601688,2018-05-28,2018-05-31
sh.601718,2018-05-28,2018-05-31
sh.601727,2018-05-28,2018-05-31
sh.601766,2018-05-28,2018-05-31
sh.601788,2018-05-28,2018-05-31
sh.601800,2018-05-28,2018-05-31
sh.601818,2018-05-28,2018-05-31
sh.601857,2018-05-28,2018-05-31
sh.601866,2018-05-28,2018-05-31
sh.601872,2018-05-28,2018-05-31
sh.601877,2018-05-28,2018-05-31
sh.601878,2018-05-28,2018-05-31
sh.601881,2018-05-28,2018-05-31
sh.601888,2018-05-28,2018-05-31
sh.601898,2018-05-28,2018-05-31
sh.601899,2018-05-28,2018-05-31
sh.601901,2018-05-28,2018-05-31
sh.601919,2018-05-28,2018-05-31
sh.601933,2018-05-28,2018-05-31
sh.601939,2018-05-28,2018-05-31
sh.601958,2018-05-28,2018-05-31
sh.601966,2018-05-28,2018-05-31
sh.601985,2018-05-28,2018-05-31
sh.601988,2018-05-28,2018-05-31
sh.601989,2018-05-28,2018-05-31
sh.601991,2018-05-28,2018-05-31
sh.601992,2018-05-28,2018-05-31
sh.601997,2018-05-28,2018-05-31
sh.601998,2018-05-28,2018-05-31
sh.603160,2018-05-28,2018-05-31
sh.603799,2018-05-28,2018-05-31
sh.603833,2018-05-28,2018-05-31
sh.603858,2018-05-28,2018-05-31
sh.603993,2018-05-28,2018-05-31
sz.000001,2018-05-28,2018-05-31
sz.000002,2018-05-28,2018-05-31
sz.000008,2018-05-28,2018-05-31
sz.000060,2018-05-28,2018-05-31
sz.000063,2018-05-28,2018-05-31
sz.000069,2018-05-28,2018-05-31
sz.000100,2018-05-28,2018-05-31
sz.000157,2018-05-28,2018-05-31
sz.000166,2018-05-28,2018-05-31
sz.000333,2018-05-28,2018-05-31
sz.000338,2018-05-28,2018-05-31
sz.000402,2018-05-28,2018-05-31
sz.000413,2018-05-28,2018-05-31
sz.000415,2018-05-28,2018-05-31
sz.000423,2018-05-28,2018-05-31
sz.000425,2018-05-28,2018-05-31
sz.000503,2018-05-28,2018-05-31
sz.000538,2018-05-28,2018-05-31
sz.000540,2018-05-28,2018-05-31
sz.000559,2018-05-28,2018-05-31
sz.000568,2018-05-28,2018-05-31
sz.000623,2018-05-28,2018-05-31
sz.000625,2018-05-28,2018-05-31
sz.000627,2018-05-28,2018-05-31
sz.000630,2018-05-28,2018-05-31
sz.000651,2018-05-28,2018-05-31
sz.000671,2018-05-28,2018-05-31
sz.000686,2018-05-28,2018-05-31
sz.000709,2018-05-28,2018-05-31
sz.000723,2018-05-28,2018-05-31
sz.000725,2018-05-28,2018-05-31
sz.000728,2018-05-28,2018-05-31
sz.000738,2018-05-28,2018-05-31
sz.000750,2018-05-28,2018-05-31
sz.000768,2018-05-28,2018-05-31
sz.000776,2018-05-28,2018-05-31
sz.000783,2018-05-28,2018-05-31
sz.000792,2018-05-28,2018-05-31
sz.000826,2018-05-28,2018-05-31
sz.000839,2018-05-28,2018-05-31
sz.000858,2018-05-28,2018-05-31
sz.000876,2018-05-28,2018-05-31
sz.000895,2018-05-28,2018-05-31
sz.000898,2018-05-28,2018-05-31
sz.000938,2018-05-28,2018-05-31
sz.000959,2018-05-28,2018-05-31
sz.000961,2018-05-28,2018-05-31
sz.000963,2018-05-28,2018-05-31
sz.000983,2018-05-28,2018-05-31
sz.001979,2018-05-28,2018-05-31
sz.002007,2018-05-28,2018-05-31
sz.002008,2018-05-28,2018-05-31
sz.002024,2018-05-28,2018-05-31
sz.002027,2018-05-28,2018-05-31
sz.002044,2018-05-28,2018-05-31
sz.002065,2018-05-28,2018-05-31
sz.002074,2018-05-28,2018-05-31
sz.002081,2018-05-28,2018-05-31
sz.002142,2018-05-28,2018-05-31
sz.002146,2018-05-28,2018-05-31
sz.002153,2018-05-28,2018-05-31
sz.002174,2018-05-28,2018-05-31
sz.002202,2018-05-28,2018-05-31
sz.002230,2018-05-28,2018-05-31
sz.002236,2018-05-28,2018-05-31
sz.002241,2018-05-28,2018-05-31
sz.002252,2018-05-28,2018-05-31
sz.002292,2018-05-28,2018-05-31
sz.002294,2018-05-28,2018-05-31
sz.002304,2018-05-28,2018-05-31
sz.002310,2018-05-28,2018-05-31
sz.002352,2018-05-28,2018-05-31
sz.002385,2018-05-28,2018-05-31
sz.002411,2018-05-28,2018-05-31
sz.002415,2018-05-28,2018-05-31
sz.002424,2018-05-28,2018-05-31
sz.002426,2018-05-28,2018-05-31
sz.002450,2018-05-28,2018-05-31
sz.002456,2018-05-28,2018-05-31
sz.002460,2018-05-28,2018-05-31
sz.002465,2018-05-28,2018-05-31
sz.002466,2018-05-28,2018-05-31
sz.002468,2018-05-28,2018-05-31
sz.002470,2018-05-28,2018-05-31
sz.002475,2018-05-28,2018-05-31
sz.002500,2018-05-28,2018-05-31
sz.002508,2018-05-28,2018-05-31
sz.002555,2018-05-28,2018-05-31
sz.002558,2018-05-28,2018-05-31
sz.002572,2018-05-28,2018-05-31
sz.002594,2018-05-28,2018-05-31
sz.002601,2018-05-28,2018-05-31
sz.002602,2018-05-28,2018-05-31
sz.002608,2018-05-28,2018-05-31
sz.002624,2018-05-28,2018-05-31
sz.002673,2018-05-28,2018-05-31
sz.002714,2018-05-28,2018-05-31
sz.002736,2018-05-28,2018-05-31
sz.002739,2018-05-28,2018-05-31
sz.002797,2018-05-28,2018-05-31
sz.002831,2018-05-28,2018-05-31
sz.002839,2018-05-28,2018-05-31
sz.002841,2018-05-28,2018-05-31
sz.300003,2018-05-28,2018-05-31
sz.300015,2018-05-28,2018-05-31
sz.300017,2018-05-28,2018-05-31
sz.300024,2018-05-28,2018-05-31
sz.300027,2018-05-28,2018-05-31
sz.300033,2018-05-28,2018-05-31
sz.300059,2018-05-28,2018-05-31
sz.300070,2018-05-28,2018-05-31
sz.300072,2018-05-28,2018-05-31
sz.300122,2018-05-28,2018-05-31
sz.300124,2018-05-28,2018-05-31
sz.300136,2018-05-28,2018-05-31
sz.300144,2018-05-28,2018-05-31
sz.300251,2018-05-28,2018-05-31
sz.300315,2018-05-28,2018-05-31
sh.600000,2018-06-25,2018-06-30
sh.600008,2018-06-25,2018-06-30
sh.600009,2018-06-25,2018-06-30
sh.600010,2018-06-25,2018-06-30
sh.600011,2018-06-25,2018-06-30
sh.600015,2018-06-25,2018-06-30
sh.600016,2018-06-25,2018-06-30
sh.600018,2018-06-25,2018-06-30
sh.600019,2018-06-25,2018-06-30
sh.600023,2018-06-25,2018-06-30
sh.600025,2018-06-25,2018-06-30
sh.600028,2018-06-25,2018-06-30
sh.600029,2018-06-25,2018-06-30
sh.600030,2018-06-25,2018-06-30
sh.600031,2018-06-25,2018-06-30
sh.600036,2018-06-25,2018-06-30
sh.600038,2018-06-25,2018-06-30
sh.600048,2018-06-25,2018-06-30
sh.600050,2018-06-25,2018-06-30
sh.600061,2018-06-25,2018-06-30
sh.600066,2018-06-25,2018-06-30
sh.600068,2018-06-25,2018-06-30
sh.600085,2018-06-25,2018-06-30
sh.600089,2018-06-25,2018-06-30
sh.600100,2018-06-25,2018-06-30
sh.600104,2018-06-25,2018-06-30
sh.600109,2018-06-25,2018-06-30
sh.600111,2018-06-25,2018-06-30
sh.600115,2018-06-25,2018-06-30
sh.600118,2018-06-25,2018-06-30
sh.600153,2018-06-25,2018-06-30
sh.600157,2018-06-25,2018-06-30
sh.600170,2018-06-25,2018-06-30
sh.600176,2018-06-25,2018-06-30
sh.600177,2018-06-25,2018-06-30
sh.600188,2018-06-25,2018-06-30
sh.600196,2018-06-25,2018-06-30
sh.600208,2018-06-25,2018-06-30
sh.600219,2018-06-25,2018-06-30
sh.600221,2018-06-25,2018-06-30
sh.600233,2018-06-25,2018-06-30
sh.600271,2018-06-25,2018-06-30
sh.600276,2018-06-25,2018-06-30
sh.600297,2018-06-25,2018-06-30
sh.600309,2018-06-25,2018-06-30
sh.600332,2018-06-25,2018-06-30
sh.600339,2018-06-25,2018-06-30
sh.600340,2018-06-25,2018-06-30
sh.600346,2018-06-25,2018-06-30
sh.600352,2018-06-25,2018-06-30
sh.600362,2018-06-25,2018-06-30
sh.600369,2018-06-25,2018-06-30
sh.600372,2018-06-25,2018-06-30
sh.600373,2018-06-25,2018-06-30
sh.600376,2018-06-25,2018-06-30
sh.600383,2018-06-25,2018-06-30
sh.600390,2018-06-25,2018-06-30
sh.600398,2018-06-25,2018-06-30
sh.600406,2018-06-25,2018-06-30
sh.600415,2018-06-25,2018-06-30
sh.600436,2018-06-25,2018-06-30
sh.600438,2018-06-25,2018-06-30
sh.600482,2018-06-25,2018-06-30
sh.600487,2018-06-25,2018-06-30
sh.600489,2018-06-25,2018-06-30
sh.600498,2018-06-25,2018-06-30
sh.600516,2018-06-25,2018-06-30
sh.600518,2018-06-25,2018-06-30
sh.600519,2018-06-25,2018-06-30
sh.600522,2018-06-25,2018-06-30
sh.600535,2018-06-25,2018-06-30
sh.600547,2018-06-25,2018-06-30
sh.600549,2018-06-25,2018-06-30
sh.600570,2018-06-25,2018-06-30
sh.600583,2018-06-25,2018-06-30
sh.600585,2018-06-25,2018-06-30
sh.600588,2018-06-25,2018-06-30
sh.600606,2018-06-25,2018-06-30
sh.600637,2018-06-25,2018-06-30
sh.600660,2018-06-25,2018-06-30
sh.600663,2018-06-25,2018-06-30
sh.600674,2018-06-25,2018-06-30
sh.600682,2018-06-25,2018-06-30
sh.600688,2018-06-25,2018-06-30
sh.600690,2018-06-25,2018-06-30
sh.600703,2018-06-25,2018-06-30
sh.600704,2018-06-25,2018-06-30
sh.600705,2018-06-25,2018-06-30
sh.600739,2018-06-25,2018-06-30
sh.600741,2018-06-25,2018-06-30
sh.600795,2018-06-25,2018-06-30
sh.600804,2018-06-25,2018-06-30
sh.600809,2018-06-25,2018-06-30
sh.600816,2018-06-25,2018-06-30
sh.600820,2018-06-25,2018-06-30
sh.600837,2018-06-25,2018-06-30
sh.600867,2018-06-25,2018-06-30
sh.600886,2018-06-25,2018-06-30
sh.600887,2018-06-25,2018-06-30
sh.600893,2018-06-25,2018-06-30
sh.600900,2018-06-25,2018-06-30
sh.600909,2018-06-25,2018-06-30
sh.600919,2018-06-25,2018-06-30
sh.600926,2018-06-25,2018-06-30
sh.600958,2018-06-25,2018-06-30
sh.600959,2018-06-25,2018-06-30
sh.600977,2018-06-25,2018-06-30
sh.600999,2018-06-25,2018-06-30
sh.601006,2018-06-25,2018-06-30
sh.601009,2018-06-25,2018-06-30
sh.601012,2018-06-25,2018-06-30
sh.601018,2018-06-25,2018-06-30
sh.601021,2018-06-25,2018-06-30
sh.601088,2018-06-25,2018-06-30
sh.601099,2018-06-25,2018-06-30
sh.601108,2018-06-25,2018-06-30
sh.601111,2018-06-25,2018-06-30
sh.601117,2018-06-25,2018-06-30
sh.601155,2018-06-25,2018-06-30
sh.601166,2018-06-25,2018-06-30
sh.601169,2018-06-25,2018-06-30
sh.601186,2018-06-25,2018-06-30
sh.601198,2018-06-25,2018-06-30
sh.601211,2018-06-25,2018-06-30
sh.601212,2018-06-25,2018-06-30
sh.601216,2018-06-25,2018-06-30
sh.601225,2018-06-25,2018-06-30
sh.601228,2018-06-25,2018-06-30
sh.601229,2018-06-25,2018-06-30
sh.601238,2018-06-25,2018-06-30
sh.601288,2018-06-25,2018-06-30
sh.601318,2018-06-25,2018-06-30
sh.601328,2018-06-25,2018-06-30
sh.601333,2018-06-25,2018-06-30
sh.601336,2018-06-25,2018-06-30
sh.601360,2018-06-25,2018-06-30
sh.601377,2018-06-25,2018-06-30
sh.601390,2018-06-25,2018-06-30
sh.601398,2018-06-25,2018-06-30
sh.601555,2018-06-25,2018-06-30
sh.601600,2018-06-25,2018-06-30
sh.601601,2018-06-25,2018-06-30
sh.601607,2018-06-25,2018-06-30
sh.601611,2018-06-25,2018-06-30
sh.601618,2018-06-25,2018-06-30
sh.601628,2018-06-25,2018-06-30
sh.601633,2018-06-25,2018-06-30
sh.601668,2018-06-25,2018-06-30
sh.601669,2018-06-25,2018-06-30
sh.601688,2018-06-25,2018-06-30
sh.601718,2018-06-25,2018-06-30
sh.601727,2018-06-25,2018-06-30
sh.601766,2018-06-25,2018-06-30
sh.601788,2018-06-25,2018-06-30
sh.601800,2018-06-25,2018-06-30
sh.601808,2018-06-25,2018-06-30
sh.601818,2018-06-25,2018-06-30
sh.601828,2018-06-25,2018-06-30
sh.601838,2018-06-25,2018-06-30
sh.601857,2018-06-25,2018-06-30
sh.601866,2018-06-25,2018-06-30
sh.601877,2018-06-25,2018-06-30
sh.601878,2018-06-25,2018-06-30
sh.601881,2018-06-25,2018-06-30
sh.601888,2018-06-25,2018-06-30
sh.601898,2018-06-25,2018-06-30
sh.601899,2018-06-25,2018-06-30
sh.601901,2018-06-25,2018-06-30
sh.601919,2018-06-25,2018-06-30
sh.601933,2018-06-25,2018-06-30
sh.601939,2018-06-25,2018-06-30
sh.601958,2018-06-25,2018-06-30
sh.601985,2018-06-25,2018-06-30
sh.601988,2018-06-25,2018-06-30
sh.601989,2018-06-25,2018-06-30
sh.601991,2018-06-25,2018-06-30
sh.601992,2018-06-25,2018-06-30
sh.601997,2018-06-25,2018-06-30
sh.601998,2018-06-25,2018-06-30
sh.603160,2018-06-25,2018-06-30
sh.603260,2018-06-25,2018-06-30
sh.603288,2018-06-25,2018-06-30
sh.603799,2018-06-25,2018-06-30
sh.603833,2018-06-25,2018-06-30
sh.603858,2018-06-25,2018-06-30
sh.603993,2018-06-25,2018-06-30
sz.000001,2018-06-25,2018-06-30
sz.000002,2018-06-25,2018-06-30
sz.000060,2018-06-25,2018-06-30
sz.000063,2018-06-25,2018-06-30
sz.000069,2018-06-25,2018-06-30
sz.000100,2018-06-25,2018-06-30
sz.000157,2018-06-25,2018-06-30
sz.000166,2018-06-25,2018-06-30
sz.000333,2018-06-25,2018-06-30
sz.000338,2018-06-25,2018-06-30
sz.000402,2018-06-25,2018-06-30
sz.000413,2018-06-25,2018-06-30
sz.000415,2018-06-25,2018-06-30
sz.000423,2018-06-25,2018-06-30
sz.000425,2018-06-25,2018-06-30
sz.000503,2018-06-25,2018-06-30
sz.000538,2018-06-25,2018-06-30
sz.000540,2018-06-25,2018-06-30
sz.000559,2018-06-25,2018-06-30
sz.000568,2018-06-25,2018-06-30
sz.000623,2018-06-25,2018-06-30
sz.000625,2018-06-25,2018-06-30
sz.000627,2018-06-25,2018-06-30
sz.000630,2018-06-25,2018-06-30
sz.000651,2018-06-25,2018-06-30
sz.000671,2018-06-25,2018-06-30
sz.000709,2018-06-25,2018-06-30
sz.000723,2018-06-25,2018-06-30
sz.000725,2018-06-25,2018-06-30
sz.000728,2018-06-25,2018-06-30
sz.000768,2018-06-25,2018-06-30
sz.000776,2018-06-25,2018-06-30
sz.000783,2018-06-25,2018-06-30
sz.000786,2018-06-25,2018-06-30
sz.000792,2018-06-25,2018-06-30
sz.000826,2018-06-25,2018-06-30
sz.000839,2018-06-25,2018-06-30
sz.000858,2018-06-25,2018-06-30
sz.000876,2018-06-25,2018-06-30
sz.000895,2018-06-25,2018-06-30
sz.000898,2018-06-25,2018-06-30
sz.000938,2018-06-25,2018-06-30
sz.000959,2018-06-25,2018-06-30
sz.000961,2018-06-25,2018-06-30
sz.000963,2018-06-25,2018-06-30
sz.000983,2018-06-25,2018-06-30
sz.001965,2018-06-25,2018-06-30
sz.001979,2018-06-25,2018-06-30
sz.002007,2018-06-25,2018-06-30
sz.002008,2018-06-25,2018-06-30
sz.002024,2018-06-25,2018-06-30
sz.002027,2018-06-25,2018-06-30
sz.002044,2018-06-25,2018-06-30
sz.002050,2018-06-25,2018-06-30
sz.002065,2018-06-25,2018-06-30
sz.002074,2018-06-25,2018-06-30
sz.002081,2018-06-25,2018-06-30
sz.002085,2018-06-25,2018-06-30
sz.002142,2018-06-25,2018-06-30
sz.002146,2018-06-25,2018-06-30
sz.002153,2018-06-25,2018-06-30
sz.002202,2018-06-25,2018-06-30
sz.002230,2018-06-25,2018-06-30
sz.002236,2018-06-25,2018-06-30
sz.002241,2018-06-25,2018-06-30
sz.002252,2018-06-25,2018-06-30
sz.002294,2018-06-25,2018-06-30
sz.002304,2018-06-25,2018-06-30
sz.002310,2018-06-25,2018-06-30
sz.002352,2018-06-25,2018-06-30
sz.002385,2018-06-25,2018-06-30
sz.002411,2018-06-25,2018-06-30
sz.002415,2018-06-25,2018-06-30
sz.002450,2018-06-25,2018-06-30
sz.002456,2018-06-25,2018-06-30
sz.002460,2018-06-25,2018-06-30
sz.002466,2018-06-25,2018-06-30
sz.002468,2018-06-25,2018-06-30
sz.002470,2018-06-25,2018-06-30
sz.002475,2018-06-25,2018-06-30
sz.002493,2018-06-25,2018-06-30
sz.002500,2018-06-25,2018-06-30
sz.002508,2018-06-25,2018-06-30
sz.002555,2018-06-25,2018-06-30
sz.002558,2018-06-25,2018-06-30
sz.002572,2018-06-25,2018-06-30
sz.002594,2018-06-25,2018-06-30
sz.002601,2018-06-25,2018-06-30
sz.002602,2018-06-25,2018-06-30
sz.002608,2018-06-25,2018-06-30
sz.002624,2018-06-25,2018-06-30
sz.002625,2018-06-25,2018-06-30
sz.002673,2018-06-25,2018-06-30
sz.002714,2018-06-25,2018-06-30
sz.002736,2018-06-25,2018-06-30
sz.002739,2018-06-25,2018-06-30
sz.002797,2018-06-25,2018-06-30
sz.002925,2018-06-25,2018-06-30
sz.300003,2018-06-25,2018-06-30
sz.300015,2018-06-25,2018-06-30
sz.300017,2018-06-25,2018-06-30
sz.300024,2018-06-25,2018-06-30
sz.300027,2018-06-25,2018-06-30
sz.300033,2018-06-25,2018-06-30
sz.300059,2018-06-25,2018-06-30
sz.300070,2018-06-25,2018-06-30
sz.300072,2018-06-25,2018-06-30
sz.300122,2018-06-25,2018-06-30
sz.300124,2018-06-25,2018-06-30
sz.300136,2018-06-25,2018-06-30
sz.300144,2018-06-25,2018-06-30
sz.300251,2018-06-25,2018-06-30
sz.300408,2018-06-25,2018-06-30
sz.300433,2018-06-25,2018-06-30
sh.600000,2018-07-30,2018-07-31
sh.600008,2018-07-30,2018-07-31
sh.600009,2018-07-30,2018-07-31
sh.600010,2018-07-30,2018-07-31
sh.600011,2018-07-30,2018-07-31
sh.600015,2018-07-30,2018-07-31
sh.600016,2018-07-30,2018-07-31
sh.600018,2018-07-30,2018-07-31
sh.600019,2018-07-30,2018-07-31
sh.600023,2018-07-30,2018-07-31
sh.600025,2018-07-30,2018-07-31
sh.600028,2018-07-30,2018-07-31
sh.600029,2018-07-30,2018-07-31
sh.600030,2018-07-30,2018-07-31
sh.600031,2018-07-30,2018-07-31
sh.600036,2018-07-30,2018-07-31
sh.600038,2018-07-30,2018-07-31
sh.600048,2018-07-30,2018-07-31
sh.600050,2018-07-30,2018-07-31
sh.600061,2018-07-30,2018-07-31
sh.600066,2018-07-30,2018-07-31
sh.600068,2018-07-30,2018-07-31
sh.600085,2018-07-30,2018-07-31
sh.600089,2018-07-30,2018-07-31
sh.600100,2018-07-30,2018-07-31
sh.600104,2018-07-30,2018-07-31
sh.600109,2018-07-30,2018-07-31
sh.600111,2018-07-30,2018-07-31
sh.600115,2018-07-30,2018-07-31
sh.600118,2018-07-30,2018-07-31
sh.600153,2018-07-30,2018-07-31
sh.600157,2018-07-30,2018-07-31
sh.600170,2018-07-30,2018-07-31
sh.600176,2018-07-30,2018-07-31
sh.600177,2018-07-30,2018-07-31
sh.600188,2018-07-30,2018-07-31
sh.600196,2018-07-30,2018-07-31
sh.600208,2018-07-30,2018-07-31
sh.600219,2018-07-30,2018-07-31
sh.600221,2018-07-30,2018-07-31
sh.600233,2018-07-30,2018-07-31
sh.600271,2018-07-30,2018-07-31
sh.600276,2018-07-30,2018-07-31
sh.600297,2018-07-30,2018-07-31
sh.600309,2018-07-30,2018-07-31
sh.600332,2018-07-30,2018-07-31
sh.600339,2018-07-30,2018-07-31
sh.600340,2018-07-30,2018-07-31
sh.600346,2018-07-30,2018-07-31
sh.600352,2018-07-30,2018-07-31
sh.600362,2018-07-30,2018-07-31
sh.600369,2018-07-30,2018-07-31
sh.600372,2018-07-30,2018-07-31
sh.600373,2018-07-30,2018-07-31
sh.600376,2018-07-30,2018-07-31
sh.600383,2018-07-30,2018-07-31
sh.600390,2018-07-30,2018-07-31
sh.600398,2018-07-30,2018-07-31
sh.600406,2018-07-30,2018-07-31
sh.600415,2018-07-30,2018-07-31
sh.600436,2018-07-30,2018-07-31
sh.600438,2018-07-30,2018-07-31
sh.600482,2018-07-30,2018-07-31
sh.600487,2018-07-30,2018-07-31
sh.600489,2018-07-30,2018-07-31
sh.600498,2018-07-30,2018-07-31
sh.600516,2018-07-30,2018-07-31
sh.600518,2018-07-30,2018-07-31
sh.600519,2018-07-30,2018-07-31
sh.600522,2018-07-30,2018-07-31
sh.600535,2018-07-30,2018-07-31
sh.600547,2018-07-30,2018-07-31
sh.600549,2018-07-30,2018-07-31
sh.600570,2018-07-30,2018-07-31
sh.600583,2018-07-30,2018-07-31
sh.600585,2018-07-30,2018-07-31
sh.600588,2018-07-30,2018-07-31
sh.600606,2018-07-30,2018-07-31
sh.600637,2018-07-30,2018-07-31
sh.600660,2018-07-30,2018-07-31
sh.600663,2018-07-30,2018-07-31
sh.600674,2018-07-30,2018-07-31
sh.600682,2018-07-30,2018-07-31
sh.600688,2018-07-30,2018-07-31
sh.600690,2018-07-30,2018-07-31
sh.600703,2018-07-30,2018-07-31
sh.600704,2018-07-30,2018-07-31
sh.600705,2018-07-30,2018-07-31
sh.600739,2018-07-30,2018-07-31
sh.600741,2018-07-30,2018-07-31
sh.600795,2018-07-30,2018-07-31
sh.600804,2018-07-30,2018-07-31
sh.600809,2018-07-30,2018-07-31
sh.600816,2018-07-30,2018-07-31
sh.600820,2018-07-30,2018-07-31
sh.600837,2018-07-30,2018-07-31
sh.600867,2018-07-30,2018-07-31
sh.600886,2018-07-30,2018-07-31
sh.600887,2018-07-30,2018-07-31
sh.600893,2018-07-30,2018-07-31
sh.600900,2018-07-30,2018-07-31
sh.600909,2018-07-30,2018-07-31
sh.600919,2018-07-30,2018-07-31
sh.600926,2018-07-30,2018-07-31
sh.600958,2018-07-30,2018-07-31
sh.600959,2018-07-30,2018-07-31
sh.600977,2018-07-30,2018-07-31
sh.600999,2018-07-30,2018-07-31
sh.601006,2018-07-30,2018-07-31
sh.601009,2018-07-30,2018-07-31
sh.601012,2018-07-30,2018-07-31
sh.601018,2018-07-30,2018-07-31
sh.601021,2018-07-30,2018-07-31
sh.601088,2018-07-30,2018-07-31
sh.601099,2018-07-30,2018-07-31
sh.601108,2018-07-30,2018-07-31
sh.601111,2018-07-30,2018-07-31
sh.601117,2018-07-30,2018-07-31
sh.601155,2018-07-30,2018-07-31
sh.601166,2018-07-30,2018-07-31
sh.601169,2018-07-30,2018-07-31
sh.601186,2018-07-30,2018-07-31
sh.601198,2018-07-30,2018-07-31
sh.601211,2018-07-30,2018-07-31
sh.601212,2018-07-30,2018-07-31
sh.601216,2018-07-30,2018-07-31
sh.601225,2018-07-30,2018-07-31
sh.601228,2018-07-30,2018-07-31
sh.601229,2018-07-30,2018-07-31
sh.601238,2018-07-30,2018-07-31
sh.601288,2018-07-30,2018-07-31
sh.601318,2018-07-30,2018-07-31
sh.601328,2018-07-30,2018-07-31
sh.601333,2018-07-30,2018-07-31
sh.601336,2018-07-30,2018-07-31
sh.601360,2018-07-30,2018-07-31
sh.601377,2018-07-30,2018-07-31
sh.601390,2018-07-30,2018-07-31
sh.601398,2018-07-30,2018-07-31
sh.601555,2018-07-30,2018-07-31
sh.601600,2018-07-30,2018-07-31
sh.601601,2018-07-30,2018-07-31
sh.601607,2018-07-30,2018-07-31
sh.601611,2018-07-30,2018-07-31
sh.601618,2018-07-30,2018-07-31
sh.601628,2018-07-30,2018-07-31
sh.601633,2018-07-30,2018-07-31
sh.601668,2018-07-30,2018-07-31
sh.601669,2018-07-30,2018-07-31
sh.601688,2018-07-30,2018-07-31
sh.601718,2018-07-30,2018-07-31
sh.601727,2018-07-30,2018-07-31
sh.601766,2018-07-30,2018-07-31
sh.601788,2018-07-30,2018-07-31
sh.601800,2018-07-30,2018-07-31
sh.601808,2018-07-30,2018-07-31
sh.601818,2018-07-30,2018-07-31
sh.601828,2018-07-30,2018-07-31
sh.601838,2018-07-30,2018-07-31
sh.601857,2018-07-30,2018-07-31
sh.601866,2018-07-30,2018-07-31
sh.601877,2018-07-30,2018-07-31
sh.601878,2018-07-30,2018-07-31
sh.601881,2018-07-30,2018-07-31
sh.601888,2018-07-30,2018-07-31
sh.601898,2018-07-30,2018-07-31
sh.601899,2018-07-30,2018-07-31
sh.601901,2018-07-30,2018-07-31
sh.601919,2018-07-30,2018-07-31
sh.601933,2018-07-30,2018-07-31
sh.601939,2018-07-30,2018-07-31
sh.601958,2018-07-30,2018-07-31
sh.601985,2018-07-30,2018-07-31
sh.601988,2018-07-30,2018-07-31
sh.601989,2018-07-30,2018-07-31
sh.601991,2018-07-30,2018-07-31
sh.601992,2018-07-30,2018-07-31
sh.601997,2018-07-30,2018-07-31
sh.601998,2018-07-30,2018-07-31
sh.603160,2018-07-30,2018-07-31
sh.603260,2018-07-30,2018-07-31
sh.603288,2018-07-30,2018-07-31
sh.603799,2018-07-30,2018-07-31
sh.603833,2018-07-30,2018-07-31
sh.603858,2018-07-30,2018-07-31
sh.603993,2018-07-30,2018-07-31
sz.000001,2018-07-30,2018-07-31
sz.000002,2018-07-30,2018-07-31
sz.000060,2018-07-30,2018-07-31
sz.000063,2018-07-30,2018-07-31
sz.000069,2018-07-30,2018-07-31
sz.000100,2018-07-30,2018-07-31
sz.000157,2018-07-30,2018-07-31
sz.000166,2018-07-30,2018-07-31
sz.000333,2018-07-30,2018-07-31
sz.000338,2018-07-30,2018-07-31
sz.000402,2018-07-30,2018-07-31
sz.000413,2018-07-30,2018-07-31
sz.000415,2018-07-30,2018-07-31
sz.000423,2018-07-30,2018-07-31
sz.000425,2018-07-30,2018-07-31
sz.000503,2018-07-30,2018-07-31
sz.000538,2018-07-30,2018-07-31
sz.000540,2018-07-30,2018-07-31
sz.000559,2018-07-30,2018-07-31
sz.000568,2018-07-30,2018-07-31
sz.000623,2018-07-30,2018-07-31
sz.000625,2018-07-30,2018-07-31
sz.000627,2018-07-30,2018-07-31
sz.000630,2018-07-30,2018-07-31
sz.000651,2018-07-30,2018-07-31
sz.000671,2018-07-30,2018-07-31
sz.000709,2018-07-30,2018-07-31
sz.000723,2018-07-30,2018-07-31
sz.000725,2018-07-30,2018-07-31
sz.000728,2018-07-30,2018-07-31
sz.000768,2018-07-30,2018-07-31
sz.000776,2018-07-30,2018-07-31
sz.000783,2018-07-30,2018-07-31
sz.000786,2018-07-30,2018-07-31
sz.000792,2018-07-30,2018-07-31
sz.000826,2018-07-30,2018-07-31
sz.000839,2018-07-30,2018-07-31
sz.000858,2018-07-30,2018-07-31
sz.000876,2018-07-30,2018-07-31
sz.000895,2018-07-30,2018-07-31
sz.000898,2018-07-30,2018-07-31
sz.000938,2018-07-30,2018-07-31
sz.000959,2018-07-30,2018-07-31
sz.000961,2018-07-30,2018-07-31
sz.000963,2018-07-30,2018-07-31
sz.000983,2018-07-30,2018-07-31
sz.001965,2018-07-30,2018-07-31
sz.001979,2018-07-30,2018-07-31
sz.002007,2018-07-30,2018-07-31
sz.002008,2018-07-30,2018-07-31
sz.002024,2018-07-30,2018-07-31
sz.002027,2018-07-30,2018-07-31
sz.002044,2018-07-30,2018-07-31
sz.002050,2018-07-30,2018-07-31
sz.002065,2018-07-30,2018-07-31
sz.002074,2018-07-30,2018-07-31
sz.002081,2018-07-30,2018-07-31
sz.002085,2018-07-30,2018-07-31
sz.002142,2018-07-30,2018-07-31
sz.002146,2018-07-30,2018-07-31
sz.002153,2018-07-30,2018-07-31
sz.002202,2018-07-30,2018-07-31
sz.002230,2018-07-30,2018-07-31
sz.002236,2018-07-30,2018-07-31
sz.002241,2018-07-30,2018-07-31
sz.002252,2018-07-30,2018-07-31
sz.002294,2018-07-30,2018-07-31
sz.002304,2018-07-30,2018-07-31
sz.002310,2018-07-30,2018-07-31
sz.002352,2018-07-30,2018-07-31
sz.002385,2018-07-30,2018-07-31
sz.002411,2018-07-30,2018-07-31
sz.002415,2018-07-30,2018-07-31
sz.002450,2018-07-30,2018-07-31
sz.002456,2018-07-30,2018-07-31
sz.002460,2018-07-30,2018-07-31
sz.002466,2018-07-30,2018-07-31
sz.002468,2018-07-30,2018-07-31
sz.002470,2018-07-30,2018-07-31
sz.002475,2018-07-30,2018-07-31
sz.002493,2018-07-30,2018-07-31
sz.002500,2018-07-30,2018-07-31
sz.002508,2018-07-30,2018-07-31
sz.002555,2018-07-30,2018-07-31
sz.002558,2018-07-30,2018-07-31
sz.002572,2018-07-30,2018-07-31
sz.002594,2018-07-30,2018-07-31
sz.002601,2018-07-30,2018-07-31
sz.002602,2018-07-30,2018-07-31
sz.002608,2018-07-30,2018-07-31
sz.002624,2018-07-30,2018-07-31
sz.002625,2018-07-30,2018-07-31
sz.002673,2018-07-30,2018-07-31
sz.002714,2018-07-30,2018-07-31
sz.002736,2018-07-30,2018-07-31
sz.002739,2018-07-30,2018-07-31
sz.002797,2018-07-30,2018-07-31
sz.002925,2018-07-30,2018-07-31
sz.300003,2018-07-30,2018-07-31
sz.300015,2018-07-30,2018-07-31
sz.300017,2018-07-30,2018-07-31
sz.300024,2018-07-30,2018-07-31
sz.300027,2018-07-30,2018-07-31
sz.300033,2018-07-30,2018-07-31
sz.300059,2018-07-30,2018-07-31
sz.300070,2018-07-30,2018-07-31
sz.300072,2018-07-30,2018-07-31
sz.300122,2018-07-30,2018-07-31
sz.300124,2018-07-30,2018-07-31
sz.300136,2018-07-30,2018-07-31
sz.300144,2018-07-30,2018-07-31
sz.300251,2018-07-30,2018-07-31
sz.300408,2018-07-30,2018-07-31
sz.300433,2018-07-30,2018-07-31
sh.600000,2018-08-27,2018-08-31
sh.600008,2018-08-27,2018-08-31
sh.600009,2018-08-27,2018-08-31
sh.600010,2018-08-27,2018-08-31
sh.600011,2018-08-27,2018-08-31
sh.600015,2018-08-27,2018-08-31
sh.600016,2018-08-27,2018-08-31
sh.600018,2018-08-27,2018-08-31
sh.600019,2018-08-27,2018-08-31
sh.600023,2018-08-27,2018-08-31
sh.600025,2018-08-27,2018-08-31
sh.600028,2018-08-27,2018-08-31
sh.600029,2018-08-27,2018-08-31
sh.600030,2018-08-27,2018-08-31
sh.600031,2018-08-27,2018-08-31
sh.600036,2018-08-27,2018-08-31
sh.600038,2018-08-27,2018-08-31
sh.600048,2018-08-27,2018-08-31
sh.600050,2018-08-27,2018-08-31
sh.600061,2018-08-27,2018-08-31
sh.600066,2018-08-27,2018-08-31
sh.600068,2018-08-27,2018-08-31
sh.600085,2018-08-27,2018-08-31
sh.600089,2018-08-27,2018-08-31
sh.600100,2018-08-27,2018-08-31
sh.600104,2018-08-27,2018-08-31
sh.600109,2018-08-27,2018-08-31
sh.600111,2018-08-27,2018-08-31
sh.600115,2018-08-27,2018-08-31
sh.600118,2018-08-27,2018-08-31
sh.600153,2018-08-27,2018-08-31
sh.600157,2018-08-27,2018-08-31
sh.600170,2018-08-27,2018-08-31
sh.600176,2018-08-27,2018-08-31
sh.600177,2018-08-27,2018-08-31
sh.600188,2018-08-27,2018-08-31
sh.600196,2018-08-27,2018-08-31
sh.600208,2018-08-27,2018-08-31
sh.600219,2018-08-27,2018-08-31
sh.600221,2018-08-27,2018-08-31
sh.600233,2018-08-27,2018-08-31
sh.600271,2018-08-27,2018-08-31
sh.600276,2018-08-27,2018-08-31
sh.600297,2018-08-27,2018-08-31
sh.600309,2018-08-27,2018-08-31
sh.600332,2018-08-27,2018-08-31
sh.600339,2018-08-27,2018-08-31
sh.600340,2018-08-27,2018-08-31
sh.600346,2018-08-27,2018-08-31
sh.600352,2018-08-27,2018-08-31
sh.600362,2018-08-27,2018-08-31
sh.600369,2018-08-27,2018-08-31
sh.600372,2018-08-27,2018-08-31
sh.600373,2018-08-27,2018-08-31
sh.600376,2018-08-27,2018-08-31
sh.600383,2018-08-27,2018-08-31
sh.600390,2018-08-27,2018-08-31
sh.600398,2018-08-27,2018-08-31
sh.600406,2018-08-27,2018-08-31
sh.600415,2018-08-27,2018-08-31
sh.600436,2018-08-27,2018-08-31
sh.600438,2018-08-27,2018-08-31
sh.600482,2018-08-27,2018-08-31
sh.600487,2018-08-27,2018-08-31
sh.600489,2018-08-27,2018-08-31
sh.600498,2018-08-27,2018-08-31
sh.600516,2018-08-27,2018-08-31
sh.600518,2018-08-27,2018-08-31
sh.600519,2018-08-27,2018-08-31
sh.600522,2018-08-27,2018-08-31
sh.600535,2018-08-27,2018-08-31
sh.600547,2018-08-27,2018-08-31
sh.600549,2018-08-27,2018-08-31
sh.600570,2018-08-27,2018-08-31
sh.600583,2018-08-27,2018-08-31
sh.600585,2018-08-27,2018-08-31
sh.600588,2018-08-27,2018-08-31
sh.600606,2018-08-27,2018-08-31
sh.600637,2018-08-27,2018-08-31
sh.600660,2018-08-27,2018-08-31
sh.600663,2018-08-27,2018-08-31
sh.600674,2018-08-27,2018-08-31
sh.600682,2018-08-27,2018-08-31
sh.600688,2018-08-27,2018-08-31
sh.600690,2018-08-27,2018-08-31
sh.600703,2018-08-27,2018-08-31
sh.600704,2018-08-27,2018-08-31
sh.600705,2018-08-27,2018-08-31
sh.600739,2018-08-27,2018-08-31
sh.600741,2018-08-27,2018-08-31
sh.600795,2018-08-27,2018-08-31
sh.600804,2018-08-27,2018-08-31
sh.600809,2018-08-27,2018-08-31
sh.600816,2018-08-27,2018-08-31
sh.600820,2018-08-27,2018-08-31
sh.600837,2018-08-27,2018-08-31
sh.600867,2018-08-27,2018-08-31
sh.600886,2018-08-27,2018-08-31
sh.600887,2018-08-27,2018-08-31
sh.600893,2018-08-27,2018-08-31
sh.600900,2018-08-27,2018-08-31
sh.600909,2018-08-27,2018-08-31
sh.600919,2018-08-27,2018-08-31
sh.600926,2018-08-27,2018-08-31
sh.600958,2018-08-27,2018-08-31
sh.600959,2018-08-27,2018-08-31
sh.600977,2018-08-27,2018-08-31
sh.600999,2018-08-27,2018-08-31
sh.601006,2018-08-27,2018-08-31
sh.601009,2018-08-27,2018-08-31
sh.601012,2018-08-27,2018-08-31
sh.601018,2018-08-27,2018-08-31
sh.601021,2018-08-27,2018-08-31
sh.601088,2018-08-27,2018-08-31
sh.601099,2018-08-27,2018-08-31
sh.601108,2018-08-27,2018-08-31
sh.601111,2018-08-27,2018-08-31
sh.601117,2018-08-27,2018-08-31
sh.601155,2018-08-27,2018-08-31
sh.601166,2018-08-27,2018-08-31
sh.601169,2018-08-27,2018-08-31
sh.601186,2018-08-27,2018-08-31
sh.601198,2018-08-27,2018-08-31
sh.601211,2018-08-27,2018-08-31
sh.601212,2018-08-27,2018-08-31
sh.601216,2018-08-27,2018-08-31
sh.601225,2018-08-27,2018-08-31
sh.601228,2018-08-27,2018-08-31
sh.601229,2018-08-27,2018-08-31
sh.601238,2018-08-27,2018-08-31
sh.601288,2018-08-27,2018-08-31
sh.601318,2018-08-27,2018-08-31
sh.601328,2018-08-27,2018-08-31
sh.601333,2018-08-27,2018-08-31
sh.601336,2018-08-27,2018-08-31
sh.601360,2018-08-27,2018-08-31
sh.601377,2018-08-27,2018-08-31
sh.601390,2018-08-27,2018-08-31
sh.601398,2018-08-27,2018-08-31
sh.601555,2018-08-27,2018-08-31
sh.601600,2018-08-27,2018-08-31
sh.601601,2018-08-27,2018-08-31
sh.601607,2018-08-27,2018-08-31
sh.601611,2018-08-27,2018-08-31
sh.601618,2018-08-27,2018-08-31
sh.601628,2018-08-27,2018-08-31
sh.601633,2018-08-27,2018-08-31
sh.601668,2018-08-27,2018-08-31
sh.601669,2018-08-27,2018-08-31
sh.601688,2018-08-27,2018-08-31
sh.601718,2018-08-27,2018-08-31
sh.601727,2018-08-27,2018-08-31
sh.601766,2018-08-27,2018-08-31
sh.601788,2018-08-27,2018-08-31
sh.601800,2018-08-27,2018-08-31
sh.601808,2018-08-27,2018-08-31
sh.601818,2018-08-27,2018-08-31
sh.601828,2018-08-27,2018-08-31
sh.601838,2018-08-27,2018-08-31
sh.601857,2018-08-27,2018-08-31
sh.601866,2018-08-27,2018-08-31
sh.601877,2018-08-27,2018-08-31
sh.601878,2018-08-27,2018-08-31
sh.601881,2018-08-27,2018-08-31
sh.601888,2018-08-27,2018-08-31
sh.601898,2018-08-27,2018-08-31
sh.601899,2018-08-27,2018-08-31
sh.601901,2018-08-27,2018-08-31
sh.601919,2018-08-27,2018-08-31
sh.601933,2018-08-27,2018-08-31
sh.601939,2018-08-27,2018-08-31
sh.601958,2018-08-27,2018-08-31
sh.601985,2018-08-27,2018-08-31
sh.601988,2018-08-27,2018-08-31
sh.601989,2018-08-27,2018-08-31
sh.601991,2018-08-27,2018-08-31
sh.601992,2018-08-27,2018-08-31
sh.601997,2018-08-27,2018-08-31
sh.601998,2018-08-27,2018-08-31
sh.603160,2018-08-27,2018-08-31
sh.603260,2018-08-27,2018-08-31
sh.603288,2018-08-27,2018-08-31
sh.603799,2018-08-27,2018-08-31
sh.603833,2018-08-27,2018-08-31
sh.603858,2018-08-27,2018-08-31
sh.603993,2018-08-27,2018-08-31
sz.000001,2018-08-27,2018-08-31
sz.000002,2018-08-27,2018-08-31
sz.000060,2018-08-27,2018-08-31
sz.000063,2018-08-27,2018-08-31
sz.000069,2018-08-27,2018-08-31
sz.000100,2018-08-27,2018-08-31
sz.000157,2018-08-27,2018-08-31
sz.000166,2018-08-27,2018-08-31
sz.000333,2018-08-27,2018-08-31
sz.000338,2018-08-27,2018-08-31
sz.000402,2018-08-27,2018-08-31
sz.000413,2018-08-27,2018-08-31
sz.000415,2018-08-27,2018-08-31
sz.000423,2018-08-27,2018-08-31
sz.000425,2018-08-27,2018-08-31
sz.000503,2018-08-27,2018-08-31
sz.000538,2018-08-27,2018-08-31
sz.000540,2018-08-27,2018-08-31
sz.000559,2018-08-27,2018-08-31
sz.000568,2018-08-27,2018-08-31
sz.000623,2018-08-27,2018-08-31
sz.000625,2018-08-27,2018-08-31
sz.000627,2018-08-27,2018-08-31
sz.000630,2018-08-27,2018-08-31
sz.000651,2018-08-27,2018-08-31
sz.000671,2018-08-27,2018-08-31
sz.000709,2018-08-27,2018-08-31
sz.000723,2018-08-27,2018-08-31
sz.000725,2018-08-27,2018-08-31
sz.000728,2018-08-27,2018-08-31
sz.000768,2018-08-27,2018-08-31
sz.000776,2018-08-27,2018-08-31
sz.000783,2018-08-27,2018-08-31
sz.000786,2018-08-27,2018-08-31
sz.000792,2018-08-27,2018-08-31
sz.000826,2018-08-27,2018-08-31
sz.000839,2018-08-27,2018-08-31
sz.000858,2018-08-27,2018-08-31
sz.000876,2018-08-27,2018-08-31
sz.000895,2018-08-27,2018-08-31
sz.000898,2018-08-27,2018-08-31
sz.000938,2018-08-27,2018-08-31
sz.000959,2018-08-27,2018-08-31
sz.000961,2018-08-27,2018-08-31
sz.000963,2018-08-27,2018-08-31
sz.000983,2018-08-27,2018-08-31
sz.001965,2018-08-27,2018-08-31
sz.001979,2018-08-27,2018-08-31
sz.002007,2018-08-27,2018-08-31
sz.002008,2018-08-27,2018-08-31
sz.002024,2018-08-27,2018-08-31
sz.002027,2018-08-27,2018-08-31
sz.002044,2018-08-27,2018-08-31
sz.002050,2018-08-27,2018-08-31
sz.002065,2018-08-27,2018-08-31
sz.002074,2018-08-27,2018-08-31
sz.002081,2018-08-27,2018-08-31
sz.002085,2018-08-27,2018-08-31
sz.002142,2018-08-27,2018-08-31
sz.002146,2018-08-27,2018-08-31
sz.002153,2018-08-27,2018-08-31
sz.002202,2018-08-27,2018-08-31
sz.002230,2018-08-27,2018-08-31
sz.002236,2018-08-27,2018-08-31
sz.002241,2018-08-27,2018-08-31
sz.002252,2018-08-27,2018-08-31
sz.002294,2018-08-27,2018-08-31
sz.002304,2018-08-27,2018-08-31
sz.002310,2018-08-27,2018-08-31
sz.002352,2018-08-27,2018-08-31
sz.002385,2018-08-27,2018-08-31
sz.002411,2018-08-27,2018-08-31
sz.002415,2018-08-27,2018-08-31
sz.002450,2018-08-27,2018-08-31
sz.002456,2018-08-27,2018-08-31
sz.002460,2018-08-27,2018-08-31
sz.002466,2018-08-27,2018-08-31
sz.002468,2018-08-27,2018-08-31
sz.002470,2018-08-27,2018-08-31
sz.002475,2018-08-27,2018-08-31
sz.002493,2018-08-27,2018-08-31
sz.002500,2018-08-27,2018-08-31
sz.002508,2018-08-27,2018-08-31
sz.002555,2018-08-27,2018-08-31
sz.002558,2018-08-27,2018-08-31
sz.002572,2018-08-27,2018-08-31
sz.002594,2018-08-27,2018-08-31
sz.002601,2018-08-27,2018-08-31
sz.002602,2018-08-27,2018-08-31
sz.002608,2018-08-27,2018-08-31
sz.002624,2018-08-27,2018-08-31
sz.002625,2018-08-27,2018-08-31
sz.002673,2018-08-27,2018-08-31
sz.002714,2018-08-27,2018-08-31
sz.002736,2018-08-27,2018-08-31
sz.002739,2018-08-27,2018-08-31
sz.002797,2018-08-27,2018-08-31
sz.002925,2018-08-27,2018-08-31
sz.300003,2018-08-27,2018-08-31
sz.300015,2018-08-27,2018-08-31
sz.300017,2018-08-27,2018-08-31
sz.300024,2018-08-27,2018-08-31
sz.300027,2018-08-27,2018-08-31
sz.300033,2018-08-27,2018-08-31
sz.300059,2018-08-27,2018-08-31
sz.300070,2018-08-27,2018-08-31
sz.300072,2018-08-27,2018-08-31
sz.300122,2018-08-27,2018-08-31
sz.300124,2018-08-27,2018-08-31
sz.300136,2018-08-27,2018-08-31
sz.300144,2018-08-27,2018-08-31
sz.300251,2018-08-27,2018-08-31
sz.300408,2018-08-27,2018-08-31
sz.300433,2018-08-27,2018-08-31
sh.600000,2018-09-24,2018-09-30
sh.600008,2018-09-24,2018-09-30
sh.600009,2018-09-24,2018-09-30
sh.600010,2018-09-24,2018-09-30
sh.600011,2018-09-24,2018-09-30
sh.600015,2018-09-24,2018-09-30
sh.600016,2018-09-24,2018-09-30
sh.600018,2018-09-24,2018-09-30
sh.600019,2018-09-24,2018-09-30
sh.600023,2018-09-24,2018-09-30
sh.600025,2018-09-24,2018-09-30
sh.600028,2018-09-24,2018-09-30
sh.600029,2018-09-24,2018-09-30
sh.600030,2018-09-24,2018-09-30
sh.600031,2018-09-24,2018-09-30
sh.600036,2018-09-24,2018-09-30
sh.600038,2018-09-24,2018-09-30
sh.600048,2018-09-24,2018-09-30
sh.600050,2018-09-24,2018-09-30
sh.600061,2018-09-24,2018-09-30
sh.600066,2018-09-24,2018-09-30
sh.600068,2018-09-24,2018-09-30
sh.600085,2018-09-24,2018-09-30
sh.600089,2018-09-24,2018-09-30
sh.600100,2018-09-24,2018-09-30
sh.600104,2018-09-24,2018-09-30
sh.600109,2018-09-24,2018-09-30
sh.600111,2018-09-24,2018-09-30
sh.600115,2018-09-24,2018-09-30
sh.600118,2018-09-24,2018-09-30
sh.600153,2018-09-24,2018-09-30
sh.600157,2018-09-24,2018-09-30
sh.600170,2018-09-24,2018-09-30
sh.600176,2018-09-24,2018-09-30
sh.600177,2018-09-24,2018-09-30
sh.600188,2018-09-24,2018-09-30
sh.600196,2018-09-24,2018-09-30
sh.600208,2018-09-24,2018-09-30
sh.600219,2018-09-24,2018-09-30
sh.600221,2018-09-24,2018-09-30
sh.600233,2018-09-24,2018-09-30
sh.600271,2018-09-24,2018-09-30
sh.600276,2018-09-24,2018-09-30
sh.600297,2018-09-24,2018-09-30
sh.600309,2018-09-24,2018-09-30
sh.600332,2018-09-24,2018-09-30
sh.600339,2018-09-24,2018-09-30
sh.600340,2018-09-24,2018-09-30
sh.600346,2018-09-24,2018-09-30
sh.600352,2018-09-24,2018-09-30
sh.600362,2018-09-24,2018-09-30
sh.600369,2018-09-24,2018-09-30
sh.600372,2018-09-24,2018-09-30
sh.600373,2018-09-24,2018-09-30
sh.600376,2018-09-24,2018-09-30
sh.600383,2018-09-24,2018-09-30
sh.600390,2018-09-24,2018-09-30
sh.600398,2018-09-24,2018-09-30
sh.600406,2018-09-24,2018-09-30
sh.600415,2018-09-24,2018-09-30
sh.600436,2018-09-24,2018-09-30
sh.600438,2018-09-24,2018-09-30
sh.600482,2018-09-24,2018-09-30
sh.600487,2018-09-24,2018-09-30
sh.600489,2018-09-24,2018-09-30
sh.600498,2018-09-24,2018-09-30
sh.600516,2018-09-24,2018-09-30
sh.600518,2018-09-24,2018-09-30
sh.600519,2018-09-24,2018-09-30
sh.600522,2018-09-24,2018-09-30
sh.600535,2018-09-24,2018-09-30
sh.600547,2018-09-24,2018-09-30
sh.600549,2018-09-24,2018-09-30
sh.600570,2018-09-24,2018-09-30
sh.600583,2018-09-24,2018-09-30
sh.600585,2018-09-24,2018-09-30
sh.600588,2018-09-24,2018-09-30
sh.600606,2018-09-24,2018-09-30
sh.600637,2018-09-24,2018-09-30
sh.600660,2018-09-24,2018-09-30
sh.600663,2018-09-24,2018-09-30
sh.600674,2018-09-24,2018-09-30
sh.600682,2018-09-24,2018-09-30
sh.600688,2018-09-24,2018-09-30
sh.600690,2018-09-24,2018-09-30
sh.600703,2018-09-24,2018-09-30
sh.600704,2018-09-24,2018-09-30
sh.600705,2018-09-24,2018-09-30
sh.600739,2018-09-24,2018-09-30
sh.600741,2018-09-24,2018-09-30
sh.600795,2018-09-24,2018-09-30
sh.600804,2018-09-24,2018-09-30
sh.600809,2018-09-24,2018-09-30
sh.600816,2018-09-24,2018-09-30
sh.600820,2018-09-24,2018-09-30
sh.600837,2018-09-24,2018-09-30
sh.600867,2018-09-24,2018-09-30
sh.600886,2018-09-24,2018-09-30
sh.600887,2018-09-24,2018-09-30
sh.600893,2018-09-24,2018-09-30
sh.600900,2018-09-24,2018-09-30
sh.600909,2018-09-24,2018-09-30
sh.600919,2018-09-24,2018-09-30
sh.600926,2018-09-24,2018-09-30
sh.600958,2018-09-24,2018-09-30
sh.600959,2018-09-24,2018-09-30
sh.600977,2018-09-24,2018-09-30
sh.600999,2018-09-24,2018-09-30
sh.601006,2018-09-24,2018-09-30
sh.601009,2018-09-24,2018-09-30
sh.601012,2018-09-24,2018-09-30
sh.601018,2018-09-24,2018-09-30
sh.601021,2018-09-24,2018-09-30
sh.601088,2018-09-24,2018-09-30
sh.601099,2018-09-24,2018-09-30
sh.601108,2018-09-24,2018-09-30
sh.601111,2018-09-24,2018-09-30
sh.601117,2018-09-24,2018-09-30
sh.601155,2018-09-24,2018-09-30
sh.601166,2018-09-24,2018-09-30
sh.601169,2018-09-24,2018-09-30
sh.601186,2018-09-24,2018-09-30
sh.601198,2018-09-24,2018-09-30
sh.601211,2018-09-24,2018-09-30
sh.601212,2018-09-24,2018-09-30
sh.601216,2018-09-24,2018-09-30
sh.601225,2018-09-24,2018-09-30
sh.601228,2018-09-24,2018-09-30
sh.601229,2018-09-24,2018-09-30
sh.601238,2018-09-24,2018-09-30
sh.601288,2018-09-24,2018-09-30
sh.601318,2018-09-24,2018-09-30
sh.601328,2018-09-24,2018-09-30
sh.601333,2018-09-24,2018-09-30
sh.601336,2018-09-24,2018-09-30
sh.601360,2018-09-24,2018-09-30
sh.601377,2018-09-24,2018-09-30
sh.601390,2018-09-24,2018-09-30
sh.601398,2018-09-24,2018-09-30
sh.601555,2018-09-24,2018-09-30
sh.601600,2018-09-24,2018-09-30
sh.601601,2018-09-24,2018-09-30
sh.601607,2018-09-24,2018-09-30
sh.601611,2018-09-24,2018-09-30
sh.601618,2018-09-24,2018-09-30
sh.601628,2018-09-24,2018-09-30
sh.601633,2018-09-24,2018-09-30
sh.601668,2018-09-24,2018-09-30
sh.601669,2018-09-24,2018-09-30
sh.601688,2018-09-24,2018-09-30
sh.601718,2018-09-24,2018-09-30
sh.601727,2018-09-24,2018-09-30
sh.601766,2018-09-24,2018-09-30
sh.601788,2018-09-24,2018-09-30
sh.601800,2018-09-24,2018-09-30
sh.601808,2018-09-24,2018-09-30
sh.601818,2018-09-24,2018-09-30
sh.601828,2018-09-24,2018-09-30
sh.601838,2018-09-24,2018-09-30
sh.601857,2018-09-24,2018-09-30
sh.601866,2018-09-24,2018-09-30
sh.601877,2018-09-24,2018-09-30
sh.601878,2018-09-24,2018-09-30
sh.601881,2018-09-24,2018-09-30
sh.601888,2018-09-24,2018-09-30
sh.601898,2018-09-24,2018-09-30
sh.601899,2018-09-24,2018-09-30
sh.601901,2018-09-24,2018-09-30
sh.601919,2018-09-24,2018-09-30
sh.601933,2018-09-24,2018-09-30
sh.601939,2018-09-24,2018-09-30
sh.601958,2018-09-24,2018-09-30
sh.601985,2018-09-24,2018-09-30
sh.601988,2018-09-24,2018-09-30
sh.601989,2018-09-24,2018-09-30
sh.601991,2018-09-24,2018-09-30
sh.601992,2018-09-24,2018-09-30
sh.601997,2018-09-24,2018-09-30
sh.601998,2018-09-24,2018-09-30
sh.603160,2018-09-24,2018-09-30
sh.603260,2018-09-24,2018-09-30
sh.603288,2018-09-24,2018-09-30
sh.603799,2018-09-24,2018-09-30
sh.603833,2018-09-24,2018-09-30
sh.603858,2018-09-24,2018-09-30
sh.603993,2018-09-24,2018-09-30
sz.000001,2018-09-24,2018-09-30
sz.000002,2018-09-24,2018-09-30
sz.000060,2018-09-24,2018-09-30
sz.000063,2018-09-24,2018-09-30
sz.000069,2018-09-24,2018-09-30
sz.000100,2018-09-24,2018-09-30
sz.000157,2018-09-24,2018-09-30
sz.000166,2018-09-24,2018-09-30
sz.000333,2018-09-24,2018-09-30
sz.000338,2018-09-24,2018-09-30
sz.000402,2018-09-24,2018-09-30
sz.000413,2018-09-24,2018-09-30
sz.000415,2018-09-24,2018-09-30
sz.000423,2018-09-24,2018-09-30
sz.000425,2018-09-24,2018-09-30
sz.000503,2018-09-24,2018-09-30
sz.000538,2018-09-24,2018-09-30
sz.000540,2018-09-24,2018-09-30
sz.000559,2018-09-24,2018-09-30
sz.000568,2018-09-24,2018-09-30
sz.000623,2018-09-24,2018-09-30
sz.000625,2018-09-24,2018-09-30
sz.000627,2018-09-24,2018-09-30
sz.000630,2018-09-24,2018-09-30
sz.000651,2018-09-24,2018-09-30
sz.000671,2018-09-24,2018-09-30
sz.000709,2018-09-24,2018-09-30
sz.000723,2018-09-24,2018-09-30
sz.000725,2018-09-24,2018-09-30
sz.000728,2018-09-24,2018-09-30
sz.000768,2018-09-24,2018-09-30
sz.000776,2018-09-24,2018-09-30
sz.000783,2018-09-24,2018-09-30
sz.000786,2018-09-24,2018-09-30
sz.000792,2018-09-24,2018-09-30
sz.000826,2018-09-24,2018-09-30
sz.000839,2018-09-24,2018-09-30
sz.000858,2018-09-24,2018-09-30
sz.000876,2018-09-24,2018-09-30
sz.000895,2018-09-24,2018-09-30
sz.000898,2018-09-24,2018-09-30
sz.000938,2018-09-24,2018-09-30
sz.000959,2018-09-24,2018-09-30
sz.000961,2018-09-24,2018-09-30
sz.000963,2018-09-24,2018-09-30
sz.000983,2018-09-24,2018-09-30
sz.001965,2018-09-24,2018-09-30
sz.001979,2018-09-24,2018-09-30
sz.002007,2018-09-24,2018-09-30
sz.002008,2018-09-24,2018-09-30
sz.002024,2018-09-24,2018-09-30
sz.002027,2018-09-24,2018-09-30
sz.002044,2018-09-24,2018-09-30
sz.002050,2018-09-24,2018-09-30
sz.002065,2018-09-24,2018-09-30
sz.002074,2018-09-24,2018-09-30
sz.002081,2018-09-24,2018-09-30
sz.002085,2018-09-24,2018-09-30
sz.002142,2018-09-24,2018-09-30
sz.002146,2018-09-24,2018-09-30
sz.002153,2018-09-24,2018-09-30
sz.002202,2018-09-24,2018-09-30
sz.002230,2018-09-24,2018-09-30
sz.002236,2018-09-24,2018-09-30
sz.002241,2018-09-24,2018-09-30
sz.002252,2018-09-24,2018-09-30
sz.002294,2018-09-24,2018-09-30
sz.002304,2018-09-24,2018-09-30
sz.002310,2018-09-24,2018-09-30
sz.002352,2018-09-24,2018-09-30
sz.002385,2018-09-24,2018-09-30
sz.002411,2018-09-24,2018-09-30
sz.002415,2018-09-24,2018-09-30
sz.002450,2018-09-24,2018-09-30
sz.002456,2018-09-24,2018-09-30
sz.002460,2018-09-24,2018-09-30
sz.002466,2018-09-24,2018-09-30
sz.002468,2018-09-24,2018-09-30
sz.002470,2018-09-24,2018-09-30
sz.002475,2018-09-24,2018-09-30
sz.002493,2018-09-24,2018-09-30
sz.002500,2018-09-24,2018-09-30
sz.002508,2018-09-24,2018-09-30
sz.002555,2018-09-24,2018-09-30
sz.002558,2018-09-24,2018-09-30
sz.002572,2018-09-24,2018-09-30
sz.002594,2018-09-24,2018-09-30
sz.002601,2018-09-24,2018-09-30
sz.002602,2018-09-24,2018-09-30
sz.002608,2018-09-24,2018-09-30
sz.002624,2018-09-24,2018-09-30
sz.002625,2018-09-24,2018-09-30
sz.002673,2018-09-24,2018-09-30
sz.002714,2018-09-24,2018-09-30
sz.002736,2018-09-24,2018-09-30
sz.002739,2018-09-24,2018-09-30
sz.002797,2018-09-24,2018-09-30
sz.002925,2018-09-24,2018-09-30
sz.300003,2018-09-24,2018-09-30
sz.300015,2018-09-24,2018-09-30
sz.300017,2018-09-24,2018-09-30
sz.300024,2018-09-24,2018-09-30
sz.300027,2018-09-24,2018-09-30
sz.300033,2018-09-24,2018-09-30
sz.300059,2018-09-24,2018-09-30
sz.300070,2018-09-24,2018-09-30
sz.300072,2018-09-24,2018-09-30
sz.300122,2018-09-24,2018-09-30
sz.300124,2018-09-24,2018-09-30
sz.300136,2018-09-24,2018-09-30
sz.300144,2018-09-24,2018-09-30
sz.300251,2018-09-24,2018-09-30
sz.300408,2018-09-24,2018-09-30
sz.300433,2018-09-24,2018-09-30
sh.600000,2018-10-29,2018-10-31
sh.600008,2018-10-29,2018-10-31
sh.600009,2018-10-29,2018-10-31
sh.600010,2018-10-29,2018-10-31
sh.600011,2018-10-29,2018-10-31
sh.600015,2018-10-29,2018-10-31
sh.600016,2018-10-29,2018-10-31
sh.600018,2018-10-29,2018-10-31
sh.600019,2018-10-29,2018-10-31
sh.600023,2018-10-29,2018-10-31
sh.600025,2018-10-29,2018-10-31
sh.600028,2018-10-29,2018-10-31
sh.600029,2018-10-29,2018-10-31
sh.600030,2018-10-29,2018-10-31
sh.600031,2018-10-29,2018-10-31
sh.600036,2018-10-29,2018-10-31
sh.600038,2018-10-29,2018-10-31
sh.600048,2018-10-29,2018-10-31
sh.600050,2018-10-29,2018-10-31
sh.600061,2018-10-29,2018-10-31
sh.600066,2018-10-29,2018-10-31
sh.600068,2018-10-29,2018-10-31
sh.600085,2018-10-29,2018-10-31
sh.600089,2018-10-29,2018-10-31
sh.600100,2018-10-29,2018-10-31
sh.600104,2018-10-29,2018-10-31
sh.600109,2018-10-29,2018-10-31
sh.600111,2018-10-29,2018-10-31
sh.600115,2018-10-29,2018-10-31
sh.600118,2018-10-29,2018-10-31
sh.600153,2018-10-29,2018-10-31
sh.600157,2018-10-29,2018-10-31
sh.600170,2018-10-29,2018-10-31
sh.600176,2018-10-29,2018-10-31
sh.600177,2018-10-29,2018-10-31
sh.600188,2018-10-29,2018-10-31
sh.600196,2018-10-29,2018-10-31
sh.600208,2018-10-29,2018-10-31
sh.600219,2018-10-29,2018-10-31
sh.600221,2018-10-29,2018-10-31
sh.600233,2018-10-29,2018-10-31
sh.600271,2018-10-29,2018-10-31
sh.600276,2018-10-29,2018-10-31
sh.600297,2018-10-29,2018-10-31
sh.600309,2018-10-29,2018-10-31
sh.600332,2018-10-29,2018-10-31
sh.600339,2018-10-29,2018-10-31
sh.600340,2018-10-29,2018-10-31
sh.600346,2018-10-29,2018-10-31
sh.600352,2018-10-29,2018-10-31
sh.600362,2018-10-29,2018-10-31
sh.600369,2018-10-29,2018-10-31
sh.600372,2018-10-29,2018-10-31
sh.600373,2018-10-29,2018-10-31
sh.600376,2018-10-29,2018-10-31
sh.600383,2018-10-29,2018-10-31
sh.600390,2018-10-29,2018-10-31
sh.600398,2018-10-29,2018-10-31
sh.600406,2018-10-29,2018-10-31
sh.600415,2018-10-29,2018-10-31
sh.600436,2018-10-29,2018-10-31
sh.600438,2018-10-29,2018-10-31
sh.600482,2018-10-29,2018-10-31
sh.600487,2018-10-29,2018-10-31
sh.600489,2018-10-29,2018-10-31
sh.600498,2018-10-29,2018-10-31
sh.600516,2018-10-29,2018-10-31
sh.600518,2018-10-29,2018-10-31
sh.600519,2018-10-29,2018-10-31
sh.600522,2018-10-29,2018-10-31
sh.600535,2018-10-29,2018-10-31
sh.600547,2018-10-29,2018-10-31
sh.600549,2018-10-29,2018-10-31
sh.600570,2018-10-29,2018-10-31
sh.600583,2018-10-29,2018-10-31
sh.600585,2018-10-29,2018-10-31
sh.600588,2018-10-29,2018-10-31
sh.600606,2018-10-29,2018-10-31
sh.600637,2018-10-29,2018-10-31
sh.600660,2018-10-29,2018-10-31
sh.600663,2018-10-29,2018-10-31
sh.600674,2018-10-29,2018-10-31
sh.600682,2018-10-29,2018-10-31
sh.600688,2018-10-29,2018-10-31
sh.600690,2018-10-29,2018-10-31
sh.600703,2018-10-29,2018-10-31
sh.600704,2018-10-29,2018-10-31
sh.600705,2018-10-29,2018-10-31
sh.600739,2018-10-29,2018-10-31
sh.600741,2018-10-29,2018-10-31
sh.600795,2018-10-29,2018-10-31
sh.600804,2018-10-29,2018-10-31
sh.600809,2018-10-29,2018-10-31
sh.600816,2018-10-29,2018-10-31
sh.600820,2018-10-29,2018-10-31
sh.600837,2018-10-29,2018-10-31
sh.600867,2018-10-29,2018-10-31
sh.600886,2018-10-29,2018-10-31
sh.600887,2018-10-29,2018-10-31
sh.600893,2018-10-29,2018-10-31
sh.600900,2018-10-29,2018-10-31
sh.600909,2018-10-29,2018-10-31
sh.600919,2018-10-29,2018-10-31
sh.600926,2018-10-29,2018-10-31
sh.600958,2018-10-29,2018-10-31
sh.600959,2018-10-29,2018-10-31
sh.600977,2018-10-29,2018-10-31
sh.600999,2018-10-29,2018-10-31
sh.601006,2018-10-29,2018-10-31
sh.601009,2018-10-29,2018-10-31
sh.601012,2018-10-29,2018-10-31
sh.601018,2018-10-29,2018-10-31
sh.601021,2018-10-29,2018-10-31
sh.601088,2018-10-29,2018-10-31
sh.601099,2018-10-29,2018-10-31
sh.601108,2018-10-29,2018-10-31
sh.601111,2018-10-29,2018-10-31
sh.601117,2018-10-29,2018-10-31
sh.601155,2018-10-29,2018-10-31
sh.601166,2018-10-29,2018-10-31
sh.601169,2018-10-29,2018-10-31
sh.601186,2018-10-29,2018-10-31
sh.601198,2018-10-29,2018-10-31
sh.601211,2018-10-29,2018-10-31
sh.601212,2018-10-29,2018-10-31
sh.601216,2018-10-29,2018-10-31
sh.601225,2018-10-29,2018-10-31
sh.601228,2018-10-29,2018-10-31
sh.601229,2018-10-29,2018-10-31
sh.601238,2018-10-29,2018-10-31
sh.601288,2018-10-29,2018-10-31
sh.601318,2018-10-29,2018-10-31
sh.601328,2018-10-29,2018-10-31
sh.601333,2018-10-29,2018-10-31
sh.601336,2018-10-29,2018-10-31
sh.601360,2018-10-29,2018-10-31
sh.601377,2018-10-29,2018-10-31
sh.601390,2018-10-29,2018-10-31
sh.601398,2018-10-29,2018-10-31
sh.601555,2018-10-29,2018-10-31
sh.601600,2018-10-29,2018-10-31
sh.601601,2018-10-29,2018-10-31
sh.601607,2018-10-29,2018-10-31
sh.601611,2018-10-29,2018-10-31
sh.601618,2018-10-29,2018-10-31
sh.601628,2018-10-29,2018-10-31
sh.601633,2018-10-29,2018-10-31
sh.601668,2018-10-29,2018-10-31
sh.601669,2018-10-29,2018-10-31
sh.601688,2018-10-29,2018-10-31
sh.601718,2018-10-29,2018-10-31
sh.601727,2018-10-29,2018-10-31
sh.601766,2018-10-29,2018-10-31
sh.601788,2018-10-29,2018-10-31
sh.601800,2018-10-29,2018-10-31
sh.601808,2018-10-29,2018-10-31
sh.601818,2018-10-29,2018-10-31
sh.601828,2018-10-29,2018-10-31
sh.601838,2018-10-29,2018-10-31
sh.601857,2018-10-29,2018-10-31
sh.601866,2018-10-29,2018-10-31
sh.601877,2018-10-29,2018-10-31
sh.601878,2018-10-29,2018-10-31
sh.601881,2018-10-29,2018-10-31
sh.601888,2018-10-29,2018-10-31
sh.601898,2018-10-29,2018-10-31
sh.601899,2018-10-29,2018-10-31
sh.601901,2018-10-29,2018-10-31
sh.601919,2018-10-29,2018-10-31
sh.601933,2018-10-29,2018-10-31
sh.601939,2018-10-29,2018-10-31
sh.601958,2018-10-29,2018-10-31
sh.601985,2018-10-29,2018-10-31
sh.601988,2018-10-29,2018-10-31
sh.601989,2018-10-29,2018-10-31
sh.601991,2018-10-29,2018-10-31
sh.601992,2018-10-29,2018-10-31
sh.601997,2018-10-29,2018-10-31
sh.601998,2018-10-29,2018-10-31
sh.603160,2018-10-29,2018-10-31
sh.603260,2018-10-29,2018-10-31
sh.603288,2018-10-29,2018-10-31
sh.603799,2018-10-29,2018-10-31
sh.603833,2018-10-29,2018-10-31
sh.603858,2018-10-29,2018-10-31
sh.603993,2018-10-29,2018-10-31
sz.000001,2018-10-29,2018-10-31
sz.000002,2018-10-29,2018-10-31
sz.000060,2018-10-29,2018-10-31
sz.000063,2018-10-29,2018-10-31
sz.000069,2018-10-29,2018-10-31
sz.000100,2018-10-29,2018-10-31
sz.000157,2018-10-29,2018-10-31
sz.000166,2018-10-29,2018-10-31
sz.000333,2018-10-29,2018-10-31
sz.000338,2018-10-29,2018-10-31
sz.000402,2018-10-29,2018-10-31
sz.000413,2018-10-29,2018-10-31
sz.000415,2018-10-29,2018-10-31
sz.000423,2018-10-29,2018-10-31
sz.000425,2018-10-29,2018-10-31
sz.000503,2018-10-29,2018-10-31
sz.000538,2018-10-29,2018-10-31
sz.000540,2018-10-29,2018-10-31
sz.000559,2018-10-29,2018-10-31
sz.000568,2018-10-29,2018-10-31
sz.000623,2018-10-29,2018-10-31
sz.000625,2018-10-29,2018-10-31
sz.000627,2018-10-29,2018-10-31
sz.000630,2018-10-29,2018-10-31
sz.000651,2018-10-29,2018-10-31
sz.000671,2018-10-29,2018-10-31
sz.000709,2018-10-29,2018-10-31
sz.000723,2018-10-29,2018-10-31
sz.000725,2018-10-29,2018-10-31
sz.000728,2018-10-29,2018-10-31
sz.000768,2018-10-29,2018-10-31
sz.000776,2018-10-29,2018-10-31
sz.000783,2018-10-29,2018-10-31
sz.000786,2018-10-29,2018-10-31
sz.000792,2018-10-29,2018-10-31
sz.000826,2018-10-29,2018-10-31
sz.000839,2018-10-29,2018-10-31
sz.000858,2018-10-29,2018-10-31
sz.000876,2018-10-29,2018-10-31
sz.000895,2018-10-29,2018-10-31
sz.000898,2018-10-29,2018-10-31
sz.000938,2018-10-29,2018-10-31
sz.000959,2018-10-29,2018-10-31
sz.000961,2018-10-29,2018-10-31
sz.000963,2018-10-29,2018-10-31
sz.000983,2018-10-29,2018-10-31
sz.001965,2018-10-29,2018-10-31
sz.001979,2018-10-29,2018-10-31
sz.002007,2018-10-29,2018-10-31
sz.002008,2018-10-29,2018-10-31
sz.002024,2018-10-29,2018-10-31
sz.002027,2018-10-29,2018-10-31
sz.002044,2018-10-29,2018-10-31
sz.002050,2018-10-29,2018-10-31
sz.002065,2018-10-29,2018-10-31
sz.002074,2018-10-29,2018-10-31
sz.002081,2018-10-29,2018-10-31
sz.002085,2018-10-29,2018-10-31
sz.002142,2018-10-29,2018-10-31
sz.002146,2018-10-29,2018-10-31
sz.002153,2018-10-29,2018-10-31
sz.002202,2018-10-29,2018-10-31
sz.002230,2018-10-29,2018-10-31
sz.002236,2018-10-29,2018-10-31
sz.002241,2018-10-29,2018-10-31
sz.002252,2018-10-29,2018-10-31
sz.002294,2018-10-29,2018-10-31
sz.002304,2018-10-29,2018-10-31
sz.002310,2018-10-29,2018-10-31
sz.002352,2018-10-29,2018-10-31
sz.002385,2018-10-29,2018-10-31
sz.002411,2018-10-29,2018-10-31
sz.002415,2018-10-29,2018-10-31
sz.002450,2018-10-29,2018-10-31
sz.002456,2018-10-29,2018-10-31
sz.002460,2018-10-29,2018-10-31
sz.002466,2018-10-29,2018-10-31
sz.002468,2018-10-29,2018-10-31
sz.002470,2018-10-29,2018-10-31
sz.002475,2018-10-29,2018-10-31
sz.002493,2018-10-29,2018-10-31
sz.002500,2018-10-29,2018-10-31
sz.002508,2018-10-29,2018-10-31
sz.002555,2018-10-29,2018-10-31
sz.002558,2018-10-29,2018-10-31
sz.002572,2018-10-29,2018-10-31
sz.002594,2018-10-29,2018-10-31
sz.002601,2018-10-29,2018-10-31
sz.002602,2018-10-29,2018-10-31
sz.002608,2018-10-29,2018-10-31
sz.002624,2018-10-29,2018-10-31
sz.002625,2018-10-29,2018-10-31
sz.002673,2018-10-29,2018-10-31
sz.002714,2018-10-29,2018-10-31
sz.002736,2018-10-29,2018-10-31
sz.002739,2018-10-29,2018-10-31
sz.002797,2018-10-29,2018-10-31
sz.002925,2018-10-29,2018-10-31
sz.300003,2018-10-29,2018-10-31
sz.300015,2018-10-29,2018-10-31
sz.300017,2018-10-29,2018-10-31
sz.300024,2018-10-29,2018-10-31
sz.300027,2018-10-29,2018-10-31
sz.300033,2018-10-29,2018-10-31
sz.300059,2018-10-29,2018-10-31
sz.300070,2018-10-29,2018-10-31
sz.300072,2018-10-29,2018-10-31
sz.300122,2018-10-29,2018-10-31
sz.300124,2018-10-29,2018-10-31
sz.300136,2018-10-29,2018-10-31
sz.300144,2018-10-29,2018-10-31
sz.300251,2018-10-29,2018-10-31
sz.300408,2018-10-29,2018-10-31
sz.300433,2018-10-29,2018-10-31
sh.600000,2018-11-26,2018-11-30
sh.600008,2018-11-26,2018-11-30
sh.600009,2018-11-26,2018-11-30
sh.600010,2018-11-26,2018-11-30
sh.600011,2018-11-26,2018-11-30
sh.600015,2018-11-26,2018-11-30
sh.600016,2018-11-26,2018-11-30
sh.600018,2018-11-26,2018-11-30
sh.600019,2018-11-26,2018-11-30
sh.600023,2018-11-26,2018-11-30
sh.600025,2018-11-26,2018-11-30
sh.600028,2018-11-26,2018-11-30
sh.600029,2018-11-26,2018-11-30
sh.600030,2018-11-26,2018-11-30
sh.600031,2018-11-26,2018-11-30
sh.600036,2018-11-26,2018-11-30
sh.600038,2018-11-26,2018-11-30
sh.600048,2018-11-26,2018-11-30
sh.600050,2018-11-26,2018-11-30
sh.600061,2018-11-26,2018-11-30
sh.600066,2018-11-26,2018-11-30
sh.600068,2018-11-26,2018-11-30
sh.600085,2018-11-26,2018-11-30
sh.600089,2018-11-26,2018-11-30
sh.600100,2018-11-26,2018-11-30
sh.600104,2018-11-26,2018-11-30
sh.600109,2018-11-26,2018-11-30
sh.600111,2018-11-26,2018-11-30
sh.600115,2018-11-26,2018-11-30
sh.600118,2018-11-26,2018-11-30
sh.600153,2018-11-26,2018-11-30
sh.600157,2018-11-26,2018-11-30
sh.600170,2018-11-26,2018-11-30
sh.600176,2018-11-26,2018-11-30
sh.600177,2018-11-26,2018-11-30
sh.600188,2018-11-26,2018-11-30
sh.600196,2018-11-26,2018-11-30
sh.600208,2018-11-26,2018-11-30
sh.600219,2018-11-26,2018-11-30
sh.600221,2018-11-26,2018-11-30
sh.600233,2018-11-26,2018-11-30
sh.600271,2018-11-26,2018-11-30
sh.600276,2018-11-26,2018-11-30
sh.600297,2018-11-26,2018-11-30
sh.600309,2018-11-26,2018-11-30
sh.600332,2018-11-26,2018-11-30
sh.600339,2018-11-26,2018-11-30
sh.600340,2018-11-26,2018-11-30
sh.600346,2018-11-26,2018-11-30
sh.600352,2018-11-26,2018-11-30
sh.600362,2018-11-26,2018-11-30
sh.600369,2018-11-26,2018-11-30
sh.600372,2018-11-26,2018-11-30
sh.600373,2018-11-26,2018-11-30
sh.600376,2018-11-26,2018-11-30
sh.600383,2018-11-26,2018-11-30
sh.600390,2018-11-26,2018-11-30
sh.600398,2018-11-26,2018-11-30
sh.600406,2018-11-26,2018-11-30
sh.600415,2018-11-26,2018-11-30
sh.600436,2018-11-26,2018-11-30
sh.600438,2018-11-26,2018-11-30
sh.600482,2018-11-26,2018-11-30
sh.600487,2018-11-26,2018-11-30
sh.600489,2018-11-26,2018-11-30
sh.600498,2018-11-26,2018-11-30
sh.600516,2018-11-26,2018-11-30
sh.600518,2018-11-26,2018-11-30
sh.600519,2018-11-26,2018-11-30
sh.600522,2018-11-26,2018-11-30
sh.600535,2018-11-26,2018-11-30
sh.600547,2018-11-26,2018-11-30
sh.600549,2018-11-26,2018-11-30
sh.600570,2018-11-26,2018-11-30
sh.600583,2018-11-26,2018-11-30
sh.600585,2018-11-26,2018-11-30
sh.600588,2018-11-26,2018-11-30
sh.600606,2018-11-26,2018-11-30
sh.600637,2018-11-26,2018-11-30
sh.600660,2018-11-26,2018-11-30
sh.600663,2018-11-26,2018-11-30
sh.600674,2018-11-26,2018-11-30
sh.600682,2018-11-26,2018-11-30
sh.600688,2018-11-26,2018-11-30
sh.600690,2018-11-26,2018-11-30
sh.600703,2018-11-26,2018-11-30
sh.600704,2018-11-26,2018-11-30
sh.600705,2018-11-26,2018-11-30
sh.600739,2018-11-26,2018-11-30
sh.600741,2018-11-26,2018-11-30
sh.600795,2018-11-26,2018-11-30
sh.600804,2018-11-26,2018-11-30
sh.600809,2018-11-26,2018-11-30
sh.600816,2018-11-26,2018-11-30
sh.600820,2018-11-26,2018-11-30
sh.600837,2018-11-26,2018-11-30
sh.600867,2018-11-26,2018-11-30
sh.600886,2018-11-26,2018-11-30
sh.600887,2018-11-26,2018-11-30
sh.600893,2018-11-26,2018-11-30
sh.600900,2018-11-26,2018-11-30
sh.600909,2018-11-26,2018-11-30
sh.600919,2018-11-26,2018-11-30
sh.600926,2018-11-26,2018-11-30
sh.600958,2018-11-26,2018-11-30
sh.600959,2018-11-26,2018-11-30
sh.600977,2018-11-26,2018-11-30
sh.600999,2018-11-26,2018-11-30
sh.601006,2018-11-26,2018-11-30
sh.601009,2018-11-26,2018-11-30
sh.601012,2018-11-26,2018-11-30
sh.601018,2018-11-26,2018-11-30
sh.601021,2018-11-26,2018-11-30
sh.601088,2018-11-26,2018-11-30
sh.601099,2018-11-26,2018-11-30
sh.601108,2018-11-26,2018-11-30
sh.601111,2018-11-26,2018-11-30
sh.601117,2018-11-26,2018-11-30
sh.601155,2018-11-26,2018-11-30
sh.601166,2018-11-26,2018-11-30
sh.601169,2018-11-26,2018-11-30
sh.601186,2018-11-26,2018-11-30
sh.601198,2018-11-26,2018-11-30
sh.601211,2018-11-26,2018-11-30
sh.601212,2018-11-26,2018-11-30
sh.601216,2018-11-26,2018-11-30
sh.601225,2018-11-26,2018-11-30
sh.601228,2018-11-26,2018-11-30
sh.601229,2018-11-26,2018-11-30
sh.601238,2018-11-26,2018-11-30
sh.601288,2018-11-26,2018-11-30
sh.601318,2018-11-26,2018-11-30
sh.601328,2018-11-26,2018-11-30
sh.601333,2018-11-26,2018-11-30
sh.601336,2018-11-26,2018-11-30
sh.601360,2018-11-26,2018-11-30
sh.601377,2018-11-26,2018-11-30
sh.601390,2018-11-26,2018-11-30
sh.601398,2018-11-26,2018-11-30
sh.601555,2018-11-26,2018-11-30
sh.601600,2018-11-26,2018-11-30
sh.601601,2018-11-26,2018-11-30
sh.601607,2018-11-26,2018-11-30
sh.601611,2018-11-26,2018-11-30
sh.601618,2018-11-26,2018-11-30
sh.601628,2018-11-26,2018-11-30
sh.601633,2018-11-26,2018-11-30
sh.601668,2018-11-26,2018-11-30
sh.601669,2018-11-26,2018-11-30
sh.601688,2018-11-26,2018-11-30
sh.601718,2018-11-26,2018-11-30
sh.601727,2018-11-26,2018-11-30
sh.601766,2018-11-26,2018-11-30
sh.601788,2018-11-26,2018-11-30
sh.601800,2018-11-26,2018-11-30
sh.601808,2018-11-26,2018-11-30
sh.601818,2018-11-26,2018-11-30
sh.601828,2018-11-26,2018-11-30
sh.601838,2018-11-26,2018-11-30
sh.601857,2018-11-26,2018-11-30
sh.601866,2018-11-26,2018-11-30
sh.601877,2018-11-26,2018-11-30
sh.601878,2018-11-26,2018-11-30
sh.601881,2018-11-26,2018-11-30
sh.601888,2018-11-26,2018-11-30
sh.601898,2018-11-26,2018-11-30
sh.601899,2018-11-26,2018-11-30
sh.601901,2018-11-26,2018-11-30
sh.601919,2018-11-26,2018-11-30
sh.601933,2018-11-26,2018-11-30
sh.601939,2018-11-26,2018-11-30
sh.601958,2018-11-26,2018-11-30
sh.601985,2018-11-26,2018-11-30
sh.601988,2018-11-26,2018-11-30
sh.601989,2018-11-26,2018-11-30
sh.601991,2018-11-26,2018-11-30
sh.601992,2018-11-26,2018-11-30
sh.601997,2018-11-26,2018-11-30
sh.601998,2018-11-26,2018-11-30
sh.603160,2018-11-26,2018-11-30
sh.603260,2018-11-26,2018-11-30
sh.603288,2018-11-26,2018-11-30
sh.603799,2018-11-26,2018-11-30
sh.603833,2018-11-26,2018-11-30
sh.603858,2018-11-26,2018-11-30
sh.603993,2018-11-26,2018-11-30
sz.000001,2018-11-26,2018-11-30
sz.000002,2018-11-26,2018-11-30
sz.000060,2018-11-26,2018-11-30
sz.000063,2018-11-26,2018-11-30
sz.000069,2018-11-26,2018-11-30
sz.000100,2018-11-26,2018-11-30
sz.000157,2018-11-26,2018-11-30
sz.000166,2018-11-26,2018-11-30
sz.000333,2018-11-26,2018-11-30
sz.000338,2018-11-26,2018-11-30
sz.000402,2018-11-26,2018-11-30
sz.000413,2018-11-26,2018-11-30
sz.000415,2018-11-26,2018-11-30
sz.000423,2018-11-26,2018-11-30
sz.000425,2018-11-26,2018-11-30
sz.000503,2018-11-26,2018-11-30
sz.000538,2018-11-26,2018-11-30
sz.000540,2018-11-26,2018-11-30
sz.000559,2018-11-26,2018-11-30
sz.000568,2018-11-26,2018-11-30
sz.000623,2018-11-26,2018-11-30
sz.000625,2018-11-26,2018-11-30
sz.000627,2018-11-26,2018-11-30
sz.000630,2018-11-26,2018-11-30
sz.000651,2018-11-26,2018-11-30
sz.000671,2018-11-26,2018-11-30
sz.000709,2018-11-26,2018-11-30
sz.000723,2018-11-26,2018-11-30
sz.000725,2018-11-26,2018-11-30
sz.000728,2018-11-26,2018-11-30
sz.000768,2018-11-26,2018-11-30
sz.000776,2018-11-26,2018-11-30
sz.000783,2018-11-26,2018-11-30
sz.000786,2018-11-26,2018-11-30
sz.000792,2018-11-26,2018-11-30
sz.000826,2018-11-26,2018-11-30
sz.000839,2018-11-26,2018-11-30
sz.000858,2018-11-26,2018-11-30
sz.000876,2018-11-26,2018-11-30
sz.000895,2018-11-26,2018-11-30
sz.000898,2018-11-26,2018-11-30
sz.000938,2018-11-26,2018-11-30
sz.000959,2018-11-26,2018-11-30
sz.000961,2018-11-26,2018-11-30
sz.000963,2018-11-26,2018-11-30
sz.000983,2018-11-26,2018-11-30
sz.001965,2018-11-26,2018-11-30
sz.001979,2018-11-26,2018-11-30
sz.002007,2018-11-26,2018-11-30
sz.002008,2018-11-26,2018-11-30
sz.002024,2018-11-26,2018-11-30
sz.002027,2018-11-26,2018-11-30
sz.002044,2018-11-26,2018-11-30
sz.002050,2018-11-26,2018-11-30
sz.002065,2018-11-26,2018-11-30
sz.002074,2018-11-26,2018-11-30
sz.002081,2018-11-26,2018-11-30
sz.002085,2018-11-26,2018-11-30
sz.002142,2018-11-26,2018-11-30
sz.002146,2018-11-26,2018-11-30
sz.002153,2018-11-26,2018-11-30
sz.002202,2018-11-26,2018-11-30
sz.002230,2018-11-26,2018-11-30
sz.002236,2018-11-26,2018-11-30
sz.002241,2018-11-26,2018-11-30
sz.002252,2018-11-26,2018-11-30
sz.002294,2018-11-26,2018-11-30
sz.002304,2018-11-26,2018-11-30
sz.002310,2018-11-26,2018-11-30
sz.002352,2018-11-26,2018-11-30
sz.002385,2018-11-26,2018-11-30
sz.002411,2018-11-26,2018-11-30
sz.002415,2018-11-26,2018-11-30
sz.002450,2018-11-26,2018-11-30
sz.002456,2018-11-26,2018-11-30
sz.002460,2018-11-26,2018-11-30
sz.002466,2018-11-26,2018-11-30
sz.002468,2018-11-26,2018-11-30
sz.002470,2018-11-26,2018-11-30
sz.002475,2018-11-26,2018-11-30
sz.002493,2018-11-26,2018-11-30
sz.002500,2018-11-26,2018-11-30
sz.002508,2018-11-26,2018-11-30
sz.002555,2018-11-26,2018-11-30
sz.002558,2018-11-26,2018-11-30
sz.002572,2018-11-26,2018-11-30
sz.002594,2018-11-26,2018-11-30
sz.002601,2018-11-26,2018-11-30
sz.002602,2018-11-26,2018-11-30
sz.002608,2018-11-26,2018-11-30
sz.002624,2018-11-26,2018-11-30
sz.002625,2018-11-26,2018-11-30
sz.002673,2018-11-26,2018-11-30
sz.002714,2018-11-26,2018-11-30
sz.002736,2018-11-26,2018-11-30
sz.002739,2018-11-26,2018-11-30
sz.002797,2018-11-26,2018-11-30
sz.002925,2018-11-26,2018-11-30
sz.300003,2018-11-26,2018-11-30
sz.300015,2018-11-26,2018-11-30
sz.300017,2018-11-26,2018-11-30
sz.300024,2018-11-26,2018-11-30
sz.300027,2018-11-26,2018-11-30
sz.300033,2018-11-26,2018-11-30
sz.300059,2018-11-26,2018-11-30
sz.300070,2018-11-26,2018-11-30
sz.300072,2018-11-26,2018-11-30
sz.300122,2018-11-26,2018-11-30
sz.300124,2018-11-26,2018-11-30
sz.300136,2018-11-26,2018-11-30
sz.300144,2018-11-26,2018-11-30
sz.300251,2018-11-26,2018-11-30
sz.300408,2018-11-26,2018-11-30
sz.300433,2018-11-26,2018-11-30
sh.600000,2018-12-24,2018-12-31
sh.600004,2018-12-24,2018-12-31
sh.600009,2018-12-24,2018-12-31
sh.600010,2018-12-24,2018-12-31
sh.600011,2018-12-24,2018-12-31
sh.600015,2018-12-24,2018-12-31
sh.600016,2018-12-24,2018-12-31
sh.600018,2018-12-24,2018-12-31
sh.600019,2018-12-24,2018-12-31
sh.600023,2018-12-24,2018-12-31
sh.600025,2018-12-24,2018-12-31
sh.600027,2018-12-24,2018-12-31
sh.600028,2018-12-24,2018-12-31
sh.600029,2018-12-24,2018-12-31
sh.600030,2018-12-24,2018-12-31
sh.600031,2018-12-24,2018-12-31
sh.600036,2018-12-24,2018-12-31
sh.600038,2018-12-24,2018-12-31
sh.600048,2018-12-24,2018-12-31
sh.600050,2018-12-24,2018-12-31
sh.600061,2018-12-24,2018-12-31
sh.600066,2018-12-24,2018-12-31
sh.600068,2018-12-24,2018-12-31
sh.600085,2018-12-24,2018-12-31
sh.600089,2018-12-24,2018-12-31
sh.600100,2018-12-24,2018-12-31
sh.600104,2018-12-24,2018-12-31
sh.600109,2018-12-24,2018-12-31
sh.600111,2018-12-24,2018-12-31
sh.600115,2018-12-24,2018-12-31
sh.600118,2018-12-24,2018-12-31
sh.600153,2018-12-24,2018-12-31
sh.600157,2018-12-24,2018-12-31
sh.600170,2018-12-24,2018-12-31
sh.600176,2018-12-24,2018-12-31
sh.600177,2018-12-24,2018-12-31
sh.600188,2018-12-24,2018-12-31
sh.600196,2018-12-24,2018-12-31
sh.600208,2018-12-24,2018-12-31
sh.600219,2018-12-24,2018-12-31
sh.600221,2018-12-24,2018-12-31
sh.600233,2018-12-24,2018-12-31
sh.600271,2018-12-24,2018-12-31
sh.600276,2018-12-24,2018-12-31
sh.600297,2018-12-24,2018-12-31
sh.600309,2018-12-24,2018-12-31
sh.600332,2018-12-24,2018-12-31
sh.600339,2018-12-24,2018-12-31
sh.600340,2018-12-24,2018-12-31
sh.600346,2018-12-24,2018-12-31
sh.600352,2018-12-24,2018-12-31
sh.600362,2018-12-24,2018-12-31
sh.600369,2018-12-24,2018-12-31
sh.600372,2018-12-24,2018-12-31
sh.600383,2018-12-24,2018-12-31
sh.600390,2018-12-24,2018-12-31
sh.600398,2018-12-24,2018-12-31
sh.600406,2018-12-24,2018-12-31
sh.600415,2018-12-24,2018-12-31
sh.600436,2018-12-24,2018-12-31
sh.600438,2018-12-24,2018-12-31
sh.600482,2018-12-24,2018-12-31
sh.600487,2018-12-24,2018-12-31
sh.600489,2018-12-24,2018-12-31
sh.600498,2018-12-24,2018-12-31
sh.600516,2018-12-24,2018-12-31
sh.600518,2018-12-24,2018-12-31
sh.600519,2018-12-24,2018-12-31
sh.600522,2018-12-24,2018-12-31
sh.600535,2018-12-24,2018-12-31
sh.600547,2018-12-24,2018-12-31
sh.600549,2018-12-24,2018-12-31
sh.600566,2018-12-24,2018-12-31
sh.600570,2018-12-24,2018-12-31
sh.600583,2018-12-24,2018-12-31
sh.600585,2018-12-24,2018-12-31
sh.600588,2018-12-24,2018-12-31
sh.600606,2018-12-24,2018-12-31
sh.600637,2018-12-24,2018-12-31
sh.600660,2018-12-24,2018-12-31
sh.600674,2018-12-24,2018-12-31
sh.600688,2018-12-24,2018-12-31
sh.600690,2018-12-24,2018-12-31
sh.600703,2018-12-24,2018-12-31
sh.600704,2018-12-24,2018-12-31
sh.600705,2018-12-24,2018-12-31
sh.600739,2018-12-24,2018-12-31
sh.600741,2018-12-24,2018-12-31
sh.600760,2018-12-24,2018-12-31
sh.600795,2018-12-24,2018-12-31
sh.600809,2018-12-24,2018-12-31
sh.600816,2018-12-24,2018-12-31
sh.600837,2018-12-24,2018-12-31
sh.600867,2018-12-24,2018-12-31
sh.600886,2018-12-24,2018-12-31
sh.600887,2018-12-24,2018-12-31
sh.600893,2018-12-24,2018-12-31
sh.600900,2018-12-24,2018-12-31
sh.600909,2018-12-24,2018-12-31
sh.600919,2018-12-24,2018-12-31
sh.600926,2018-12-24,2018-12-31
sh.600958,2018-12-24,2018-12-31
sh.600977,2018-12-24,2018-12-31
sh.600998,2018-12-24,2018-12-31
sh.600999,2018-12-24,2018-12-31
sh.601006,2018-12-24,2018-12-31
sh.601009,2018-12-24,2018-12-31
sh.601012,2018-12-24,2018-12-31
sh.601018,2018-12-24,2018-12-31
sh.601021,2018-12-24,2018-12-31
sh.601066,2018-12-24,2018-12-31
sh.601088,2018-12-24,2018-12-31
sh.601108,2018-12-24,2018-12-31
sh.601111,2018-12-24,2018-12-31
sh.601117,2018-12-24,2018-12-31
sh.601138,2018-12-24,2018-12-31
sh.601155,2018-12-24,2018-12-31
sh.601166,2018-12-24,2018-12-31
sh.601169,2018-12-24,2018-12-31
sh.601186,2018-12-24,2018-12-31
sh.601198,2018-12-24,2018-12-31
sh.601211,2018-12-24,2018-12-31
sh.601212,2018-12-24,2018-12-31
sh.601216,2018-12-24,2018-12-31
sh.601225,2018-12-24,2018-12-31
sh.601228,2018-12-24,2018-12-31
sh.601229,2018-12-24,2018-12-31
sh.601238,2018-12-24,2018-12-31
sh.601288,2018-12-24,2018-12-31
sh.601318,2018-12-24,2018-12-31
sh.601328,2018-12-24,2018-12-31
sh.601333,2018-12-24,2018-12-31
sh.601336,2018-12-24,2018-12-31
sh.601360,2018-12-24,2018-12-31
sh.601377,2018-12-24,2018-12-31
sh.601390,2018-12-24,2018-12-31
sh.601398,2018-12-24,2018-12-31
sh.601555,2018-12-24,2018-12-31
sh.601600,2018-12-24,2018-12-31
sh.601601,2018-12-24,2018-12-31
sh.601607,2018-12-24,2018-12-31
sh.601611,2018-12-24,2018-12-31
sh.601618,2018-12-24,2018-12-31
sh.601628,2018-12-24,2018-12-31
sh.601633,2018-12-24,2018-12-31
sh.601668,2018-12-24,2018-12-31
sh.601669,2018-12-24,2018-12-31
sh.601688,2018-12-24,2018-12-31
sh.601727,2018-12-24,2018-12-31
sh.601766,2018-12-24,2018-12-31
sh.601788,2018-12-24,2018-12-31
sh.601800,2018-12-24,2018-12-31
sh.601808,2018-12-24,2018-12-31
sh.601818,2018-12-24,2018-12-31
sh.601828,2018-12-24,2018-12-31
sh.601838,2018-12-24,2018-12-31
sh.601857,2018-12-24,2018-12-31
sh.601877,2018-12-24,2018-12-31
sh.601878,2018-12-24,2018-12-31
sh.601881,2018-12-24,2018-12-31
sh.601888,2018-12-24,2018-12-31
sh.601898,2018-12-24,2018-12-31
sh.601899,2018-12-24,2018-12-31
sh.601901,2018-12-24,2018-12-31
sh.601919,2018-12-24,2018-12-31
sh.601933,2018-12-24,2018-12-31
sh.601939,2018-12-24,2018-12-31
sh.601985,2018-12-24,2018-12-31
sh.601988,2018-12-24,2018-12-31
sh.601989,2018-12-24,2018-12-31
sh.601991,2018-12-24,2018-12-31
sh.601992,2018-12-24,2018-12-31
sh.601997,2018-12-24,2018-12-31
sh.601998,2018-12-24,2018-12-31
sh.603156,2018-12-24,2018-12-31
sh.603160,2018-12-24,2018-12-31
sh.603259,2018-12-24,2018-12-31
sh.603260,2018-12-24,2018-12-31
sh.603288,2018-12-24,2018-12-31
sh.603799,2018-12-24,2018-12-31
sh.603833,2018-12-24,2018-12-31
sh.603858,2018-12-24,2018-12-31
sh.603986,2018-12-24,2018-12-31
sh.603993,2018-12-24,2018-12-31
sz.000001,2018-12-24,2018-12-31
sz.000002,2018-12-24,2018-12-31
sz.000063,2018-12-24,2018-12-31
sz.000069,2018-12-24,2018-12-31
sz.000100,2018-12-24,2018-12-31
sz.000157,2018-12-24,2018-12-31
sz.000166,2018-12-24,2018-12-31
sz.000333,2018-12-24,2018-12-31
sz.000338,2018-12-24,2018-12-31
sz.000402,2018-12-24,2018-12-31
sz.000408,2018-12-24,2018-12-31
sz.000413,2018-12-24,2018-12-31
sz.000415,2018-12-24,2018-12-31
sz.000423,2018-12-24,2018-12-31
sz.000425,2018-12-24,2018-12-31
sz.000503,2018-12-24,2018-12-31
sz.000538,2018-12-24,2018-12-31
sz.000553,2018-12-24,2018-12-31
sz.000568,2018-12-24,2018-12-31
sz.000625,2018-12-24,2018-12-31
sz.000627,2018-12-24,2018-12-31
sz.000630,2018-12-24,2018-12-31
sz.000651,2018-12-24,2018-12-31
sz.000661,2018-12-24,2018-12-31
sz.000671,2018-12-24,2018-12-31
sz.000703,2018-12-24,2018-12-31
sz.000709,2018-12-24,2018-12-31
sz.000725,2018-12-24,2018-12-31
sz.000728,2018-12-24,2018-12-31
sz.000768,2018-12-24,2018-12-31
sz.000776,2018-12-24,2018-12-31
sz.000783,2018-12-24,2018-12-31
sz.000786,2018-12-24,2018-12-31
sz.000792,2018-12-24,2018-12-31
sz.000826,2018-12-24,2018-12-31
sz.000839,2018-12-24,2018-12-31
sz.000858,2018-12-24,2018-12-31
sz.000876,2018-12-24,2018-12-31
sz.000895,2018-12-24,2018-12-31
sz.000898,2018-12-24,2018-12-31
sz.000938,2018-12-24,2018-12-31
sz.000959,2018-12-24,2018-12-31
sz.000961,2018-12-24,2018-12-31
sz.000963,2018-12-24,2018-12-31
sz.000983,2018-12-24,2018-12-31
sz.001965,2018-12-24,2018-12-31
sz.001979,2018-12-24,2018-12-31
sz.002001,2018-12-24,2018-12-31
sz.002007,2018-12-24,2018-12-31
sz.002008,2018-12-24,2018-12-31
sz.002024,2018-12-24,2018-12-31
sz.002027,2018-12-24,2018-12-31
sz.002032,2018-12-24,2018-12-31
sz.002044,2018-12-24,2018-12-31
sz.002050,2018-12-24,2018-12-31
sz.002065,2018-12-24,2018-12-31
sz.002081,2018-12-24,2018-12-31
sz.002085,2018-12-24,2018-12-31
sz.002120,2018-12-24,2018-12-31
sz.002142,2018-12-24,2018-12-31
sz.002146,2018-12-24,2018-12-31
sz.002153,2018-12-24,2018-12-31
sz.002179,2018-12-24,2018-12-31
sz.002202,2018-12-24,2018-12-31
sz.002230,2018-12-24,2018-12-31
sz.002236,2018-12-24,2018-12-31
sz.002241,2018-12-24,2018-12-31
sz.002252,2018-12-24,2018-12-31
sz.002271,2018-12-24,2018-12-31
sz.002294,2018-12-24,2018-12-31
sz.002304,2018-12-24,2018-12-31
sz.002310,2018-12-24,2018-12-31
sz.002311,2018-12-24,2018-12-31
sz.002352,2018-12-24,2018-12-31
sz.002411,2018-12-24,2018-12-31
sz.002415,2018-12-24,2018-12-31
sz.002422,2018-12-24,2018-12-31
sz.002450,2018-12-24,2018-12-31
sz.002456,2018-12-24,2018-12-31
sz.002460,2018-12-24,2018-12-31
sz.002466,2018-12-24,2018-12-31
sz.002468,2018-12-24,2018-12-31
sz.002475,2018-12-24,2018-12-31
sz.002493,2018-12-24,2018-12-31
sz.002508,2018-12-24,2018-12-31
sz.002555,2018-12-24,2018-12-31
sz.002558,2018-12-24,2018-12-31
sz.002572,2018-12-24,2018-12-31
sz.002594,2018-12-24,2018-12-31
sz.002601,2018-12-24,2018-12-31
sz.002602,2018-12-24,2018-12-31
sz.002624,2018-12-24,2018-12-31
sz.002625,2018-12-24,2018-12-31
sz.002673,2018-12-24,2018-12-31
sz.002714,2018-12-24,2018-12-31
sz.002736,2018-12-24,2018-12-31
sz.002773,2018-12-24,2018-12-31
sz.002797,2018-12-24,2018-12-31
sz.002925,2018-12-24,2018-12-31
sz.300003,2018-12-24,2018-12-31
sz.300015,2018-12-24,2018-12-31
sz.300017,2018-12-24,2018-12-31
sz.300024,2018-12-24,2018-12-31
sz.300033,2018-12-24,2018-12-31
sz.300059,2018-12-24,2018-12-31
sz.300070,2018-12-24,2018-12-31
sz.300072,2018-12-24,2018-12-31
sz.300122,2018-12-24,2018-12-31
sz.300124,2018-12-24,2018-12-31
sz.300136,2018-12-24,2018-12-31
sz.300142,2018-12-24,2018-12-31
sz.300144,2018-12-24,2018-12-31
sz.300251,2018-12-24,2018-12-31
sz.300296,2018-12-24,2018-12-31
sz.300408,2018-12-24,2018-12-31
sz.300433,2018-12-24,2018-12-31
sh.600000,2019-01-28,2019-01-31
sh.600004,2019-01-28,2019-01-31
sh.600009,2019-01-28,2019-01-31
sh.600010,2019-01-28,2019-01-31
sh.600011,2019-01-28,2019-01-31
sh.600015,2019-01-28,2019-01-31
sh.600016,2019-01-28,2019-01-31
sh.600018,2019-01-28,2019-01-31
sh.600019,2019-01-28,2019-01-31
sh.600023,2019-01-28,2019-01-31
sh.600025,2019-01-28,2019-01-31
sh.600027,2019-01-28,2019-01-31
sh.600028,2019-01-28,2019-01-31
sh.600029,2019-01-28,2019-01-31
sh.600030,2019-01-28,2019-01-31
sh.600031,2019-01-28,2019-01-31
sh.600036,2019-01-28,2019-01-31
sh.600038,2019-01-28,2019-01-31
sh.600048,2019-01-28,2019-01-31
sh.600050,2019-01-28,2019-01-31
sh.600061,2019-01-28,2019-01-31
sh.600066,2019-01-28,2019-01-31
sh.600068,2019-01-28,2019-01-31
sh.600085,2019-01-28,2019-01-31
sh.600089,2019-01-28,2019-01-31
sh.600100,2019-01-28,2019-01-31
sh.600104,2019-01-28,2019-01-31
sh.600109,2019-01-28,2019-01-31
sh.600111,2019-01-28,2019-01-31
sh.600115,2019-01-28,2019-01-31
sh.600118,2019-01-28,2019-01-31
sh.600153,2019-01-28,2019-01-31
sh.600157,2019-01-28,2019-01-31
sh.600170,2019-01-28,2019-01-31
sh.600176,2019-01-28,2019-01-31
sh.600177,2019-01-28,2019-01-31
sh.600188,2019-01-28,2019-01-31
sh.600196,2019-01-28,2019-01-31
sh.600208,2019-01-28,2019-01-31
sh.600219,2019-01-28,2019-01-31
sh.600221,2019-01-28,2019-01-31
sh.600233,2019-01-28,2019-01-31
sh.600271,2019-01-28,2019-01-31
sh.600276,2019-01-28,2019-01-31
sh.600297,2019-01-28,2019-01-31
sh.600309,2019-01-28,2019-01-31
sh.600332,2019-01-28,2019-01-31
sh.600339,2019-01-28,2019-01-31
sh.600340,2019-01-28,2019-01-31
sh.600346,2019-01-28,2019-01-31
sh.600352,2019-01-28,2019-01-31
sh.600362,2019-01-28,2019-01-31
sh.600369,2019-01-28,2019-01-31
sh.600372,2019-01-28,2019-01-31
sh.600383,2019-01-28,2019-01-31
sh.600390,2019-01-28,2019-01-31
sh.600398,2019-01-28,2019-01-31
sh.600406,2019-01-28,2019-01-31
sh.600415,2019-01-28,2019-01-31
sh.600436,2019-01-28,2019-01-31
sh.600438,2019-01-28,2019-01-31
sh.600482,2019-01-28,2019-01-31
sh.600487,2019-01-28,2019-01-31
sh.600489,2019-01-28,2019-01-31
sh.600498,2019-01-28,2019-01-31
sh.600516,2019-01-28,2019-01-31
sh.600518,2019-01-28,2019-01-31
sh.600519,2019-01-28,2019-01-31
sh.600522,2019-01-28,2019-01-31
sh.600535,2019-01-28,2019-01-31
sh.600547,2019-01-28,2019-01-31
sh.600549,2019-01-28,2019-01-31
sh.600566,2019-01-28,2019-01-31
sh.600570,2019-01-28,2019-01-31
sh.600583,2019-01-28,2019-01-31
sh.600585,2019-01-28,2019-01-31
sh.600588,2019-01-28,2019-01-31
sh.600606,2019-01-28,2019-01-31
sh.600637,2019-01-28,2019-01-31
sh.600660,2019-01-28,2019-01-31
sh.600674,2019-01-28,2019-01-31
sh.600688,2019-01-28,2019-01-31
sh.600690,2019-01-28,2019-01-31
sh.600703,2019-01-28,2019-01-31
sh.600704,2019-01-28,2019-01-31
sh.600705,2019-01-28,2019-01-31
sh.600739,2019-01-28,2019-01-31
sh.600741,2019-01-28,2019-01-31
sh.600760,2019-01-28,2019-01-31
sh.600795,2019-01-28,2019-01-31
sh.600809,2019-01-28,2019-01-31
sh.600816,2019-01-28,2019-01-31
sh.600837,2019-01-28,2019-01-31
sh.600867,2019-01-28,2019-01-31
sh.600886,2019-01-28,2019-01-31
sh.600887,2019-01-28,2019-01-31
sh.600893,2019-01-28,2019-01-31
sh.600900,2019-01-28,2019-01-31
sh.600909,2019-01-28,2019-01-31
sh.600919,2019-01-28,2019-01-31
sh.600926,2019-01-28,2019-01-31
sh.600958,2019-01-28,2019-01-31
sh.600977,2019-01-28,2019-01-31
sh.600998,2019-01-28,2019-01-31
sh.600999,2019-01-28,2019-01-31
sh.601006,2019-01-28,2019-01-31
sh.601009,2019-01-28,2019-01-31
sh.601012,2019-01-28,2019-01-31
sh.601018,2019-01-28,2019-01-31
sh.601021,2019-01-28,2019-01-31
sh.601066,2019-01-28,2019-01-31
sh.601088,2019-01-28,2019-01-31
sh.601108,2019-01-28,2019-01-31
sh.601111,2019-01-28,2019-01-31
sh.601117,2019-01-28,2019-01-31
sh.601138,2019-01-28,2019-01-31
sh.601155,2019-01-28,2019-01-31
sh.601166,2019-01-28,2019-01-31
sh.601169,2019-01-28,2019-01-31
sh.601186,2019-01-28,2019-01-31
sh.601198,2019-01-28,2019-01-31
sh.601211,2019-01-28,2019-01-31
sh.601212,2019-01-28,2019-01-31
sh.601216,2019-01-28,2019-01-31
sh.601225,2019-01-28,2019-01-31
sh.601228,2019-01-28,2019-01-31
sh.601229,2019-01-28,2019-01-31
sh.601238,2019-01-28,2019-01-31
sh.601288,2019-01-28,2019-01-31
sh.601318,2019-01-28,2019-01-31
sh.601328,2019-01-28,2019-01-31
sh.601333,2019-01-28,2019-01-31
sh.601336,2019-01-28,2019-01-31
sh.601360,2019-01-28,2019-01-31
sh.601377,2019-01-28,2019-01-31
sh.601390,2019-01-28,2019-01-31
sh.601398,2019-01-28,2019-01-31
sh.601555,2019-01-28,2019-01-31
sh.601600,2019-01-28,2019-01-31
sh.601601,2019-01-28,2019-01-31
sh.601607,2019-01-28,2019-01-31
sh.601611,2019-01-28,2019-01-31
sh.601618,2019-01-28,2019-01-31
sh.601628,2019-01-28,2019-01-31
sh.601633,2019-01-28,2019-01-31
sh.601668,2019-01-28,2019-01-31
sh.601669,2019-01-28,2019-01-31
sh.601688,2019-01-28,2019-01-31
sh.601727,2019-01-28,2019-01-31
sh.601766,2019-01-28,2019-01-31
sh.601788,2019-01-28,2019-01-31
sh.601800,2019-01-28,2019-01-31
sh.601808,2019-01-28,2019-01-31
sh.601818,2019-01-28,2019-01-31
sh.601828,2019-01-28,2019-01-31
sh.601838,2019-01-28,2019-01-31
sh.601857,2019-01-28,2019-01-31
sh.601877,2019-01-28,2019-01-31
sh.601878,2019-01-28,2019-01-31
sh.601881,2019-01-28,2019-01-31
sh.601888,2019-01-28,2019-01-31
sh.601898,2019-01-28,2019-01-31
sh.601899,2019-01-28,2019-01-31
sh.601901,2019-01-28,2019-01-31
sh.601919,2019-01-28,2019-01-31
sh.601933,2019-01-28,2019-01-31
sh.601939,2019-01-28,2019-01-31
sh.601985,2019-01-28,2019-01-31
sh.601988,2019-01-28,2019-01-31
sh.601989,2019-01-28,2019-01-31
sh.601991,2019-01-28,2019-01-31
sh.601992,2019-01-28,2019-01-31
sh.601997,2019-01-28,2019-01-31
sh.601998,2019-01-28,2019-01-31
sh.603156,2019-01-28,2019-01-31
sh.603160,2019-01-28,2019-01-31
sh.603259,2019-01-28,2019-01-31
sh.603260,2019-01-28,2019-01-31
sh.603288,2019-01-28,2019-01-31
sh.603799,2019-01-28,2019-01-31
sh.603833,2019-01-28,2019-01-31
sh.603858,2019-01-28,2019-01-31
sh.603986,2019-01-28,2019-01-31
sh.603993,2019-01-28,2019-01-31
sz.000001,2019-01-28,2019-01-31
sz.000002,2019-01-28,2019-01-31
sz.000063,2019-01-28,2019-01-31
sz.000069,2019-01-28,2019-01-31
sz.000100,2019-01-28,2019-01-31
sz.000157,2019-01-28,2019-01-31
sz.000166,2019-01-28,2019-01-31
sz.000333,2019-01-28,2019-01-31
sz.000338,2019-01-28,2019-01-31
sz.000402,2019-01-28,2019-01-31
sz.000408,2019-01-28,2019-01-31
sz.000413,2019-01-28,2019-01-31
sz.000415,2019-01-28,2019-01-31
sz.000423,2019-01-28,2019-01-31
sz.000425,2019-01-28,2019-01-31
sz.000503,2019-01-28,2019-01-31
sz.000538,2019-01-28,2019-01-31
sz.000553,2019-01-28,2019-01-31
sz.000568,2019-01-28,2019-01-31
sz.000625,2019-01-28,2019-01-31
sz.000627,2019-01-28,2019-01-31
sz.000630,2019-01-28,2019-01-31
sz.000651,2019-01-28,2019-01-31
sz.000661,2019-01-28,2019-01-31
sz.000671,2019-01-28,2019-01-31
sz.000703,2019-01-28,2019-01-31
sz.000709,2019-01-28,2019-01-31
sz.000725,2019-01-28,2019-01-31
sz.000728,2019-01-28,2019-01-31
sz.000768,2019-01-28,2019-01-31
sz.000776,2019-01-28,2019-01-31
sz.000783,2019-01-28,2019-01-31
sz.000786,2019-01-28,2019-01-31
sz.000792,2019-01-28,2019-01-31
sz.000826,2019-01-28,2019-01-31
sz.000839,2019-01-28,2019-01-31
sz.000858,2019-01-28,2019-01-31
sz.000876,2019-01-28,2019-01-31
sz.000895,2019-01-28,2019-01-31
sz.000898,2019-01-28,2019-01-31
sz.000938,2019-01-28,2019-01-31
sz.000959,2019-01-28,2019-01-31
sz.000961,2019-01-28,2019-01-31
sz.000963,2019-01-28,2019-01-31
sz.000983,2019-01-28,2019-01-31
sz.001965,2019-01-28,2019-01-31
sz.001979,2019-01-28,2019-01-31
sz.002001,2019-01-28,2019-01-31
sz.002007,2019-01-28,2019-01-31
sz.002008,2019-01-28,2019-01-31
sz.002024,2019-01-28,2019-01-31
sz.002027,2019-01-28,2019-01-31
sz.002032,2019-01-28,2019-01-31
sz.002044,2019-01-28,2019-01-31
sz.002050,2019-01-28,2019-01-31
sz.002065,2019-01-28,2019-01-31
sz.002081,2019-01-28,2019-01-31
sz.002085,2019-01-28,2019-01-31
sz.002120,2019-01-28,2019-01-31
sz.002142,2019-01-28,2019-01-31
sz.002146,2019-01-28,2019-01-31
sz.002153,2019-01-28,2019-01-31
sz.002179,2019-01-28,2019-01-31
sz.002202,2019-01-28,2019-01-31
sz.002230,2019-01-28,2019-01-31
sz.002236,2019-01-28,2019-01-31
sz.002241,2019-01-28,2019-01-31
sz.002252,2019-01-28,2019-01-31
sz.002271,2019-01-28,2019-01-31
sz.002294,2019-01-28,2019-01-31
sz.002304,2019-01-28,2019-01-31
sz.002310,2019-01-28,2019-01-31
sz.002311,2019-01-28,2019-01-31
sz.002352,2019-01-28,2019-01-31
sz.002411,2019-01-28,2019-01-31
sz.002415,2019-01-28,2019-01-31
sz.002422,2019-01-28,2019-01-31
sz.002450,2019-01-28,2019-01-31
sz.002456,2019-01-28,2019-01-31
sz.002460,2019-01-28,2019-01-31
sz.002466,2019-01-28,2019-01-31
sz.002468,2019-01-28,2019-01-31
sz.002475,2019-01-28,2019-01-31
sz.002493,2019-01-28,2019-01-31
sz.002508,2019-01-28,2019-01-31
sz.002555,2019-01-28,2019-01-31
sz.002558,2019-01-28,2019-01-31
sz.002572,2019-01-28,2019-01-31
sz.002594,2019-01-28,2019-01-31
sz.002601,2019-01-28,2019-01-31
sz.002602,2019-01-28,2019-01-31
sz.002624,2019-01-28,2019-01-31
sz.002625,2019-01-28,2019-01-31
sz.002673,2019-01-28,2019-01-31
sz.002714,2019-01-28,2019-01-31
sz.002736,2019-01-28,2019-01-31
sz.002773,2019-01-28,2019-01-31
sz.002797,2019-01-28,2019-01-31
sz.002925,2019-01-28,2019-01-31
sz.300003,2019-01-28,2019-01-31
sz.300015,2019-01-28,2019-01-31
sz.300017,2019-01-28,2019-01-31
sz.300024,2019-01-28,2019-01-31
sz.300033,2019-01-28,2019-01-31
sz.300059,2019-01-28,2019-01-31
sz.300070,2019-01-28,2019-01-31
sz.300072,2019-01-28,2019-01-31
sz.300122,2019-01-28,2019-01-31
sz.300124,2019-01-28,2019-01-31
sz.300136,2019-01-28,2019-01-31
sz.300142,2019-01-28,2019-01-31
sz.300144,2019-01-28,2019-01-31
sz.300251,2019-01-28,2019-01-31
sz.300296,2019-01-28,2019-01-31
sz.300408,2019-01-28,2019-01-31
sz.300433,2019-01-28,2019-01-31
sh.600000,2019-02-25,2019-02-28
sh.600004,2019-02-25,2019-02-28
sh.600009,2019-02-25,2019-02-28
sh.600010,2019-02-25,2019-02-28
sh.600011,2019-02-25,2019-02-28
sh.600015,2019-02-25,2019-02-28
sh.600016,2019-02-25,2019-02-28
sh.600018,2019-02-25,2019-02-28
sh.600019,2019-02-25,2019-02-28
sh.600023,2019-02-25,2019-02-28
sh.600025,2019-02-25,2019-02-28
sh.600027,2019-02-25,2019-02-28
sh.600028,2019-02-25,2019-02-28
sh.600029,2019-02-25,2019-02-28
sh.600030,2019-02-25,2019-02-28
sh.600031,2019-02-25,2019-02-28
sh.600036,2019-02-25,2019-02-28
sh.600038,2019-02-25,2019-02-28
sh.600048,2019-02-25,2019-02-28
sh.600050,2019-02-25,2019-02-28
sh.600061,2019-02-25,2019-02-28
sh.600066,2019-02-25,2019-02-28
sh.600068,2019-02-25,2019-02-28
sh.600085,2019-02-25,2019-02-28
sh.600089,2019-02-25,2019-02-28
sh.600100,2019-02-25,2019-02-28
sh.600104,2019-02-25,2019-02-28
sh.600109,2019-02-25,2019-02-28
sh.600111,2019-02-25,2019-02-28
sh.600115,2019-02-25,2019-02-28
sh.600118,2019-02-25,2019-02-28
sh.600153,2019-02-25,2019-02-28
sh.600157,2019-02-25,2019-02-28
sh.600170,2019-02-25,2019-02-28
sh.600176,2019-02-25,2019-02-28
sh.600177,2019-02-25,2019-02-28
sh.600188,2019-02-25,2019-02-28
sh.600196,2019-02-25,2019-02-28
sh.600208,2019-02-25,2019-02-28
sh.600219,2019-02-25,2019-02-28
sh.600221,2019-02-25,2019-02-28
sh.600233,2019-02-25,2019-02-28
sh.600271,2019-02-25,2019-02-28
sh.600276,2019-02-25,2019-02-28
sh.600297,2019-02-25,2019-02-28
sh.600309,2019-02-25,2019-02-28
sh.600332,2019-02-25,2019-02-28
sh.600339,2019-02-25,2019-02-28
sh.600340,2019-02-25,2019-02-28
sh.600346,2019-02-25,2019-02-28
sh.600352,2019-02-25,2019-02-28
sh.600362,2019-02-25,2019-02-28
sh.600369,2019-02-25,2019-02-28
sh.600372,2019-02-25,2019-02-28
sh.600383,2019-02-25,2019-02-28
sh.600390,2019-02-25,2019-02-28
sh.600398,2019-02-25,2019-02-28
sh.600406,2019-02-25,2019-02-28
sh.600415,2019-02-25,2019-02-28
sh.600436,2019-02-25,2019-02-28
sh.600438,2019-02-25,2019-02-28
sh.600482,2019-02-25,2019-02-28
sh.600487,2019-02-25,2019-02-28
sh.600489,2019-02-25,2019-02-28
sh.600498,2019-02-25,2019-02-28
sh.600516,2019-02-25,2019-02-28
sh.600518,2019-02-25,2019-02-28
sh.600519,2019-02-25,2019-02-28
sh.600522,2019-02-25,2019-02-28
sh.600535,2019-02-25,2019-02-28
sh.600547,2019-02-25,2019-02-28
sh.600549,2019-02-25,2019-02-28
sh.600566,2019-02-25,2019-02-28
sh.600570,2019-02-25,2019-02-28
sh.600583,2019-02-25,2019-02-28
sh.600585,2019-02-25,2019-02-28
sh.600588,2019-02-25,2019-02-28
sh.600606,2019-02-25,2019-02-28
sh.600637,2019-02-25,2019-02-28
sh.600660,2019-02-25,2019-02-28
sh.600674,2019-02-25,2019-02-28
sh.600688,2019-02-25,2019-02-28
sh.600690,2019-02-25,2019-02-28
sh.600703,2019-02-25,2019-02-28
sh.600704,2019-02-25,2019-02-28
sh.600705,2019-02-25,2019-02-28
sh.600739,2019-02-25,2019-02-28
sh.600741,2019-02-25,2019-02-28
sh.600760,2019-02-25,2019-02-28
sh.600795,2019-02-25,2019-02-28
sh.600809,2019-02-25,2019-02-28
sh.600816,2019-02-25,2019-02-28
sh.600837,2019-02-25,2019-02-28
sh.600867,2019-02-25,2019-02-28
sh.600886,2019-02-25,2019-02-28
sh.600887,2019-02-25,2019-02-28
sh.600893,2019-02-25,2019-02-28
sh.600900,2019-02-25,2019-02-28
sh.600909,2019-02-25,2019-02-28
sh.600919,2019-02-25,2019-02-28
sh.600926,2019-02-25,2019-02-28
sh.600958,2019-02-25,2019-02-28
sh.600977,2019-02-25,2019-02-28
sh.600998,2019-02-25,2019-02-28
sh.600999,2019-02-25,2019-02-28
sh.601006,2019-02-25,2019-02-28
sh.601009,2019-02-25,2019-02-28
sh.601012,2019-02-25,2019-02-28
sh.601018,2019-02-25,2019-02-28
sh.601021,2019-02-25,2019-02-28
sh.601066,2019-02-25,2019-02-28
sh.601088,2019-02-25,2019-02-28
sh.601108,2019-02-25,2019-02-28
sh.601111,2019-02-25,2019-02-28
sh.601117,2019-02-25,2019-02-28
sh.601138,2019-02-25,2019-02-28
sh.601155,2019-02-25,2019-02-28
sh.601166,2019-02-25,2019-02-28
sh.601169,2019-02-25,2019-02-28
sh.601186,2019-02-25,2019-02-28
sh.601198,2019-02-25,2019-02-28
sh.601211,2019-02-25,2019-02-28
sh.601212,2019-02-25,2019-02-28
sh.601216,2019-02-25,2019-02-28
sh.601225,2019-02-25,2019-02-28
sh.601228,2019-02-25,2019-02-28
sh.601229,2019-02-25,2019-02-28
sh.601238,2019-02-25,2019-02-28
sh.601288,2019-02-25,2019-02-28
sh.601318,2019-02-25,2019-02-28
sh.601328,2019-02-25,2019-02-28
sh.601333,2019-02-25,2019-02-28
sh.601336,2019-02-25,2019-02-28
sh.601360,2019-02-25,2019-02-28
sh.601377,2019-02-25,2019-02-28
sh.601390,2019-02-25,2019-02-28
sh.601398,2019-02-25,2019-02-28
sh.601555,2019-02-25,2019-02-28
sh.601600,2019-02-25,2019-02-28
sh.601601,2019-02-25,2019-02-28
sh.601607,2019-02-25,2019-02-28
sh.601611,2019-02-25,2019-02-28
sh.601618,2019-02-25,2019-02-28
sh.601628,2019-02-25,2019-02-28
sh.601633,2019-02-25,2019-02-28
sh.601668,2019-02-25,2019-02-28
sh.601669,2019-02-25,2019-02-28
sh.601688,2019-02-25,2019-02-28
sh.601727,2019-02-25,2019-02-28
sh.601766,2019-02-25,2019-02-28
sh.601788,2019-02-25,2019-02-28
sh.601800,2019-02-25,2019-02-28
sh.601808,2019-02-25,2019-02-28
sh.601818,2019-02-25,2019-02-28
sh.601828,2019-02-25,2019-02-28
sh.601838,2019-02-25,2019-02-28
sh.601857,2019-02-25,2019-02-28
sh.601877,2019-02-25,2019-02-28
sh.601878,2019-02-25,2019-02-28
sh.601881,2019-02-25,2019-02-28
sh.601888,2019-02-25,2019-02-28
sh.601898,2019-02-25,2019-02-28
sh.601899,2019-02-25,2019-02-28
sh.601901,2019-02-25,2019-02-28
sh.601919,2019-02-25,2019-02-28
sh.601933,2019-02-25,2019-02-28
sh.601939,2019-02-25,2019-02-28
sh.601985,2019-02-25,2019-02-28
sh.601988,2019-02-25,2019-02-28
sh.601989,2019-02-25,2019-02-28
sh.601991,2019-02-25,2019-02-28
sh.601992,2019-02-25,2019-02-28
sh.601997,2019-02-25,2019-02-28
sh.601998,2019-02-25,2019-02-28
sh.603156,2019-02-25,2019-02-28
sh.603160,2019-02-25,2019-02-28
sh.603259,2019-02-25,2019-02-28
sh.603260,2019-02-25,2019-02-28
sh.603288,2019-02-25,2019-02-28
sh.603799,2019-02-25,2019-02-28
sh.603833,2019-02-25,2019-02-28
sh.603858,2019-02-25,2019-02-28
sh.603986,2019-02-25,2019-02-28
sh.603993,2019-02-25,2019-02-28
sz.000001,2019-02-25,2019-02-28
sz.000002,2019-02-25,2019-02-28
sz.000063,2019-02-25,2019-02-28
sz.000069,2019-02-25,2019-02-28
sz.000100,2019-02-25,2019-02-28
sz.000157,2019-02-25,2019-02-28
sz.000166,2019-02-25,2019-02-28
sz.000333,2019-02-25,2019-02-28
sz.000338,2019-02-25,2019-02-28
sz.000402,2019-02-25,2019-02-28
sz.000408,2019-02-25,2019-02-28
sz.000413,2019-02-25,2019-02-28
sz.000415,2019-02-25,2019-02-28
sz.000423,2019-02-25,2019-02-28
sz.000425,2019-02-25,2019-02-28
sz.000503,2019-02-25,2019-02-28
sz.000538,2019-02-25,2019-02-28
sz.000553,2019-02-25,2019-02-28
sz.000568,2019-02-25,2019-02-28
sz.000625,2019-02-25,2019-02-28
sz.000627,2019-02-25,2019-02-28
sz.000630,2019-02-25,2019-02-28
sz.000651,2019-02-25,2019-02-28
sz.000661,2019-02-25,2019-02-28
sz.000671,2019-02-25,2019-02-28
sz.000703,2019-02-25,2019-02-28
sz.000709,2019-02-25,2019-02-28
sz.000725,2019-02-25,2019-02-28
sz.000728,2019-02-25,2019-02-28
sz.000768,2019-02-25,2019-02-28
sz.000776,2019-02-25,2019-02-28
sz.000783,2019-02-25,2019-02-28
sz.000786,2019-02-25,2019-02-28
sz.000792,2019-02-25,2019-02-28
sz.000826,2019-02-25,2019-02-28
sz.000839,2019-02-25,2019-02-28
sz.000858,2019-02-25,2019-02-28
sz.000876,2019-02-25,2019-02-28
sz.000895,2019-02-25,2019-02-28
sz.000898,2019-02-25,2019-02-28
sz.000938,2019-02-25,2019-02-28
sz.000959,2019-02-25,2019-02-28
sz.000961,2019-02-25,2019-02-28
sz.000963,2019-02-25,2019-02-28
sz.000983,2019-02-25,2019-02-28
sz.001965,2019-02-25,2019-02-28
sz.001979,2019-02-25,2019-02-28
sz.002001,2019-02-25,2019-02-28
sz.002007,2019-02-25,2019-02-28
sz.002008,2019-02-25,2019-02-28
sz.002024,2019-02-25,2019-02-28
sz.002027,2019-02-25,2019-02-28
sz.002032,2019-02-25,2019-02-28
sz.002044,2019-02-25,2019-02-28
sz.002050,2019-02-25,2019-02-28
sz.002065,2019-02-25,2019-02-28
sz.002081,2019-02-25,2019-02-28
sz.002085,2019-02-25,2019-02-28
sz.002120,2019-02-25,2019-02-28
sz.002142,2019-02-25,2019-02-28
sz.002146,2019-02-25,2019-02-28
sz.002153,2019-02-25,2019-02-28
sz.002179,2019-02-25,2019-02-28
sz.002202,2019-02-25,2019-02-28
sz.002230,2019-02-25,2019-02-28
sz.002236,2019-02-25,2019-02-28
sz.002241,2019-02-25,2019-02-28
sz.002252,2019-02-25,2019-02-28
sz.002271,2019-02-25,2019-02-28
sz.002294,2019-02-25,2019-02-28
sz.002304,2019-02-25,2019-02-28
sz.002310,2019-02-25,2019-02-28
sz.002311,2019-02-25,2019-02-28
sz.002352,2019-02-25,2019-02-28
sz.002411,2019-02-25,2019-02-28
sz.002415,2019-02-25,2019-02-28
sz.002422,2019-02-25,2019-02-28
sz.002450,2019-02-25,2019-02-28
sz.002456,2019-02-25,2019-02-28
sz.002460,2019-02-25,2019-02-28
sz.002466,2019-02-25,2019-02-28
sz.002468,2019-02-25,2019-02-28
sz.002475,2019-02-25,2019-02-28
sz.002493,2019-02-25,2019-02-28
sz.002508,2019-02-25,2019-02-28
sz.002555,2019-02-25,2019-02-28
sz.002558,2019-02-25,2019-02-28
sz.002572,2019-02-25,2019-02-28
sz.002594,2019-02-25,2019-02-28
sz.002601,2019-02-25,2019-02-28
sz.002602,2019-02-25,2019-02-28
sz.002624,2019-02-25,2019-02-28
sz.002625,2019-02-25,2019-02-28
sz.002673,2019-02-25,2019-02-28
sz.002714,2019-02-25,2019-02-28
sz.002736,2019-02-25,2019-02-28
sz.002773,2019-02-25,2019-02-28
sz.002797,2019-02-25,2019-02-28
sz.002925,2019-02-25,2019-02-28
sz.300003,2019-02-25,2019-02-28
sz.300015,2019-02-25,2019-02-28
sz.300017,2019-02-25,2019-02-28
sz.300024,2019-02-25,2019-02-28
sz.300033,2019-02-25,2019-02-28
sz.300059,2019-02-25,2019-02-28
sz.300070,2019-02-25,2019-02-28
sz.300072,2019-02-25,2019-02-28
sz.300122,2019-02-25,2019-02-28
sz.300124,2019-02-25,2019-02-28
sz.300136,2019-02-25,2019-02-28
sz.300142,2019-02-25,2019-02-28
sz.300144,2019-02-25,2019-02-28
sz.300251,2019-02-25,2019-02-28
sz.300296,2019-02-25,2019-02-28
sz.300408,2019-02-25,2019-02-28
sz.300433,2019-02-25,2019-02-28
sh.600000,2019-03-25,2019-03-31
sh.600004,2019-03-25,2019-03-31
sh.600009,2019-03-25,2019-03-31
sh.600010,2019-03-25,2019-03-31
sh.600011,2019-03-25,2019-03-31
sh.600015,2019-03-25,2019-03-31
sh.600016,2019-03-25,2019-03-31
sh.600018,2019-03-25,2019-03-31
sh.600019,2019-03-25,2019-03-31
sh.600023,2019-03-25,2019-03-31
sh.600025,2019-03-25,2019-03-31
sh.600027,2019-03-25,2019-03-31
sh.600028,2019-03-25,2019-03-31
sh.600029,2019-03-25,2019-03-31
sh.600030,2019-03-25,2019-03-31
sh.600031,2019-03-25,2019-03-31
sh.600036,2019-03-25,2019-03-31
sh.600038,2019-03-25,2019-03-31
sh.600048,2019-03-25,2019-03-31
sh.600050,2019-03-25,2019-03-31
sh.600061,2019-03-25,2019-03-31
sh.600066,2019-03-25,2019-03-31
sh.600068,2019-03-25,2019-03-31
sh.600085,2019-03-25,2019-03-31
sh.600089,2019-03-25,2019-03-31
sh.600100,2019-03-25,2019-03-31
sh.600104,2019-03-25,2019-03-31
sh.600109,2019-03-25,2019-03-31
sh.600111,2019-03-25,2019-03-31
sh.600115,2019-03-25,2019-03-31
sh.600118,2019-03-25,2019-03-31
sh.600153,2019-03-25,2019-03-31
sh.600157,2019-03-25,2019-03-31
sh.600170,2019-03-25,2019-03-31
sh.600176,2019-03-25,2019-03-31
sh.600177,2019-03-25,2019-03-31
sh.600188,2019-03-25,2019-03-31
sh.600196,2019-03-25,2019-03-31
sh.600208,2019-03-25,2019-03-31
sh.600219,2019-03-25,2019-03-31
sh.600221,2019-03-25,2019-03-31
sh.600233,2019-03-25,2019-03-31
sh.600271,2019-03-25,2019-03-31
sh.600276,2019-03-25,2019-03-31
sh.600297,2019-03-25,2019-03-31
sh.600309,2019-03-25,2019-03-31
sh.600332,2019-03-25,2019-03-31
sh.600339,2019-03-25,2019-03-31
sh.600340,2019-03-25,2019-03-31
sh.600346,2019-03-25,2019-03-31
sh.600352,2019-03-25,2019-03-31
sh.600362,2019-03-25,2019-03-31
sh.600369,2019-03-25,2019-03-31
sh.600372,2019-03-25,2019-03-31
sh.600383,2019-03-25,2019-03-31
sh.600390,2019-03-25,2019-03-31
sh.600398,2019-03-25,2019-03-31
sh.600406,2019-03-25,2019-03-31
sh.600415,2019-03-25,2019-03-31
sh.600436,2019-03-25,2019-03-31
sh.600438,2019-03-25,2019-03-31
sh.600482,2019-03-25,2019-03-31
sh.600487,2019-03-25,2019-03-31
sh.600489,2019-03-25,2019-03-31
sh.600498,2019-03-25,2019-03-31
sh.600516,2019-03-25,2019-03-31
sh.600518,2019-03-25,2019-03-31
sh.600519,2019-03-25,2019-03-31
sh.600522,2019-03-25,2019-03-31
sh.600535,2019-03-25,2019-03-31
sh.600547,2019-03-25,2019-03-31
sh.600549,2019-03-25,2019-03-31
sh.600566,2019-03-25,2019-03-31
sh.600570,2019-03-25,2019-03-31
sh.600583,2019-03-25,2019-03-31
sh.600585,2019-03-25,2019-03-31
sh.600588,2019-03-25,2019-03-31
sh.600606,2019-03-25,2019-03-31
sh.600637,2019-03-25,2019-03-31
sh.600660,2019-03-25,2019-03-31
sh.600674,2019-03-25,2019-03-31
sh.600688,2019-03-25,2019-03-31
sh.600690,2019-03-25,2019-03-31
sh.600703,2019-03-25,2019-03-31
sh.600704,2019-03-25,2019-03-31
sh.600705,2019-03-25,2019-03-31
sh.600739,2019-03-25,2019-03-31
sh.600741,2019-03-25,2019-03-31
sh.600760,2019-03-25,2019-03-31
sh.600795,2019-03-25,2019-03-31
sh.600809,2019-03-25,2019-03-31
sh.600816,2019-03-25,2019-03-31
sh.600837,2019-03-25,2019-03-31
sh.600867,2019-03-25,2019-03-31
sh.600886,2019-03-25,2019-03-31
sh.600887,2019-03-25,2019-03-31
sh.600893,2019-03-25,2019-03-31
sh.600900,2019-03-25,2019-03-31
sh.600909,2019-03-25,2019-03-31
sh.600919,2019-03-25,2019-03-31
sh.600926,2019-03-25,2019-03-31
sh.600958,2019-03-25,2019-03-31
sh.600977,2019-03-25,2019-03-31
sh.600998,2019-03-25,2019-03-31
sh.600999,2019-03-25,2019-03-31
sh.601006,2019-03-25,2019-03-31
sh.601009,2019-03-25,2019-03-31
sh.601012,2019-03-25,2019-03-31
sh.601018,2019-03-25,2019-03-31
sh.601021,2019-03-25,2019-03-31
sh.601066,2019-03-25,2019-03-31
sh.601088,2019-03-25,2019-03-31
sh.601108,2019-03-25,2019-03-31
sh.601111,2019-03-25,2019-03-31
sh.601117,2019-03-25,2019-03-31
sh.601138,2019-03-25,2019-03-31
sh.601155,2019-03-25,2019-03-31
sh.601166,2019-03-25,2019-03-31
sh.601169,2019-03-25,2019-03-31
sh.601186,2019-03-25,2019-03-31
sh.601198,2019-03-25,2019-03-31
sh.601211,2019-03-25,2019-03-31
sh.601212,2019-03-25,2019-03-31
sh.601216,2019-03-25,2019-03-31
sh.601225,2019-03-25,2019-03-31
sh.601228,2019-03-25,2019-03-31
sh.601229,2019-03-25,2019-03-31
sh.601238,2019-03-25,2019-03-31
sh.601288,2019-03-25,2019-03-31
sh.601318,2019-03-25,2019-03-31
sh.601328,2019-03-25,2019-03-31
sh.601333,2019-03-25,2019-03-31
sh.601336,2019-03-25,2019-03-31
sh.601360,2019-03-25,2019-03-31
sh.601377,2019-03-25,2019-03-31
sh.601390,2019-03-25,2019-03-31
sh.601398,2019-03-25,2019-03-31
sh.601555,2019-03-25,2019-03-31
sh.601600,2019-03-25,2019-03-31
sh.601601,2019-03-25,2019-03-31
sh.601607,2019-03-25,2019-03-31
sh.601611,2019-03-25,2019-03-31
sh.601618,2019-03-25,2019-03-31
sh.601628,2019-03-25,2019-03-31
sh.601633,2019-03-25,2019-03-31
sh.601668,2019-03-25,2019-03-31
sh.601669,2019-03-25,2019-03-31
sh.601688,2019-03-25,2019-03-31
sh.601727,2019-03-25,2019-03-31
sh.601766,2019-03-25,2019-03-31
sh.601788,2019-03-25,2019-03-31
sh.601800,2019-03-25,2019-03-31
sh.601808,2019-03-25,2019-03-31
sh.601818,2019-03-25,2019-03-31
sh.601828,2019-03-25,2019-03-31
sh.601838,2019-03-25,2019-03-31
sh.601857,2019-03-25,2019-03-31
sh.601877,2019-03-25,2019-03-31
sh.601878,2019-03-25,2019-03-31
sh.601881,2019-03-25,2019-03-31
sh.601888,2019-03-25,2019-03-31
sh.601898,2019-03-25,2019-03-31
sh.601899,2019-03-25,2019-03-31
sh.601901,2019-03-25,2019-03-31
sh.601919,2019-03-25,2019-03-31
sh.601933,2019-03-25,2019-03-31
sh.601939,2019-03-25,2019-03-31
sh.601985,2019-03-25,2019-03-31
sh.601988,2019-03-25,2019-03-31
sh.601989,2019-03-25,2019-03-31
sh.601991,2019-03-25,2019-03-31
sh.601992,2019-03-25,2019-03-31
sh.601997,2019-03-25,2019-03-31
sh.601998,2019-03-25,2019-03-31
sh.603156,2019-03-25,2019-03-31
sh.603160,2019-03-25,2019-03-31
sh.603259,2019-03-25,2019-03-31
sh.603260,2019-03-25,2019-03-31
sh.603288,2019-03-25,2019-03-31
sh.603799,2019-03-25,2019-03-31
sh.603833,2019-03-25,2019-03-31
sh.603858,2019-03-25,2019-03-31
sh.603986,2019-03-25,2019-03-31
sh.603993,2019-03-25,2019-03-31
sz.000001,2019-03-25,2019-03-31
sz.000002,2019-03-25,2019-03-31
sz.000063,2019-03-25,2019-03-31
sz.000069,2019-03-25,2019-03-31
sz.000100,2019-03-25,2019-03-31
sz.000157,2019-03-25,2019-03-31
sz.000166,2019-03-25,2019-03-31
sz.000333,2019-03-25,2019-03-31
sz.000338,2019-03-25,2019-03-31
sz.000402,2019-03-25,2019-03-31
sz.000408,2019-03-25,2019-03-31
sz.000413,2019-03-25,2019-03-31
sz.000415,2019-03-25,2019-03-31
sz.000423,2019-03-25,2019-03-31
sz.000425,2019-03-25,2019-03-31
sz.000503,2019-03-25,2019-03-31
sz.000538,2019-03-25,2019-03-31
sz.000553,2019-03-25,2019-03-31
sz.000568,2019-03-25,2019-03-31
sz.000625,2019-03-25,2019-03-31
sz.000627,2019-03-25,2019-03-31
sz.000630,2019-03-25,2019-03-31
sz.000651,2019-03-25,2019-03-31
sz.000661,2019-03-25,2019-03-31
sz.000671,2019-03-25,2019-03-31
sz.000703,2019-03-25,2019-03-31
sz.000709,2019-03-25,2019-03-31
sz.000725,2019-03-25,2019-03-31
sz.000728,2019-03-25,2019-03-31
sz.000768,2019-03-25,2019-03-31
sz.000776,2019-03-25,2019-03-31
sz.000783,2019-03-25,2019-03-31
sz.000786,2019-03-25,2019-03-31
sz.000792,2019-03-25,2019-03-31
sz.000826,2019-03-25,2019-03-31
sz.000839,2019-03-25,2019-03-31
sz.000858,2019-03-25,2019-03-31
sz.000876,2019-03-25,2019-03-31
sz.000895,2019-03-25,2019-03-31
sz.000898,2019-03-25,2019-03-31
sz.000938,2019-03-25,2019-03-31
sz.000959,2019-03-25,2019-03-31
sz.000961,2019-03-25,2019-03-31
sz.000963,2019-03-25,2019-03-31
sz.000983,2019-03-25,2019-03-31
sz.001965,2019-03-25,2019-03-31
sz.001979,2019-03-25,2019-03-31
sz.002001,2019-03-25,2019-03-31
sz.002007,2019-03-25,2019-03-31
sz.002008,2019-03-25,2019-03-31
sz.002024,2019-03-25,2019-03-31
sz.002027,2019-03-25,2019-03-31
sz.002032,2019-03-25,2019-03-31
sz.002044,2019-03-25,2019-03-31
sz.002050,2019-03-25,2019-03-31
sz.002065,2019-03-25,2019-03-31
sz.002081,2019-03-25,2019-03-31
sz.002085,2019-03-25,2019-03-31
sz.002120,2019-03-25,2019-03-31
sz.002142,2019-03-25,2019-03-31
sz.002146,2019-03-25,2019-03-31
sz.002153,2019-03-25,2019-03-31
sz.002179,2019-03-25,2019-03-31
sz.002202,2019-03-25,2019-03-31
sz.002230,2019-03-25,2019-03-31
sz.002236,2019-03-25,2019-03-31
sz.002241,2019-03-25,2019-03-31
sz.002252,2019-03-25,2019-03-31
sz.002271,2019-03-25,2019-03-31
sz.002294,2019-03-25,2019-03-31
sz.002304,2019-03-25,2019-03-31
sz.002310,2019-03-25,2019-03-31
sz.002311,2019-03-25,2019-03-31
sz.002352,2019-03-25,2019-03-31
sz.002411,2019-03-25,2019-03-31
sz.002415,2019-03-25,2019-03-31
sz.002422,2019-03-25,2019-03-31
sz.002450,2019-03-25,2019-03-31
sz.002456,2019-03-25,2019-03-31
sz.002460,2019-03-25,2019-03-31
sz.002466,2019-03-25,2019-03-31
sz.002468,2019-03-25,2019-03-31
sz.002475,2019-03-25,2019-03-31
sz.002493,2019-03-25,2019-03-31
sz.002508,2019-03-25,2019-03-31
sz.002555,2019-03-25,2019-03-31
sz.002558,2019-03-25,2019-03-31
sz.002572,2019-03-25,2019-03-31
sz.002594,2019-03-25,2019-03-31
sz.002601,2019-03-25,2019-03-31
sz.002602,2019-03-25,2019-03-31
sz.002624,2019-03-25,2019-03-31
sz.002625,2019-03-25,2019-03-31
sz.002673,2019-03-25,2019-03-31
sz.002714,2019-03-25,2019-03-31
sz.002736,2019-03-25,2019-03-31
sz.002773,2019-03-25,2019-03-31
sz.002797,2019-03-25,2019-03-31
sz.002925,2019-03-25,2019-03-31
sz.300003,2019-03-25,2019-03-31
sz.300015,2019-03-25,2019-03-31
sz.300017,2019-03-25,2019-03-31
sz.300024,2019-03-25,2019-03-31
sz.300033,2019-03-25,2019-03-31
sz.300059,2019-03-25,2019-03-31
sz.300070,2019-03-25,2019-03-31
sz.300072,2019-03-25,2019-03-31
sz.300122,2019-03-25,2019-03-31
sz.300124,2019-03-25,2019-03-31
sz.300136,2019-03-25,2019-03-31
sz.300142,2019-03-25,2019-03-31
sz.300144,2019-03-25,2019-03-31
sz.300251,2019-03-25,2019-03-31
sz.300296,2019-03-25,2019-03-31
sz.300408,2019-03-25,2019-03-31
sz.300433,2019-03-25,2019-03-31
sh.600000,2019-04-29,2019-04-30
sh.600004,2019-04-29,2019-04-30
sh.600009,2019-04-29,2019-04-30
sh.600010,2019-04-29,2019-04-30
sh.600011,2019-04-29,2019-04-30
sh.600015,2019-04-29,2019-04-30
sh.600016,2019-04-29,2019-04-30
sh.600018,2019-04-29,2019-04-30
sh.600019,2019-04-29,2019-04-30
sh.600023,2019-04-29,2019-04-30
sh.600025,2019-04-29,2019-04-30
sh.600027,2019-04-29,2019-04-30
sh.600028,2019-04-29,2019-04-30
sh.600029,2019-04-29,2019-04-30
sh.600030,2019-04-29,2019-04-30
sh.600031,2019-04-29,2019-04-30
sh.600036,2019-04-29,2019-04-30
sh.600038,2019-04-29,2019-04-30
sh.600048,2019-04-29,2019-04-30
sh.600050,2019-04-29,2019-04-30
sh.600061,2019-04-29,2019-04-30
sh.600066,2019-04-29,2019-04-30
sh.600068,2019-04-29,2019-04-30
sh.600085,2019-04-29,2019-04-30
sh.600089,2019-04-29,2019-04-30
sh.600100,2019-04-29,2019-04-30
sh.600104,2019-04-29,2019-04-30
sh.600109,2019-04-29,2019-04-30
sh.600111,2019-04-29,2019-04-30
sh.600115,2019-04-29,2019-04-30
sh.600118,2019-04-29,2019-04-30
sh.600153,2019-04-29,2019-04-30
sh.600157,2019-04-29,2019-04-30
sh.600170,2019-04-29,2019-04-30
sh.600176,2019-04-29,2019-04-30
sh.600177,2019-04-29,2019-04-30
sh.600188,2019-04-29,2019-04-30
sh.600196,2019-04-29,2019-04-30
sh.600208,2019-04-29,2019-04-30
sh.600219,2019-04-29,2019-04-30
sh.600221,2019-04-29,2019-04-30
sh.600233,2019-04-29,2019-04-30
sh.600271,2019-04-29,2019-04-30
sh.600276,2019-04-29,2019-04-30
sh.600297,2019-04-29,2019-04-30
sh.600309,2019-04-29,2019-04-30
sh.600332,2019-04-29,2019-04-30
sh.600339,2019-04-29,2019-04-30
sh.600340,2019-04-29,2019-04-30
sh.600346,2019-04-29,2019-04-30
sh.600352,2019-04-29,2019-04-30
sh.600362,2019-04-29,2019-04-30
sh.600369,2019-04-29,2019-04-30
sh.600372,2019-04-29,2019-04-30
sh.600383,2019-04-29,2019-04-30
sh.600390,2019-04-29,2019-04-30
sh.600398,2019-04-29,2019-04-30
sh.600406,2019-04-29,2019-04-30
sh.600415,2019-04-29,2019-04-30
sh.600436,2019-04-29,2019-04-30
sh.600438,2019-04-29,2019-04-30
sh.600482,2019-04-29,2019-04-30
sh.600487,2019-04-29,2019-04-30
sh.600489,2019-04-29,2019-04-30
sh.600498,2019-04-29,2019-04-30
sh.600516,2019-04-29,2019-04-30
sh.600518,2019-04-29,2019-04-30
sh.600519,2019-04-29,2019-04-30
sh.600522,2019-04-29,2019-04-30
sh.600535,2019-04-29,2019-04-30
sh.600547,2019-04-29,2019-04-30
sh.600549,2019-04-29,2019-04-30
sh.600566,2019-04-29,2019-04-30
sh.600570,2019-04-29,2019-04-30
sh.600583,2019-04-29,2019-04-30
sh.600585,2019-04-29,2019-04-30
sh.600588,2019-04-29,2019-04-30
sh.600606,2019-04-29,2019-04-30
sh.600637,2019-04-29,2019-04-30
sh.600660,2019-04-29,2019-04-30
sh.600674,2019-04-29,2019-04-30
sh.600688,2019-04-29,2019-04-30
sh.600690,2019-04-29,2019-04-30
sh.600703,2019-04-29,2019-04-30
sh.600704,2019-04-29,2019-04-30
sh.600705,2019-04-29,2019-04-30
sh.600739,2019-04-29,2019-04-30
sh.600741,2019-04-29,2019-04-30
sh.600760,2019-04-29,2019-04-30
sh.600795,2019-04-29,2019-04-30
sh.600809,2019-04-29,2019-04-30
sh.600816,2019-04-29,2019-04-30
sh.600837,2019-04-29,2019-04-30
sh.600867,2019-04-29,2019-04-30
sh.600886,2019-04-29,2019-04-30
sh.600887,2019-04-29,2019-04-30
sh.600893,2019-04-29,2019-04-30
sh.600900,2019-04-29,2019-04-30
sh.600909,2019-04-29,2019-04-30
sh.600919,2019-04-29,2019-04-30
sh.600926,2019-04-29,2019-04-30
sh.600958,2019-04-29,2019-04-30
sh.600977,2019-04-29,2019-04-30
sh.600998,2019-04-29,2019-04-30
sh.600999,2019-04-29,2019-04-30
sh.601006,2019-04-29,2019-04-30
sh.601009,2019-04-29,2019-04-30
sh.601012,2019-04-29,2019-04-30
sh.601018,2019-04-29,2019-04-30
sh.601021,2019-04-29,2019-04-30
sh.601066,2019-04-29,2019-04-30
sh.601088,2019-04-29,2019-04-30
sh.601108,2019-04-29,2019-04-30
sh.601111,2019-04-29,2019-04-30
sh.601117,2019-04-29,2019-04-30
sh.601138,2019-04-29,2019-04-30
sh.601155,2019-04-29,2019-04-30
sh.601166,2019-04-29,2019-04-30
sh.601169,2019-04-29,2019-04-30
sh.601186,2019-04-29,2019-04-30
sh.601198,2019-04-29,2019-04-30
sh.601211,2019-04-29,2019-04-30
sh.601212,2019-04-29,2019-04-30
sh.601216,2019-04-29,2019-04-30
sh.601225,2019-04-29,2019-04-30
sh.601228,2019-04-29,2019-04-30
sh.601229,2019-04-29,2019-04-30
sh.601238,2019-04-29,2019-04-30
sh.601288,2019-04-29,2019-04-30
sh.601318,2019-04-29,2019-04-30
sh.601328,2019-04-29,2019-04-30
sh.601333,2019-04-29,2019-04-30
sh.601336,2019-04-29,2019-04-30
sh.601360,2019-04-29,2019-04-30
sh.601377,2019-04-29,2019-04-30
sh.601390,2019-04-29,2019-04-30
sh.601398,2019-04-29,2019-04-30
sh.601555,2019-04-29,2019-04-30
sh.601600,2019-04-29,2019-04-30
sh.601601,2019-04-29,2019-04-30
sh.601607,2019-04-29,2019-04-30
sh.601611,2019-04-29,2019-04-30
sh.601618,2019-04-29,2019-04-30
sh.601628,2019-04-29,2019-04-30
sh.601633,2019-04-29,2019-04-30
sh.601668,2019-04-29,2019-04-30
sh.601669,2019-04-29,2019-04-30
sh.601688,2019-04-29,2019-04-30
sh.601727,2019-04-29,2019-04-30
sh.601766,2019-04-29,2019-04-30
sh.601788,2019-04-29,2019-04-30
sh.601800,2019-04-29,2019-04-30
sh.601808,2019-04-29,2019-04-30
sh.601818,2019-04-29,2019-04-30
sh.601828,2019-04-29,2019-04-30
sh.601838,2019-04-29,2019-04-30
sh.601857,2019-04-29,2019-04-30
sh.601877,2019-04-29,2019-04-30
sh.601878,2019-04-29,2019-04-30
sh.601881,2019-04-29,2019-04-30
sh.601888,2019-04-29,2019-04-30
sh.601898,2019-04-29,2019-04-30
sh.601899,2019-04-29,2019-04-30
sh.601901,2019-04-29,2019-04-30
sh.601919,2019-04-29,2019-04-30
sh.601933,2019-04-29,2019-04-30
sh.601939,2019-04-29,2019-04-30
sh.601985,2019-04-29,2019-04-30
sh.601988,2019-04-29,2019-04-30
sh.601989,2019-04-29,2019-04-30
sh.601991,2019-04-29,2019-04-30
sh.601992,2019-04-29,2019-04-30
sh.601997,2019-04-29,2019-04-30
sh.601998,2019-04-29,2019-04-30
sh.603156,2019-04-29,2019-04-30
sh.603160,2019-04-29,2019-04-30
sh.603259,2019-04-29,2019-04-30
sh.603260,2019-04-29,2019-04-30
sh.603288,2019-04-29,2019-04-30
sh.603799,2019-04-29,2019-04-30
sh.603833,2019-04-29,2019-04-30
sh.603858,2019-04-29,2019-04-30
sh.603986,2019-04-29,2019-04-30
sh.603993,2019-04-29,2019-04-30
sz.000001,2019-04-29,2019-04-30
sz.000002,2019-04-29,2019-04-30
sz.000063,2019-04-29,2019-04-30
sz.000069,2019-04-29,2019-04-30
sz.000100,2019-04-29,2019-04-30
sz.000157,2019-04-29,2019-04-30
sz.000166,2019-04-29,2019-04-30
sz.000333,2019-04-29,2019-04-30
sz.000338,2019-04-29,2019-04-30
sz.000402,2019-04-29,2019-04-30
sz.000408,2019-04-29,2019-04-30
sz.000413,2019-04-29,2019-04-30
sz.000415,2019-04-29,2019-04-30
sz.000423,2019-04-29,2019-04-30
sz.000425,2019-04-29,2019-04-30
sz.000503,2019-04-29,2019-04-30
sz.000538,2019-04-29,2019-04-30
sz.000553,2019-04-29,2019-04-30
sz.000568,2019-04-29,2019-04-30
sz.000625,2019-04-29,2019-04-30
sz.000627,2019-04-29,2019-04-30
sz.000630,2019-04-29,2019-04-30
sz.000651,2019-04-29,2019-04-30
sz.000661,2019-04-29,2019-04-30
sz.000671,2019-04-29,2019-04-30
sz.000703,2019-04-29,2019-04-30
sz.000709,2019-04-29,2019-04-30
sz.000725,2019-04-29,2019-04-30
sz.000728,2019-04-29,2019-04-30
sz.000768,2019-04-29,2019-04-30
sz.000776,2019-04-29,2019-04-30
sz.000783,2019-04-29,2019-04-30
sz.000786,2019-04-29,2019-04-30
sz.000792,2019-04-29,2019-04-30
sz.000826,2019-04-29,2019-04-30
sz.000839,2019-04-29,2019-04-30
sz.000858,2019-04-29,2019-04-30
sz.000876,2019-04-29,2019-04-30
sz.000895,2019-04-29,2019-04-30
sz.000898,2019-04-29,2019-04-30
sz.000938,2019-04-29,2019-04-30
sz.000959,2019-04-29,2019-04-30
sz.000961,2019-04-29,2019-04-30
sz.000963,2019-04-29,2019-04-30
sz.000983,2019-04-29,2019-04-30
sz.001965,2019-04-29,2019-04-30
sz.001979,2019-04-29,2019-04-30
sz.002001,2019-04-29,2019-04-30
sz.002007,2019-04-29,2019-04-30
sz.002008,2019-04-29,2019-04-30
sz.002024,2019-04-29,2019-04-30
sz.002027,2019-04-29,2019-04-30
sz.002032,2019-04-29,2019-04-30
sz.002044,2019-04-29,2019-04-30
sz.002050,2019-04-29,2019-04-30
sz.002065,2019-04-29,2019-04-30
sz.002081,2019-04-29,2019-04-30
sz.002085,2019-04-29,2019-04-30
sz.002120,2019-04-29,2019-04-30
sz.002142,2019-04-29,2019-04-30
sz.002146,2019-04-29,2019-04-30
sz.002153,2019-04-29,2019-04-30
sz.002179,2019-04-29,2019-04-30
sz.002202,2019-04-29,2019-04-30
sz.002230,2019-04-29,2019-04-30
sz.002236,2019-04-29,2019-04-30
sz.002241,2019-04-29,2019-04-30
sz.002252,2019-04-29,2019-04-30
sz.002271,2019-04-29,2019-04-30
sz.002294,2019-04-29,2019-04-30
sz.002304,2019-04-29,2019-04-30
sz.002310,2019-04-29,2019-04-30
sz.002311,2019-04-29,2019-04-30
sz.002352,2019-04-29,2019-04-30
sz.002411,2019-04-29,2019-04-30
sz.002415,2019-04-29,2019-04-30
sz.002422,2019-04-29,2019-04-30
sz.002450,2019-04-29,2019-04-30
sz.002456,2019-04-29,2019-04-30
sz.002460,2019-04-29,2019-04-30
sz.002466,2019-04-29,2019-04-30
sz.002468,2019-04-29,2019-04-30
sz.002475,2019-04-29,2019-04-30
sz.002493,2019-04-29,2019-04-30
sz.002508,2019-04-29,2019-04-30
sz.002555,2019-04-29,2019-04-30
sz.002558,2019-04-29,2019-04-30
sz.002572,2019-04-29,2019-04-30
sz.002594,2019-04-29,2019-04-30
sz.002601,2019-04-29,2019-04-30
sz.002602,2019-04-29,2019-04-30
sz.002624,2019-04-29,2019-04-30
sz.002625,2019-04-29,2019-04-30
sz.002673,2019-04-29,2019-04-30
sz.002714,2019-04-29,2019-04-30
sz.002736,2019-04-29,2019-04-30
sz.002773,2019-04-29,2019-04-30
sz.002797,2019-04-29,2019-04-30
sz.002925,2019-04-29,2019-04-30
sz.300003,2019-04-29,2019-04-30
sz.300015,2019-04-29,2019-04-30
sz.300017,2019-04-29,2019-04-30
sz.300024,2019-04-29,2019-04-30
sz.300033,2019-04-29,2019-04-30
sz.300059,2019-04-29,2019-04-30
sz.300070,2019-04-29,2019-04-30
sz.300072,2019-04-29,2019-04-30
sz.300122,2019-04-29,2019-04-30
sz.300124,2019-04-29,2019-04-30
sz.300136,2019-04-29,2019-04-30
sz.300142,2019-04-29,2019-04-30
sz.300144,2019-04-29,2019-04-30
sz.300251,2019-04-29,2019-04-30
sz.300296,2019-04-29,2019-04-30
sz.300408,2019-04-29,2019-04-30
sz.300433,2019-04-29,2019-04-30
sh.600000,2019-05-27,2019-05-31
sh.600004,2019-05-27,2019-05-31
sh.600009,2019-05-27,2019-05-31
sh.600010,2019-05-27,2019-05-31
sh.600011,2019-05-27,2019-05-31
sh.600015,2019-05-27,2019-05-31
sh.600016,2019-05-27,2019-05-31
sh.600018,2019-05-27,2019-05-31
sh.600019,2019-05-27,2019-05-31
sh.600023,2019-05-27,2019-05-31
sh.600025,2019-05-27,2019-05-31
sh.600027,2019-05-27,2019-05-31
sh.600028,2019-05-27,2019-05-31
sh.600029,2019-05-27,2019-05-31
sh.600030,2019-05-27,2019-05-31
sh.600031,2019-05-27,2019-05-31
sh.600036,2019-05-27,2019-05-31
sh.600038,2019-05-27,2019-05-31
sh.600048,2019-05-27,2019-05-31
sh.600050,2019-05-27,2019-05-31
sh.600061,2019-05-27,2019-05-31
sh.600066,2019-05-27,2019-05-31
sh.600068,2019-05-27,2019-05-31
sh.600085,2019-05-27,2019-05-31
sh.600089,2019-05-27,2019-05-31
sh.600100,2019-05-27,2019-05-31
sh.600104,2019-05-27,2019-05-31
sh.600109,2019-05-27,2019-05-31
sh.600111,2019-05-27,2019-05-31
sh.600115,2019-05-27,2019-05-31
sh.600118,2019-05-27,2019-05-31
sh.600153,2019-05-27,2019-05-31
sh.600157,2019-05-27,2019-05-31
sh.600170,2019-05-27,2019-05-31
sh.600176,2019-05-27,2019-05-31
sh.600177,2019-05-27,2019-05-31
sh.600188,2019-05-27,2019-05-31
sh.600196,2019-05-27,2019-05-31
sh.600208,2019-05-27,2019-05-31
sh.600219,2019-05-27,2019-05-31
sh.600221,2019-05-27,2019-05-31
sh.600233,2019-05-27,2019-05-31
sh.600271,2019-05-27,2019-05-31
sh.600276,2019-05-27,2019-05-31
sh.600297,2019-05-27,2019-05-31
sh.600309,2019-05-27,2019-05-31
sh.600332,2019-05-27,2019-05-31
sh.600339,2019-05-27,2019-05-31
sh.600340,2019-05-27,2019-05-31
sh.600346,2019-05-27,2019-05-31
sh.600352,2019-05-27,2019-05-31
sh.600362,2019-05-27,2019-05-31
sh.600369,2019-05-27,2019-05-31
sh.600372,2019-05-27,2019-05-31
sh.600383,2019-05-27,2019-05-31
sh.600390,2019-05-27,2019-05-31
sh.600398,2019-05-27,2019-05-31
sh.600406,2019-05-27,2019-05-31
sh.600415,2019-05-27,2019-05-31
sh.600436,2019-05-27,2019-05-31
sh.600438,2019-05-27,2019-05-31
sh.600482,2019-05-27,2019-05-31
sh.600487,2019-05-27,2019-05-31
sh.600489,2019-05-27,2019-05-31
sh.600498,2019-05-27,2019-05-31
sh.600516,2019-05-27,2019-05-31
sh.600518,2019-05-27,2019-05-31
sh.600519,2019-05-27,2019-05-31
sh.600522,2019-05-27,2019-05-31
sh.600535,2019-05-27,2019-05-31
sh.600547,2019-05-27,2019-05-31
sh.600549,2019-05-27,2019-05-31
sh.600566,2019-05-27,2019-05-31
sh.600570,2019-05-27,2019-05-31
sh.600583,2019-05-27,2019-05-31
sh.600585,2019-05-27,2019-05-31
sh.600588,2019-05-27,2019-05-31
sh.600606,2019-05-27,2019-05-31
sh.600637,2019-05-27,2019-05-31
sh.600660,2019-05-27,2019-05-31
sh.600674,2019-05-27,2019-05-31
sh.600688,2019-05-27,2019-05-31
sh.600690,2019-05-27,2019-05-31
sh.600703,2019-05-27,2019-05-31
sh.600704,2019-05-27,2019-05-31
sh.600705,2019-05-27,2019-05-31
sh.600739,2019-05-27,2019-05-31
sh.600741,2019-05-27,2019-05-31
sh.600760,2019-05-27,2019-05-31
sh.600795,2019-05-27,2019-05-31
sh.600809,2019-05-27,2019-05-31
sh.600816,2019-05-27,2019-05-31
sh.600837,2019-05-27,2019-05-31
sh.600867,2019-05-27,2019-05-31
sh.600886,2019-05-27,2019-05-31
sh.600887,2019-05-27,2019-05-31
sh.600893,2019-05-27,2019-05-31
sh.600900,2019-05-27,2019-05-31
sh.600909,2019-05-27,2019-05-31
sh.600919,2019-05-27,2019-05-31
sh.600926,2019-05-27,2019-05-31
sh.600958,2019-05-27,2019-05-31
sh.600977,2019-05-27,2019-05-31
sh.600998,2019-05-27,2019-05-31
sh.600999,2019-05-27,2019-05-31
sh.601006,2019-05-27,2019-05-31
sh.601009,2019-05-27,2019-05-31
sh.601012,2019-05-27,2019-05-31
sh.601018,2019-05-27,2019-05-31
sh.601021,2019-05-27,2019-05-31
sh.601066,2019-05-27,2019-05-31
sh.601088,2019-05-27,2019-05-31
sh.601108,2019-05-27,2019-05-31
sh.601111,2019-05-27,2019-05-31
sh.601117,2019-05-27,2019-05-31
sh.601138,2019-05-27,2019-05-31
sh.601155,2019-05-27,2019-05-31
sh.601166,2019-05-27,2019-05-31
sh.601169,2019-05-27,2019-05-31
sh.601186,2019-05-27,2019-05-31
sh.601198,2019-05-27,2019-05-31
sh.601211,2019-05-27,2019-05-31
sh.601212,2019-05-27,2019-05-31
sh.601216,2019-05-27,2019-05-31
sh.601225,2019-05-27,2019-05-31
sh.601228,2019-05-27,2019-05-31
sh.601229,2019-05-27,2019-05-31
sh.601238,2019-05-27,2019-05-31
sh.601288,2019-05-27,2019-05-31
sh.601318,2019-05-27,2019-05-31
sh.601328,2019-05-27,2019-05-31
sh.601333,2019-05-27,2019-05-31
sh.601336,2019-05-27,2019-05-31
sh.601360,2019-05-27,2019-05-31
sh.601377,2019-05-27,2019-05-31
sh.601390,2019-05-27,2019-05-31
sh.601398,2019-05-27,2019-05-31
sh.601555,2019-05-27,2019-05-31
sh.601600,2019-05-27,2019-05-31
sh.601601,2019-05-27,2019-05-31
sh.601607,2019-05-27,2019-05-31
sh.601611,2019-05-27,2019-05-31
sh.601618,2019-05-27,2019-05-31
sh.601628,2019-05-27,2019-05-31
sh.601633,2019-05-27,2019-05-31
sh.601668,2019-05-27,2019-05-31
sh.601669,2019-05-27,2019-05-31
sh.601688,2019-05-27,2019-05-31
sh.601727,2019-05-27,2019-05-31
sh.601766,2019-05-27,2019-05-31
sh.601788,2019-05-27,2019-05-31
sh.601800,2019-05-27,2019-05-31
sh.601808,2019-05-27,2019-05-31
sh.601818,2019-05-27,2019-05-31
sh.601828,2019-05-27,2019-05-31
sh.601838,2019-05-27,2019-05-31
sh.601857,2019-05-27,2019-05-31
sh.601877,2019-05-27,2019-05-31
sh.601878,2019-05-27,2019-05-31
sh.601881,2019-05-27,2019-05-31
sh.601888,2019-05-27,2019-05-31
sh.601898,2019-05-27,2019-05-31
sh.601899,2019-05-27,2019-05-31
sh.601901,2019-05-27,2019-05-31
sh.601919,2019-05-27,2019-05-31
sh.601933,2019-05-27,2019-05-31
sh.601939,2019-05-27,2019-05-31
sh.601985,2019-05-27,2019-05-31
sh.601988,2019-05-27,2019-05-31
sh.601989,2019-05-27,2019-05-31
sh.601991,2019-05-27,2019-05-31
sh.601992,2019-05-27,2019-05-31
sh.601997,2019-05-27,2019-05-31
sh.601998,2019-05-27,2019-05-31
sh.603156,2019-05-27,2019-05-31
sh.603160,2019-05-27,2019-05-31
sh.603259,2019-05-27,2019-05-31
sh.603260,2019-05-27,2019-05-31
sh.603288,2019-05-27,2019-05-31
sh.603799,2019-05-27,2019-05-31
sh.603833,2019-05-27,2019-05-31
sh.603858,2019-05-27,2019-05-31
sh.603986,2019-05-27,2019-05-31
sh.603993,2019-05-27,2019-05-31
sz.000001,2019-05-27,2019-05-31
sz.000002,2019-05-27,2019-05-31
sz.000063,2019-05-27,2019-05-31
sz.000069,2019-05-27,2019-05-31
sz.000100,2019-05-27,2019-05-31
sz.000157,2019-05-27,2019-05-31
sz.000166,2019-05-27,2019-05-31
sz.000333,2019-05-27,2019-05-31
sz.000338,2019-05-27,2019-05-31
sz.000402,2019-05-27,2019-05-31
sz.000408,2019-05-27,2019-05-31
sz.000413,2019-05-27,2019-05-31
sz.000415,2019-05-27,2019-05-31
sz.000423,2019-05-27,2019-05-31
sz.000425,2019-05-27,2019-05-31
sz.000503,2019-05-27,2019-05-31
sz.000538,2019-05-27,2019-05-31
sz.000553,2019-05-27,2019-05-31
sz.000568,2019-05-27,2019-05-31
sz.000625,2019-05-27,2019-05-31
sz.000627,2019-05-27,2019-05-31
sz.000630,2019-05-27,2019-05-31
sz.000651,2019-05-27,2019-05-31
sz.000661,2019-05-27,2019-05-31
sz.000671,2019-05-27,2019-05-31
sz.000703,2019-05-27,2019-05-31
sz.000709,2019-05-27,2019-05-31
sz.000725,2019-05-27,2019-05-31
sz.000728,2019-05-27,2019-05-31
sz.000768,2019-05-27,2019-05-31
sz.000776,2019-05-27,2019-05-31
sz.000783,2019-05-27,2019-05-31
sz.000786,2019-05-27,2019-05-31
sz.000792,2019-05-27,2019-05-31
sz.000826,2019-05-27,2019-05-31
sz.000839,2019-05-27,2019-05-31
sz.000858,2019-05-27,2019-05-31
sz.000876,2019-05-27,2019-05-31
sz.000895,2019-05-27,2019-05-31
sz.000898,2019-05-27,2019-05-31
sz.000938,2019-05-27,2019-05-31
sz.000959,2019-05-27,2019-05-31
sz.000961,2019-05-27,2019-05-31
sz.000963,2019-05-27,2019-05-31
sz.000983,2019-05-27,2019-05-31
sz.001965,2019-05-27,2019-05-31
sz.001979,2019-05-27,2019-05-31
sz.002001,2019-05-27,2019-05-31
sz.002007,2019-05-27,2019-05-31
sz.002008,2019-05-27,2019-05-31
sz.002024,2019-05-27,2019-05-31
sz.002027,2019-05-27,2019-05-31
sz.002032,2019-05-27,2019-05-31
sz.002044,2019-05-27,2019-05-31
sz.002050,2019-05-27,2019-05-31
sz.002065,2019-05-27,2019-05-31
sz.002081,2019-05-27,2019-05-31
sz.002085,2019-05-27,2019-05-31
sz.002120,2019-05-27,2019-05-31
sz.002142,2019-05-27,2019-05-31
sz.002146,2019-05-27,2019-05-31
sz.002153,2019-05-27,2019-05-31
sz.002179,2019-05-27,2019-05-31
sz.002202,2019-05-27,2019-05-31
sz.002230,2019-05-27,2019-05-31
sz.002236,2019-05-27,2019-05-31
sz.002241,2019-05-27,2019-05-31
sz.002252,2019-05-27,2019-05-31
sz.002271,2019-05-27,2019-05-31
sz.002294,2019-05-27,2019-05-31
sz.002304,2019-05-27,2019-05-31
sz.002310,2019-05-27,2019-05-31
sz.002311,2019-05-27,2019-05-31
sz.002352,2019-05-27,2019-05-31
sz.002411,2019-05-27,2019-05-31
sz.002415,2019-05-27,2019-05-31
sz.002422,2019-05-27,2019-05-31
sz.002450,2019-05-27,2019-05-31
sz.002456,2019-05-27,2019-05-31
sz.002460,2019-05-27,2019-05-31
sz.002466,2019-05-27,2019-05-31
sz.002468,2019-05-27,2019-05-31
sz.002475,2019-05-27,2019-05-31
sz.002493,2019-05-27,2019-05-31
sz.002508,2019-05-27,2019-05-31
sz.002555,2019-05-27,2019-05-31
sz.002558,2019-05-27,2019-05-31
sz.002572,2019-05-27,2019-05-31
sz.002594,2019-05-27,2019-05-31
sz.002601,2019-05-27,2019-05-31
sz.002602,2019-05-27,2019-05-31
sz.002624,2019-05-27,2019-05-31
sz.002625,2019-05-27,2019-05-31
sz.002673,2019-05-27,2019-05-31
sz.002714,2019-05-27,2019-05-31
sz.002736,2019-05-27,2019-05-31
sz.002773,2019-05-27,2019-05-31
sz.002797,2019-05-27,2019-05-31
sz.002925,2019-05-27,2019-05-31
sz.300003,2019-05-27,2019-05-31
sz.300015,2019-05-27,2019-05-31
sz.300017,2019-05-27,2019-05-31
sz.300024,2019-05-27,2019-05-31
sz.300033,2019-05-27,2019-05-31
sz.300059,2019-05-27,2019-05-31
sz.300070,2019-05-27,2019-05-31
sz.300072,2019-05-27,2019-05-31
sz.300122,2019-05-27,2019-05-31
sz.300124,2019-05-27,2019-05-31
sz.300136,2019-05-27,2019-05-31
sz.300142,2019-05-27,2019-05-31
sz.300144,2019-05-27,2019-05-31
sz.300251,2019-05-27,2019-05-31
sz.300296,2019-05-27,2019-05-31
sz.300408,2019-05-27,2019-05-31
sz.300433,2019-05-27,2019-05-31
sh.600000,2019-06-24,2019-06-30
sh.600004,2019-06-24,2019-06-30
sh.600009,2019-06-24,2019-06-30
sh.600010,2019-06-24,2019-06-30
sh.600011,2019-06-24,2019-06-30
sh.600015,2019-06-24,2019-06-30
sh.600016,2019-06-24,2019-06-30
sh.600018,2019-06-24,2019-06-30
sh.600019,2019-06-24,2019-06-30
sh.600023,2019-06-24,2019-06-30
sh.600025,2019-06-24,2019-06-30
sh.600027,2019-06-24,2019-06-30
sh.600028,2019-06-24,2019-06-30
sh.600029,2019-06-24,2019-06-30
sh.600030,2019-06-24,2019-06-30
sh.600031,2019-06-24,2019-06-30
sh.600036,2019-06-24,2019-06-30
sh.600038,2019-06-24,2019-06-30
sh.600048,2019-06-24,2019-06-30
sh.600050,2019-06-24,2019-06-30
sh.600061,2019-06-24,2019-06-30
sh.600066,2019-06-24,2019-06-30
sh.600068,2019-06-24,2019-06-30
sh.600085,2019-06-24,2019-06-30
sh.600089,2019-06-24,2019-06-30
sh.600100,2019-06-24,2019-06-30
sh.600104,2019-06-24,2019-06-30
sh.600109,2019-06-24,2019-06-30
sh.600111,2019-06-24,2019-06-30
sh.600115,2019-06-24,2019-06-30
sh.600118,2019-06-24,2019-06-30
sh.600153,2019-06-24,2019-06-30
sh.600170,2019-06-24,2019-06-30
sh.600176,2019-06-24,2019-06-30
sh.600177,2019-06-24,2019-06-30
sh.600188,2019-06-24,2019-06-30
sh.600196,2019-06-24,2019-06-30
sh.600208,2019-06-24,2019-06-30
sh.600219,2019-06-24,2019-06-30
sh.600221,2019-06-24,2019-06-30
sh.600233,2019-06-24,2019-06-30
sh.600271,2019-06-24,2019-06-30
sh.600276,2019-06-24,2019-06-30
sh.600297,2019-06-24,2019-06-30
sh.600299,2019-06-24,2019-06-30
sh.600309,2019-06-24,2019-06-30
sh.600332,2019-06-24,2019-06-30
sh.600339,2019-06-24,2019-06-30
sh.600340,2019-06-24,2019-06-30
sh.600346,2019-06-24,2019-06-30
sh.600352,2019-06-24,2019-06-30
sh.600362,2019-06-24,2019-06-30
sh.600369,2019-06-24,2019-06-30
sh.600372,2019-06-24,2019-06-30
sh.600383,2019-06-24,2019-06-30
sh.600390,2019-06-24,2019-06-30
sh.600398,2019-06-24,2019-06-30
sh.600406,2019-06-24,2019-06-30
sh.600415,2019-06-24,2019-06-30
sh.600436,2019-06-24,2019-06-30
sh.600438,2019-06-24,2019-06-30
sh.600482,2019-06-24,2019-06-30
sh.600487,2019-06-24,2019-06-30
sh.600489,2019-06-24,2019-06-30
sh.600498,2019-06-24,2019-06-30
sh.600516,2019-06-24,2019-06-30
sh.600519,2019-06-24,2019-06-30
sh.600522,2019-06-24,2019-06-30
sh.600535,2019-06-24,2019-06-30
sh.600547,2019-06-24,2019-06-30
sh.600566,2019-06-24,2019-06-30
sh.600570,2019-06-24,2019-06-30
sh.600583,2019-06-24,2019-06-30
sh.600585,2019-06-24,2019-06-30
sh.600588,2019-06-24,2019-06-30
sh.600606,2019-06-24,2019-06-30
sh.600637,2019-06-24,2019-06-30
sh.600660,2019-06-24,2019-06-30
sh.600663,2019-06-24,2019-06-30
sh.600674,2019-06-24,2019-06-30
sh.600688,2019-06-24,2019-06-30
sh.600690,2019-06-24,2019-06-30
sh.600703,2019-06-24,2019-06-30
sh.600704,2019-06-24,2019-06-30
sh.600705,2019-06-24,2019-06-30
sh.600733,2019-06-24,2019-06-30
sh.600741,2019-06-24,2019-06-30
sh.600760,2019-06-24,2019-06-30
sh.600795,2019-06-24,2019-06-30
sh.600809,2019-06-24,2019-06-30
sh.600816,2019-06-24,2019-06-30
sh.600837,2019-06-24,2019-06-30
sh.600867,2019-06-24,2019-06-30
sh.600886,2019-06-24,2019-06-30
sh.600887,2019-06-24,2019-06-30
sh.600893,2019-06-24,2019-06-30
sh.600900,2019-06-24,2019-06-30
sh.600919,2019-06-24,2019-06-30
sh.600926,2019-06-24,2019-06-30
sh.600958,2019-06-24,2019-06-30
sh.600977,2019-06-24,2019-06-30
sh.600998,2019-06-24,2019-06-30
sh.600999,2019-06-24,2019-06-30
sh.601006,2019-06-24,2019-06-30
sh.601009,2019-06-24,2019-06-30
sh.601012,2019-06-24,2019-06-30
sh.601018,2019-06-24,2019-06-30
sh.601021,2019-06-24,2019-06-30
sh.601066,2019-06-24,2019-06-30
sh.601088,2019-06-24,2019-06-30
sh.601108,2019-06-24,2019-06-30
sh.601111,2019-06-24,2019-06-30
sh.601117,2019-06-24,2019-06-30
sh.601138,2019-06-24,2019-06-30
sh.601155,2019-06-24,2019-06-30
sh.601162,2019-06-24,2019-06-30
sh.601166,2019-06-24,2019-06-30
sh.601169,2019-06-24,2019-06-30
sh.601186,2019-06-24,2019-06-30
sh.601198,2019-06-24,2019-06-30
sh.601211,2019-06-24,2019-06-30
sh.601212,2019-06-24,2019-06-30
sh.601216,2019-06-24,2019-06-30
sh.601225,2019-06-24,2019-06-30
sh.601228,2019-06-24,2019-06-30
sh.601229,2019-06-24,2019-06-30
sh.601238,2019-06-24,2019-06-30
sh.601288,2019-06-24,2019-06-30
sh.601298,2019-06-24,2019-06-30
sh.601318,2019-06-24,2019-06-30
sh.601319,2019-06-24,2019-06-30
sh.601328,2019-06-24,2019-06-30
sh.601336,2019-06-24,2019-06-30
sh.601360,2019-06-24,2019-06-30
sh.601377,2019-06-24,2019-06-30
sh.601390,2019-06-24,2019-06-30
sh.601398,2019-06-24,2019-06-30
sh.601555,2019-06-24,2019-06-30
sh.601577,2019-06-24,2019-06-30
sh.601600,2019-06-24,2019-06-30
sh.601601,2019-06-24,2019-06-30
sh.601607,2019-06-24,2019-06-30
sh.601618,2019-06-24,2019-06-30
sh.601628,2019-06-24,2019-06-30
sh.601633,2019-06-24,2019-06-30
sh.601668,2019-06-24,2019-06-30
sh.601669,2019-06-24,2019-06-30
sh.601688,2019-06-24,2019-06-30
sh.601727,2019-06-24,2019-06-30
sh.601766,2019-06-24,2019-06-30
sh.601788,2019-06-24,2019-06-30
sh.601800,2019-06-24,2019-06-30
sh.601808,2019-06-24,2019-06-30
sh.601818,2019-06-24,2019-06-30
sh.601828,2019-06-24,2019-06-30
sh.601838,2019-06-24,2019-06-30
sh.601857,2019-06-24,2019-06-30
sh.601877,2019-06-24,2019-06-30
sh.601878,2019-06-24,2019-06-30
sh.601881,2019-06-24,2019-06-30
sh.601888,2019-06-24,2019-06-30
sh.601898,2019-06-24,2019-06-30
sh.601899,2019-06-24,2019-06-30
sh.601901,2019-06-24,2019-06-30
sh.601919,2019-06-24,2019-06-30
sh.601933,2019-06-24,2019-06-30
sh.601939,2019-06-24,2019-06-30
sh.601985,2019-06-24,2019-06-30
sh.601988,2019-06-24,2019-06-30
sh.601989,2019-06-24,2019-06-30
sh.601992,2019-06-24,2019-06-30
sh.601997,2019-06-24,2019-06-30
sh.601998,2019-06-24,2019-06-30
sh.603019,2019-06-24,2019-06-30
sh.603156,2019-06-24,2019-06-30
sh.603160,2019-06-24,2019-06-30
sh.603259,2019-06-24,2019-06-30
sh.603260,2019-06-24,2019-06-30
sh.603288,2019-06-24,2019-06-30
sh.603799,2019-06-24,2019-06-30
sh.603833,2019-06-24,2019-06-30
sh.603858,2019-06-24,2019-06-30
sh.603986,2019-06-24,2019-06-30
sh.603993,2019-06-24,2019-06-30
sz.000001,2019-06-24,2019-06-30
sz.000002,2019-06-24,2019-06-30
sz.000063,2019-06-24,2019-06-30
sz.000069,2019-06-24,2019-06-30
sz.000100,2019-06-24,2019-06-30
sz.000157,2019-06-24,2019-06-30
sz.000166,2019-06-24,2019-06-30
sz.000333,2019-06-24,2019-06-30
sz.000338,2019-06-24,2019-06-30
sz.000402,2019-06-24,2019-06-30
sz.000408,2019-06-24,2019-06-30
sz.000413,2019-06-24,2019-06-30
sz.000415,2019-06-24,2019-06-30
sz.000423,2019-06-24,2019-06-30
sz.000425,2019-06-24,2019-06-30
sz.000538,2019-06-24,2019-06-30
sz.000553,2019-06-24,2019-06-30
sz.000568,2019-06-24,2019-06-30
sz.000596,2019-06-24,2019-06-30
sz.000625,2019-06-24,2019-06-30
sz.000627,2019-06-24,2019-06-30
sz.000629,2019-06-24,2019-06-30
sz.000630,2019-06-24,2019-06-30
sz.000651,2019-06-24,2019-06-30
sz.000656,2019-06-24,2019-06-30
sz.000661,2019-06-24,2019-06-30
sz.000671,2019-06-24,2019-06-30
sz.000703,2019-06-24,2019-06-30
sz.000709,2019-06-24,2019-06-30
sz.000725,2019-06-24,2019-06-30
sz.000728,2019-06-24,2019-06-30
sz.000768,2019-06-24,2019-06-30
sz.000776,2019-06-24,2019-06-30
sz.000783,2019-06-24,2019-06-30
sz.000786,2019-06-24,2019-06-30
sz.000858,2019-06-24,2019-06-30
sz.000876,2019-06-24,2019-06-30
sz.000895,2019-06-24,2019-06-30
sz.000898,2019-06-24,2019-06-30
sz.000938,2019-06-24,2019-06-30
sz.000961,2019-06-24,2019-06-30
sz.000963,2019-06-24,2019-06-30
sz.001979,2019-06-24,2019-06-30
sz.002001,2019-06-24,2019-06-30
sz.002007,2019-06-24,2019-06-30
sz.002008,2019-06-24,2019-06-30
sz.002010,2019-06-24,2019-06-30
sz.002024,2019-06-24,2019-06-30
sz.002027,2019-06-24,2019-06-30
sz.002032,2019-06-24,2019-06-30
sz.002044,2019-06-24,2019-06-30
sz.002050,2019-06-24,2019-06-30
sz.002065,2019-06-24,2019-06-30
sz.002081,2019-06-24,2019-06-30
sz.002120,2019-06-24,2019-06-30
sz.002142,2019-06-24,2019-06-30
sz.002146,2019-06-24,2019-06-30
sz.002153,2019-06-24,2019-06-30
sz.002179,2019-06-24,2019-06-30
sz.002202,2019-06-24,2019-06-30
sz.002230,2019-06-24,2019-06-30
sz.002236,2019-06-24,2019-06-30
sz.002241,2019-06-24,2019-06-30
sz.002252,2019-06-24,2019-06-30
sz.002271,2019-06-24,2019-06-30
sz.002294,2019-06-24,2019-06-30
sz.002304,2019-06-24,2019-06-30
sz.002310,2019-06-24,2019-06-30
sz.002311,2019-06-24,2019-06-30
sz.002352,2019-06-24,2019-06-30
sz.002410,2019-06-24,2019-06-30
sz.002411,2019-06-24,2019-06-30
sz.002415,2019-06-24,2019-06-30
sz.002422,2019-06-24,2019-06-30
sz.002456,2019-06-24,2019-06-30
sz.002460,2019-06-24,2019-06-30
sz.002466,2019-06-24,2019-06-30
sz.002468,2019-06-24,2019-06-30
sz.002475,2019-06-24,2019-06-30
sz.002493,2019-06-24,2019-06-30
sz.002508,2019-06-24,2019-06-30
sz.002555,2019-06-24,2019-06-30
sz.002558,2019-06-24,2019-06-30
sz.002594,2019-06-24,2019-06-30
sz.002601,2019-06-24,2019-06-30
sz.002602,2019-06-24,2019-06-30
sz.002624,2019-06-24,2019-06-30
sz.002625,2019-06-24,2019-06-30
sz.002673,2019-06-24,2019-06-30
sz.002714,2019-06-24,2019-06-30
sz.002736,2019-06-24,2019-06-30
sz.002739,2019-06-24,2019-06-30
sz.002773,2019-06-24,2019-06-30
sz.002925,2019-06-24,2019-06-30
sz.002938,2019-06-24,2019-06-30
sz.002939,2019-06-24,2019-06-30
sz.002945,2019-06-24,2019-06-30
sz.300003,2019-06-24,2019-06-30
sz.300015,2019-06-24,2019-06-30
sz.300017,2019-06-24,2019-06-30
sz.300024,2019-06-24,2019-06-30
sz.300033,2019-06-24,2019-06-30
sz.300059,2019-06-24,2019-06-30
sz.300070,2019-06-24,2019-06-30
sz.300072,2019-06-24,2019-06-30
sz.300122,2019-06-24,2019-06-30
sz.300124,2019-06-24,2019-06-30
sz.300136,2019-06-24,2019-06-30
sz.300142,2019-06-24,2019-06-30
sz.300144,2019-06-24,2019-06-30
sz.300251,2019-06-24,2019-06-30
sz.300296,2019-06-24,2019-06-30
sz.300408,2019-06-24,2019-06-30
sz.300413,2019-06-24,2019-06-30
sz.300433,2019-06-24,2019-06-30
sz.300498,2019-06-24,2019-06-30
sh.600000,2019-07-29,2019-07-31
sh.600004,2019-07-29,2019-07-31
sh.600009,2019-07-29,2019-07-31
sh.600010,2019-07-29,2019-07-31
sh.600011,2019-07-29,2019-07-31
sh.600015,2019-07-29,2019-07-31
sh.600016,2019-07-29,2019-07-31
sh.600018,2019-07-29,2019-07-31
sh.600019,2019-07-29,2019-07-31
sh.600023,2019-07-29,2019-07-31
sh.600025,2019-07-29,2019-07-31
sh.600027,2019-07-29,2019-07-31
sh.600028,2019-07-29,2019-07-31
sh.600029,2019-07-29,2019-07-31
sh.600030,2019-07-29,2019-07-31
sh.600031,2019-07-29,2019-07-31
sh.600036,2019-07-29,2019-07-31
sh.600038,2019-07-29,2019-07-31
sh.600048,2019-07-29,2019-07-31
sh.600050,2019-07-29,2019-07-31
sh.600061,2019-07-29,2019-07-31
sh.600066,2019-07-29,2019-07-31
sh.600068,2019-07-29,2019-07-31
sh.600085,2019-07-29,2019-07-31
sh.600089,2019-07-29,2019-07-31
sh.600100,2019-07-29,2019-07-31
sh.600104,2019-07-29,2019-07-31
sh.600109,2019-07-29,2019-07-31
sh.600111,2019-07-29,2019-07-31
sh.600115,2019-07-29,2019-07-31
sh.600118,2019-07-29,2019-07-31
sh.600153,2019-07-29,2019-07-31
sh.600170,2019-07-29,2019-07-31
sh.600176,2019-07-29,2019-07-31
sh.600177,2019-07-29,2019-07-31
sh.600188,2019-07-29,2019-07-31
sh.600196,2019-07-29,2019-07-31
sh.600208,2019-07-29,2019-07-31
sh.600219,2019-07-29,2019-07-31
sh.600221,2019-07-29,2019-07-31
sh.600233,2019-07-29,2019-07-31
sh.600271,2019-07-29,2019-07-31
sh.600276,2019-07-29,2019-07-31
sh.600297,2019-07-29,2019-07-31
sh.600299,2019-07-29,2019-07-31
sh.600309,2019-07-29,2019-07-31
sh.600332,2019-07-29,2019-07-31
sh.600339,2019-07-29,2019-07-31
sh.600340,2019-07-29,2019-07-31
sh.600346,2019-07-29,2019-07-31
sh.600352,2019-07-29,2019-07-31
sh.600362,2019-07-29,2019-07-31
sh.600369,2019-07-29,2019-07-31
sh.600372,2019-07-29,2019-07-31
sh.600383,2019-07-29,2019-07-31
sh.600390,2019-07-29,2019-07-31
sh.600398,2019-07-29,2019-07-31
sh.600406,2019-07-29,2019-07-31
sh.600415,2019-07-29,2019-07-31
sh.600436,2019-07-29,2019-07-31
sh.600438,2019-07-29,2019-07-31
sh.600482,2019-07-29,2019-07-31
sh.600487,2019-07-29,2019-07-31
sh.600489,2019-07-29,2019-07-31
sh.600498,2019-07-29,2019-07-31
sh.600516,2019-07-29,2019-07-31
sh.600519,2019-07-29,2019-07-31
sh.600522,2019-07-29,2019-07-31
sh.600535,2019-07-29,2019-07-31
sh.600547,2019-07-29,2019-07-31
sh.600566,2019-07-29,2019-07-31
sh.600570,2019-07-29,2019-07-31
sh.600583,2019-07-29,2019-07-31
sh.600585,2019-07-29,2019-07-31
sh.600588,2019-07-29,2019-07-31
sh.600606,2019-07-29,2019-07-31
sh.600637,2019-07-29,2019-07-31
sh.600660,2019-07-29,2019-07-31
sh.600663,2019-07-29,2019-07-31
sh.600674,2019-07-29,2019-07-31
sh.600688,2019-07-29,2019-07-31
sh.600690,2019-07-29,2019-07-31
sh.600703,2019-07-29,2019-07-31
sh.600704,2019-07-29,2019-07-31
sh.600705,2019-07-29,2019-07-31
sh.600733,2019-07-29,2019-07-31
sh.600741,2019-07-29,2019-07-31
sh.600760,2019-07-29,2019-07-31
sh.600795,2019-07-29,2019-07-31
sh.600809,2019-07-29,2019-07-31
sh.600816,2019-07-29,2019-07-31
sh.600837,2019-07-29,2019-07-31
sh.600867,2019-07-29,2019-07-31
sh.600886,2019-07-29,2019-07-31
sh.600887,2019-07-29,2019-07-31
sh.600893,2019-07-29,2019-07-31
sh.600900,2019-07-29,2019-07-31
sh.600919,2019-07-29,2019-07-31
sh.600926,2019-07-29,2019-07-31
sh.600958,2019-07-29,2019-07-31
sh.600977,2019-07-29,2019-07-31
sh.600998,2019-07-29,2019-07-31
sh.600999,2019-07-29,2019-07-31
sh.601006,2019-07-29,2019-07-31
sh.601009,2019-07-29,2019-07-31
sh.601012,2019-07-29,2019-07-31
sh.601018,2019-07-29,2019-07-31
sh.601021,2019-07-29,2019-07-31
sh.601066,2019-07-29,2019-07-31
sh.601088,2019-07-29,2019-07-31
sh.601108,2019-07-29,2019-07-31
sh.601111,2019-07-29,2019-07-31
sh.601117,2019-07-29,2019-07-31
sh.601138,2019-07-29,2019-07-31
sh.601155,2019-07-29,2019-07-31
sh.601162,2019-07-29,2019-07-31
sh.601166,2019-07-29,2019-07-31
sh.601169,2019-07-29,2019-07-31
sh.601186,2019-07-29,2019-07-31
sh.601198,2019-07-29,2019-07-31
sh.601211,2019-07-29,2019-07-31
sh.601212,2019-07-29,2019-07-31
sh.601216,2019-07-29,2019-07-31
sh.601225,2019-07-29,2019-07-31
sh.601228,2019-07-29,2019-07-31
sh.601229,2019-07-29,2019-07-31
sh.601238,2019-07-29,2019-07-31
sh.601288,2019-07-29,2019-07-31
sh.601298,2019-07-29,2019-07-31
sh.601318,2019-07-29,2019-07-31
sh.601319,2019-07-29,2019-07-31
sh.601328,2019-07-29,2019-07-31
sh.601336,2019-07-29,2019-07-31
sh.601360,2019-07-29,2019-07-31
sh.601377,2019-07-29,2019-07-31
sh.601390,2019-07-29,2019-07-31
sh.601398,2019-07-29,2019-07-31
sh.601555,2019-07-29,2019-07-31
sh.601577,2019-07-29,2019-07-31
sh.601600,2019-07-29,2019-07-31
sh.601601,2019-07-29,2019-07-31
sh.601607,2019-07-29,2019-07-31
sh.601618,2019-07-29,2019-07-31
sh.601628,2019-07-29,2019-07-31
sh.601633,2019-07-29,2019-07-31
sh.601668,2019-07-29,2019-07-31
sh.601669,2019-07-29,2019-07-31
sh.601688,2019-07-29,2019-07-31
sh.601727,2019-07-29,2019-07-31
sh.601766,2019-07-29,2019-07-31
sh.601788,2019-07-29,2019-07-31
sh.601800,2019-07-29,2019-07-31
sh.601808,2019-07-29,2019-07-31
sh.601818,2019-07-29,2019-07-31
sh.601828,2019-07-29,2019-07-31
sh.601838,2019-07-29,2019-07-31
sh.601857,2019-07-29,2019-07-31
sh.601877,2019-07-29,2019-07-31
sh.601878,2019-07-29,2019-07-31
sh.601881,2019-07-29,2019-07-31
sh.601888,2019-07-29,2019-07-31
sh.601898,2019-07-29,2019-07-31
sh.601899,2019-07-29,2019-07-31
sh.601901,2019-07-29,2019-07-31
sh.601919,2019-07-29,2019-07-31
sh.601933,2019-07-29,2019-07-31
sh.601939,2019-07-29,2019-07-31
sh.601985,2019-07-29,2019-07-31
sh.601988,2019-07-29,2019-07-31
sh.601989,2019-07-29,2019-07-31
sh.601992,2019-07-29,2019-07-31
sh.601997,2019-07-29,2019-07-31
sh.601998,2019-07-29,2019-07-31
sh.603019,2019-07-29,2019-07-31
sh.603156,2019-07-29,2019-07-31
sh.603160,2019-07-29,2019-07-31
sh.603259,2019-07-29,2019-07-31
sh.603260,2019-07-29,2019-07-31
sh.603288,2019-07-29,2019-07-31
sh.603799,2019-07-29,2019-07-31
sh.603833,2019-07-29,2019-07-31
sh.603858,2019-07-29,2019-07-31
sh.603986,2019-07-29,2019-07-31
sh.603993,2019-07-29,2019-07-31
sz.000001,2019-07-29,2019-07-31
sz.000002,2019-07-29,2019-07-31
sz.000063,2019-07-29,2019-07-31
sz.000069,2019-07-29,2019-07-31
sz.000100,2019-07-29,2019-07-31
sz.000157,2019-07-29,2019-07-31
sz.000166,2019-07-29,2019-07-31
sz.000333,2019-07-29,2019-07-31
sz.000338,2019-07-29,2019-07-31
sz.000402,2019-07-29,2019-07-31
sz.000408,2019-07-29,2019-07-31
sz.000413,2019-07-29,2019-07-31
sz.000415,2019-07-29,2019-07-31
sz.000423,2019-07-29,2019-07-31
sz.000425,2019-07-29,2019-07-31
sz.000538,2019-07-29,2019-07-31
sz.000553,2019-07-29,2019-07-31
sz.000568,2019-07-29,2019-07-31
sz.000596,2019-07-29,2019-07-31
sz.000625,2019-07-29,2019-07-31
sz.000627,2019-07-29,2019-07-31
sz.000629,2019-07-29,2019-07-31
sz.000630,2019-07-29,2019-07-31
sz.000651,2019-07-29,2019-07-31
sz.000656,2019-07-29,2019-07-31
sz.000661,2019-07-29,2019-07-31
sz.000671,2019-07-29,2019-07-31
sz.000703,2019-07-29,2019-07-31
sz.000709,2019-07-29,2019-07-31
sz.000725,2019-07-29,2019-07-31
sz.000728,2019-07-29,2019-07-31
sz.000768,2019-07-29,2019-07-31
sz.000776,2019-07-29,2019-07-31
sz.000783,2019-07-29,2019-07-31
sz.000786,2019-07-29,2019-07-31
sz.000858,2019-07-29,2019-07-31
sz.000876,2019-07-29,2019-07-31
sz.000895,2019-07-29,2019-07-31
sz.000898,2019-07-29,2019-07-31
sz.000938,2019-07-29,2019-07-31
sz.000961,2019-07-29,2019-07-31
sz.000963,2019-07-29,2019-07-31
sz.001979,2019-07-29,2019-07-31
sz.002001,2019-07-29,2019-07-31
sz.002007,2019-07-29,2019-07-31
sz.002008,2019-07-29,2019-07-31
sz.002010,2019-07-29,2019-07-31
sz.002024,2019-07-29,2019-07-31
sz.002027,2019-07-29,2019-07-31
sz.002032,2019-07-29,2019-07-31
sz.002044,2019-07-29,2019-07-31
sz.002050,2019-07-29,2019-07-31
sz.002065,2019-07-29,2019-07-31
sz.002081,2019-07-29,2019-07-31
sz.002120,2019-07-29,2019-07-31
sz.002142,2019-07-29,2019-07-31
sz.002146,2019-07-29,2019-07-31
sz.002153,2019-07-29,2019-07-31
sz.002179,2019-07-29,2019-07-31
sz.002202,2019-07-29,2019-07-31
sz.002230,2019-07-29,2019-07-31
sz.002236,2019-07-29,2019-07-31
sz.002241,2019-07-29,2019-07-31
sz.002252,2019-07-29,2019-07-31
sz.002271,2019-07-29,2019-07-31
sz.002294,2019-07-29,2019-07-31
sz.002304,2019-07-29,2019-07-31
sz.002310,2019-07-29,2019-07-31
sz.002311,2019-07-29,2019-07-31
sz.002352,2019-07-29,2019-07-31
sz.002410,2019-07-29,2019-07-31
sz.002411,2019-07-29,2019-07-31
sz.002415,2019-07-29,2019-07-31
sz.002422,2019-07-29,2019-07-31
sz.002456,2019-07-29,2019-07-31
sz.002460,2019-07-29,2019-07-31
sz.002466,2019-07-29,2019-07-31
sz.002468,2019-07-29,2019-07-31
sz.002475,2019-07-29,2019-07-31
sz.002493,2019-07-29,2019-07-31
sz.002508,2019-07-29,2019-07-31
sz.002555,2019-07-29,2019-07-31
sz.002558,2019-07-29,2019-07-31
sz.002594,2019-07-29,2019-07-31
sz.002601,2019-07-29,2019-07-31
sz.002602,2019-07-29,2019-07-31
sz.002624,2019-07-29,2019-07-31
sz.002625,2019-07-29,2019-07-31
sz.002673,2019-07-29,2019-07-31
sz.002714,2019-07-29,2019-07-31
sz.002736,2019-07-29,2019-07-31
sz.002739,2019-07-29,2019-07-31
sz.002773,2019-07-29,2019-07-31
sz.002925,2019-07-29,2019-07-31
sz.002938,2019-07-29,2019-07-31
sz.002939,2019-07-29,2019-07-31
sz.002945,2019-07-29,2019-07-31
sz.300003,2019-07-29,2019-07-31
sz.300015,2019-07-29,2019-07-31
sz.300017,2019-07-29,2019-07-31
sz.300024,2019-07-29,2019-07-31
sz.300033,2019-07-29,2019-07-31
sz.300059,2019-07-29,2019-07-31
sz.300070,2019-07-29,2019-07-31
sz.300072,2019-07-29,2019-07-31
sz.300122,2019-07-29,2019-07-31
sz.300124,2019-07-29,2019-07-31
sz.300136,2019-07-29,2019-07-31
sz.300142,2019-07-29,2019-07-31
sz.300144,2019-07-29,2019-07-31
sz.300251,2019-07-29,2019-07-31
sz.300296,2019-07-29,2019-07-31
sz.300408,2019-07-29,2019-07-31
sz.300413,2019-07-29,2019-07-31
sz.300433,2019-07-29,2019-07-31
sz.300498,2019-07-29,2019-07-31
sh.600000,2019-08-26,2019-08-31
sh.600004,2019-08-26,2019-08-31
sh.600009,2019-08-26,2019-08-31
sh.600010,2019-08-26,2019-08-31
sh.600011,2019-08-26,2019-08-31
sh.600015,2019-08-26,2019-08-31
sh.600016,2019-08-26,2019-08-31
sh.600018,2019-08-26,2019-08-31
sh.600019,2019-08-26,2019-08-31
sh.600023,2019-08-26,2019-08-31
sh.600025,2019-08-26,2019-08-31
sh.600027,2019-08-26,2019-08-31
sh.600028,2019-08-26,2019-08-31
sh.600029,2019-08-26,2019-08-31
sh.600030,2019-08-26,2019-08-31
sh.600031,2019-08-26,2019-08-31
sh.600036,2019-08-26,2019-08-31
sh.600038,2019-08-26,2019-08-31
sh.600048,2019-08-26,2019-08-31
sh.600050,2019-08-26,2019-08-31
sh.600061,2019-08-26,2019-08-31
sh.600066,2019-08-26,2019-08-31
sh.600068,2019-08-26,2019-08-31
sh.600085,2019-08-26,2019-08-31
sh.600089,2019-08-26,2019-08-31
sh.600100,2019-08-26,2019-08-31
sh.600104,2019-08-26,2019-08-31
sh.600109,2019-08-26,2019-08-31
sh.600111,2019-08-26,2019-08-31
sh.600115,2019-08-26,2019-08-31
sh.600118,2019-08-26,2019-08-31
sh.600153,2019-08-26,2019-08-31
sh.600170,2019-08-26,2019-08-31
sh.600176,2019-08-26,2019-08-31
sh.600177,2019-08-26,2019-08-31
sh.600188,2019-08-26,2019-08-31
sh.600196,2019-08-26,2019-08-31
sh.600208,2019-08-26,2019-08-31
sh.600219,2019-08-26,2019-08-31
sh.600221,2019-08-26,2019-08-31
sh.600233,2019-08-26,2019-08-31
sh.600271,2019-08-26,2019-08-31
sh.600276,2019-08-26,2019-08-31
sh.600297,2019-08-26,2019-08-31
sh.600299,2019-08-26,2019-08-31
sh.600309,2019-08-26,2019-08-31
sh.600332,2019-08-26,2019-08-31
sh.600339,2019-08-26,2019-08-31
sh.600340,2019-08-26,2019-08-31
sh.600346,2019-08-26,2019-08-31
sh.600352,2019-08-26,2019-08-31
sh.600362,2019-08-26,2019-08-31
sh.600369,2019-08-26,2019-08-31
sh.600372,2019-08-26,2019-08-31
sh.600383,2019-08-26,2019-08-31
sh.600390,2019-08-26,2019-08-31
sh.600398,2019-08-26,2019-08-31
sh.600406,2019-08-26,2019-08-31
sh.600415,2019-08-26,2019-08-31
sh.600436,2019-08-26,2019-08-31
sh.600438,2019-08-26,2019-08-31
sh.600482,2019-08-26,2019-08-31
sh.600487,2019-08-26,2019-08-31
sh.600489,2019-08-26,2019-08-31
sh.600498,2019-08-26,2019-08-31
sh.600516,2019-08-26,2019-08-31
sh.600519,2019-08-26,2019-08-31
sh.600522,2019-08-26,2019-08-31
sh.600535,2019-08-26,2019-08-31
sh.600547,2019-08-26,2019-08-31
sh.600566,2019-08-26,2019-08-31
sh.600570,2019-08-26,2019-08-31
sh.600583,2019-08-26,2019-08-31
sh.600585,2019-08-26,2019-08-31
sh.600588,2019-08-26,2019-08-31
sh.600606,2019-08-26,2019-08-31
sh.600637,2019-08-26,2019-08-31
sh.600660,2019-08-26,2019-08-31
sh.600663,2019-08-26,2019-08-31
sh.600674,2019-08-26,2019-08-31
sh.600688,2019-08-26,2019-08-31
sh.600690,2019-08-26,2019-08-31
sh.600703,2019-08-26,2019-08-31
sh.600704,2019-08-26,2019-08-31
sh.600705,2019-08-26,2019-08-31
sh.600733,2019-08-26,2019-08-31
sh.600741,2019-08-26,2019-08-31
sh.600760,2019-08-26,2019-08-31
sh.600795,2019-08-26,2019-08-31
sh.600809,2019-08-26,2019-08-31
sh.600816,2019-08-26,2019-08-31
sh.600837,2019-08-26,2019-08-31
sh.600867,2019-08-26,2019-08-31
sh.600886,2019-08-26,2019-08-31
sh.600887,2019-08-26,2019-08-31
sh.600893,2019-08-26,2019-08-31
sh.600900,2019-08-26,2019-08-31
sh.600919,2019-08-26,2019-08-31
sh.600926,2019-08-26,2019-08-31
sh.600958,2019-08-26,2019-08-31
sh.600977,2019-08-26,2019-08-31
sh.600998,2019-08-26,2019-08-31
sh.600999,2019-08-26,2019-08-31
sh.601006,2019-08-26,2019-08-31
sh.601009,2019-08-26,2019-08-31
sh.601012,2019-08-26,2019-08-31
sh.601018,2019-08-26,2019-08-31
sh.601021,2019-08-26,2019-08-31
sh.601066,2019-08-26,2019-08-31
sh.601088,2019-08-26,2019-08-31
sh.601108,2019-08-26,2019-08-31
sh.601111,2019-08-26,2019-08-31
sh.601117,2019-08-26,2019-08-31
sh.601138,2019-08-26,2019-08-31
sh.601155,2019-08-26,2019-08-31
sh.601162,2019-08-26,2019-08-31
sh.601166,2019-08-26,2019-08-31
sh.601169,2019-08-26,2019-08-31
sh.601186,2019-08-26,2019-08-31
sh.601198,2019-08-26,2019-08-31
sh.601211,2019-08-26,2019-08-31
sh.601212,2019-08-26,2019-08-31
sh.601216,2019-08-26,2019-08-31
sh.601225,2019-08-26,2019-08-31
sh.601228,2019-08-26,2019-08-31
sh.601229,2019-08-26,2019-08-31
sh.601238,2019-08-26,2019-08-31
sh.601288,2019-08-26,2019-08-31
sh.601298,2019-08-26,2019-08-31
sh.601318,2019-08-26,2019-08-31
sh.601319,2019-08-26,2019-08-31
sh.601328,2019-08-26,2019-08-31
sh.601336,2019-08-26,2019-08-31
sh.601360,2019-08-26,2019-08-31
sh.601377,2019-08-26,2019-08-31
sh.601390,2019-08-26,2019-08-31
sh.601398,2019-08-26,2019-08-31
sh.601555,2019-08-26,2019-08-31
sh.601577,2019-08-26,2019-08-31
sh.601600,2019-08-26,2019-08-31
sh.601601,2019-08-26,2019-08-31
sh.601607,2019-08-26,2019-08-31
sh.601618,2019-08-26,2019-08-31
sh.601628,2019-08-26,2019-08-31
sh.601633,2019-08-26,2019-08-31
sh.601668,2019-08-26,2019-08-31
sh.601669,2019-08-26,2019-08-31
sh.601688,2019-08-26,2019-08-31
sh.601727,2019-08-26,2019-08-31
sh.601766,2019-08-26,2019-08-31
sh.601788,2019-08-26,2019-08-31
sh.601800,2019-08-26,2019-08-31
sh.601808,2019-08-26,2019-08-31
sh.601818,2019-08-26,2019-08-31
sh.601828,2019-08-26,2019-08-31
sh.601838,2019-08-26,2019-08-31
sh.601857,2019-08-26,2019-08-31
sh.601877,2019-08-26,2019-08-31
sh.601878,2019-08-26,2019-08-31
sh.601881,2019-08-26,2019-08-31
sh.601888,2019-08-26,2019-08-31
sh.601898,2019-08-26,2019-08-31
sh.601899,2019-08-26,2019-08-31
sh.601901,2019-08-26,2019-08-31
sh.601919,2019-08-26,2019-08-31
sh.601933,2019-08-26,2019-08-31
sh.601939,2019-08-26,2019-08-31
sh.601985,2019-08-26,2019-08-31
sh.601988,2019-08-26,2019-08-31
sh.601989,2019-08-26,2019-08-31
sh.601992,2019-08-26,2019-08-31
sh.601997,2019-08-26,2019-08-31
sh.601998,2019-08-26,2019-08-31
sh.603019,2019-08-26,2019-08-31
sh.603156,2019-08-26,2019-08-31
sh.603160,2019-08-26,2019-08-31
sh.603259,2019-08-26,2019-08-31
sh.603260,2019-08-26,2019-08-31
sh.603288,2019-08-26,2019-08-31
sh.603799,2019-08-26,2019-08-31
sh.603833,2019-08-26,2019-08-31
sh.603858,2019-08-26,2019-08-31
sh.603986,2019-08-26,2019-08-31
sh.603993,2019-08-26,2019-08-31
sz.000001,2019-08-26,2019-08-31
sz.000002,2019-08-26,2019-08-31
sz.000063,2019-08-26,2019-08-31
sz.000069,2019-08-26,2019-08-31
sz.000100,2019-08-26,2019-08-31
sz.000157,2019-08-26,2019-08-31
sz.000166,2019-08-26,2019-08-31
sz.000333,2019-08-26,2019-08-31
sz.000338,2019-08-26,2019-08-31
sz.000402,2019-08-26,2019-08-31
sz.000408,2019-08-26,2019-08-31
sz.000413,2019-08-26,2019-08-31
sz.000415,2019-08-26,2019-08-31
sz.000423,2019-08-26,2019-08-31
sz.000425,2019-08-26,2019-08-31
sz.000538,2019-08-26,2019-08-31
sz.000553,2019-08-26,2019-08-31
sz.000568,2019-08-26,2019-08-31
sz.000596,2019-08-26,2019-08-31
sz.000625,2019-08-26,2019-08-31
sz.000627,2019-08-26,2019-08-31
sz.000629,2019-08-26,2019-08-31
sz.000630,2019-08-26,2019-08-31
sz.000651,2019-08-26,2019-08-31
sz.000656,2019-08-26,2019-08-31
sz.000661,2019-08-26,2019-08-31
sz.000671,2019-08-26,2019-08-31
sz.000703,2019-08-26,2019-08-31
sz.000709,2019-08-26,2019-08-31
sz.000725,2019-08-26,2019-08-31
sz.000728,2019-08-26,2019-08-31
sz.000768,2019-08-26,2019-08-31
sz.000776,2019-08-26,2019-08-31
sz.000783,2019-08-26,2019-08-31
sz.000786,2019-08-26,2019-08-31
sz.000858,2019-08-26,2019-08-31
sz.000876,2019-08-26,2019-08-31
sz.000895,2019-08-26,2019-08-31
sz.000898,2019-08-26,2019-08-31
sz.000938,2019-08-26,2019-08-31
sz.000961,2019-08-26,2019-08-31
sz.000963,2019-08-26,2019-08-31
sz.001979,2019-08-26,2019-08-31
sz.002001,2019-08-26,2019-08-31
sz.002007,2019-08-26,2019-08-31
sz.002008,2019-08-26,2019-08-31
sz.002010,2019-08-26,2019-08-31
sz.002024,2019-08-26,2019-08-31
sz.002027,2019-08-26,2019-08-31
sz.002032,2019-08-26,2019-08-31
sz.002044,2019-08-26,2019-08-31
sz.002050,2019-08-26,2019-08-31
sz.002065,2019-08-26,2019-08-31
sz.002081,2019-08-26,2019-08-31
sz.002120,2019-08-26,2019-08-31
sz.002142,2019-08-26,2019-08-31
sz.002146,2019-08-26,2019-08-31
sz.002153,2019-08-26,2019-08-31
sz.002179,2019-08-26,2019-08-31
sz.002202,2019-08-26,2019-08-31
sz.002230,2019-08-26,2019-08-31
sz.002236,2019-08-26,2019-08-31
sz.002241,2019-08-26,2019-08-31
sz.002252,2019-08-26,2019-08-31
sz.002271,2019-08-26,2019-08-31
sz.002294,2019-08-26,2019-08-31
sz.002304,2019-08-26,2019-08-31
sz.002310,2019-08-26,2019-08-31
sz.002311,2019-08-26,2019-08-31
sz.002352,2019-08-26,2019-08-31
sz.002410,2019-08-26,2019-08-31
sz.002411,2019-08-26,2019-08-31
sz.002415,2019-08-26,2019-08-31
sz.002422,2019-08-26,2019-08-31
sz.002456,2019-08-26,2019-08-31
sz.002460,2019-08-26,2019-08-31
sz.002466,2019-08-26,2019-08-31
sz.002468,2019-08-26,2019-08-31
sz.002475,2019-08-26,2019-08-31
sz.002493,2019-08-26,2019-08-31
sz.002508,2019-08-26,2019-08-31
sz.002555,2019-08-26,2019-08-31
sz.002558,2019-08-26,2019-08-31
sz.002594,2019-08-26,2019-08-31
sz.002601,2019-08-26,2019-08-31
sz.002602,2019-08-26,2019-08-31
sz.002624,2019-08-26,2019-08-31
sz.002625,2019-08-26,2019-08-31
sz.002673,2019-08-26,2019-08-31
sz.002714,2019-08-26,2019-08-31
sz.002736,2019-08-26,2019-08-31
sz.002739,2019-08-26,2019-08-31
sz.002773,2019-08-26,2019-08-31
sz.002925,2019-08-26,2019-08-31
sz.002938,2019-08-26,2019-08-31
sz.002939,2019-08-26,2019-08-31
sz.002945,2019-08-26,2019-08-31
sz.300003,2019-08-26,2019-08-31
sz.300015,2019-08-26,2019-08-31
sz.300017,2019-08-26,2019-08-31
sz.300024,2019-08-26,2019-08-31
sz.300033,2019-08-26,2019-08-31
sz.300059,2019-08-26,2019-08-31
sz.300070,2019-08-26,2019-08-31
sz.300072,2019-08-26,2019-08-31
sz.300122,2019-08-26,2019-08-31
sz.300124,2019-08-26,2019-08-31
sz.300136,2019-08-26,2019-08-31
sz.300142,2019-08-26,2019-08-31
sz.300144,2019-08-26,2019-08-31
sz.300251,2019-08-26,2019-08-31
sz.300296,2019-08-26,2019-08-31
sz.300408,2019-08-26,2019-08-31
sz.300413,2019-08-26,2019-08-31
sz.300433,2019-08-26,2019-08-31
sz.300498,2019-08-26,2019-08-31
sh.600000,2019-09-30,2019-09-30
sh.600004,2019-09-30,2019-09-30
sh.600009,2019-09-30,2019-09-30
sh.600010,2019-09-30,2019-09-30
sh.600011,2019-09-30,2019-09-30
sh.600015,2019-09-30,2019-09-30
sh.600016,2019-09-30,2019-09-30
sh.600018,2019-09-30,2019-09-30
sh.600019,2019-09-30,2019-09-30
sh.600023,2019-09-30,2019-09-30
sh.600025,2019-09-30,2019-09-30
sh.600027,2019-09-30,2019-09-30
sh.600028,2019-09-30,2019-09-30
sh.600029,2019-09-30,2019-09-30
sh.600030,2019-09-30,2019-09-30
sh.600031,2019-09-30,2019-09-30
sh.600036,2019-09-30,2019-09-30
sh.600038,2019-09-30,2019-09-30
sh.600048,2019-09-30,2019-09-30
sh.600050,2019-09-30,2019-09-30
sh.600061,2019-09-30,2019-09-30
sh.600066,2019-09-30,2019-09-30
sh.600068,2019-09-30,2019-09-30
sh.600085,2019-09-30,2019-09-30
sh.600089,2019-09-30,2019-09-30
sh.600100,2019-09-30,2019-09-30
sh.600104,2019-09-30,2019-09-30
sh.600109,2019-09-30,2019-09-30
sh.600111,2019-09-30,2019-09-30
sh.600115,2019-09-30,2019-09-30
sh.600118,2019-09-30,2019-09-30
sh.600153,2019-09-30,2019-09-30
sh.600170,2019-09-30,2019-09-30
sh.600176,2019-09-30,2019-09-30
sh.600177,2019-09-30,2019-09-30
sh.600188,2019-09-30,2019-09-30
sh.600196,2019-09-30,2019-09-30
sh.600208,2019-09-30,2019-09-30
sh.600219,2019-09-30,2019-09-30
sh.600221,2019-09-30,2019-09-30
sh.600233,2019-09-30,2019-09-30
sh.600271,2019-09-30,2019-09-30
sh.600276,2019-09-30,2019-09-30
sh.600297,2019-09-30,2019-09-30
sh.600299,2019-09-30,2019-09-30
sh.600309,2019-09-30,2019-09-30
sh.600332,2019-09-30,2019-09-30
sh.600339,2019-09-30,2019-09-30
sh.600340,2019-09-30,2019-09-30
sh.600346,2019-09-30,2019-09-30
sh.600352,2019-09-30,2019-09-30
sh.600362,2019-09-30,2019-09-30
sh.600369,2019-09-30,2019-09-30
sh.600372,2019-09-30,2019-09-30
sh.600383,2019-09-30,2019-09-30
sh.600390,2019-09-30,2019-09-30
sh.600398,2019-09-30,2019-09-30
sh.600406,2019-09-30,2019-09-30
sh.600415,2019-09-30,2019-09-30
sh.600436,2019-09-30,2019-09-30
sh.600438,2019-09-30,2019-09-30
sh.600482,2019-09-30,2019-09-30
sh.600487,2019-09-30,2019-09-30
sh.600489,2019-09-30,2019-09-30
sh.600498,2019-09-30,2019-09-30
sh.600516,2019-09-30,2019-09-30
sh.600519,2019-09-30,2019-09-30
sh.600522,2019-09-30,2019-09-30
sh.600535,2019-09-30,2019-09-30
sh.600547,2019-09-30,2019-09-30
sh.600566,2019-09-30,2019-09-30
sh.600570,2019-09-30,2019-09-30
sh.600583,2019-09-30,2019-09-30
sh.600585,2019-09-30,2019-09-30
sh.600588,2019-09-30,2019-09-30
sh.600606,2019-09-30,2019-09-30
sh.600637,2019-09-30,2019-09-30
sh.600660,2019-09-30,2019-09-30
sh.600663,2019-09-30,2019-09-30
sh.600674,2019-09-30,2019-09-30
sh.600688,2019-09-30,2019-09-30
sh.600690,2019-09-30,2019-09-30
sh.600703,2019-09-30,2019-09-30
sh.600704,2019-09-30,2019-09-30
sh.600705,2019-09-30,2019-09-30
sh.600733,2019-09-30,2019-09-30
sh.600741,2019-09-30,2019-09-30
sh.600760,2019-09-30,2019-09-30
sh.600795,2019-09-30,2019-09-30
sh.600809,2019-09-30,2019-09-30
sh.600816,2019-09-30,2019-09-30
sh.600837,2019-09-30,2019-09-30
sh.600867,2019-09-30,2019-09-30
sh.600886,2019-09-30,2019-09-30
sh.600887,2019-09-30,2019-09-30
sh.600893,2019-09-30,2019-09-30
sh.600900,2019-09-30,2019-09-30
sh.600919,2019-09-30,2019-09-30
sh.600926,2019-09-30,2019-09-30
sh.600958,2019-09-30,2019-09-30
sh.600977,2019-09-30,2019-09-30
sh.600998,2019-09-30,2019-09-30
sh.600999,2019-09-30,2019-09-30
sh.601006,2019-09-30,2019-09-30
sh.601009,2019-09-30,2019-09-30
sh.601012,2019-09-30,2019-09-30
sh.601018,2019-09-30,2019-09-30
sh.601021,2019-09-30,2019-09-30
sh.601066,2019-09-30,2019-09-30
sh.601088,2019-09-30,2019-09-30
sh.601108,2019-09-30,2019-09-30
sh.601111,2019-09-30,2019-09-30
sh.601117,2019-09-30,2019-09-30
sh.601138,2019-09-30,2019-09-30
sh.601155,2019-09-30,2019-09-30
sh.601162,2019-09-30,2019-09-30
sh.601166,2019-09-30,2019-09-30
sh.601169,2019-09-30,2019-09-30
sh.601186,2019-09-30,2019-09-30
sh.601198,2019-09-30,2019-09-30
sh.601211,2019-09-30,2019-09-30
sh.601212,2019-09-30,2019-09-30
sh.601216,2019-09-30,2019-09-30
sh.601225,2019-09-30,2019-09-30
sh.601228,2019-09-30,2019-09-30
sh.601229,2019-09-30,2019-09-30
sh.601238,2019-09-30,2019-09-30
sh.601288,2019-09-30,2019-09-30
sh.601298,2019-09-30,2019-09-30
sh.601318,2019-09-30,2019-09-30
sh.601319,2019-09-30,2019-09-30
sh.601328,2019-09-30,2019-09-30
sh.601336,2019-09-30,2019-09-30
sh.601360,2019-09-30,2019-09-30
sh.601377,2019-09-30,2019-09-30
sh.601390,2019-09-30,2019-09-30
sh.601398,2019-09-30,2019-09-30
sh.601555,2019-09-30,2019-09-30
sh.601577,2019-09-30,2019-09-30
sh.601600,2019-09-30,2019-09-30
sh.601601,2019-09-30,2019-09-30
sh.601607,2019-09-30,2019-09-30
sh.601618,2019-09-30,2019-09-30
sh.601628,2019-09-30,2019-09-30
sh.601633,2019-09-30,2019-09-30
sh.601668,2019-09-30,2019-09-30
sh.601669,2019-09-30,2019-09-30
sh.601688,2019-09-30,2019-09-30
sh.601727,2019-09-30,2019-09-30
sh.601766,2019-09-30,2019-09-30
sh.601788,2019-09-30,2019-09-30
sh.601800,2019-09-30,2019-09-30
sh.601808,2019-09-30,2019-09-30
sh.601818,2019-09-30,2019-09-30
sh.601828,2019-09-30,2019-09-30
sh.601838,2019-09-30,2019-09-30
sh.601857,2019-09-30,2019-09-30
sh.601877,2019-09-30,2019-09-30
sh.601878,2019-09-30,2019-09-30
sh.601881,2019-09-30,2019-09-30
sh.601888,2019-09-30,2019-09-30
sh.601898,2019-09-30,2019-09-30
sh.601899,2019-09-30,2019-09-30
sh.601901,2019-09-30,2019-09-30
sh.601919,2019-09-30,2019-09-30
sh.601933,2019-09-30,2019-09-30
sh.601939,2019-09-30,2019-09-30
sh.601985,2019-09-30,2019-09-30
sh.601988,2019-09-30,2019-09-30
sh.601989,2019-09-30,2019-09-30
sh.601992,2019-09-30,2019-09-30
sh.601997,2019-09-30,2019-09-30
sh.601998,2019-09-30,2019-09-30
sh.603019,2019-09-30,2019-09-30
sh.603156,2019-09-30,2019-09-30
sh.603160,2019-09-30,2019-09-30
sh.603259,2019-09-30,2019-09-30
sh.603260,2019-09-30,2019-09-30
sh.603288,2019-09-30,2019-09-30
sh.603799,2019-09-30,2019-09-30
sh.603833,2019-09-30,2019-09-30
sh.603858,2019-09-30,2019-09-30
sh.603986,2019-09-30,2019-09-30
sh.603993,2019-09-30,2019-09-30
sz.000001,2019-09-30,2019-09-30
sz.000002,2019-09-30,2019-09-30
sz.000063,2019-09-30,2019-09-30
sz.000069,2019-09-30,2019-09-30
sz.000100,2019-09-30,2019-09-30
sz.000157,2019-09-30,2019-09-30
sz.000166,2019-09-30,2019-09-30
sz.000333,2019-09-30,2019-09-30
sz.000338,2019-09-30,2019-09-30
sz.000402,2019-09-30,2019-09-30
sz.000408,2019-09-30,2019-09-30
sz.000413,2019-09-30,2019-09-30
sz.000415,2019-09-30,2019-09-30
sz.000423,2019-09-30,2019-09-30
sz.000425,2019-09-30,2019-09-30
sz.000538,2019-09-30,2019-09-30
sz.000553,2019-09-30,2019-09-30
sz.000568,2019-09-30,2019-09-30
sz.000596,2019-09-30,2019-09-30
sz.000625,2019-09-30,2019-09-30
sz.000627,2019-09-30,2019-09-30
sz.000629,2019-09-30,2019-09-30
sz.000630,2019-09-30,2019-09-30
sz.000651,2019-09-30,2019-09-30
sz.000656,2019-09-30,2019-09-30
sz.000661,2019-09-30,2019-09-30
sz.000671,2019-09-30,2019-09-30
sz.000703,2019-09-30,2019-09-30
sz.000709,2019-09-30,2019-09-30
sz.000725,2019-09-30,2019-09-30
sz.000728,2019-09-30,2019-09-30
sz.000768,2019-09-30,2019-09-30
sz.000776,2019-09-30,2019-09-30
sz.000783,2019-09-30,2019-09-30
sz.000786,2019-09-30,2019-09-30
sz.000858,2019-09-30,2019-09-30
sz.000876,2019-09-30,2019-09-30
sz.000895,2019-09-30,2019-09-30
sz.000898,2019-09-30,2019-09-30
sz.000938,2019-09-30,2019-09-30
sz.000961,2019-09-30,2019-09-30
sz.000963,2019-09-30,2019-09-30
sz.001979,2019-09-30,2019-09-30
sz.002001,2019-09-30,2019-09-30
sz.002007,2019-09-30,2019-09-30
sz.002008,2019-09-30,2019-09-30
sz.002010,2019-09-30,2019-09-30
sz.002024,2019-09-30,2019-09-30
sz.002027,2019-09-30,2019-09-30
sz.002032,2019-09-30,2019-09-30
sz.002044,2019-09-30,2019-09-30
sz.002050,2019-09-30,2019-09-30
sz.002065,2019-09-30,2019-09-30
sz.002081,2019-09-30,2019-09-30
sz.002120,2019-09-30,2019-09-30
sz.002142,2019-09-30,2019-09-30
sz.002146,2019-09-30,2019-09-30
sz.002153,2019-09-30,2019-09-30
sz.002179,2019-09-30,2019-09-30
sz.002202,2019-09-30,2019-09-30
sz.002230,2019-09-30,2019-09-30
sz.002236,2019-09-30,2019-09-30
sz.002241,2019-09-30,2019-09-30
sz.002252,2019-09-30,2019-09-30
sz.002271,2019-09-30,2019-09-30
sz.002294,2019-09-30,2019-09-30
sz.002304,2019-09-30,2019-09-30
sz.002310,2019-09-30,2019-09-30
sz.002311,2019-09-30,2019-09-30
sz.002352,2019-09-30,2019-09-30
sz.002410,2019-09-30,2019-09-30
sz.002411,2019-09-30,2019-09-30
sz.002415,2019-09-30,2019-09-30
sz.002422,2019-09-30,2019-09-30
sz.002456,2019-09-30,2019-09-30
sz.002460,2019-09-30,2019-09-30
sz.002466,2019-09-30,2019-09-30
sz.002468,2019-09-30,2019-09-30
sz.002475,2019-09-30,2019-09-30
sz.002493,2019-09-30,2019-09-30
sz.002508,2019-09-30,2019-09-30
sz.002555,2019-09-30,2019-09-30
sz.002558,2019-09-30,2019-09-30
sz.002594,2019-09-30,2019-09-30
sz.002601,2019-09-30,2019-09-30
sz.002602,2019-09-30,2019-09-30
sz.002624,2019-09-30,2019-09-30
sz.002625,2019-09-30,2019-09-30
sz.002673,2019-09-30,2019-09-30
sz.002714,2019-09-30,2019-09-30
sz.002736,2019-09-30,2019-09-30
sz.002739,2019-09-30,2019-09-30
sz.002773,2019-09-30,2019-09-30
sz.002925,2019-09-30,2019-09-30
sz.002938,2019-09-30,2019-09-30
sz.002939,2019-09-30,2019-09-30
sz.002945,2019-09-30,2019-09-30
sz.300003,2019-09-30,2019-09-30
sz.300015,2019-09-30,2019-09-30
sz.300017,2019-09-30,2019-09-30
sz.300024,2019-09-30,2019-09-30
sz.300033,2019-09-30,2019-09-30
sz.300059,2019-09-30,2019-09-30
sz.300070,2019-09-30,2019-09-30
sz.300072,2019-09-30,2019-09-30
sz.300122,2019-09-30,2019-09-30
sz.300124,2019-09-30,2019-09-30
sz.300136,2019-09-30,2019-09-30
sz.300142,2019-09-30,2019-09-30
sz.300144,2019-09-30,2019-09-30
sz.300251,2019-09-30,2019-09-30
sz.300296,2019-09-30,2019-09-30
sz.300408,2019-09-30,2019-09-30
sz.300413,2019-09-30,2019-09-30
sz.300433,2019-09-30,2019-09-30
sz.300498,2019-09-30,2019-09-30
sh.600000,2019-10-28,2019-10-31
sh.600004,2019-10-28,2019-10-31
sh.600009,2019-10-28,2019-10-31
sh.600010,2019-10-28,2019-10-31
sh.600011,2019-10-28,2019-10-31
sh.600015,2019-10-28,2019-10-31
sh.600016,2019-10-28,2019-10-31
sh.600018,2019-10-28,2019-10-31
sh.600019,2019-10-28,2019-10-31
sh.600023,2019-10-28,2019-10-31
sh.600025,2019-10-28,2019-10-31
sh.600027,2019-10-28,2019-10-31
sh.600028,2019-10-28,2019-10-31
sh.600029,2019-10-28,2019-10-31
sh.600030,2019-10-28,2019-10-31
sh.600031,2019-10-28,2019-10-31
sh.600036,2019-10-28,2019-10-31
sh.600038,2019-10-28,2019-10-31
sh.600048,2019-10-28,2019-10-31
sh.600050,2019-10-28,2019-10-31
sh.600061,2019-10-28,2019-10-31
sh.600066,2019-10-28,2019-10-31
sh.600068,2019-10-28,2019-10-31
sh.600085,2019-10-28,2019-10-31
sh.600089,2019-10-28,2019-10-31
sh.600100,2019-10-28,2019-10-31
sh.600104,2019-10-28,2019-10-31
sh.600109,2019-10-28,2019-10-31
sh.600111,2019-10-28,2019-10-31
sh.600115,2019-10-28,2019-10-31
sh.600118,2019-10-28,2019-10-31
sh.600153,2019-10-28,2019-10-31
sh.600170,2019-10-28,2019-10-31
sh.600176,2019-10-28,2019-10-31
sh.600177,2019-10-28,2019-10-31
sh.600188,2019-10-28,2019-10-31
sh.600196,2019-10-28,2019-10-31
sh.600208,2019-10-28,2019-10-31
sh.600219,2019-10-28,2019-10-31
sh.600221,2019-10-28,2019-10-31
sh.600233,2019-10-28,2019-10-31
sh.600271,2019-10-28,2019-10-31
sh.600276,2019-10-28,2019-10-31
sh.600297,2019-10-28,2019-10-31
sh.600299,2019-10-28,2019-10-31
sh.600309,2019-10-28,2019-10-31
sh.600332,2019-10-28,2019-10-31
sh.600339,2019-10-28,2019-10-31
sh.600340,2019-10-28,2019-10-31
sh.600346,2019-10-28,2019-10-31
sh.600352,2019-10-28,2019-10-31
sh.600362,2019-10-28,2019-10-31
sh.600369,2019-10-28,2019-10-31
sh.600372,2019-10-28,2019-10-31
sh.600383,2019-10-28,2019-10-31
sh.600390,2019-10-28,2019-10-31
sh.600398,2019-10-28,2019-10-31
sh.600406,2019-10-28,2019-10-31
sh.600415,2019-10-28,2019-10-31
sh.600436,2019-10-28,2019-10-31
sh.600438,2019-10-28,2019-10-31
sh.600482,2019-10-28,2019-10-31
sh.600487,2019-10-28,2019-10-31
sh.600489,2019-10-28,2019-10-31
sh.600498,2019-10-28,2019-10-31
sh.600516,2019-10-28,2019-10-31
sh.600519,2019-10-28,2019-10-31
sh.600522,2019-10-28,2019-10-31
sh.600535,2019-10-28,2019-10-31
sh.600547,2019-10-28,2019-10-31
sh.600566,2019-10-28,2019-10-31
sh.600570,2019-10-28,2019-10-31
sh.600583,2019-10-28,2019-10-31
sh.600585,2019-10-28,2019-10-31
sh.600588,2019-10-28,2019-10-31
sh.600606,2019-10-28,2019-10-31
sh.600637,2019-10-28,2019-10-31
sh.600660,2019-10-28,2019-10-31
sh.600663,2019-10-28,2019-10-31
sh.600674,2019-10-28,2019-10-31
sh.600688,2019-10-28,2019-10-31
sh.600690,2019-10-28,2019-10-31
sh.600703,2019-10-28,2019-10-31
sh.600704,2019-10-28,2019-10-31
sh.600705,2019-10-28,2019-10-31
sh.600733,2019-10-28,2019-10-31
sh.600741,2019-10-28,2019-10-31
sh.600760,2019-10-28,2019-10-31
sh.600795,2019-10-28,2019-10-31
sh.600809,2019-10-28,2019-10-31
sh.600816,2019-10-28,2019-10-31
sh.600837,2019-10-28,2019-10-31
sh.600867,2019-10-28,2019-10-31
sh.600886,2019-10-28,2019-10-31
sh.600887,2019-10-28,2019-10-31
sh.600893,2019-10-28,2019-10-31
sh.600900,2019-10-28,2019-10-31
sh.600919,2019-10-28,2019-10-31
sh.600926,2019-10-28,2019-10-31
sh.600958,2019-10-28,2019-10-31
sh.600977,2019-10-28,2019-10-31
sh.600998,2019-10-28,2019-10-31
sh.600999,2019-10-28,2019-10-31
sh.601006,2019-10-28,2019-10-31
sh.601009,2019-10-28,2019-10-31
sh.601012,2019-10-28,2019-10-31
sh.601018,2019-10-28,2019-10-31
sh.601021,2019-10-28,2019-10-31
sh.601066,2019-10-28,2019-10-31
sh.601088,2019-10-28,2019-10-31
sh.601108,2019-10-28,2019-10-31
sh.601111,2019-10-28,2019-10-31
sh.601117,2019-10-28,2019-10-31
sh.601138,2019-10-28,2019-10-31
sh.601155,2019-10-28,2019-10-31
sh.601162,2019-10-28,2019-10-31
sh.601166,2019-10-28,2019-10-31
sh.601169,2019-10-28,2019-10-31
sh.601186,2019-10-28,2019-10-31
sh.601198,2019-10-28,2019-10-31
sh.601211,2019-10-28,2019-10-31
sh.601212,2019-10-28,2019-10-31
sh.601216,2019-10-28,2019-10-31
sh.601225,2019-10-28,2019-10-31
sh.601228,2019-10-28,2019-10-31
sh.601229,2019-10-28,2019-10-31
sh.601238,2019-10-28,2019-10-31
sh.601288,2019-10-28,2019-10-31
sh.601298,2019-10-28,2019-10-31
sh.601318,2019-10-28,2019-10-31
sh.601319,2019-10-28,2019-10-31
sh.601328,2019-10-28,2019-10-31
sh.601336,2019-10-28,2019-10-31
sh.601360,2019-10-28,2019-10-31
sh.601377,2019-10-28,2019-10-31
sh.601390,2019-10-28,2019-10-31
sh.601398,2019-10-28,2019-10-31
sh.601555,2019-10-28,2019-10-31
sh.601577,2019-10-28,2019-10-31
sh.601600,2019-10-28,2019-10-31
sh.601601,2019-10-28,2019-10-31
sh.601607,2019-10-28,2019-10-31
sh.601618,2019-10-28,2019-10-31
sh.601628,2019-10-28,2019-10-31
sh.601633,2019-10-28,2019-10-31
sh.601668,2019-10-28,2019-10-31
sh.601669,2019-10-28,2019-10-31
sh.601688,2019-10-28,2019-10-31
sh.601727,2019-10-28,2019-10-31
sh.601766,2019-10-28,2019-10-31
sh.601788,2019-10-28,2019-10-31
sh.601800,2019-10-28,2019-10-31
sh.601808,2019-10-28,2019-10-31
sh.601818,2019-10-28,2019-10-31
sh.601828,2019-10-28,2019-10-31
sh.601838,2019-10-28,2019-10-31
sh.601857,2019-10-28,2019-10-31
sh.601877,2019-10-28,2019-10-31
sh.601878,2019-10-28,2019-10-31
sh.601881,2019-10-28,2019-10-31
sh.601888,2019-10-28,2019-10-31
sh.601898,2019-10-28,2019-10-31
sh.601899,2019-10-28,2019-10-31
sh.601901,2019-10-28,2019-10-31
sh.601919,2019-10-28,2019-10-31
sh.601933,2019-10-28,2019-10-31
sh.601939,2019-10-28,2019-10-31
sh.601985,2019-10-28,2019-10-31
sh.601988,2019-10-28,2019-10-31
sh.601989,2019-10-28,2019-10-31
sh.601992,2019-10-28,2019-10-31
sh.601997,2019-10-28,2019-10-31
sh.601998,2019-10-28,2019-10-31
sh.603019,2019-10-28,2019-10-31
sh.603156,2019-10-28,2019-10-31
sh.603160,2019-10-28,2019-10-31
sh.603259,2019-10-28,2019-10-31
sh.603260,2019-10-28,2019-10-31
sh.603288,2019-10-28,2019-10-31
sh.603799,2019-10-28,2019-10-31
sh.603833,2019-10-28,2019-10-31
sh.603858,2019-10-28,2019-10-31
sh.603986,2019-10-28,2019-10-31
sh.603993,2019-10-28,2019-10-31
sz.000001,2019-10-28,2019-10-31
sz.000002,2019-10-28,2019-10-31
sz.000063,2019-10-28,2019-10-31
sz.000069,2019-10-28,2019-10-31
sz.000100,2019-10-28,2019-10-31
sz.000157,2019-10-28,2019-10-31
sz.000166,2019-10-28,2019-10-31
sz.000333,2019-10-28,2019-10-31
sz.000338,2019-10-28,2019-10-31
sz.000402,2019-10-28,2019-10-31
sz.000408,2019-10-28,2019-10-31
sz.000413,2019-10-28,2019-10-31
sz.000415,2019-10-28,2019-10-31
sz.000423,2019-10-28,2019-10-31
sz.000425,2019-10-28,2019-10-31
sz.000538,2019-10-28,2019-10-31
sz.000553,2019-10-28,2019-10-31
sz.000568,2019-10-28,2019-10-31
sz.000596,2019-10-28,2019-10-31
sz.000625,2019-10-28,2019-10-31
sz.000627,2019-10-28,2019-10-31
sz.000629,2019-10-28,2019-10-31
sz.000630,2019-10-28,2019-10-31
sz.000651,2019-10-28,2019-10-31
sz.000656,2019-10-28,2019-10-31
sz.000661,2019-10-28,2019-10-31
sz.000671,2019-10-28,2019-10-31
sz.000703,2019-10-28,2019-10-31
sz.000709,2019-10-28,2019-10-31
sz.000725,2019-10-28,2019-10-31
sz.000728,2019-10-28,2019-10-31
sz.000768,2019-10-28,2019-10-31
sz.000776,2019-10-28,2019-10-31
sz.000783,2019-10-28,2019-10-31
sz.000786,2019-10-28,2019-10-31
sz.000858,2019-10-28,2019-10-31
sz.000876,2019-10-28,2019-10-31
sz.000895,2019-10-28,2019-10-31
sz.000898,2019-10-28,2019-10-31
sz.000938,2019-10-28,2019-10-31
sz.000961,2019-10-28,2019-10-31
sz.000963,2019-10-28,2019-10-31
sz.001979,2019-10-28,2019-10-31
sz.002001,2019-10-28,2019-10-31
sz.002007,2019-10-28,2019-10-31
sz.002008,2019-10-28,2019-10-31
sz.002010,2019-10-28,2019-10-31
sz.002024,2019-10-28,2019-10-31
sz.002027,2019-10-28,2019-10-31
sz.002032,2019-10-28,2019-10-31
sz.002044,2019-10-28,2019-10-31
sz.002050,2019-10-28,2019-10-31
sz.002065,2019-10-28,2019-10-31
sz.002081,2019-10-28,2019-10-31
sz.002120,2019-10-28,2019-10-31
sz.002142,2019-10-28,2019-10-31
sz.002146,2019-10-28,2019-10-31
sz.002153,2019-10-28,2019-10-31
sz.002179,2019-10-28,2019-10-31
sz.002202,2019-10-28,2019-10-31
sz.002230,2019-10-28,2019-10-31
sz.002236,2019-10-28,2019-10-31
sz.002241,2019-10-28,2019-10-31
sz.002252,2019-10-28,2019-10-31
sz.002271,2019-10-28,2019-10-31
sz.002294,2019-10-28,2019-10-31
sz.002304,2019-10-28,2019-10-31
sz.002310,2019-10-28,2019-10-31
sz.002311,2019-10-28,2019-10-31
sz.002352,2019-10-28,2019-10-31
sz.002410,2019-10-28,2019-10-31
sz.002411,2019-10-28,2019-10-31
sz.002415,2019-10-28,2019-10-31
sz.002422,2019-10-28,2019-10-31
sz.002456,2019-10-28,2019-10-31
sz.002460,2019-10-28,2019-10-31
sz.002466,2019-10-28,2019-10-31
sz.002468,2019-10-28,2019-10-31
sz.002475,2019-10-28,2019-10-31
sz.002493,2019-10-28,2019-10-31
sz.002508,2019-10-28,2019-10-31
sz.002555,2019-10-28,2019-10-31
sz.002558,2019-10-28,2019-10-31
sz.002594,2019-10-28,2019-10-31
sz.002601,2019-10-28,2019-10-31
sz.002602,2019-10-28,2019-10-31
sz.002624,2019-10-28,2019-10-31
sz.002625,2019-10-28,2019-10-31
sz.002673,2019-10-28,2019-10-31
sz.002714,2019-10-28,2019-10-31
sz.002736,2019-10-28,2019-10-31
sz.002739,2019-10-28,2019-10-31
sz.002773,2019-10-28,2019-10-31
sz.002925,2019-10-28,2019-10-31
sz.002938,2019-10-28,2019-10-31
sz.002939,2019-10-28,2019-10-31
sz.002945,2019-10-28,2019-10-31
sz.300003,2019-10-28,2019-10-31
sz.300015,2019-10-28,2019-10-31
sz.300017,2019-10-28,2019-10-31
sz.300024,2019-10-28,2019-10-31
sz.300033,2019-10-28,2019-10-31
sz.300059,2019-10-28,2019-10-31
sz.300070,2019-10-28,2019-10-31
sz.300072,2019-10-28,2019-10-31
sz.300122,2019-10-28,2019-10-31
sz.300124,2019-10-28,2019-10-31
sz.300136,2019-10-28,2019-10-31
sz.300142,2019-10-28,2019-10-31
sz.300144,2019-10-28,2019-10-31
sz.300251,2019-10-28,2019-10-31
sz.300296,2019-10-28,2019-10-31
sz.300408,2019-10-28,2019-10-31
sz.300413,2019-10-28,2019-10-31
sz.300433,2019-10-28,2019-10-31
sz.300498,2019-10-28,2019-10-31
sh.600000,2019-11-25,2019-11-30
sh.600004,2019-11-25,2019-11-30
sh.600009,2019-11-25,2019-11-30
sh.600010,2019-11-25,2019-11-30
sh.600011,2019-11-25,2019-11-30
sh.600015,2019-11-25,2019-11-30
sh.600016,2019-11-25,2019-11-30
sh.600018,2019-11-25,2019-11-30
sh.600019,2019-11-25,2019-11-30
sh.600023,2019-11-25,2019-11-30
sh.600025,2019-11-25,2019-11-30
sh.600027,2019-11-25,2019-11-30
sh.600028,2019-11-25,2019-11-30
sh.600029,2019-11-25,2019-11-30
sh.600030,2019-11-25,2019-11-30
sh.600031,2019-11-25,2019-11-30
sh.600036,2019-11-25,2019-11-30
sh.600038,2019-11-25,2019-11-30
sh.600048,2019-11-25,2019-11-30
sh.600050,2019-11-25,2019-11-30
sh.600061,2019-11-25,2019-11-30
sh.600066,2019-11-25,2019-11-30
sh.600068,2019-11-25,2019-11-30
sh.600085,2019-11-25,2019-11-30
sh.600089,2019-11-25,2019-11-30
sh.600100,2019-11-25,2019-11-30
sh.600104,2019-11-25,2019-11-30
sh.600109,2019-11-25,2019-11-30
sh.600111,2019-11-25,2019-11-30
sh.600115,2019-11-25,2019-11-30
sh.600118,2019-11-25,2019-11-30
sh.600153,2019-11-25,2019-11-30
sh.600170,2019-11-25,2019-11-30
sh.600176,2019-11-25,2019-11-30
sh.600177,2019-11-25,2019-11-30
sh.600188,2019-11-25,2019-11-30
sh.600196,2019-11-25,2019-11-30
sh.600208,2019-11-25,2019-11-30
sh.600219,2019-11-25,2019-11-30
sh.600221,2019-11-25,2019-11-30
sh.600233,2019-11-25,2019-11-30
sh.600271,2019-11-25,2019-11-30
sh.600276,2019-11-25,2019-11-30
sh.600297,2019-11-25,2019-11-30
sh.600299,2019-11-25,2019-11-30
sh.600309,2019-11-25,2019-11-30
sh.600332,2019-11-25,2019-11-30
sh.600339,2019-11-25,2019-11-30
sh.600340,2019-11-25,2019-11-30
sh.600346,2019-11-25,2019-11-30
sh.600352,2019-11-25,2019-11-30
sh.600362,2019-11-25,2019-11-30
sh.600369,2019-11-25,2019-11-30
sh.600372,2019-11-25,2019-11-30
sh.600383,2019-11-25,2019-11-30
sh.600390,2019-11-25,2019-11-30
sh.600398,2019-11-25,2019-11-30
sh.600406,2019-11-25,2019-11-30
sh.600415,2019-11-25,2019-11-30
sh.600436,2019-11-25,2019-11-30
sh.600438,2019-11-25,2019-11-30
sh.600482,2019-11-25,2019-11-30
sh.600487,2019-11-25,2019-11-30
sh.600489,2019-11-25,2019-11-30
sh.600498,2019-11-25,2019-11-30
sh.600516,2019-11-25,2019-11-30
sh.600519,2019-11-25,2019-11-30
sh.600522,2019-11-25,2019-11-30
sh.600535,2019-11-25,2019-11-30
sh.600547,2019-11-25,2019-11-30
sh.600566,2019-11-25,2019-11-30
sh.600570,2019-11-25,2019-11-30
sh.600583,2019-11-25,2019-11-30
sh.600585,2019-11-25,2019-11-30
sh.600588,2019-11-25,2019-11-30
sh.600606,2019-11-25,2019-11-30
sh.600637,2019-11-25,2019-11-30
sh.600660,2019-11-25,2019-11-30
sh.600663,2019-11-25,2019-11-30
sh.600674,2019-11-25,2019-11-30
sh.600688,2019-11-25,2019-11-30
sh.600690,2019-11-25,2019-11-30
sh.600703,2019-11-25,2019-11-30
sh.600704,2019-11-25,2019-11-30
sh.600705,2019-11-25,2019-11-30
sh.600733,2019-11-25,2019-11-30
sh.600741,2019-11-25,2019-11-30
sh.600760,2019-11-25,2019-11-30
sh.600795,2019-11-25,2019-11-30
sh.600809,2019-11-25,2019-11-30
sh.600816,2019-11-25,2019-11-30
sh.600837,2019-11-25,2019-11-30
sh.600867,2019-11-25,2019-11-30
sh.600886,2019-11-25,2019-11-30
sh.600887,2019-11-25,2019-11-30
sh.600893,2019-11-25,2019-11-30
sh.600900,2019-11-25,2019-11-30
sh.600919,2019-11-25,2019-11-30
sh.600926,2019-11-25,2019-11-30
sh.600958,2019-11-25,2019-11-30
sh.600977,2019-11-25,2019-11-30
sh.600998,2019-11-25,2019-11-30
sh.600999,2019-11-25,2019-11-30
sh.601006,2019-11-25,2019-11-30
sh.601009,2019-11-25,2019-11-30
sh.601012,2019-11-25,2019-11-30
sh.601018,2019-11-25,2019-11-30
sh.601021,2019-11-25,2019-11-30
sh.601066,2019-11-25,2019-11-30
sh.601088,2019-11-25,2019-11-30
sh.601108,2019-11-25,2019-11-30
sh.601111,2019-11-25,2019-11-30
sh.601117,2019-11-25,2019-11-30
sh.601138,2019-11-25,2019-11-30
sh.601155,2019-11-25,2019-11-30
sh.601162,2019-11-25,2019-11-30
sh.601166,2019-11-25,2019-11-30
sh.601169,2019-11-25,2019-11-30
sh.601186,2019-11-25,2019-11-30
sh.601198,2019-11-25,2019-11-30
sh.601211,2019-11-25,2019-11-30
sh.601212,2019-11-25,2019-11-30
sh.601216,2019-11-25,2019-11-30
sh.601225,2019-11-25,2019-11-30
sh.601228,2019-11-25,2019-11-30
sh.601229,2019-11-25,2019-11-30
sh.601238,2019-11-25,2019-11-30
sh.601288,2019-11-25,2019-11-30
sh.601298,2019-11-25,2019-11-30
sh.601318,2019-11-25,2019-11-30
sh.601319,2019-11-25,2019-11-30
sh.601328,2019-11-25,2019-11-30
sh.601336,2019-11-25,2019-11-30
sh.601360,2019-11-25,2019-11-30
sh.601377,2019-11-25,2019-11-30
sh.601390,2019-11-25,2019-11-30
sh.601398,2019-11-25,2019-11-30
sh.601555,2019-11-25,2019-11-30
sh.601577,2019-11-25,2019-11-30
sh.601600,2019-11-25,2019-11-30
sh.601601,2019-11-25,2019-11-30
sh.601607,2019-11-25,2019-11-30
sh.601618,2019-11-25,2019-11-30
sh.601628,2019-11-25,2019-11-30
sh.601633,2019-11-25,2019-11-30
sh.601668,2019-11-25,2019-11-30
sh.601669,2019-11-25,2019-11-30
sh.601688,2019-11-25,2019-11-30
sh.601727,2019-11-25,2019-11-30
sh.601766,2019-11-25,2019-11-30
sh.601788,2019-11-25,2019-11-30
sh.601800,2019-11-25,2019-11-30
sh.601808,2019-11-25,2019-11-30
sh.601818,2019-11-25,2019-11-30
sh.601828,2019-11-25,2019-11-30
sh.601838,2019-11-25,2019-11-30
sh.601857,2019-11-25,2019-11-30
sh.601877,2019-11-25,2019-11-30
sh.601878,2019-11-25,2019-11-30
sh.601881,2019-11-25,2019-11-30
sh.601888,2019-11-25,2019-11-30
sh.601898,2019-11-25,2019-11-30
sh.601899,2019-11-25,2019-11-30
sh.601901,2019-11-25,2019-11-30
sh.601919,2019-11-25,2019-11-30
sh.601933,2019-11-25,2019-11-30
sh.601939,2019-11-25,2019-11-30
sh.601985,2019-11-25,2019-11-30
sh.601988,2019-11-25,2019-11-30
sh.601989,2019-11-25,2019-11-30
sh.601992,2019-11-25,2019-11-30
sh.601997,2019-11-25,2019-11-30
sh.601998,2019-11-25,2019-11-30
sh.603019,2019-11-25,2019-11-30
sh.603156,2019-11-25,2019-11-30
sh.603160,2019-11-25,2019-11-30
sh.603259,2019-11-25,2019-11-30
sh.603260,2019-11-25,2019-11-30
sh.603288,2019-11-25,2019-11-30
sh.603799,2019-11-25,2019-11-30
sh.603833,2019-11-25,2019-11-30
sh.603858,2019-11-25,2019-11-30
sh.603986,2019-11-25,2019-11-30
sh.603993,2019-11-25,2019-11-30
sz.000001,2019-11-25,2019-11-30
sz.000002,2019-11-25,2019-11-30
sz.000063,2019-11-25,2019-11-30
sz.000069,2019-11-25,2019-11-30
sz.000100,2019-11-25,2019-11-30
sz.000157,2019-11-25,2019-11-30
sz.000166,2019-11-25,2019-11-30
sz.000333,2019-11-25,2019-11-30
sz.000338,2019-11-25,2019-11-30
sz.000402,2019-11-25,2019-11-30
sz.000408,2019-11-25,2019-11-30
sz.000413,2019-11-25,2019-11-30
sz.000415,2019-11-25,2019-11-30
sz.000423,2019-11-25,2019-11-30
sz.000425,2019-11-25,2019-11-30
sz.000538,2019-11-25,2019-11-30
sz.000553,2019-11-25,2019-11-30
sz.000568,2019-11-25,2019-11-30
sz.000596,2019-11-25,2019-11-30
sz.000625,2019-11-25,2019-11-30
sz.000627,2019-11-25,2019-11-30
sz.000629,2019-11-25,2019-11-30
sz.000630,2019-11-25,2019-11-30
sz.000651,2019-11-25,2019-11-30
sz.000656,2019-11-25,2019-11-30
sz.000661,2019-11-25,2019-11-30
sz.000671,2019-11-25,2019-11-30
sz.000703,2019-11-25,2019-11-30
sz.000709,2019-11-25,2019-11-30
sz.000725,2019-11-25,2019-11-30
sz.000728,2019-11-25,2019-11-30
sz.000768,2019-11-25,2019-11-30
sz.000776,2019-11-25,2019-11-30
sz.000783,2019-11-25,2019-11-30
sz.000786,2019-11-25,2019-11-30
sz.000858,2019-11-25,2019-11-30
sz.000876,2019-11-25,2019-11-30
sz.000895,2019-11-25,2019-11-30
sz.000898,2019-11-25,2019-11-30
sz.000938,2019-11-25,2019-11-30
sz.000961,2019-11-25,2019-11-30
sz.000963,2019-11-25,2019-11-30
sz.001979,2019-11-25,2019-11-30
sz.002001,2019-11-25,2019-11-30
sz.002007,2019-11-25,2019-11-30
sz.002008,2019-11-25,2019-11-30
sz.002010,2019-11-25,2019-11-30
sz.002024,2019-11-25,2019-11-30
sz.002027,2019-11-25,2019-11-30
sz.002032,2019-11-25,2019-11-30
sz.002044,2019-11-25,2019-11-30
sz.002050,2019-11-25,2019-11-30
sz.002065,2019-11-25,2019-11-30
sz.002081,2019-11-25,2019-11-30
sz.002120,2019-11-25,2019-11-30
sz.002142,2019-11-25,2019-11-30
sz.002146,2019-11-25,2019-11-30
sz.002153,2019-11-25,2019-11-30
sz.002179,2019-11-25,2019-11-30
sz.002202,2019-11-25,2019-11-30
sz.002230,2019-11-25,2019-11-30
sz.002236,2019-11-25,2019-11-30
sz.002241,2019-11-25,2019-11-30
sz.002252,2019-11-25,2019-11-30
sz.002271,2019-11-25,2019-11-30
sz.002294,2019-11-25,2019-11-30
sz.002304,2019-11-25,2019-11-30
sz.002310,2019-11-25,2019-11-30
sz.002311,2019-11-25,2019-11-30
sz.002352,2019-11-25,2019-11-30
sz.002410,2019-11-25,2019-11-30
sz.002411,2019-11-25,2019-11-30
sz.002415,2019-11-25,2019-11-30
sz.002422,2019-11-25,2019-11-30
sz.002456,2019-11-25,2019-11-30
sz.002460,2019-11-25,2019-11-30
sz.002466,2019-11-25,2019-11-30
sz.002468,2019-11-25,2019-11-30
sz.002475,2019-11-25,2019-11-30
sz.002493,2019-11-25,2019-11-30
sz.002508,2019-11-25,2019-11-30
sz.002555,2019-11-25,2019-11-30
sz.002558,2019-11-25,2019-11-30
sz.002594,2019-11-25,2019-11-30
sz.002601,2019-11-25,2019-11-30
sz.002602,2019-11-25,2019-11-30
sz.002624,2019-11-25,2019-11-30
sz.002625,2019-11-25,2019-11-30
sz.002673,2019-11-25,2019-11-30
sz.002714,2019-11-25,2019-11-30
sz.002736,2019-11-25,2019-11-30
sz.002739,2019-11-25,2019-11-30
sz.002773,2019-11-25,2019-11-30
sz.002925,2019-11-25,2019-11-30
sz.002938,2019-11-25,2019-11-30
sz.002939,2019-11-25,2019-11-30
sz.002945,2019-11-25,2019-11-30
sz.300003,2019-11-25,2019-11-30
sz.300015,2019-11-25,2019-11-30
sz.300017,2019-11-25,2019-11-30
sz.300024,2019-11-25,2019-11-30
sz.300033,2019-11-25,2019-11-30
sz.300059,2019-11-25,2019-11-30
sz.300070,2019-11-25,2019-11-30
sz.300072,2019-11-25,2019-11-30
sz.300122,2019-11-25,2019-11-30
sz.300124,2019-11-25,2019-11-30
sz.300136,2019-11-25,2019-11-30
sz.300142,2019-11-25,2019-11-30
sz.300144,2019-11-25,2019-11-30
sz.300251,2019-11-25,2019-11-30
sz.300296,2019-11-25,2019-11-30
sz.300408,2019-11-25,2019-11-30
sz.300413,2019-11-25,2019-11-30
sz.300433,2019-11-25,2019-11-30
sz.300498,2019-11-25,2019-11-30
sh.600000,2019-12-30,2019-12-31
sh.600004,2019-12-30,2019-12-31
sh.600009,2019-12-30,2019-12-31
sh.600010,2019-12-30,2019-12-31
sh.600011,2019-12-30,2019-12-31
sh.600015,2019-12-30,2019-12-31
sh.600016,2019-12-30,2019-12-31
sh.600018,2019-12-30,2019-12-31
sh.600019,2019-12-30,2019-12-31
sh.600023,2019-12-30,2019-12-31
sh.600025,2019-12-30,2019-12-31
sh.600027,2019-12-30,2019-12-31
sh.600028,2019-12-30,2019-12-31
sh.600029,2019-12-30,2019-12-31
sh.600030,2019-12-30,2019-12-31
sh.600031,2019-12-30,2019-12-31
sh.600036,2019-12-30,2019-12-31
sh.600038,2019-12-30,2019-12-31
sh.600048,2019-12-30,2019-12-31
sh.600050,2019-12-30,2019-12-31
sh.600061,2019-12-30,2019-12-31
sh.600066,2019-12-30,2019-12-31
sh.600068,2019-12-30,2019-12-31
sh.600085,2019-12-30,2019-12-31
sh.600089,2019-12-30,2019-12-31
sh.600100,2019-12-30,2019-12-31
sh.600104,2019-12-30,2019-12-31
sh.600109,2019-12-30,2019-12-31
sh.600111,2019-12-30,2019-12-31
sh.600115,2019-12-30,2019-12-31
sh.600118,2019-12-30,2019-12-31
sh.600153,2019-12-30,2019-12-31
sh.600170,2019-12-30,2019-12-31
sh.600176,2019-12-30,2019-12-31
sh.600177,2019-12-30,2019-12-31
sh.600183,2019-12-30,2019-12-31
sh.600188,2019-12-30,2019-12-31
sh.600196,2019-12-30,2019-12-31
sh.600208,2019-12-30,2019-12-31
sh.600219,2019-12-30,2019-12-31
sh.600221,2019-12-30,2019-12-31
sh.600233,2019-12-30,2019-12-31
sh.600271,2019-12-30,2019-12-31
sh.600276,2019-12-30,2019-12-31
sh.600297,2019-12-30,2019-12-31
sh.600299,2019-12-30,2019-12-31
sh.600309,2019-12-30,2019-12-31
sh.600332,2019-12-30,2019-12-31
sh.600340,2019-12-30,2019-12-31
sh.600346,2019-12-30,2019-12-31
sh.600352,2019-12-30,2019-12-31
sh.600362,2019-12-30,2019-12-31
sh.600369,2019-12-30,2019-12-31
sh.600372,2019-12-30,2019-12-31
sh.600383,2019-12-30,2019-12-31
sh.600390,2019-12-30,2019-12-31
sh.600398,2019-12-30,2019-12-31
sh.600406,2019-12-30,2019-12-31
sh.600436,2019-12-30,2019-12-31
sh.600438,2019-12-30,2019-12-31
sh.600482,2019-12-30,2019-12-31
sh.600487,2019-12-30,2019-12-31
sh.600489,2019-12-30,2019-12-31
sh.600498,2019-12-30,2019-12-31
sh.600516,2019-12-30,2019-12-31
sh.600519,2019-12-30,2019-12-31
sh.600522,2019-12-30,2019-12-31
sh.600535,2019-12-30,2019-12-31
sh.600547,2019-12-30,2019-12-31
sh.600566,2019-12-30,2019-12-31
sh.600570,2019-12-30,2019-12-31
sh.600583,2019-12-30,2019-12-31
sh.600585,2019-12-30,2019-12-31
sh.600588,2019-12-30,2019-12-31
sh.600606,2019-12-30,2019-12-31
sh.600637,2019-12-30,2019-12-31
sh.600655,2019-12-30,2019-12-31
sh.600660,2019-12-30,2019-12-31
sh.600663,2019-12-30,2019-12-31
sh.600674,2019-12-30,2019-12-31
sh.600690,2019-12-30,2019-12-31
sh.600703,2019-12-30,2019-12-31
sh.600705,2019-12-30,2019-12-31
sh.600733,2019-12-30,2019-12-31
sh.600741,2019-12-30,2019-12-31
sh.600760,2019-12-30,2019-12-31
sh.600795,2019-12-30,2019-12-31
sh.600809,2019-12-30,2019-12-31
sh.600816,2019-12-30,2019-12-31
sh.600837,2019-12-30,2019-12-31
sh.600848,2019-12-30,2019-12-31
sh.600867,2019-12-30,2019-12-31
sh.600886,2019-12-30,2019-12-31
sh.600887,2019-12-30,2019-12-31
sh.600893,2019-12-30,2019-12-31
sh.600900,2019-12-30,2019-12-31
sh.600919,2019-12-30,2019-12-31
sh.600926,2019-12-30,2019-12-31
sh.600928,2019-12-30,2019-12-31
sh.600958,2019-12-30,2019-12-31
sh.600968,2019-12-30,2019-12-31
sh.600977,2019-12-30,2019-12-31
sh.600989,2019-12-30,2019-12-31
sh.600998,2019-12-30,2019-12-31
sh.600999,2019-12-30,2019-12-31
sh.601006,2019-12-30,2019-12-31
sh.601009,2019-12-30,2019-12-31
sh.601012,2019-12-30,2019-12-31
sh.601018,2019-12-30,2019-12-31
sh.601021,2019-12-30,2019-12-31
sh.601066,2019-12-30,2019-12-31
sh.601088,2019-12-30,2019-12-31
sh.601108,2019-12-30,2019-12-31
sh.601111,2019-12-30,2019-12-31
sh.601117,2019-12-30,2019-12-31
sh.601138,2019-12-30,2019-12-31
sh.601155,2019-12-30,2019-12-31
sh.601162,2019-12-30,2019-12-31
sh.601166,2019-12-30,2019-12-31
sh.601169,2019-12-30,2019-12-31
sh.601186,2019-12-30,2019-12-31
sh.601198,2019-12-30,2019-12-31
sh.601211,2019-12-30,2019-12-31
sh.601212,2019-12-30,2019-12-31
sh.601216,2019-12-30,2019-12-31
sh.601225,2019-12-30,2019-12-31
sh.601229,2019-12-30,2019-12-31
sh.601236,2019-12-30,2019-12-31
sh.601238,2019-12-30,2019-12-31
sh.601288,2019-12-30,2019-12-31
sh.601298,2019-12-30,2019-12-31
sh.601318,2019-12-30,2019-12-31
sh.601319,2019-12-30,2019-12-31
sh.601328,2019-12-30,2019-12-31
sh.601336,2019-12-30,2019-12-31
sh.601360,2019-12-30,2019-12-31
sh.601377,2019-12-30,2019-12-31
sh.601390,2019-12-30,2019-12-31
sh.601398,2019-12-30,2019-12-31
sh.601555,2019-12-30,2019-12-31
sh.601577,2019-12-30,2019-12-31
sh.601600,2019-12-30,2019-12-31
sh.601601,2019-12-30,2019-12-31
sh.601607,2019-12-30,2019-12-31
sh.601618,2019-12-30,2019-12-31
sh.601628,2019-12-30,2019-12-31
sh.601633,2019-12-30,2019-12-31
sh.601668,2019-12-30,2019-12-31
sh.601669,2019-12-30,2019-12-31
sh.601688,2019-12-30,2019-12-31
sh.601698,2019-12-30,2019-12-31
sh.601727,2019-12-30,2019-12-31
sh.601766,2019-12-30,2019-12-31
sh.601788,2019-12-30,2019-12-31
sh.601800,2019-12-30,2019-12-31
sh.601808,2019-12-30,2019-12-31
sh.601818,2019-12-30,2019-12-31
sh.601828,2019-12-30,2019-12-31
sh.601838,2019-12-30,2019-12-31
sh.601857,2019-12-30,2019-12-31
sh.601877,2019-12-30,2019-12-31
sh.601878,2019-12-30,2019-12-31
sh.601881,2019-12-30,2019-12-31
sh.601888,2019-12-30,2019-12-31
sh.601898,2019-12-30,2019-12-31
sh.601899,2019-12-30,2019-12-31
sh.601901,2019-12-30,2019-12-31
sh.601919,2019-12-30,2019-12-31
sh.601933,2019-12-30,2019-12-31
sh.601939,2019-12-30,2019-12-31
sh.601985,2019-12-30,2019-12-31
sh.601988,2019-12-30,2019-12-31
sh.601989,2019-12-30,2019-12-31
sh.601992,2019-12-30,2019-12-31
sh.601997,2019-12-30,2019-12-31
sh.601998,2019-12-30,2019-12-31
sh.603019,2019-12-30,2019-12-31
sh.603156,2019-12-30,2019-12-31
sh.603160,2019-12-30,2019-12-31
sh.603259,2019-12-30,2019-12-31
sh.603260,2019-12-30,2019-12-31
sh.603288,2019-12-30,2019-12-31
sh.603501,2019-12-30,2019-12-31
sh.603799,2019-12-30,2019-12-31
sh.603833,2019-12-30,2019-12-31
sh.603899,2019-12-30,2019-12-31
sh.603986,2019-12-30,2019-12-31
sh.603993,2019-12-30,2019-12-31
sz.000001,2019-12-30,2019-12-31
sz.000002,2019-12-30,2019-12-31
sz.000063,2019-12-30,2019-12-31
sz.000069,2019-12-30,2019-12-31
sz.000100,2019-12-30,2019-12-31
sz.000157,2019-12-30,2019-12-31
sz.000166,2019-12-30,2019-12-31
sz.000333,2019-12-30,2019-12-31
sz.000338,2019-12-30,2019-12-31
sz.000413,2019-12-30,2019-12-31
sz.000415,2019-12-30,2019-12-31
sz.000423,2019-12-30,2019-12-31
sz.000425,2019-12-30,2019-12-31
sz.000538,2019-12-30,2019-12-31
sz.000568,2019-12-30,2019-12-31
sz.000596,2019-12-30,2019-12-31
sz.000625,2019-12-30,2019-12-31
sz.000627,2019-12-30,2019-12-31
sz.000629,2019-12-30,2019-12-31
sz.000630,2019-12-30,2019-12-31
sz.000651,2019-12-30,2019-12-31
sz.000656,2019-12-30,2019-12-31
sz.000661,2019-12-30,2019-12-31
sz.000671,2019-12-30,2019-12-31
sz.000703,2019-12-30,2019-12-31
sz.000709,2019-12-30,2019-12-31
sz.000723,2019-12-30,2019-12-31
sz.000725,2019-12-30,2019-12-31
sz.000728,2019-12-30,2019-12-31
sz.000768,2019-12-30,2019-12-31
sz.000776,2019-12-30,2019-12-31
sz.000783,2019-12-30,2019-12-31
sz.000786,2019-12-30,2019-12-31
sz.000858,2019-12-30,2019-12-31
sz.000876,2019-12-30,2019-12-31
sz.000895,2019-12-30,2019-12-31
sz.000898,2019-12-30,2019-12-31
sz.000938,2019-12-30,2019-12-31
sz.000961,2019-12-30,2019-12-31
sz.000963,2019-12-30,2019-12-31
sz.001979,2019-12-30,2019-12-31
sz.002001,2019-12-30,2019-12-31
sz.002007,2019-12-30,2019-12-31
sz.002008,2019-12-30,2019-12-31
sz.002010,2019-12-30,2019-12-31
sz.002024,2019-12-30,2019-12-31
sz.002027,2019-12-30,2019-12-31
sz.002032,2019-12-30,2019-12-31
sz.002044,2019-12-30,2019-12-31
sz.002050,2019-12-30,2019-12-31
sz.002081,2019-12-30,2019-12-31
sz.002120,2019-12-30,2019-12-31
sz.002142,2019-12-30,2019-12-31
sz.002146,2019-12-30,2019-12-31
sz.002153,2019-12-30,2019-12-31
sz.002179,2019-12-30,2019-12-31
sz.002202,2019-12-30,2019-12-31
sz.002230,2019-12-30,2019-12-31
sz.002236,2019-12-30,2019-12-31
sz.002241,2019-12-30,2019-12-31
sz.002252,2019-12-30,2019-12-31
sz.002271,2019-12-30,2019-12-31
sz.002294,2019-12-30,2019-12-31
sz.002304,2019-12-30,2019-12-31
sz.002311,2019-12-30,2019-12-31
sz.002352,2019-12-30,2019-12-31
sz.002410,2019-12-30,2019-12-31
sz.002411,2019-12-30,2019-12-31
sz.002415,2019-12-30,2019-12-31
sz.002422,2019-12-30,2019-12-31
sz.002456,2019-12-30,2019-12-31
sz.002460,2019-12-30,2019-12-31
sz.002466,2019-12-30,2019-12-31
sz.002468,2019-12-30,2019-12-31
sz.002475,2019-12-30,2019-12-31
sz.002493,2019-12-30,2019-12-31
sz.002508,2019-12-30,2019-12-31
sz.002555,2019-12-30,2019-12-31
sz.002558,2019-12-30,2019-12-31
sz.002594,2019-12-30,2019-12-31
sz.002601,2019-12-30,2019-12-31
sz.002602,2019-12-30,2019-12-31
sz.002607,2019-12-30,2019-12-31
sz.002624,2019-12-30,2019-12-31
sz.002673,2019-12-30,2019-12-31
sz.002714,2019-12-30,2019-12-31
sz.002736,2019-12-30,2019-12-31
sz.002739,2019-12-30,2019-12-31
sz.002773,2019-12-30,2019-12-31
sz.002841,2019-12-30,2019-12-31
sz.002916,2019-12-30,2019-12-31
sz.002938,2019-12-30,2019-12-31
sz.002939,2019-12-30,2019-12-31
sz.002945,2019-12-30,2019-12-31
sz.002958,2019-12-30,2019-12-31
sz.300003,2019-12-30,2019-12-31
sz.300015,2019-12-30,2019-12-31
sz.300017,2019-12-30,2019-12-31
sz.300024,2019-12-30,2019-12-31
sz.300033,2019-12-30,2019-12-31
sz.300059,2019-12-30,2019-12-31
sz.300070,2019-12-30,2019-12-31
sz.300122,2019-12-30,2019-12-31
sz.300124,2019-12-30,2019-12-31
sz.300136,2019-12-30,2019-12-31
sz.300142,2019-12-30,2019-12-31
sz.300144,2019-12-30,2019-12-31
sz.300347,2019-12-30,2019-12-31
sz.300408,2019-12-30,2019-12-31
sz.300413,2019-12-30,2019-12-31
sz.300433,2019-12-30,2019-12-31
sz.300498,2019-12-30,2019-12-31
sh.600000,2020-01-27,2020-01-31
sh.600004,2020-01-27,2020-01-31
sh.600009,2020-01-27,2020-01-31
sh.600010,2020-01-27,2020-01-31
sh.600011,2020-01-27,2020-01-31
sh.600015,2020-01-27,2020-01-31
sh.600016,2020-01-27,2020-01-31
sh.600018,2020-01-27,2020-01-31
sh.600019,2020-01-27,2020-01-31
sh.600023,2020-01-27,2020-01-31
sh.600025,2020-01-27,2020-01-31
sh.600027,2020-01-27,2020-01-31
sh.600028,2020-01-27,2020-01-31
sh.600029,2020-01-27,2020-01-31
sh.600030,2020-01-27,2020-01-31
sh.600031,2020-01-27,2020-01-31
sh.600036,2020-01-27,2020-01-31
sh.600038,2020-01-27,2020-01-31
sh.600048,2020-01-27,2020-01-31
sh.600050,2020-01-27,2020-01-31
sh.600061,2020-01-27,2020-01-31
sh.600066,2020-01-27,2020-01-31
sh.600068,2020-01-27,2020-01-31
sh.600085,2020-01-27,2020-01-31
sh.600089,2020-01-27,2020-01-31
sh.600100,2020-01-27,2020-01-31
sh.600104,2020-01-27,2020-01-31
sh.600109,2020-01-27,2020-01-31
sh.600111,2020-01-27,2020-01-31
sh.600115,2020-01-27,2020-01-31
sh.600118,2020-01-27,2020-01-31
sh.600153,2020-01-27,2020-01-31
sh.600170,2020-01-27,2020-01-31
sh.600176,2020-01-27,2020-01-31
sh.600177,2020-01-27,2020-01-31
sh.600183,2020-01-27,2020-01-31
sh.600188,2020-01-27,2020-01-31
sh.600196,2020-01-27,2020-01-31
sh.600208,2020-01-27,2020-01-31
sh.600219,2020-01-27,2020-01-31
sh.600221,2020-01-27,2020-01-31
sh.600233,2020-01-27,2020-01-31
sh.600271,2020-01-27,2020-01-31
sh.600276,2020-01-27,2020-01-31
sh.600297,2020-01-27,2020-01-31
sh.600299,2020-01-27,2020-01-31
sh.600309,2020-01-27,2020-01-31
sh.600332,2020-01-27,2020-01-31
sh.600340,2020-01-27,2020-01-31
sh.600346,2020-01-27,2020-01-31
sh.600352,2020-01-27,2020-01-31
sh.600362,2020-01-27,2020-01-31
sh.600369,2020-01-27,2020-01-31
sh.600372,2020-01-27,2020-01-31
sh.600383,2020-01-27,2020-01-31
sh.600390,2020-01-27,2020-01-31
sh.600398,2020-01-27,2020-01-31
sh.600406,2020-01-27,2020-01-31
sh.600436,2020-01-27,2020-01-31
sh.600438,2020-01-27,2020-01-31
sh.600482,2020-01-27,2020-01-31
sh.600487,2020-01-27,2020-01-31
sh.600489,2020-01-27,2020-01-31
sh.600498,2020-01-27,2020-01-31
sh.600516,2020-01-27,2020-01-31
sh.600519,2020-01-27,2020-01-31
sh.600522,2020-01-27,2020-01-31
sh.600535,2020-01-27,2020-01-31
sh.600547,2020-01-27,2020-01-31
sh.600566,2020-01-27,2020-01-31
sh.600570,2020-01-27,2020-01-31
sh.600583,2020-01-27,2020-01-31
sh.600585,2020-01-27,2020-01-31
sh.600588,2020-01-27,2020-01-31
sh.600606,2020-01-27,2020-01-31
sh.600637,2020-01-27,2020-01-31
sh.600655,2020-01-27,2020-01-31
sh.600660,2020-01-27,2020-01-31
sh.600663,2020-01-27,2020-01-31
sh.600674,2020-01-27,2020-01-31
sh.600690,2020-01-27,2020-01-31
sh.600703,2020-01-27,2020-01-31
sh.600705,2020-01-27,2020-01-31
sh.600733,2020-01-27,2020-01-31
sh.600741,2020-01-27,2020-01-31
sh.600760,2020-01-27,2020-01-31
sh.600795,2020-01-27,2020-01-31
sh.600809,2020-01-27,2020-01-31
sh.600816,2020-01-27,2020-01-31
sh.600837,2020-01-27,2020-01-31
sh.600848,2020-01-27,2020-01-31
sh.600867,2020-01-27,2020-01-31
sh.600886,2020-01-27,2020-01-31
sh.600887,2020-01-27,2020-01-31
sh.600893,2020-01-27,2020-01-31
sh.600900,2020-01-27,2020-01-31
sh.600919,2020-01-27,2020-01-31
sh.600926,2020-01-27,2020-01-31
sh.600928,2020-01-27,2020-01-31
sh.600958,2020-01-27,2020-01-31
sh.600968,2020-01-27,2020-01-31
sh.600977,2020-01-27,2020-01-31
sh.600989,2020-01-27,2020-01-31
sh.600998,2020-01-27,2020-01-31
sh.600999,2020-01-27,2020-01-31
sh.601006,2020-01-27,2020-01-31
sh.601009,2020-01-27,2020-01-31
sh.601012,2020-01-27,2020-01-31
sh.601018,2020-01-27,2020-01-31
sh.601021,2020-01-27,2020-01-31
sh.601066,2020-01-27,2020-01-31
sh.601088,2020-01-27,2020-01-31
sh.601108,2020-01-27,2020-01-31
sh.601111,2020-01-27,2020-01-31
sh.601117,2020-01-27,2020-01-31
sh.601138,2020-01-27,2020-01-31
sh.601155,2020-01-27,2020-01-31
sh.601162,2020-01-27,2020-01-31
sh.601166,2020-01-27,2020-01-31
sh.601169,2020-01-27,2020-01-31
sh.601186,2020-01-27,2020-01-31
sh.601198,2020-01-27,2020-01-31
sh.601211,2020-01-27,2020-01-31
sh.601212,2020-01-27,2020-01-31
sh.601216,2020-01-27,2020-01-31
sh.601225,2020-01-27,2020-01-31
sh.601229,2020-01-27,2020-01-31
sh.601236,2020-01-27,2020-01-31
sh.601238,2020-01-27,2020-01-31
sh.601288,2020-01-27,2020-01-31
sh.601298,2020-01-27,2020-01-31
sh.601318,2020-01-27,2020-01-31
sh.601319,2020-01-27,2020-01-31
sh.601328,2020-01-27,2020-01-31
sh.601336,2020-01-27,2020-01-31
sh.601360,2020-01-27,2020-01-31
sh.601377,2020-01-27,2020-01-31
sh.601390,2020-01-27,2020-01-31
sh.601398,2020-01-27,2020-01-31
sh.601555,2020-01-27,2020-01-31
sh.601577,2020-01-27,2020-01-31
sh.601600,2020-01-27,2020-01-31
sh.601601,2020-01-27,2020-01-31
sh.601607,2020-01-27,2020-01-31
sh.601618,2020-01-27,2020-01-31
sh.601628,2020-01-27,2020-01-31
sh.601633,2020-01-27,2020-01-31
sh.601668,2020-01-27,2020-01-31
sh.601669,2020-01-27,2020-01-31
sh.601688,2020-01-27,2020-01-31
sh.601698,2020-01-27,2020-01-31
sh.601727,2020-01-27,2020-01-31
sh.601766,2020-01-27,2020-01-31
sh.601788,2020-01-27,2020-01-31
sh.601800,2020-01-27,2020-01-31
sh.601808,2020-01-27,2020-01-31
sh.601818,2020-01-27,2020-01-31
sh.601828,2020-01-27,2020-01-31
sh.601838,2020-01-27,2020-01-31
sh.601857,2020-01-27,2020-01-31
sh.601877,2020-01-27,2020-01-31
sh.601878,2020-01-27,2020-01-31
sh.601881,2020-01-27,2020-01-31
sh.601888,2020-01-27,2020-01-31
sh.601898,2020-01-27,2020-01-31
sh.601899,2020-01-27,2020-01-31
sh.601901,2020-01-27,2020-01-31
sh.601919,2020-01-27,2020-01-31
sh.601933,2020-01-27,2020-01-31
sh.601939,2020-01-27,2020-01-31
sh.601985,2020-01-27,2020-01-31
sh.601988,2020-01-27,2020-01-31
sh.601989,2020-01-27,2020-01-31
sh.601992,2020-01-27,2020-01-31
sh.601997,2020-01-27,2020-01-31
sh.601998,2020-01-27,2020-01-31
sh.603019,2020-01-27,2020-01-31
sh.603156,2020-01-27,2020-01-31
sh.603160,2020-01-27,2020-01-31
sh.603259,2020-01-27,2020-01-31
sh.603260,2020-01-27,2020-01-31
sh.603288,2020-01-27,2020-01-31
sh.603501,2020-01-27,2020-01-31
sh.603799,2020-01-27,2020-01-31
sh.603833,2020-01-27,2020-01-31
sh.603899,2020-01-27,2020-01-31
sh.603986,2020-01-27,2020-01-31
sh.603993,2020-01-27,2020-01-31
sz.000001,2020-01-27,2020-01-31
sz.000002,2020-01-27,2020-01-31
sz.000063,2020-01-27,2020-01-31
sz.000069,2020-01-27,2020-01-31
sz.000100,2020-01-27,2020-01-31
sz.000157,2020-01-27,2020-01-31
sz.000166,2020-01-27,2020-01-31
sz.000333,2020-01-27,2020-01-31
sz.000338,2020-01-27,2020-01-31
sz.000413,2020-01-27,2020-01-31
sz.000415,2020-01-27,2020-01-31
sz.000423,2020-01-27,2020-01-31
sz.000425,2020-01-27,2020-01-31
sz.000538,2020-01-27,2020-01-31
sz.000568,2020-01-27,2020-01-31
sz.000596,2020-01-27,2020-01-31
sz.000625,2020-01-27,2020-01-31
sz.000627,2020-01-27,2020-01-31
sz.000629,2020-01-27,2020-01-31
sz.000630,2020-01-27,2020-01-31
sz.000651,2020-01-27,2020-01-31
sz.000656,2020-01-27,2020-01-31
sz.000661,2020-01-27,2020-01-31
sz.000671,2020-01-27,2020-01-31
sz.000703,2020-01-27,2020-01-31
sz.000709,2020-01-27,2020-01-31
sz.000723,2020-01-27,2020-01-31
sz.000725,2020-01-27,2020-01-31
sz.000728,2020-01-27,2020-01-31
sz.000768,2020-01-27,2020-01-31
sz.000776,2020-01-27,2020-01-31
sz.000783,2020-01-27,2020-01-31
sz.000786,2020-01-27,2020-01-31
sz.000858,2020-01-27,2020-01-31
sz.000876,2020-01-27,2020-01-31
sz.000895,2020-01-27,2020-01-31
sz.000898,2020-01-27,2020-01-31
sz.000938,2020-01-27,2020-01-31
sz.000961,2020-01-27,2020-01-31
sz.000963,2020-01-27,2020-01-31
sz.001979,2020-01-27,2020-01-31
sz.002001,2020-01-27,2020-01-31
sz.002007,2020-01-27,2020-01-31
sz.002008,2020-01-27,2020-01-31
sz.002010,2020-01-27,2020-01-31
sz.002024,2020-01-27,2020-01-31
sz.002027,2020-01-27,2020-01-31
sz.002032,2020-01-27,2020-01-31
sz.002044,2020-01-27,2020-01-31
sz.002050,2020-01-27,2020-01-31
sz.002081,2020-01-27,2020-01-31
sz.002120,2020-01-27,2020-01-31
sz.002142,2020-01-27,2020-01-31
sz.002146,2020-01-27,2020-01-31
sz.002153,2020-01-27,2020-01-31
sz.002179,2020-01-27,2020-01-31
sz.002202,2020-01-27,2020-01-31
sz.002230,2020-01-27,2020-01-31
sz.002236,2020-01-27,2020-01-31
sz.002241,2020-01-27,2020-01-31
sz.002252,2020-01-27,2020-01-31
sz.002271,2020-01-27,2020-01-31
sz.002294,2020-01-27,2020-01-31
sz.002304,2020-01-27,2020-01-31
sz.002311,2020-01-27,2020-01-31
sz.002352,2020-01-27,2020-01-31
sz.002410,2020-01-27,2020-01-31
sz.002411,2020-01-27,2020-01-31
sz.002415,2020-01-27,2020-01-31
sz.002422,2020-01-27,2020-01-31
sz.002456,2020-01-27,2020-01-31
sz.002460,2020-01-27,2020-01-31
sz.002466,2020-01-27,2020-01-31
sz.002468,2020-01-27,2020-01-31
sz.002475,2020-01-27,2020-01-31
sz.002493,2020-01-27,2020-01-31
sz.002508,2020-01-27,2020-01-31
sz.002555,2020-01-27,2020-01-31
sz.002558,2020-01-27,2020-01-31
sz.002594,2020-01-27,2020-01-31
sz.002601,2020-01-27,2020-01-31
sz.002602,2020-01-27,2020-01-31
sz.002607,2020-01-27,2020-01-31
sz.002624,2020-01-27,2020-01-31
sz.002673,2020-01-27,2020-01-31
sz.002714,2020-01-27,2020-01-31
sz.002736,2020-01-27,2020-01-31
sz.002739,2020-01-27,2020-01-31
sz.002773,2020-01-27,2020-01-31
sz.002841,2020-01-27,2020-01-31
sz.002916,2020-01-27,2020-01-31
sz.002938,2020-01-27,2020-01-31
sz.002939,2020-01-27,2020-01-31
sz.002945,2020-01-27,2020-01-31
sz.002958,2020-01-27,2020-01-31
sz.300003,2020-01-27,2020-01-31
sz.300015,2020-01-27,2020-01-31
sz.300017,2020-01-27,2020-01-31
sz.300024,2020-01-27,2020-01-31
sz.300033,2020-01-27,2020-01-31
sz.300059,2020-01-27,2020-01-31
sz.300070,2020-01-27,2020-01-31
sz.300122,2020-01-27,2020-01-31
sz.300124,2020-01-27,2020-01-31
sz.300136,2020-01-27,2020-01-31
sz.300142,2020-01-27,2020-01-31
sz.300144,2020-01-27,2020-01-31
sz.300347,2020-01-27,2020-01-31
sz.300408,2020-01-27,2020-01-31
sz.300413,2020-01-27,2020-01-31
sz.300433,2020-01-27,2020-01-31
sz.300498,2020-01-27,2020-01-31
sh.600000,2020-02-24,2020-02-29
sh.600004,2020-02-24,2020-02-29
sh.600009,2020-02-24,2020-02-29
sh.600010,2020-02-24,2020-02-29
sh.600011,2020-02-24,2020-02-29
sh.600015,2020-02-24,2020-02-29
sh.600016,2020-02-24,2020-02-29
sh.600018,2020-02-24,2020-02-29
sh.600019,2020-02-24,2020-02-29
sh.600023,2020-02-24,2020-02-29
sh.600025,2020-02-24,2020-02-29
sh.600027,2020-02-24,2020-02-29
sh.600028,2020-02-24,2020-02-29
sh.600029,2020-02-24,2020-02-29
sh.600030,2020-02-24,2020-02-29
sh.600031,2020-02-24,2020-02-29
sh.600036,2020-02-24,2020-02-29
sh.600038,2020-02-24,2020-02-29
sh.600048,2020-02-24,2020-02-29
sh.600050,2020-02-24,2020-02-29
sh.600061,2020-02-24,2020-02-29
sh.600066,2020-02-24,2020-02-29
sh.600068,2020-02-24,2020-02-29
sh.600085,2020-02-24,2020-02-29
sh.600089,2020-02-24,2020-02-29
sh.600100,2020-02-24,2020-02-29
sh.600104,2020-02-24,2020-02-29
sh.600109,2020-02-24,2020-02-29
sh.600111,2020-02-24,2020-02-29
sh.600115,2020-02-24,2020-02-29
sh.600118,2020-02-24,2020-02-29
sh.600153,2020-02-24,2020-02-29
sh.600170,2020-02-24,2020-02-29
sh.600176,2020-02-24,2020-02-29
sh.600177,2020-02-24,2020-02-29
sh.600183,2020-02-24,2020-02-29
sh.600188,2020-02-24,2020-02-29
sh.600196,2020-02-24,2020-02-29
sh.600208,2020-02-24,2020-02-29
sh.600219,2020-02-24,2020-02-29
sh.600221,2020-02-24,2020-02-29
sh.600233,2020-02-24,2020-02-29
sh.600271,2020-02-24,2020-02-29
sh.600276,2020-02-24,2020-02-29
sh.600297,2020-02-24,2020-02-29
sh.600299,2020-02-24,2020-02-29
sh.600309,2020-02-24,2020-02-29
sh.600332,2020-02-24,2020-02-29
sh.600340,2020-02-24,2020-02-29
sh.600346,2020-02-24,2020-02-29
sh.600352,2020-02-24,2020-02-29
sh.600362,2020-02-24,2020-02-29
sh.600369,2020-02-24,2020-02-29
sh.600372,2020-02-24,2020-02-29
sh.600383,2020-02-24,2020-02-29
sh.600390,2020-02-24,2020-02-29
sh.600398,2020-02-24,2020-02-29
sh.600406,2020-02-24,2020-02-29
sh.600436,2020-02-24,2020-02-29
sh.600438,2020-02-24,2020-02-29
sh.600482,2020-02-24,2020-02-29
sh.600487,2020-02-24,2020-02-29
sh.600489,2020-02-24,2020-02-29
sh.600498,2020-02-24,2020-02-29
sh.600516,2020-02-24,2020-02-29
sh.600519,2020-02-24,2020-02-29
sh.600522,2020-02-24,2020-02-29
sh.600535,2020-02-24,2020-02-29
sh.600547,2020-02-24,2020-02-29
sh.600566,2020-02-24,2020-02-29
sh.600570,2020-02-24,2020-02-29
sh.600583,2020-02-24,2020-02-29
sh.600585,2020-02-24,2020-02-29
sh.600588,2020-02-24,2020-02-29
sh.600606,2020-02-24,2020-02-29
sh.600637,2020-02-24,2020-02-29
sh.600655,2020-02-24,2020-02-29
sh.600660,2020-02-24,2020-02-29
sh.600663,2020-02-24,2020-02-29
sh.600674,2020-02-24,2020-02-29
sh.600690,2020-02-24,2020-02-29
sh.600703,2020-02-24,2020-02-29
sh.600705,2020-02-24,2020-02-29
sh.600733,2020-02-24,2020-02-29
sh.600741,2020-02-24,2020-02-29
sh.600760,2020-02-24,2020-02-29
sh.600795,2020-02-24,2020-02-29
sh.600809,2020-02-24,2020-02-29
sh.600816,2020-02-24,2020-02-29
sh.600837,2020-02-24,2020-02-29
sh.600848,2020-02-24,2020-02-29
sh.600867,2020-02-24,2020-02-29
sh.600886,2020-02-24,2020-02-29
sh.600887,2020-02-24,2020-02-29
sh.600893,2020-02-24,2020-02-29
sh.600900,2020-02-24,2020-02-29
sh.600919,2020-02-24,2020-02-29
sh.600926,2020-02-24,2020-02-29
sh.600928,2020-02-24,2020-02-29
sh.600958,2020-02-24,2020-02-29
sh.600968,2020-02-24,2020-02-29
sh.600977,2020-02-24,2020-02-29
sh.600989,2020-02-24,2020-02-29
sh.600998,2020-02-24,2020-02-29
sh.600999,2020-02-24,2020-02-29
sh.601006,2020-02-24,2020-02-29
sh.601009,2020-02-24,2020-02-29
sh.601012,2020-02-24,2020-02-29
sh.601018,2020-02-24,2020-02-29
sh.601021,2020-02-24,2020-02-29
sh.601066,2020-02-24,2020-02-29
sh.601088,2020-02-24,2020-02-29
sh.601108,2020-02-24,2020-02-29
sh.601111,2020-02-24,2020-02-29
sh.601117,2020-02-24,2020-02-29
sh.601138,2020-02-24,2020-02-29
sh.601155,2020-02-24,2020-02-29
sh.601162,2020-02-24,2020-02-29
sh.601166,2020-02-24,2020-02-29
sh.601169,2020-02-24,2020-02-29
sh.601186,2020-02-24,2020-02-29
sh.601198,2020-02-24,2020-02-29
sh.601211,2020-02-24,2020-02-29
sh.601212,2020-02-24,2020-02-29
sh.601216,2020-02-24,2020-02-29
sh.601225,2020-02-24,2020-02-29
sh.601229,2020-02-24,2020-02-29
sh.601236,2020-02-24,2020-02-29
sh.601238,2020-02-24,2020-02-29
sh.601288,2020-02-24,2020-02-29
sh.601298,2020-02-24,2020-02-29
sh.601318,2020-02-24,2020-02-29
sh.601319,2020-02-24,2020-02-29
sh.601328,2020-02-24,2020-02-29
sh.601336,2020-02-24,2020-02-29
sh.601360,2020-02-24,2020-02-29
sh.601377,2020-02-24,2020-02-29
sh.601390,2020-02-24,2020-02-29
sh.601398,2020-02-24,2020-02-29
sh.601555,2020-02-24,2020-02-29
sh.601577,2020-02-24,2020-02-29
sh.601600,2020-02-24,2020-02-29
sh.601601,2020-02-24,2020-02-29
sh.601607,2020-02-24,2020-02-29
sh.601618,2020-02-24,2020-02-29
sh.601628,2020-02-24,2020-02-29
sh.601633,2020-02-24,2020-02-29
sh.601668,2020-02-24,2020-02-29
sh.601669,2020-02-24,2020-02-29
sh.601688,2020-02-24,2020-02-29
sh.601698,2020-02-24,2020-02-29
sh.601727,2020-02-24,2020-02-29
sh.601766,2020-02-24,2020-02-29
sh.601788,2020-02-24,2020-02-29
sh.601800,2020-02-24,2020-02-29
sh.601808,2020-02-24,2020-02-29
sh.601818,2020-02-24,2020-02-29
sh.601828,2020-02-24,2020-02-29
sh.601838,2020-02-24,2020-02-29
sh.601857,2020-02-24,2020-02-29
sh.601877,2020-02-24,2020-02-29
sh.601878,2020-02-24,2020-02-29
sh.601881,2020-02-24,2020-02-29
sh.601888,2020-02-24,2020-02-29
sh.601898,2020-02-24,2020-02-29
sh.601899,2020-02-24,2020-02-29
sh.601901,2020-02-24,2020-02-29
sh.601919,2020-02-24,2020-02-29
sh.601933,2020-02-24,2020-02-29
sh.601939,2020-02-24,2020-02-29
sh.601985,2020-02-24,2020-02-29
sh.601988,2020-02-24,2020-02-29
sh.601989,2020-02-24,2020-02-29
sh.601992,2020-02-24,2020-02-29
sh.601997,2020-02-24,2020-02-29
sh.601998,2020-02-24,2020-02-29
sh.603019,2020-02-24,2020-02-29
sh.603156,2020-02-24,2020-02-29
sh.603160,2020-02-24,2020-02-29
sh.603259,2020-02-24,2020-02-29
sh.603260,2020-02-24,2020-02-29
sh.603288,2020-02-24,2020-02-29
sh.603501,2020-02-24,2020-02-29
sh.603799,2020-02-24,2020-02-29
sh.603833,2020-02-24,2020-02-29
sh.603899,2020-02-24,2020-02-29
sh.603986,2020-02-24,2020-02-29
sh.603993,2020-02-24,2020-02-29
sz.000001,2020-02-24,2020-02-29
sz.000002,2020-02-24,2020-02-29
sz.000063,2020-02-24,2020-02-29
sz.000069,2020-02-24,2020-02-29
sz.000100,2020-02-24,2020-02-29
sz.000157,2020-02-24,2020-02-29
sz.000166,2020-02-24,2020-02-29
sz.000333,2020-02-24,2020-02-29
sz.000338,2020-02-24,2020-02-29
sz.000413,2020-02-24,2020-02-29
sz.000415,2020-02-24,2020-02-29
sz.000423,2020-02-24,2020-02-29
sz.000425,2020-02-24,2020-02-29
sz.000538,2020-02-24,2020-02-29
sz.000568,2020-02-24,2020-02-29
sz.000596,2020-02-24,2020-02-29
sz.000625,2020-02-24,2020-02-29
sz.000627,2020-02-24,2020-02-29
sz.000629,2020-02-24,2020-02-29
sz.000630,2020-02-24,2020-02-29
sz.000651,2020-02-24,2020-02-29
sz.000656,2020-02-24,2020-02-29
sz.000661,2020-02-24,2020-02-29
sz.000671,2020-02-24,2020-02-29
sz.000703,2020-02-24,2020-02-29
sz.000709,2020-02-24,2020-02-29
sz.000723,2020-02-24,2020-02-29
sz.000725,2020-02-24,2020-02-29
sz.000728,2020-02-24,2020-02-29
sz.000768,2020-02-24,2020-02-29
sz.000776,2020-02-24,2020-02-29
sz.000783,2020-02-24,2020-02-29
sz.000786,2020-02-24,2020-02-29
sz.000858,2020-02-24,2020-02-29
sz.000876,2020-02-24,2020-02-29
sz.000895,2020-02-24,2020-02-29
sz.000898,2020-02-24,2020-02-29
sz.000938,2020-02-24,2020-02-29
sz.000961,2020-02-24,2020-02-29
sz.000963,2020-02-24,2020-02-29
sz.001979,2020-02-24,2020-02-29
sz.002001,2020-02-24,2020-02-29
sz.002007,2020-02-24,2020-02-29
sz.002008,2020-02-24,2020-02-29
sz.002010,2020-02-24,2020-02-29
sz.002024,2020-02-24,2020-02-29
sz.002027,2020-02-24,2020-02-29
sz.002032,2020-02-24,2020-02-29
sz.002044,2020-02-24,2020-02-29
sz.002050,2020-02-24,2020-02-29
sz.002081,2020-02-24,2020-02-29
sz.002120,2020-02-24,2020-02-29
sz.002142,2020-02-24,2020-02-29
sz.002146,2020-02-24,2020-02-29
sz.002153,2020-02-24,2020-02-29
sz.002179,2020-02-24,2020-02-29
sz.002202,2020-02-24,2020-02-29
sz.002230,2020-02-24,2020-02-29
sz.002236,2020-02-24,2020-02-29
sz.002241,2020-02-24,2020-02-29
sz.002252,2020-02-24,2020-02-29
sz.002271,2020-02-24,2020-02-29
sz.002294,2020-02-24,2020-02-29
sz.002304,2020-02-24,2020-02-29
sz.002311,2020-02-24,2020-02-29
sz.002352,2020-02-24,2020-02-29
sz.002410,2020-02-24,2020-02-29
sz.002411,2020-02-24,2020-02-29
sz.002415,2020-02-24,2020-02-29
sz.002422,2020-02-24,2020-02-29
sz.002456,2020-02-24,2020-02-29
sz.002460,2020-02-24,2020-02-29
sz.002466,2020-02-24,2020-02-29
sz.002468,2020-02-24,2020-02-29
sz.002475,2020-02-24,2020-02-29
sz.002493,2020-02-24,2020-02-29
sz.002508,2020-02-24,2020-02-29
sz.002555,2020-02-24,2020-02-29
sz.002558,2020-02-24,2020-02-29
sz.002594,2020-02-24,2020-02-29
sz.002601,2020-02-24,2020-02-29
sz.002602,2020-02-24,2020-02-29
sz.002607,2020-02-24,2020-02-29
sz.002624,2020-02-24,2020-02-29
sz.002673,2020-02-24,2020-02-29
sz.002714,2020-02-24,2020-02-29
sz.002736,2020-02-24,2020-02-29
sz.002739,2020-02-24,2020-02-29
sz.002773,2020-02-24,2020-02-29
sz.002841,2020-02-24,2020-02-29
sz.002916,2020-02-24,2020-02-29
sz.002938,2020-02-24,2020-02-29
sz.002939,2020-02-24,2020-02-29
sz.002945,2020-02-24,2020-02-29
sz.002958,2020-02-24,2020-02-29
sz.300003,2020-02-24,2020-02-29
sz.300015,2020-02-24,2020-02-29
sz.300017,2020-02-24,2020-02-29
sz.300024,2020-02-24,2020-02-29
sz.300033,2020-02-24,2020-02-29
sz.300059,2020-02-24,2020-02-29
sz.300070,2020-02-24,2020-02-29
sz.300122,2020-02-24,2020-02-29
sz.300124,2020-02-24,2020-02-29
sz.300136,2020-02-24,2020-02-29
sz.300142,2020-02-24,2020-02-29
sz.300144,2020-02-24,2020-02-29
sz.300347,2020-02-24,2020-02-29
sz.300408,2020-02-24,2020-02-29
sz.300413,2020-02-24,2020-02-29
sz.300433,2020-02-24,2020-02-29
sz.300498,2020-02-24,2020-02-29
sh.600000,2020-03-30,2020-03-31
sh.600004,2020-03-30,2020-03-31
sh.600009,2020-03-30,2020-03-31
sh.600010,2020-03-30,2020-03-31
sh.600011,2020-03-30,2020-03-31
sh.600015,2020-03-30,2020-03-31
sh.600016,2020-03-30,2020-03-31
sh.600018,2020-03-30,2020-03-31
sh.600019,2020-03-30,2020-03-31
sh.600023,2020-03-30,2020-03-31
sh.600025,2020-03-30,2020-03-31
sh.600027,2020-03-30,2020-03-31
sh.600028,2020-03-30,2020-03-31
sh.600029,2020-03-30,2020-03-31
sh.600030,2020-03-30,2020-03-31
sh.600031,2020-03-30,2020-03-31
sh.600036,2020-03-30,2020-03-31
sh.600038,2020-03-30,2020-03-31
sh.600048,2020-03-30,2020-03-31
sh.600050,2020-03-30,2020-03-31
sh.600061,2020-03-30,2020-03-31
sh.600066,2020-03-30,2020-03-31
sh.600068,2020-03-30,2020-03-31
sh.600085,2020-03-30,2020-03-31
sh.600089,2020-03-30,2020-03-31
sh.600100,2020-03-30,2020-03-31
sh.600104,2020-03-30,2020-03-31
sh.600109,2020-03-30,2020-03-31
sh.600111,2020-03-30,2020-03-31
sh.600115,2020-03-30,2020-03-31
sh.600118,2020-03-30,2020-03-31
sh.600153,2020-03-30,2020-03-31
sh.600170,2020-03-30,2020-03-31
sh.600176,2020-03-30,2020-03-31
sh.600177,2020-03-30,2020-03-31
sh.600183,2020-03-30,2020-03-31
sh.600188,2020-03-30,2020-03-31
sh.600196,2020-03-30,2020-03-31
sh.600208,2020-03-30,2020-03-31
sh.600219,2020-03-30,2020-03-31
sh.600221,2020-03-30,2020-03-31
sh.600233,2020-03-30,2020-03-31
sh.600271,2020-03-30,2020-03-31
sh.600276,2020-03-30,2020-03-31
sh.600297,2020-03-30,2020-03-31
sh.600299,2020-03-30,2020-03-31
sh.600309,2020-03-30,2020-03-31
sh.600332,2020-03-30,2020-03-31
sh.600340,2020-03-30,2020-03-31
sh.600346,2020-03-30,2020-03-31
sh.600352,2020-03-30,2020-03-31
sh.600362,2020-03-30,2020-03-31
sh.600369,2020-03-30,2020-03-31
sh.600372,2020-03-30,2020-03-31
sh.600383,2020-03-30,2020-03-31
sh.600390,2020-03-30,2020-03-31
sh.600398,2020-03-30,2020-03-31
sh.600406,2020-03-30,2020-03-31
sh.600436,2020-03-30,2020-03-31
sh.600438,2020-03-30,2020-03-31
sh.600482,2020-03-30,2020-03-31
sh.600487,2020-03-30,2020-03-31
sh.600489,2020-03-30,2020-03-31
sh.600498,2020-03-30,2020-03-31
sh.600516,2020-03-30,2020-03-31
sh.600519,2020-03-30,2020-03-31
sh.600522,2020-03-30,2020-03-31
sh.600535,2020-03-30,2020-03-31
sh.600547,2020-03-30,2020-03-31
sh.600566,2020-03-30,2020-03-31
sh.600570,2020-03-30,2020-03-31
sh.600583,2020-03-30,2020-03-31
sh.600585,2020-03-30,2020-03-31
sh.600588,2020-03-30,2020-03-31
sh.600606,2020-03-30,2020-03-31
sh.600637,2020-03-30,2020-03-31
sh.600655,2020-03-30,2020-03-31
sh.600660,2020-03-30,2020-03-31
sh.600663,2020-03-30,2020-03-31
sh.600674,2020-03-30,2020-03-31
sh.600690,2020-03-30,2020-03-31
sh.600703,2020-03-30,2020-03-31
sh.600705,2020-03-30,2020-03-31
sh.600733,2020-03-30,2020-03-31
sh.600741,2020-03-30,2020-03-31
sh.600760,2020-03-30,2020-03-31
sh.600795,2020-03-30,2020-03-31
sh.600809,2020-03-30,2020-03-31
sh.600816,2020-03-30,2020-03-31
sh.600837,2020-03-30,2020-03-31
sh.600848,2020-03-30,2020-03-31
sh.600867,2020-03-30,2020-03-31
sh.600886,2020-03-30,2020-03-31
sh.600887,2020-03-30,2020-03-31
sh.600893,2020-03-30,2020-03-31
sh.600900,2020-03-30,2020-03-31
sh.600919,2020-03-30,2020-03-31
sh.600926,2020-03-30,2020-03-31
sh.600928,2020-03-30,2020-03-31
sh.600958,2020-03-30,2020-03-31
sh.600968,2020-03-30,2020-03-31
sh.600977,2020-03-30,2020-03-31
sh.600989,2020-03-30,2020-03-31
sh.600998,2020-03-30,2020-03-31
sh.600999,2020-03-30,2020-03-31
sh.601006,2020-03-30,2020-03-31
sh.601009,2020-03-30,2020-03-31
sh.601012,2020-03-30,2020-03-31
sh.601018,2020-03-30,2020-03-31
sh.601021,2020-03-30,2020-03-31
sh.601066,2020-03-30,2020-03-31
sh.601088,2020-03-30,2020-03-31
sh.601108,2020-03-30,2020-03-31
sh.601111,2020-03-30,2020-03-31
sh.601117,2020-03-30,2020-03-31
sh.601138,2020-03-30,2020-03-31
sh.601155,2020-03-30,2020-03-31
sh.601162,2020-03-30,2020-03-31
sh.601166,2020-03-30,2020-03-31
sh.601169,2020-03-30,2020-03-31
sh.601186,2020-03-30,2020-03-31
sh.601198,2020-03-30,2020-03-31
sh.601211,2020-03-30,2020-03-31
sh.601212,2020-03-30,2020-03-31
sh.601216,2020-03-30,2020-03-31
sh.601225,2020-03-30,2020-03-31
sh.601229,2020-03-30,2020-03-31
sh.601236,2020-03-30,2020-03-31
sh.601238,2020-03-30,2020-03-31
sh.601288,2020-03-30,2020-03-31
sh.601298,2020-03-30,2020-03-31
sh.601318,2020-03-30,2020-03-31
sh.601319,2020-03-30,2020-03-31
sh.601328,2020-03-30,2020-03-31
sh.601336,2020-03-30,2020-03-31
sh.601360,2020-03-30,2020-03-31
sh.601377,2020-03-30,2020-03-31
sh.601390,2020-03-30,2020-03-31
sh.601398,2020-03-30,2020-03-31
sh.601555,2020-03-30,2020-03-31
sh.601577,2020-03-30,2020-03-31
sh.601600,2020-03-30,2020-03-31
sh.601601,2020-03-30,2020-03-31
sh.601607,2020-03-30,2020-03-31
sh.601618,2020-03-30,2020-03-31
sh.601628,2020-03-30,2020-03-31
sh.601633,2020-03-30,2020-03-31
sh.601668,2020-03-30,2020-03-31
sh.601669,2020-03-30,2020-03-31
sh.601688,2020-03-30,2020-03-31
sh.601698,2020-03-30,2020-03-31
sh.601727,2020-03-30,2020-03-31
sh.601766,2020-03-30,2020-03-31
sh.601788,2020-03-30,2020-03-31
sh.601800,2020-03-30,2020-03-31
sh.601808,2020-03-30,2020-03-31
sh.601818,2020-03-30,2020-03-31
sh.601828,2020-03-30,2020-03-31
sh.601838,2020-03-30,2020-03-31
sh.601857,2020-03-30,2020-03-31
sh.601877,2020-03-30,2020-03-31
sh.601878,2020-03-30,2020-03-31
sh.601881,2020-03-30,2020-03-31
sh.601888,2020-03-30,2020-03-31
sh.601898,2020-03-30,2020-03-31
sh.601899,2020-03-30,2020-03-31
sh.601901,2020-03-30,2020-03-31
sh.601919,2020-03-30,2020-03-31
sh.601933,2020-03-30,2020-03-31
sh.601939,2020-03-30,2020-03-31
sh.601985,2020-03-30,2020-03-31
sh.601988,2020-03-30,2020-03-31
sh.601989,2020-03-30,2020-03-31
sh.601992,2020-03-30,2020-03-31
sh.601997,2020-03-30,2020-03-31
sh.601998,2020-03-30,2020-03-31
sh.603019,2020-03-30,2020-03-31
sh.603156,2020-03-30,2020-03-31
sh.603160,2020-03-30,2020-03-31
sh.603259,2020-03-30,2020-03-31
sh.603260,2020-03-30,2020-03-31
sh.603288,2020-03-30,2020-03-31
sh.603501,2020-03-30,2020-03-31
sh.603799,2020-03-30,2020-03-31
sh.603833,2020-03-30,2020-03-31
sh.603899,2020-03-30,2020-03-31
sh.603986,2020-03-30,2020-03-31
sh.603993,2020-03-30,2020-03-31
sz.000001,2020-03-30,2020-03-31
sz.000002,2020-03-30,2020-03-31
sz.000063,2020-03-30,2020-03-31
sz.000069,2020-03-30,2020-03-31
sz.000100,2020-03-30,2020-03-31
sz.000157,2020-03-30,2020-03-31
sz.000166,2020-03-30,2020-03-31
sz.000333,2020-03-30,2020-03-31
sz.000338,2020-03-30,2020-03-31
sz.000413,2020-03-30,2020-03-31
sz.000415,2020-03-30,2020-03-31
sz.000423,2020-03-30,2020-03-31
sz.000425,2020-03-30,2020-03-31
sz.000538,2020-03-30,2020-03-31
sz.000568,2020-03-30,2020-03-31
sz.000596,2020-03-30,2020-03-31
sz.000625,2020-03-30,2020-03-31
sz.000627,2020-03-30,2020-03-31
sz.000629,2020-03-30,2020-03-31
sz.000630,2020-03-30,2020-03-31
sz.000651,2020-03-30,2020-03-31
sz.000656,2020-03-30,2020-03-31
sz.000661,2020-03-30,2020-03-31
sz.000671,2020-03-30,2020-03-31
sz.000703,2020-03-30,2020-03-31
sz.000709,2020-03-30,2020-03-31
sz.000723,2020-03-30,2020-03-31
sz.000725,2020-03-30,2020-03-31
sz.000728,2020-03-30,2020-03-31
sz.000768,2020-03-30,2020-03-31
sz.000776,2020-03-30,2020-03-31
sz.000783,2020-03-30,2020-03-31
sz.000786,2020-03-30,2020-03-31
sz.000858,2020-03-30,2020-03-31
sz.000876,2020-03-30,2020-03-31
sz.000895,2020-03-30,2020-03-31
sz.000898,2020-03-30,2020-03-31
sz.000938,2020-03-30,2020-03-31
sz.000961,2020-03-30,2020-03-31
sz.000963,2020-03-30,2020-03-31
sz.001979,2020-03-30,2020-03-31
sz.002001,2020-03-30,2020-03-31
sz.002007,2020-03-30,2020-03-31
sz.002008,2020-03-30,2020-03-31
sz.002010,2020-03-30,2020-03-31
sz.002024,2020-03-30,2020-03-31
sz.002027,2020-03-30,2020-03-31
sz.002032,2020-03-30,2020-03-31
sz.002044,2020-03-30,2020-03-31
sz.002050,2020-03-30,2020-03-31
sz.002081,2020-03-30,2020-03-31
sz.002120,2020-03-30,2020-03-31
sz.002142,2020-03-30,2020-03-31
sz.002146,2020-03-30,2020-03-31
sz.002153,2020-03-30,2020-03-31
sz.002179,2020-03-30,2020-03-31
sz.002202,2020-03-30,2020-03-31
sz.002230,2020-03-30,2020-03-31
sz.002236,2020-03-30,2020-03-31
sz.002241,2020-03-30,2020-03-31
sz.002252,2020-03-30,2020-03-31
sz.002271,2020-03-30,2020-03-31
sz.002294,2020-03-30,2020-03-31
sz.002304,2020-03-30,2020-03-31
sz.002311,2020-03-30,2020-03-31
sz.002352,2020-03-30,2020-03-31
sz.002410,2020-03-30,2020-03-31
sz.002411,2020-03-30,2020-03-31
sz.002415,2020-03-30,2020-03-31
sz.002422,2020-03-30,2020-03-31
sz.002456,2020-03-30,2020-03-31
sz.002460,2020-03-30,2020-03-31
sz.002466,2020-03-30,2020-03-31
sz.002468,2020-03-30,2020-03-31
sz.002475,2020-03-30,2020-03-31
sz.002493,2020-03-30,2020-03-31
sz.002508,2020-03-30,2020-03-31
sz.002555,2020-03-30,2020-03-31
sz.002558,2020-03-30,2020-03-31
sz.002594,2020-03-30,2020-03-31
sz.002601,2020-03-30,2020-03-31
sz.002602,2020-03-30,2020-03-31
sz.002607,2020-03-30,2020-03-31
sz.002624,2020-03-30,2020-03-31
sz.002673,2020-03-30,2020-03-31
sz.002714,2020-03-30,2020-03-31
sz.002736,2020-03-30,2020-03-31
sz.002739,2020-03-30,2020-03-31
sz.002773,2020-03-30,2020-03-31
sz.002841,2020-03-30,2020-03-31
sz.002916,2020-03-30,2020-03-31
sz.002938,2020-03-30,2020-03-31
sz.002939,2020-03-30,2020-03-31
sz.002945,2020-03-30,2020-03-31
sz.002958,2020-03-30,2020-03-31
sz.300003,2020-03-30,2020-03-31
sz.300015,2020-03-30,2020-03-31
sz.300017,2020-03-30,2020-03-31
sz.300024,2020-03-30,2020-03-31
sz.300033,2020-03-30,2020-03-31
sz.300059,2020-03-30,2020-03-31
sz.300070,2020-03-30,2020-03-31
sz.300122,2020-03-30,2020-03-31
sz.300124,2020-03-30,2020-03-31
sz.300136,2020-03-30,2020-03-31
sz.300142,2020-03-30,2020-03-31
sz.300144,2020-03-30,2020-03-31
sz.300347,2020-03-30,2020-03-31
sz.300408,2020-03-30,2020-03-31
sz.300413,2020-03-30,2020-03-31
sz.300433,2020-03-30,2020-03-31
sz.300498,2020-03-30,2020-03-31
sh.600000,2020-04-27,2020-04-30
sh.600004,2020-04-27,2020-04-30
sh.600009,2020-04-27,2020-04-30
sh.600010,2020-04-27,2020-04-30
sh.600011,2020-04-27,2020-04-30
sh.600015,2020-04-27,2020-04-30
sh.600016,2020-04-27,2020-04-30
sh.600018,2020-04-27,2020-04-30
sh.600019,2020-04-27,2020-04-30
sh.600023,2020-04-27,2020-04-30
sh.600025,2020-04-27,2020-04-30
sh.600027,2020-04-27,2020-04-30
sh.600028,2020-04-27,2020-04-30
sh.600029,2020-04-27,2020-04-30
sh.600030,2020-04-27,2020-04-30
sh.600031,2020-04-27,2020-04-30
sh.600036,2020-04-27,2020-04-30
sh.600038,2020-04-27,2020-04-30
sh.600048,2020-04-27,2020-04-30
sh.600050,2020-04-27,2020-04-30
sh.600061,2020-04-27,2020-04-30
sh.600066,2020-04-27,2020-04-30
sh.600068,2020-04-27,2020-04-30
sh.600085,2020-04-27,2020-04-30
sh.600089,2020-04-27,2020-04-30
sh.600100,2020-04-27,2020-04-30
sh.600104,2020-04-27,2020-04-30
sh.600109,2020-04-27,2020-04-30
sh.600111,2020-04-27,2020-04-30
sh.600115,2020-04-27,2020-04-30
sh.600118,2020-04-27,2020-04-30
sh.600153,2020-04-27,2020-04-30
sh.600170,2020-04-27,2020-04-30
sh.600176,2020-04-27,2020-04-30
sh.600177,2020-04-27,2020-04-30
sh.600183,2020-04-27,2020-04-30
sh.600188,2020-04-27,2020-04-30
sh.600196,2020-04-27,2020-04-30
sh.600208,2020-04-27,2020-04-30
sh.600219,2020-04-27,2020-04-30
sh.600221,2020-04-27,2020-04-30
sh.600233,2020-04-27,2020-04-30
sh.600271,2020-04-27,2020-04-30
sh.600276,2020-04-27,2020-04-30
sh.600297,2020-04-27,2020-04-30
sh.600299,2020-04-27,2020-04-30
sh.600309,2020-04-27,2020-04-30
sh.600332,2020-04-27,2020-04-30
sh.600340,2020-04-27,2020-04-30
sh.600346,2020-04-27,2020-04-30
sh.600352,2020-04-27,2020-04-30
sh.600362,2020-04-27,2020-04-30
sh.600369,2020-04-27,2020-04-30
sh.600372,2020-04-27,2020-04-30
sh.600383,2020-04-27,2020-04-30
sh.600390,2020-04-27,2020-04-30
sh.600398,2020-04-27,2020-04-30
sh.600406,2020-04-27,2020-04-30
sh.600436,2020-04-27,2020-04-30
sh.600438,2020-04-27,2020-04-30
sh.600482,2020-04-27,2020-04-30
sh.600487,2020-04-27,2020-04-30
sh.600489,2020-04-27,2020-04-30
sh.600498,2020-04-27,2020-04-30
sh.600516,2020-04-27,2020-04-30
sh.600519,2020-04-27,2020-04-30
sh.600522,2020-04-27,2020-04-30
sh.600535,2020-04-27,2020-04-30
sh.600547,2020-04-27,2020-04-30
sh.600566,2020-04-27,2020-04-30
sh.600570,2020-04-27,2020-04-30
sh.600583,2020-04-27,2020-04-30
sh.600585,2020-04-27,2020-04-30
sh.600588,2020-04-27,2020-04-30
sh.600606,2020-04-27,2020-04-30
sh.600637,2020-04-27,2020-04-30
sh.600655,2020-04-27,2020-04-30
sh.600660,2020-04-27,2020-04-30
sh.600663,2020-04-27,2020-04-30
sh.600674,2020-04-27,2020-04-30
sh.600690,2020-04-27,2020-04-30
sh.600703,2020-04-27,2020-04-30
sh.600705,2020-04-27,2020-04-30
sh.600733,2020-04-27,2020-04-30
sh.600741,2020-04-27,2020-04-30
sh.600760,2020-04-27,2020-04-30
sh.600795,2020-04-27,2020-04-30
sh.600809,2020-04-27,2020-04-30
sh.600816,2020-04-27,2020-04-30
sh.600837,2020-04-27,2020-04-30
sh.600848,2020-04-27,2020-04-30
sh.600867,2020-04-27,2020-04-30
sh.600886,2020-04-27,2020-04-30
sh.600887,2020-04-27,2020-04-30
sh.600893,2020-04-27,2020-04-30
sh.600900,2020-04-27,2020-04-30
sh.600919,2020-04-27,2020-04-30
sh.600926,2020-04-27,2020-04-30
sh.600928,2020-04-27,2020-04-30
sh.600958,2020-04-27,2020-04-30
sh.600968,2020-04-27,2020-04-30
sh.600977,2020-04-27,2020-04-30
sh.600989,2020-04-27,2020-04-30
sh.600998,2020-04-27,2020-04-30
sh.600999,2020-04-27,2020-04-30
sh.601006,2020-04-27,2020-04-30
sh.601009,2020-04-27,2020-04-30
sh.601012,2020-04-27,2020-04-30
sh.601018,2020-04-27,2020-04-30
sh.601021,2020-04-27,2020-04-30
sh.601066,2020-04-27,2020-04-30
sh.601088,2020-04-27,2020-04-30
sh.601108,2020-04-27,2020-04-30
sh.601111,2020-04-27,2020-04-30
sh.601117,2020-04-27,2020-04-30
sh.601138,2020-04-27,2020-04-30
sh.601155,2020-04-27,2020-04-30
sh.601162,2020-04-27,2020-04-30
sh.601166,2020-04-27,2020-04-30
sh.601169,2020-04-27,2020-04-30
sh.601186,2020-04-27,2020-04-30
sh.601198,2020-04-27,2020-04-30
sh.601211,2020-04-27,2020-04-30
sh.601212,2020-04-27,2020-04-30
sh.601216,2020-04-27,2020-04-30
sh.601225,2020-04-27,2020-04-30
sh.601229,2020-04-27,2020-04-30
sh.601236,2020-04-27,2020-04-30
sh.601238,2020-04-27,2020-04-30
sh.601288,2020-04-27,2020-04-30
sh.601298,2020-04-27,2020-04-30
sh.601318,2020-04-27,2020-04-30
sh.601319,2020-04-27,2020-04-30
sh.601328,2020-04-27,2020-04-30
sh.601336,2020-04-27,2020-04-30
sh.601360,2020-04-27,2020-04-30
sh.601377,2020-04-27,2020-04-30
sh.601390,2020-04-27,2020-04-30
sh.601398,2020-04-27,2020-04-30
sh.601555,2020-04-27,2020-04-30
sh.601577,2020-04-27,2020-04-30
sh.601600,2020-04-27,2020-04-30
sh.601601,2020-04-27,2020-04-30
sh.601607,2020-04-27,2020-04-30
sh.601618,2020-04-27,2020-04-30
sh.601628,2020-04-27,2020-04-30
sh.601633,2020-04-27,2020-04-30
sh.601668,2020-04-27,2020-04-30
sh.601669,2020-04-27,2020-04-30
sh.601688,2020-04-27,2020-04-30
sh.601698,2020-04-27,2020-04-30
sh.601727,2020-04-27,2020-04-30
sh.601766,2020-04-27,2020-04-30
sh.601788,2020-04-27,2020-04-30
sh.601800,2020-04-27,2020-04-30
sh.601808,2020-04-27,2020-04-30
sh.601818,2020-04-27,2020-04-30
sh.601828,2020-04-27,2020-04-30
sh.601838,2020-04-27,2020-04-30
sh.601857,2020-04-27,2020-04-30
sh.601877,2020-04-27,2020-04-30
sh.601878,2020-04-27,2020-04-30
sh.601881,2020-04-27,2020-04-30
sh.601888,2020-04-27,2020-04-30
sh.601898,2020-04-27,2020-04-30
sh.601899,2020-04-27,2020-04-30
sh.601901,2020-04-27,2020-04-30
sh.601919,2020-04-27,2020-04-30
sh.601933,2020-04-27,2020-04-30
sh.601939,2020-04-27,2020-04-30
sh.601985,2020-04-27,2020-04-30
sh.601988,2020-04-27,2020-04-30
sh.601989,2020-04-27,2020-04-30
sh.601992,2020-04-27,2020-04-30
sh.601997,2020-04-27,2020-04-30
sh.601998,2020-04-27,2020-04-30
sh.603019,2020-04-27,2020-04-30
sh.603156,2020-04-27,2020-04-30
sh.603160,2020-04-27,2020-04-30
sh.603259,2020-04-27,2020-04-30
sh.603260,2020-04-27,2020-04-30
sh.603288,2020-04-27,2020-04-30
sh.603501,2020-04-27,2020-04-30
sh.603799,2020-04-27,2020-04-30
sh.603833,2020-04-27,2020-04-30
sh.603899,2020-04-27,2020-04-30
sh.603986,2020-04-27,2020-04-30
sh.603993,2020-04-27,2020-04-30
sz.000001,2020-04-27,2020-04-30
sz.000002,2020-04-27,2020-04-30
sz.000063,2020-04-27,2020-04-30
sz.000069,2020-04-27,2020-04-30
sz.000100,2020-04-27,2020-04-30
sz.000157,2020-04-27,2020-04-30
sz.000166,2020-04-27,2020-04-30
sz.000333,2020-04-27,2020-04-30
sz.000338,2020-04-27,2020-04-30
sz.000413,2020-04-27,2020-04-30
sz.000415,2020-04-27,2020-04-30
sz.000423,2020-04-27,2020-04-30
sz.000425,2020-04-27,2020-04-30
sz.000538,2020-04-27,2020-04-30
sz.000568,2020-04-27,2020-04-30
sz.000596,2020-04-27,2020-04-30
sz.000625,2020-04-27,2020-04-30
sz.000627,2020-04-27,2020-04-30
sz.000629,2020-04-27,2020-04-30
sz.000630,2020-04-27,2020-04-30
sz.000651,2020-04-27,2020-04-30
sz.000656,2020-04-27,2020-04-30
sz.000661,2020-04-27,2020-04-30
sz.000671,2020-04-27,2020-04-30
sz.000703,2020-04-27,2020-04-30
sz.000709,2020-04-27,2020-04-30
sz.000723,2020-04-27,2020-04-30
sz.000725,2020-04-27,2020-04-30
sz.000728,2020-04-27,2020-04-30
sz.000768,2020-04-27,2020-04-30
sz.000776,2020-04-27,2020-04-30
sz.000783,2020-04-27,2020-04-30
sz.000786,2020-04-27,2020-04-30
sz.000858,2020-04-27,2020-04-30
sz.000876,2020-04-27,2020-04-30
sz.000895,2020-04-27,2020-04-30
sz.000898,2020-04-27,2020-04-30
sz.000938,2020-04-27,2020-04-30
sz.000961,2020-04-27,2020-04-30
sz.000963,2020-04-27,2020-04-30
sz.001979,2020-04-27,2020-04-30
sz.002001,2020-04-27,2020-04-30
sz.002007,2020-04-27,2020-04-30
sz.002008,2020-04-27,2020-04-30
sz.002010,2020-04-27,2020-04-30
sz.002024,2020-04-27,2020-04-30
sz.002027,2020-04-27,2020-04-30
sz.002032,2020-04-27,2020-04-30
sz.002044,2020-04-27,2020-04-30
sz.002050,2020-04-27,2020-04-30
sz.002081,2020-04-27,2020-04-30
sz.002120,2020-04-27,2020-04-30
sz.002142,2020-04-27,2020-04-30
sz.002146,2020-04-27,2020-04-30
sz.002153,2020-04-27,2020-04-30
sz.002179,2020-04-27,2020-04-30
sz.002202,2020-04-27,2020-04-30
sz.002230,2020-04-27,2020-04-30
sz.002236,2020-04-27,2020-04-30
sz.002241,2020-04-27,2020-04-30
sz.002252,2020-04-27,2020-04-30
sz.002271,2020-04-27,2020-04-30
sz.002294,2020-04-27,2020-04-30
sz.002304,2020-04-27,2020-04-30
sz.002311,2020-04-27,2020-04-30
sz.002352,2020-04-27,2020-04-30
sz.002410,2020-04-27,2020-04-30
sz.002411,2020-04-27,2020-04-30
sz.002415,2020-04-27,2020-04-30
sz.002422,2020-04-27,2020-04-30
sz.002456,2020-04-27,2020-04-30
sz.002460,2020-04-27,2020-04-30
sz.002466,2020-04-27,2020-04-30
sz.002468,2020-04-27,2020-04-30
sz.002475,2020-04-27,2020-04-30
sz.002493,2020-04-27,2020-04-30
sz.002508,2020-04-27,2020-04-30
sz.002555,2020-04-27,2020-04-30
sz.002558,2020-04-27,2020-04-30
sz.002594,2020-04-27,2020-04-30
sz.002601,2020-04-27,2020-04-30
sz.002602,2020-04-27,2020-04-30
sz.002607,2020-04-27,2020-04-30
sz.002624,2020-04-27,2020-04-30
sz.002673,2020-04-27,2020-04-30
sz.002714,2020-04-27,2020-04-30
sz.002736,2020-04-27,2020-04-30
sz.002739,2020-04-27,2020-04-30
sz.002773,2020-04-27,2020-04-30
sz.002841,2020-04-27,2020-04-30
sz.002916,2020-04-27,2020-04-30
sz.002938,2020-04-27,2020-04-30
sz.002939,2020-04-27,2020-04-30
sz.002945,2020-04-27,2020-04-30
sz.002958,2020-04-27,2020-04-30
sz.300003,2020-04-27,2020-04-30
sz.300015,2020-04-27,2020-04-30
sz.300017,2020-04-27,2020-04-30
sz.300024,2020-04-27,2020-04-30
sz.300033,2020-04-27,2020-04-30
sz.300059,2020-04-27,2020-04-30
sz.300070,2020-04-27,2020-04-30
sz.300122,2020-04-27,2020-04-30
sz.300124,2020-04-27,2020-04-30
sz.300136,2020-04-27,2020-04-30
sz.300142,2020-04-27,2020-04-30
sz.300144,2020-04-27,2020-04-30
sz.300347,2020-04-27,2020-04-30
sz.300408,2020-04-27,2020-04-30
sz.300413,2020-04-27,2020-04-30
sz.300433,2020-04-27,2020-04-30
sz.300498,2020-04-27,2020-04-30
sh.600000,2020-05-25,2020-05-31
sh.600004,2020-05-25,2020-05-31
sh.600009,2020-05-25,2020-05-31
sh.600010,2020-05-25,2020-05-31
sh.600011,2020-05-25,2020-05-31
sh.600015,2020-05-25,2020-05-31
sh.600016,2020-05-25,2020-05-31
sh.600018,2020-05-25,2020-05-31
sh.600019,2020-05-25,2020-05-31
sh.600023,2020-05-25,2020-05-31
sh.600025,2020-05-25,2020-05-31
sh.600027,2020-05-25,2020-05-31
sh.600028,2020-05-25,2020-05-31
sh.600029,2020-05-25,2020-05-31
sh.600030,2020-05-25,2020-05-31
sh.600031,2020-05-25,2020-05-31
sh.600036,2020-05-25,2020-05-31
sh.600038,2020-05-25,2020-05-31
sh.600048,2020-05-25,2020-05-31
sh.600050,2020-05-25,2020-05-31
sh.600061,2020-05-25,2020-05-31
sh.600066,2020-05-25,2020-05-31
sh.600068,2020-05-25,2020-05-31
sh.600085,2020-05-25,2020-05-31
sh.600089,2020-05-25,2020-05-31
sh.600100,2020-05-25,2020-05-31
sh.600104,2020-05-25,2020-05-31
sh.600109,2020-05-25,2020-05-31
sh.600111,2020-05-25,2020-05-31
sh.600115,2020-05-25,2020-05-31
sh.600118,2020-05-25,2020-05-31
sh.600153,2020-05-25,2020-05-31
sh.600170,2020-05-25,2020-05-31
sh.600176,2020-05-25,2020-05-31
sh.600177,2020-05-25,2020-05-31
sh.600183,2020-05-25,2020-05-31
sh.600188,2020-05-25,2020-05-31
sh.600196,2020-05-25,2020-05-31
sh.600208,2020-05-25,2020-05-31
sh.600219,2020-05-25,2020-05-31
sh.600221,2020-05-25,2020-05-31
sh.600233,2020-05-25,2020-05-31
sh.600271,2020-05-25,2020-05-31
sh.600276,2020-05-25,2020-05-31
sh.600297,2020-05-25,2020-05-31
sh.600299,2020-05-25,2020-05-31
sh.600309,2020-05-25,2020-05-31
sh.600332,2020-05-25,2020-05-31
sh.600340,2020-05-25,2020-05-31
sh.600346,2020-05-25,2020-05-31
sh.600352,2020-05-25,2020-05-31
sh.600362,2020-05-25,2020-05-31
sh.600369,2020-05-25,2020-05-31
sh.600372,2020-05-25,2020-05-31
sh.600383,2020-05-25,2020-05-31
sh.600390,2020-05-25,2020-05-31
sh.600398,2020-05-25,2020-05-31
sh.600406,2020-05-25,2020-05-31
sh.600436,2020-05-25,2020-05-31
sh.600438,2020-05-25,2020-05-31
sh.600482,2020-05-25,2020-05-31
sh.600487,2020-05-25,2020-05-31
sh.600489,2020-05-25,2020-05-31
sh.600498,2020-05-25,2020-05-31
sh.600516,2020-05-25,2020-05-31
sh.600519,2020-05-25,2020-05-31
sh.600522,2020-05-25,2020-05-31
sh.600535,2020-05-25,2020-05-31
sh.600547,2020-05-25,2020-05-31
sh.600566,2020-05-25,2020-05-31
sh.600570,2020-05-25,2020-05-31
sh.600583,2020-05-25,2020-05-31
sh.600585,2020-05-25,2020-05-31
sh.600588,2020-05-25,2020-05-31
sh.600606,2020-05-25,2020-05-31
sh.600637,2020-05-25,2020-05-31
sh.600655,2020-05-25,2020-05-31
sh.600660,2020-05-25,2020-05-31
sh.600663,2020-05-25,2020-05-31
sh.600674,2020-05-25,2020-05-31
sh.600690,2020-05-25,2020-05-31
sh.600703,2020-05-25,2020-05-31
sh.600705,2020-05-25,2020-05-31
sh.600733,2020-05-25,2020-05-31
sh.600741,2020-05-25,2020-05-31
sh.600760,2020-05-25,2020-05-31
sh.600795,2020-05-25,2020-05-31
sh.600809,2020-05-25,2020-05-31
sh.600816,2020-05-25,2020-05-31
sh.600837,2020-05-25,2020-05-31
sh.600848,2020-05-25,2020-05-31
sh.600867,2020-05-25,2020-05-31
sh.600886,2020-05-25,2020-05-31
sh.600887,2020-05-25,2020-05-31
sh.600893,2020-05-25,2020-05-31
sh.600900,2020-05-25,2020-05-31
sh.600919,2020-05-25,2020-05-31
sh.600926,2020-05-25,2020-05-31
sh.600928,2020-05-25,2020-05-31
sh.600958,2020-05-25,2020-05-31
sh.600968,2020-05-25,2020-05-31
sh.600977,2020-05-25,2020-05-31
sh.600989,2020-05-25,2020-05-31
sh.600998,2020-05-25,2020-05-31
sh.600999,2020-05-25,2020-05-31
sh.601006,2020-05-25,2020-05-31
sh.601009,2020-05-25,2020-05-31
sh.601012,2020-05-25,2020-05-31
sh.601018,2020-05-25,2020-05-31
sh.601021,2020-05-25,2020-05-31
sh.601066,2020-05-25,2020-05-31
sh.601088,2020-05-25,2020-05-31
sh.601108,2020-05-25,2020-05-31
sh.601111,2020-05-25,2020-05-31
sh.601117,2020-05-25,2020-05-31
sh.601138,2020-05-25,2020-05-31
sh.601155,2020-05-25,2020-05-31
sh.601162,2020-05-25,2020-05-31
sh.601166,2020-05-25,2020-05-31
sh.601169,2020-05-25,2020-05-31
sh.601186,2020-05-25,2020-05-31
sh.601198,2020-05-25,2020-05-31
sh.601211,2020-05-25,2020-05-31
sh.601212,2020-05-25,2020-05-31
sh.601216,2020-05-25,2020-05-31
sh.601225,2020-05-25,2020-05-31
sh.601229,2020-05-25,2020-05-31
sh.601236,2020-05-25,2020-05-31
sh.601238,2020-05-25,2020-05-31
sh.601288,2020-05-25,2020-05-31
sh.601298,2020-05-25,2020-05-31
sh.601318,2020-05-25,2020-05-31
sh.601319,2020-05-25,2020-05-31
sh.601328,2020-05-25,2020-05-31
sh.601336,2020-05-25,2020-05-31
sh.601360,2020-05-25,2020-05-31
sh.601377,2020-05-25,2020-05-31
sh.601390,2020-05-25,2020-05-31
sh.601398,2020-05-25,2020-05-31
sh.601555,2020-05-25,2020-05-31
sh.601577,2020-05-25,2020-05-31
sh.601600,2020-05-25,2020-05-31
sh.601601,2020-05-25,2020-05-31
sh.601607,2020-05-25,2020-05-31
sh.601618,2020-05-25,2020-05-31
sh.601628,2020-05-25,2020-05-31
sh.601633,2020-05-25,2020-05-31
sh.601668,2020-05-25,2020-05-31
sh.601669,2020-05-25,2020-05-31
sh.601688,2020-05-25,2020-05-31
sh.601698,2020-05-25,2020-05-31
sh.601727,2020-05-25,2020-05-31
sh.601766,2020-05-25,2020-05-31
sh.601788,2020-05-25,2020-05-31
sh.601800,2020-05-25,2020-05-31
sh.601808,2020-05-25,2020-05-31
sh.601818,2020-05-25,2020-05-31
sh.601828,2020-05-25,2020-05-31
sh.601838,2020-05-25,2020-05-31
sh.601857,2020-05-25,2020-05-31
sh.601877,2020-05-25,2020-05-31
sh.601878,2020-05-25,2020-05-31
sh.601881,2020-05-25,2020-05-31
sh.601888,2020-05-25,2020-05-31
sh.601898,2020-05-25,2020-05-31
sh.601899,2020-05-25,2020-05-31
sh.601901,2020-05-25,2020-05-31
sh.601919,2020-05-25,2020-05-31
sh.601933,2020-05-25,2020-05-31
sh.601939,2020-05-25,2020-05-31
sh.601985,2020-05-25,2020-05-31
sh.601988,2020-05-25,2020-05-31
sh.601989,2020-05-25,2020-05-31
sh.601992,2020-05-25,2020-05-31
sh.601997,2020-05-25,2020-05-31
sh.601998,2020-05-25,2020-05-31
sh.603019,2020-05-25,2020-05-31
sh.603156,2020-05-25,2020-05-31
sh.603160,2020-05-25,2020-05-31
sh.603259,2020-05-25,2020-05-31
sh.603260,2020-05-25,2020-05-31
sh.603288,2020-05-25,2020-05-31
sh.603501,2020-05-25,2020-05-31
sh.603799,2020-05-25,2020-05-31
sh.603833,2020-05-25,2020-05-31
sh.603899,2020-05-25,2020-05-31
sh.603986,2020-05-25,2020-05-31
sh.603993,2020-05-25,2020-05-31
sz.000001,2020-05-25,2020-05-31
sz.000002,2020-05-25,2020-05-31
sz.000063,2020-05-25,2020-05-31
sz.000069,2020-05-25,2020-05-31
sz.000100,2020-05-25,2020-05-31
sz.000157,2020-05-25,2020-05-31
sz.000166,2020-05-25,2020-05-31
sz.000333,2020-05-25,2020-05-31
sz.000338,2020-05-25,2020-05-31
sz.000413,2020-05-25,2020-05-31
sz.000415,2020-05-25,2020-05-31
sz.000423,2020-05-25,2020-05-31
sz.000425,2020-05-25,2020-05-31
sz.000538,2020-05-25,2020-05-31
sz.000568,2020-05-25,2020-05-31
sz.000596,2020-05-25,2020-05-31
sz.000625,2020-05-25,2020-05-31
sz.000627,2020-05-25,2020-05-31
sz.000629,2020-05-25,2020-05-31
sz.000630,2020-05-25,2020-05-31
sz.000651,2020-05-25,2020-05-31
sz.000656,2020-05-25,2020-05-31
sz.000661,2020-05-25,2020-05-31
sz.000671,2020-05-25,2020-05-31
sz.000703,2020-05-25,2020-05-31
sz.000709,2020-05-25,2020-05-31
sz.000723,2020-05-25,2020-05-31
sz.000725,2020-05-25,2020-05-31
sz.000728,2020-05-25,2020-05-31
sz.000768,2020-05-25,2020-05-31
sz.000776,2020-05-25,2020-05-31
sz.000783,2020-05-25,2020-05-31
sz.000786,2020-05-25,2020-05-31
sz.000858,2020-05-25,2020-05-31
sz.000876,2020-05-25,2020-05-31
sz.000895,2020-05-25,2020-05-31
sz.000898,2020-05-25,2020-05-31
sz.000938,2020-05-25,2020-05-31
sz.000961,2020-05-25,2020-05-31
sz.000963,2020-05-25,2020-05-31
sz.001979,2020-05-25,2020-05-31
sz.002001,2020-05-25,2020-05-31
sz.002007,2020-05-25,2020-05-31
sz.002008,2020-05-25,2020-05-31
sz.002010,2020-05-25,2020-05-31
sz.002024,2020-05-25,2020-05-31
sz.002027,2020-05-25,2020-05-31
sz.002032,2020-05-25,2020-05-31
sz.002044,2020-05-25,2020-05-31
sz.002050,2020-05-25,2020-05-31
sz.002081,2020-05-25,2020-05-31
sz.002120,2020-05-25,2020-05-31
sz.002142,2020-05-25,2020-05-31
sz.002146,2020-05-25,2020-05-31
sz.002153,2020-05-25,2020-05-31
sz.002179,2020-05-25,2020-05-31
sz.002202,2020-05-25,2020-05-31
sz.002230,2020-05-25,2020-05-31
sz.002236,2020-05-25,2020-05-31
sz.002241,2020-05-25,2020-05-31
sz.002252,2020-05-25,2020-05-31
sz.002271,2020-05-25,2020-05-31
sz.002294,2020-05-25,2020-05-31
sz.002304,2020-05-25,2020-05-31
sz.002311,2020-05-25,2020-05-31
sz.002352,2020-05-25,2020-05-31
sz.002410,2020-05-25,2020-05-31
sz.002411,2020-05-25,2020-05-31
sz.002415,2020-05-25,2020-05-31
sz.002422,2020-05-25,2020-05-31
sz.002456,2020-05-25,2020-05-31
sz.002460,2020-05-25,2020-05-31
sz.002466,2020-05-25,2020-05-31
sz.002468,2020-05-25,2020-05-31
sz.002475,2020-05-25,2020-05-31
sz.002493,2020-05-25,2020-05-31
sz.002508,2020-05-25,2020-05-31
sz.002555,2020-05-25,2020-05-31
sz.002558,2020-05-25,2020-05-31
sz.002594,2020-05-25,2020-05-31
sz.002601,2020-05-25,2020-05-31
sz.002602,2020-05-25,2020-05-31
sz.002607,2020-05-25,2020-05-31
sz.002624,2020-05-25,2020-05-31
sz.002673,2020-05-25,2020-05-31
sz.002714,2020-05-25,2020-05-31
sz.002736,2020-05-25,2020-05-31
sz.002739,2020-05-25,2020-05-31
sz.002773,2020-05-25,2020-05-31
sz.002841,2020-05-25,2020-05-31
sz.002916,2020-05-25,2020-05-31
sz.002938,2020-05-25,2020-05-31
sz.002939,2020-05-25,2020-05-31
sz.002945,2020-05-25,2020-05-31
sz.002958,2020-05-25,2020-05-31
sz.300003,2020-05-25,2020-05-31
sz.300015,2020-05-25,2020-05-31
sz.300017,2020-05-25,2020-05-31
sz.300024,2020-05-25,2020-05-31
sz.300033,2020-05-25,2020-05-31
sz.300059,2020-05-25,2020-05-31
sz.300070,2020-05-25,2020-05-31
sz.300122,2020-05-25,2020-05-31
sz.300124,2020-05-25,2020-05-31
sz.300136,2020-05-25,2020-05-31
sz.300142,2020-05-25,2020-05-31
sz.300144,2020-05-25,2020-05-31
sz.300347,2020-05-25,2020-05-31
sz.300408,2020-05-25,2020-05-31
sz.300413,2020-05-25,2020-05-31
sz.300433,2020-05-25,2020-05-31
sz.300498,2020-05-25,2020-05-31
sh.600000,2020-06-29,2020-06-30
sh.600004,2020-06-29,2020-06-30
sh.600009,2020-06-29,2020-06-30
sh.600010,2020-06-29,2020-06-30
sh.600011,2020-06-29,2020-06-30
sh.600015,2020-06-29,2020-06-30
sh.600016,2020-06-29,2020-06-30
sh.600018,2020-06-29,2020-06-30
sh.600019,2020-06-29,2020-06-30
sh.600025,2020-06-29,2020-06-30
sh.600027,2020-06-29,2020-06-30
sh.600028,2020-06-29,2020-06-30
sh.600029,2020-06-29,2020-06-30
sh.600030,2020-06-29,2020-06-30
sh.600031,2020-06-29,2020-06-30
sh.600036,2020-06-29,2020-06-30
sh.600038,2020-06-29,2020-06-30
sh.600048,2020-06-29,2020-06-30
sh.600050,2020-06-29,2020-06-30
sh.600061,2020-06-29,2020-06-30
sh.600066,2020-06-29,2020-06-30
sh.600068,2020-06-29,2020-06-30
sh.600085,2020-06-29,2020-06-30
sh.600089,2020-06-29,2020-06-30
sh.600104,2020-06-29,2020-06-30
sh.600109,2020-06-29,2020-06-30
sh.600111,2020-06-29,2020-06-30
sh.600115,2020-06-29,2020-06-30
sh.600118,2020-06-29,2020-06-30
sh.600170,2020-06-29,2020-06-30
sh.600176,2020-06-29,2020-06-30
sh.600177,2020-06-29,2020-06-30
sh.600183,2020-06-29,2020-06-30
sh.600188,2020-06-29,2020-06-30
sh.600196,2020-06-29,2020-06-30
sh.600208,2020-06-29,2020-06-30
sh.600219,2020-06-29,2020-06-30
sh.600221,2020-06-29,2020-06-30
sh.600233,2020-06-29,2020-06-30
sh.600271,2020-06-29,2020-06-30
sh.600276,2020-06-29,2020-06-30
sh.600297,2020-06-29,2020-06-30
sh.600299,2020-06-29,2020-06-30
sh.600309,2020-06-29,2020-06-30
sh.600332,2020-06-29,2020-06-30
sh.600340,2020-06-29,2020-06-30
sh.600346,2020-06-29,2020-06-30
sh.600352,2020-06-29,2020-06-30
sh.600362,2020-06-29,2020-06-30
sh.600369,2020-06-29,2020-06-30
sh.600372,2020-06-29,2020-06-30
sh.600383,2020-06-29,2020-06-30
sh.600390,2020-06-29,2020-06-30
sh.600398,2020-06-29,2020-06-30
sh.600406,2020-06-29,2020-06-30
sh.600436,2020-06-29,2020-06-30
sh.600438,2020-06-29,2020-06-30
sh.600482,2020-06-29,2020-06-30
sh.600487,2020-06-29,2020-06-30
sh.600489,2020-06-29,2020-06-30
sh.600498,2020-06-29,2020-06-30
sh.600516,2020-06-29,2020-06-30
sh.600519,2020-06-29,2020-06-30
sh.600522,2020-06-29,2020-06-30
sh.600547,2020-06-29,2020-06-30
sh.600570,2020-06-29,2020-06-30
sh.600583,2020-06-29,2020-06-30
sh.600585,2020-06-29,2020-06-30
sh.600588,2020-06-29,2020-06-30
sh.600606,2020-06-29,2020-06-30
sh.600637,2020-06-29,2020-06-30
sh.600655,2020-06-29,2020-06-30
sh.600660,2020-06-29,2020-06-30
sh.600674,2020-06-29,2020-06-30
sh.600690,2020-06-29,2020-06-30
sh.600703,2020-06-29,2020-06-30
sh.600705,2020-06-29,2020-06-30
sh.600741,2020-06-29,2020-06-30
sh.600745,2020-06-29,2020-06-30
sh.600760,2020-06-29,2020-06-30
sh.600795,2020-06-29,2020-06-30
sh.600809,2020-06-29,2020-06-30
sh.600837,2020-06-29,2020-06-30
sh.600848,2020-06-29,2020-06-30
sh.600867,2020-06-29,2020-06-30
sh.600886,2020-06-29,2020-06-30
sh.600887,2020-06-29,2020-06-30
sh.600893,2020-06-29,2020-06-30
sh.600900,2020-06-29,2020-06-30
sh.600919,2020-06-29,2020-06-30
sh.600926,2020-06-29,2020-06-30
sh.600928,2020-06-29,2020-06-30
sh.600958,2020-06-29,2020-06-30
sh.600968,2020-06-29,2020-06-30
sh.600977,2020-06-29,2020-06-30
sh.600989,2020-06-29,2020-06-30
sh.600998,2020-06-29,2020-06-30
sh.600999,2020-06-29,2020-06-30
sh.601006,2020-06-29,2020-06-30
sh.601009,2020-06-29,2020-06-30
sh.601012,2020-06-29,2020-06-30
sh.601018,2020-06-29,2020-06-30
sh.601021,2020-06-29,2020-06-30
sh.601066,2020-06-29,2020-06-30
sh.601077,2020-06-29,2020-06-30
sh.601088,2020-06-29,2020-06-30
sh.601100,2020-06-29,2020-06-30
sh.601108,2020-06-29,2020-06-30
sh.601111,2020-06-29,2020-06-30
sh.601117,2020-06-29,2020-06-30
sh.601138,2020-06-29,2020-06-30
sh.601155,2020-06-29,2020-06-30
sh.601162,2020-06-29,2020-06-30
sh.601166,2020-06-29,2020-06-30
sh.601169,2020-06-29,2020-06-30
sh.601186,2020-06-29,2020-06-30
sh.601198,2020-06-29,2020-06-30
sh.601211,2020-06-29,2020-06-30
sh.601212,2020-06-29,2020-06-30
sh.601216,2020-06-29,2020-06-30
sh.601225,2020-06-29,2020-06-30
sh.601229,2020-06-29,2020-06-30
sh.601231,2020-06-29,2020-06-30
sh.601236,2020-06-29,2020-06-30
sh.601238,2020-06-29,2020-06-30
sh.601288,2020-06-29,2020-06-30
sh.601298,2020-06-29,2020-06-30
sh.601318,2020-06-29,2020-06-30
sh.601319,2020-06-29,2020-06-30
sh.601328,2020-06-29,2020-06-30
sh.601336,2020-06-29,2020-06-30
sh.601360,2020-06-29,2020-06-30
sh.601377,2020-06-29,2020-06-30
sh.601390,2020-06-29,2020-06-30
sh.601398,2020-06-29,2020-06-30
sh.601555,2020-06-29,2020-06-30
sh.601577,2020-06-29,2020-06-30
sh.601600,2020-06-29,2020-06-30
sh.601601,2020-06-29,2020-06-30
sh.601607,2020-06-29,2020-06-30
sh.601618,2020-06-29,2020-06-30
sh.601628,2020-06-29,2020-06-30
sh.601633,2020-06-29,2020-06-30
sh.601658,2020-06-29,2020-06-30
sh.601668,2020-06-29,2020-06-30
sh.601669,2020-06-29,2020-06-30
sh.601688,2020-06-29,2020-06-30
sh.601698,2020-06-29,2020-06-30
sh.601727,2020-06-29,2020-06-30
sh.601766,2020-06-29,2020-06-30
sh.601788,2020-06-29,2020-06-30
sh.601800,2020-06-29,2020-06-30
sh.601808,2020-06-29,2020-06-30
sh.601816,2020-06-29,2020-06-30
sh.601818,2020-06-29,2020-06-30
sh.601828,2020-06-29,2020-06-30
sh.601838,2020-06-29,2020-06-30
sh.601857,2020-06-29,2020-06-30
sh.601877,2020-06-29,2020-06-30
sh.601878,2020-06-29,2020-06-30
sh.601881,2020-06-29,2020-06-30
sh.601888,2020-06-29,2020-06-30
sh.601898,2020-06-29,2020-06-30
sh.601899,2020-06-29,2020-06-30
sh.601901,2020-06-29,2020-06-30
sh.601916,2020-06-29,2020-06-30
sh.601919,2020-06-29,2020-06-30
sh.601933,2020-06-29,2020-06-30
sh.601939,2020-06-29,2020-06-30
sh.601985,2020-06-29,2020-06-30
sh.601988,2020-06-29,2020-06-30
sh.601989,2020-06-29,2020-06-30
sh.601992,2020-06-29,2020-06-30
sh.601997,2020-06-29,2020-06-30
sh.601998,2020-06-29,2020-06-30
sh.603019,2020-06-29,2020-06-30
sh.603156,2020-06-29,2020-06-30
sh.603160,2020-06-29,2020-06-30
sh.603259,2020-06-29,2020-06-30
sh.603260,2020-06-29,2020-06-30
sh.603288,2020-06-29,2020-06-30
sh.603369,2020-06-29,2020-06-30
sh.603501,2020-06-29,2020-06-30
sh.603658,2020-06-29,2020-06-30
sh.603799,2020-06-29,2020-06-30
sh.603833,2020-06-29,2020-06-30
sh.603899,2020-06-29,2020-06-30
sh.603986,2020-06-29,2020-06-30
sh.603993,2020-06-29,2020-06-30
sz.000001,2020-06-29,2020-06-30
sz.000002,2020-06-29,2020-06-30
sz.000063,2020-06-29,2020-06-30
sz.000066,2020-06-29,2020-06-30
sz.000069,2020-06-29,2020-06-30
sz.000100,2020-06-29,2020-06-30
sz.000157,2020-06-29,2020-06-30
sz.000166,2020-06-29,2020-06-30
sz.000333,2020-06-29,2020-06-30
sz.000338,2020-06-29,2020-06-30
sz.000425,2020-06-29,2020-06-30
sz.000538,2020-06-29,2020-06-30
sz.000568,2020-06-29,2020-06-30
sz.000596,2020-06-29,2020-06-30
sz.000625,2020-06-29,2020-06-30
sz.000627,2020-06-29,2020-06-30
sz.000651,2020-06-29,2020-06-30
sz.000656,2020-06-29,2020-06-30
sz.000661,2020-06-29,2020-06-30
sz.000671,2020-06-29,2020-06-30
sz.000703,2020-06-29,2020-06-30
sz.000708,2020-06-29,2020-06-30
sz.000709,2020-06-29,2020-06-30
sz.000723,2020-06-29,2020-06-30
sz.000725,2020-06-29,2020-06-30
sz.000728,2020-06-29,2020-06-30
sz.000768,2020-06-29,2020-06-30
sz.000776,2020-06-29,2020-06-30
sz.000783,2020-06-29,2020-06-30
sz.000786,2020-06-29,2020-06-30
sz.000858,2020-06-29,2020-06-30
sz.000860,2020-06-29,2020-06-30
sz.000876,2020-06-29,2020-06-30
sz.000895,2020-06-29,2020-06-30
sz.000938,2020-06-29,2020-06-30
sz.000961,2020-06-29,2020-06-30
sz.000963,2020-06-29,2020-06-30
sz.000977,2020-06-29,2020-06-30
sz.001979,2020-06-29,2020-06-30
sz.002001,2020-06-29,2020-06-30
sz.002007,2020-06-29,2020-06-30
sz.002008,2020-06-29,2020-06-30
sz.002024,2020-06-29,2020-06-30
sz.002027,2020-06-29,2020-06-30
sz.002032,2020-06-29,2020-06-30
sz.002044,2020-06-29,2020-06-30
sz.002050,2020-06-29,2020-06-30
sz.002120,2020-06-29,2020-06-30
sz.002129,2020-06-29,2020-06-30
sz.002142,2020-06-29,2020-06-30
sz.002146,2020-06-29,2020-06-30
sz.002153,2020-06-29,2020-06-30
sz.002157,2020-06-29,2020-06-30
sz.002179,2020-06-29,2020-06-30
sz.002202,2020-06-29,2020-06-30
sz.002230,2020-06-29,2020-06-30
sz.002236,2020-06-29,2020-06-30
sz.002241,2020-06-29,2020-06-30
sz.002252,2020-06-29,2020-06-30
sz.002271,2020-06-29,2020-06-30
sz.002304,2020-06-29,2020-06-30
sz.002311,2020-06-29,2020-06-30
sz.002352,2020-06-29,2020-06-30
sz.002371,2020-06-29,2020-06-30
sz.002410,2020-06-29,2020-06-30
sz.002415,2020-06-29,2020-06-30
sz.002422,2020-06-29,2020-06-30
sz.002456,2020-06-29,2020-06-30
sz.002460,2020-06-29,2020-06-30
sz.002463,2020-06-29,2020-06-30
sz.002466,2020-06-29,2020-06-30
sz.002468,2020-06-29,2020-06-30
sz.002475,2020-06-29,2020-06-30
sz.002493,2020-06-29,2020-06-30
sz.002508,2020-06-29,2020-06-30
sz.002555,2020-06-29,2020-06-30
sz.002558,2020-06-29,2020-06-30
sz.002594,2020-06-29,2020-06-30
sz.002601,2020-06-29,2020-06-30
sz.002602,2020-06-29,2020-06-30
sz.002607,2020-06-29,2020-06-30
sz.002624,2020-06-29,2020-06-30
sz.002673,2020-06-29,2020-06-30
sz.002714,2020-06-29,2020-06-30
sz.002736,2020-06-29,2020-06-30
sz.002739,2020-06-29,2020-06-30
sz.002773,2020-06-29,2020-06-30
sz.002841,2020-06-29,2020-06-30
sz.002916,2020-06-29,2020-06-30
sz.002938,2020-06-29,2020-06-30
sz.002939,2020-06-29,2020-06-30
sz.002945,2020-06-29,2020-06-30
sz.002958,2020-06-29,2020-06-30
sz.003816,2020-06-29,2020-06-30
sz.300003,2020-06-29,2020-06-30
sz.300014,2020-06-29,2020-06-30
sz.300015,2020-06-29,2020-06-30
sz.300033,2020-06-29,2020-06-30
sz.300059,2020-06-29,2020-06-30
sz.300122,2020-06-29,2020-06-30
sz.300124,2020-06-29,2020-06-30
sz.300136,2020-06-29,2020-06-30
sz.300142,2020-06-29,2020-06-30
sz.300144,2020-06-29,2020-06-30
sz.300347,2020-06-29,2020-06-30
sz.300408,2020-06-29,2020-06-30
sz.300413,2020-06-29,2020-06-30
sz.300433,2020-06-29,2020-06-30
sz.300498,2020-06-29,2020-06-30
sz.300601,2020-06-29,2020-06-30
sz.300628,2020-06-29,2020-06-30
sh.600000,2020-07-27,2020-07-31
sh.600004,2020-07-27,2020-07-31
sh.600009,2020-07-27,2020-07-31
sh.600010,2020-07-27,2020-07-31
sh.600011,2020-07-27,2020-07-31
sh.600015,2020-07-27,2020-07-31
sh.600016,2020-07-27,2020-07-31
sh.600018,2020-07-27,2020-07-31
sh.600019,2020-07-27,2020-07-31
sh.600025,2020-07-27,2020-07-31
sh.600027,2020-07-27,2020-07-31
sh.600028,2020-07-27,2020-07-31
sh.600029,2020-07-27,2020-07-31
sh.600030,2020-07-27,2020-07-31
sh.600031,2020-07-27,2020-07-31
sh.600036,2020-07-27,2020-07-31
sh.600038,2020-07-27,2020-07-31
sh.600048,2020-07-27,2020-07-31
sh.600050,2020-07-27,2020-07-31
sh.600061,2020-07-27,2020-07-31
sh.600066,2020-07-27,2020-07-31
sh.600068,2020-07-27,2020-07-31
sh.600085,2020-07-27,2020-07-31
sh.600089,2020-07-27,2020-07-31
sh.600104,2020-07-27,2020-07-31
sh.600109,2020-07-27,2020-07-31
sh.600111,2020-07-27,2020-07-31
sh.600115,2020-07-27,2020-07-31
sh.600118,2020-07-27,2020-07-31
sh.600170,2020-07-27,2020-07-31
sh.600176,2020-07-27,2020-07-31
sh.600177,2020-07-27,2020-07-31
sh.600183,2020-07-27,2020-07-31
sh.600188,2020-07-27,2020-07-31
sh.600196,2020-07-27,2020-07-31
sh.600208,2020-07-27,2020-07-31
sh.600219,2020-07-27,2020-07-31
sh.600221,2020-07-27,2020-07-31
sh.600233,2020-07-27,2020-07-31
sh.600271,2020-07-27,2020-07-31
sh.600276,2020-07-27,2020-07-31
sh.600297,2020-07-27,2020-07-31
sh.600299,2020-07-27,2020-07-31
sh.600309,2020-07-27,2020-07-31
sh.600332,2020-07-27,2020-07-31
sh.600340,2020-07-27,2020-07-31
sh.600346,2020-07-27,2020-07-31
sh.600352,2020-07-27,2020-07-31
sh.600362,2020-07-27,2020-07-31
sh.600369,2020-07-27,2020-07-31
sh.600372,2020-07-27,2020-07-31
sh.600383,2020-07-27,2020-07-31
sh.600390,2020-07-27,2020-07-31
sh.600398,2020-07-27,2020-07-31
sh.600406,2020-07-27,2020-07-31
sh.600436,2020-07-27,2020-07-31
sh.600438,2020-07-27,2020-07-31
sh.600482,2020-07-27,2020-07-31
sh.600487,2020-07-27,2020-07-31
sh.600489,2020-07-27,2020-07-31
sh.600498,2020-07-27,2020-07-31
sh.600516,2020-07-27,2020-07-31
sh.600519,2020-07-27,2020-07-31
sh.600522,2020-07-27,2020-07-31
sh.600547,2020-07-27,2020-07-31
sh.600570,2020-07-27,2020-07-31
sh.600583,2020-07-27,2020-07-31
sh.600585,2020-07-27,2020-07-31
sh.600588,2020-07-27,2020-07-31
sh.600606,2020-07-27,2020-07-31
sh.600637,2020-07-27,2020-07-31
sh.600655,2020-07-27,2020-07-31
sh.600660,2020-07-27,2020-07-31
sh.600674,2020-07-27,2020-07-31
sh.600690,2020-07-27,2020-07-31
sh.600703,2020-07-27,2020-07-31
sh.600705,2020-07-27,2020-07-31
sh.600741,2020-07-27,2020-07-31
sh.600745,2020-07-27,2020-07-31
sh.600760,2020-07-27,2020-07-31
sh.600795,2020-07-27,2020-07-31
sh.600809,2020-07-27,2020-07-31
sh.600837,2020-07-27,2020-07-31
sh.600848,2020-07-27,2020-07-31
sh.600867,2020-07-27,2020-07-31
sh.600886,2020-07-27,2020-07-31
sh.600887,2020-07-27,2020-07-31
sh.600893,2020-07-27,2020-07-31
sh.600900,2020-07-27,2020-07-31
sh.600919,2020-07-27,2020-07-31
sh.600926,2020-07-27,2020-07-31
sh.600928,2020-07-27,2020-07-31
sh.600958,2020-07-27,2020-07-31
sh.600968,2020-07-27,2020-07-31
sh.600977,2020-07-27,2020-07-31
sh.600989,2020-07-27,2020-07-31
sh.600998,2020-07-27,2020-07-31
sh.600999,2020-07-27,2020-07-31
sh.601006,2020-07-27,2020-07-31
sh.601009,2020-07-27,2020-07-31
sh.601012,2020-07-27,2020-07-31
sh.601018,2020-07-27,2020-07-31
sh.601021,2020-07-27,2020-07-31
sh.601066,2020-07-27,2020-07-31
sh.601077,2020-07-27,2020-07-31
sh.601088,2020-07-27,2020-07-31
sh.601100,2020-07-27,2020-07-31
sh.601108,2020-07-27,2020-07-31
sh.601111,2020-07-27,2020-07-31
sh.601117,2020-07-27,2020-07-31
sh.601138,2020-07-27,2020-07-31
sh.601155,2020-07-27,2020-07-31
sh.601162,2020-07-27,2020-07-31
sh.601166,2020-07-27,2020-07-31
sh.601169,2020-07-27,2020-07-31
sh.601186,2020-07-27,2020-07-31
sh.601198,2020-07-27,2020-07-31
sh.601211,2020-07-27,2020-07-31
sh.601212,2020-07-27,2020-07-31
sh.601216,2020-07-27,2020-07-31
sh.601225,2020-07-27,2020-07-31
sh.601229,2020-07-27,2020-07-31
sh.601231,2020-07-27,2020-07-31
sh.601236,2020-07-27,2020-07-31
sh.601238,2020-07-27,2020-07-31
sh.601288,2020-07-27,2020-07-31
sh.601298,2020-07-27,2020-07-31
sh.601318,2020-07-27,2020-07-31
sh.601319,2020-07-27,2020-07-31
sh.601328,2020-07-27,2020-07-31
sh.601336,2020-07-27,2020-07-31
sh.601360,2020-07-27,2020-07-31
sh.601377,2020-07-27,2020-07-31
sh.601390,2020-07-27,2020-07-31
sh.601398,2020-07-27,2020-07-31
sh.601555,2020-07-27,2020-07-31
sh.601577,2020-07-27,2020-07-31
sh.601600,2020-07-27,2020-07-31
sh.601601,2020-07-27,2020-07-31
sh.601607,2020-07-27,2020-07-31
sh.601618,2020-07-27,2020-07-31
sh.601628,2020-07-27,2020-07-31
sh.601633,2020-07-27,2020-07-31
sh.601658,2020-07-27,2020-07-31
sh.601668,2020-07-27,2020-07-31
sh.601669,2020-07-27,2020-07-31
sh.601688,2020-07-27,2020-07-31
sh.601698,2020-07-27,2020-07-31
sh.601727,2020-07-27,2020-07-31
sh.601766,2020-07-27,2020-07-31
sh.601788,2020-07-27,2020-07-31
sh.601800,2020-07-27,2020-07-31
sh.601808,2020-07-27,2020-07-31
sh.601816,2020-07-27,2020-07-31
sh.601818,2020-07-27,2020-07-31
sh.601828,2020-07-27,2020-07-31
sh.601838,2020-07-27,2020-07-31
sh.601857,2020-07-27,2020-07-31
sh.601877,2020-07-27,2020-07-31
sh.601878,2020-07-27,2020-07-31
sh.601881,2020-07-27,2020-07-31
sh.601888,2020-07-27,2020-07-31
sh.601898,2020-07-27,2020-07-31
sh.601899,2020-07-27,2020-07-31
sh.601901,2020-07-27,2020-07-31
sh.601916,2020-07-27,2020-07-31
sh.601919,2020-07-27,2020-07-31
sh.601933,2020-07-27,2020-07-31
sh.601939,2020-07-27,2020-07-31
sh.601985,2020-07-27,2020-07-31
sh.601988,2020-07-27,2020-07-31
sh.601989,2020-07-27,2020-07-31
sh.601992,2020-07-27,2020-07-31
sh.601997,2020-07-27,2020-07-31
sh.601998,2020-07-27,2020-07-31
sh.603019,2020-07-27,2020-07-31
sh.603156,2020-07-27,2020-07-31
sh.603160,2020-07-27,2020-07-31
sh.603259,2020-07-27,2020-07-31
sh.603260,2020-07-27,2020-07-31
sh.603288,2020-07-27,2020-07-31
sh.603369,2020-07-27,2020-07-31
sh.603501,2020-07-27,2020-07-31
sh.603658,2020-07-27,2020-07-31
sh.603799,2020-07-27,2020-07-31
sh.603833,2020-07-27,2020-07-31
sh.603899,2020-07-27,2020-07-31
sh.603986,2020-07-27,2020-07-31
sh.603993,2020-07-27,2020-07-31
sz.000001,2020-07-27,2020-07-31
sz.000002,2020-07-27,2020-07-31
sz.000063,2020-07-27,2020-07-31
sz.000066,2020-07-27,2020-07-31
sz.000069,2020-07-27,2020-07-31
sz.000100,2020-07-27,2020-07-31
sz.000157,2020-07-27,2020-07-31
sz.000166,2020-07-27,2020-07-31
sz.000333,2020-07-27,2020-07-31
sz.000338,2020-07-27,2020-07-31
sz.000425,2020-07-27,2020-07-31
sz.000538,2020-07-27,2020-07-31
sz.000568,2020-07-27,2020-07-31
sz.000596,2020-07-27,2020-07-31
sz.000625,2020-07-27,2020-07-31
sz.000627,2020-07-27,2020-07-31
sz.000651,2020-07-27,2020-07-31
sz.000656,2020-07-27,2020-07-31
sz.000661,2020-07-27,2020-07-31
sz.000671,2020-07-27,2020-07-31
sz.000703,2020-07-27,2020-07-31
sz.000708,2020-07-27,2020-07-31
sz.000709,2020-07-27,2020-07-31
sz.000723,2020-07-27,2020-07-31
sz.000725,2020-07-27,2020-07-31
sz.000728,2020-07-27,2020-07-31
sz.000768,2020-07-27,2020-07-31
sz.000776,2020-07-27,2020-07-31
sz.000783,2020-07-27,2020-07-31
sz.000786,2020-07-27,2020-07-31
sz.000858,2020-07-27,2020-07-31
sz.000860,2020-07-27,2020-07-31
sz.000876,2020-07-27,2020-07-31
sz.000895,2020-07-27,2020-07-31
sz.000938,2020-07-27,2020-07-31
sz.000961,2020-07-27,2020-07-31
sz.000963,2020-07-27,2020-07-31
sz.000977,2020-07-27,2020-07-31
sz.001979,2020-07-27,2020-07-31
sz.002001,2020-07-27,2020-07-31
sz.002007,2020-07-27,2020-07-31
sz.002008,2020-07-27,2020-07-31
sz.002024,2020-07-27,2020-07-31
sz.002027,2020-07-27,2020-07-31
sz.002032,2020-07-27,2020-07-31
sz.002044,2020-07-27,2020-07-31
sz.002050,2020-07-27,2020-07-31
sz.002120,2020-07-27,2020-07-31
sz.002129,2020-07-27,2020-07-31
sz.002142,2020-07-27,2020-07-31
sz.002146,2020-07-27,2020-07-31
sz.002153,2020-07-27,2020-07-31
sz.002157,2020-07-27,2020-07-31
sz.002179,2020-07-27,2020-07-31
sz.002202,2020-07-27,2020-07-31
sz.002230,2020-07-27,2020-07-31
sz.002236,2020-07-27,2020-07-31
sz.002241,2020-07-27,2020-07-31
sz.002252,2020-07-27,2020-07-31
sz.002271,2020-07-27,2020-07-31
sz.002304,2020-07-27,2020-07-31
sz.002311,2020-07-27,2020-07-31
sz.002352,2020-07-27,2020-07-31
sz.002371,2020-07-27,2020-07-31
sz.002410,2020-07-27,2020-07-31
sz.002415,2020-07-27,2020-07-31
sz.002422,2020-07-27,2020-07-31
sz.002456,2020-07-27,2020-07-31
sz.002460,2020-07-27,2020-07-31
sz.002463,2020-07-27,2020-07-31
sz.002466,2020-07-27,2020-07-31
sz.002468,2020-07-27,2020-07-31
sz.002475,2020-07-27,2020-07-31
sz.002493,2020-07-27,2020-07-31
sz.002508,2020-07-27,2020-07-31
sz.002555,2020-07-27,2020-07-31
sz.002558,2020-07-27,2020-07-31
sz.002594,2020-07-27,2020-07-31
sz.002601,2020-07-27,2020-07-31
sz.002602,2020-07-27,2020-07-31
sz.002607,2020-07-27,2020-07-31
sz.002624,2020-07-27,2020-07-31
sz.002673,2020-07-27,2020-07-31
sz.002714,2020-07-27,2020-07-31
sz.002736,2020-07-27,2020-07-31
sz.002739,2020-07-27,2020-07-31
sz.002773,2020-07-27,2020-07-31
sz.002841,2020-07-27,2020-07-31
sz.002916,2020-07-27,2020-07-31
sz.002938,2020-07-27,2020-07-31
sz.002939,2020-07-27,2020-07-31
sz.002945,2020-07-27,2020-07-31
sz.002958,2020-07-27,2020-07-31
sz.003816,2020-07-27,2020-07-31
sz.300003,2020-07-27,2020-07-31
sz.300014,2020-07-27,2020-07-31
sz.300015,2020-07-27,2020-07-31
sz.300033,2020-07-27,2020-07-31
sz.300059,2020-07-27,2020-07-31
sz.300122,2020-07-27,2020-07-31
sz.300124,2020-07-27,2020-07-31
sz.300136,2020-07-27,2020-07-31
sz.300142,2020-07-27,2020-07-31
sz.300144,2020-07-27,2020-07-31
sz.300347,2020-07-27,2020-07-31
sz.300408,2020-07-27,2020-07-31
sz.300413,2020-07-27,2020-07-31
sz.300433,2020-07-27,2020-07-31
sz.300498,2020-07-27,2020-07-31
sz.300601,2020-07-27,2020-07-31
sz.300628,2020-07-27,2020-07-31
sh.600000,2020-08-31,2020-08-31
sh.600004,2020-08-31,2020-08-31
sh.600009,2020-08-31,2020-08-31
sh.600010,2020-08-31,2020-08-31
sh.600011,2020-08-31,2020-08-31
sh.600015,2020-08-31,2020-08-31
sh.600016,2020-08-31,2020-08-31
sh.600018,2020-08-31,2020-08-31
sh.600019,2020-08-31,2020-08-31
sh.600025,2020-08-31,2020-08-31
sh.600027,2020-08-31,2020-08-31
sh.600028,2020-08-31,2020-08-31
sh.600029,2020-08-31,2020-08-31
sh.600030,2020-08-31,2020-08-31
sh.600031,2020-08-31,2020-08-31
sh.600036,2020-08-31,2020-08-31
sh.600038,2020-08-31,2020-08-31
sh.600048,2020-08-31,2020-08-31
sh.600050,2020-08-31,2020-08-31
sh.600061,2020-08-31,2020-08-31
sh.600066,2020-08-31,2020-08-31
sh.600068,2020-08-31,2020-08-31
sh.600085,2020-08-31,2020-08-31
sh.600089,2020-08-31,2020-08-31
sh.600104,2020-08-31,2020-08-31
sh.600109,2020-08-31,2020-08-31
sh.600111,2020-08-31,2020-08-31
sh.600115,2020-08-31,2020-08-31
sh.600118,2020-08-31,2020-08-31
sh.600170,2020-08-31,2020-08-31
sh.600176,2020-08-31,2020-08-31
sh.600177,2020-08-31,2020-08-31
sh.600183,2020-08-31,2020-08-31
sh.600188,2020-08-31,2020-08-31
sh.600196,2020-08-31,2020-08-31
sh.600208,2020-08-31,2020-08-31
sh.600219,2020-08-31,2020-08-31
sh.600221,2020-08-31,2020-08-31
sh.600233,2020-08-31,2020-08-31
sh.600271,2020-08-31,2020-08-31
sh.600276,2020-08-31,2020-08-31
sh.600297,2020-08-31,2020-08-31
sh.600299,2020-08-31,2020-08-31
sh.600309,2020-08-31,2020-08-31
sh.600332,2020-08-31,2020-08-31
sh.600340,2020-08-31,2020-08-31
sh.600346,2020-08-31,2020-08-31
sh.600352,2020-08-31,2020-08-31
sh.600362,2020-08-31,2020-08-31
sh.600369,2020-08-31,2020-08-31
sh.600372,2020-08-31,2020-08-31
sh.600383,2020-08-31,2020-08-31
sh.600390,2020-08-31,2020-08-31
sh.600398,2020-08-31,2020-08-31
sh.600406,2020-08-31,2020-08-31
sh.600436,2020-08-31,2020-08-31
sh.600438,2020-08-31,2020-08-31
sh.600482,2020-08-31,2020-08-31
sh.600487,2020-08-31,2020-08-31
sh.600489,2020-08-31,2020-08-31
sh.600498,2020-08-31,2020-08-31
sh.600516,2020-08-31,2020-08-31
sh.600519,2020-08-31,2020-08-31
sh.600522,2020-08-31,2020-08-31
sh.600547,2020-08-31,2020-08-31
sh.600570,2020-08-31,2020-08-31
sh.600583,2020-08-31,2020-08-31
sh.600585,2020-08-31,2020-08-31
sh.600588,2020-08-31,2020-08-31
sh.600606,2020-08-31,2020-08-31
sh.600637,2020-08-31,2020-08-31
sh.600655,2020-08-31,2020-08-31
sh.600660,2020-08-31,2020-08-31
sh.600674,2020-08-31,2020-08-31
sh.600690,2020-08-31,2020-08-31
sh.600703,2020-08-31,2020-08-31
sh.600705,2020-08-31,2020-08-31
sh.600741,2020-08-31,2020-08-31
sh.600745,2020-08-31,2020-08-31
sh.600760,2020-08-31,2020-08-31
sh.600795,2020-08-31,2020-08-31
sh.600809,2020-08-31,2020-08-31
sh.600837,2020-08-31,2020-08-31
sh.600848,2020-08-31,2020-08-31
sh.600867,2020-08-31,2020-08-31
sh.600886,2020-08-31,2020-08-31
sh.600887,2020-08-31,2020-08-31
sh.600893,2020-08-31,2020-08-31
sh.600900,2020-08-31,2020-08-31
sh.600919,2020-08-31,2020-08-31
sh.600926,2020-08-31,2020-08-31
sh.600928,2020-08-31,2020-08-31
sh.600958,2020-08-31,2020-08-31
sh.600968,2020-08-31,2020-08-31
sh.600977,2020-08-31,2020-08-31
sh.600989,2020-08-31,2020-08-31
sh.600998,2020-08-31,2020-08-31
sh.600999,2020-08-31,2020-08-31
sh.601006,2020-08-31,2020-08-31
sh.601009,2020-08-31,2020-08-31
sh.601012,2020-08-31,2020-08-31
sh.601018,2020-08-31,2020-08-31
sh.601021,2020-08-31,2020-08-31
sh.601066,2020-08-31,2020-08-31
sh.601077,2020-08-31,2020-08-31
sh.601088,2020-08-31,2020-08-31
sh.601100,2020-08-31,2020-08-31
sh.601108,2020-08-31,2020-08-31
sh.601111,2020-08-31,2020-08-31
sh.601117,2020-08-31,2020-08-31
sh.601138,2020-08-31,2020-08-31
sh.601155,2020-08-31,2020-08-31
sh.601162,2020-08-31,2020-08-31
sh.601166,2020-08-31,2020-08-31
sh.601169,2020-08-31,2020-08-31
sh.601186,2020-08-31,2020-08-31
sh.601198,2020-08-31,2020-08-31
sh.601211,2020-08-31,2020-08-31
sh.601212,2020-08-31,2020-08-31
sh.601216,2020-08-31,2020-08-31
sh.601225,2020-08-31,2020-08-31
sh.601229,2020-08-31,2020-08-31
sh.601231,2020-08-31,2020-08-31
sh.601236,2020-08-31,2020-08-31
sh.601238,2020-08-31,2020-08-31
sh.601288,2020-08-31,2020-08-31
sh.601298,2020-08-31,2020-08-31
sh.601318,2020-08-31,2020-08-31
sh.601319,2020-08-31,2020-08-31
sh.601328,2020-08-31,2020-08-31
sh.601336,2020-08-31,2020-08-31
sh.601360,2020-08-31,2020-08-31
sh.601377,2020-08-31,2020-08-31
sh.601390,2020-08-31,2020-08-31
sh.601398,2020-08-31,2020-08-31
sh.601555,2020-08-31,2020-08-31
sh.601577,2020-08-31,2020-08-31
sh.601600,2020-08-31,2020-08-31
sh.601601,2020-08-31,2020-08-31
sh.601607,2020-08-31,2020-08-31
sh.601618,2020-08-31,2020-08-31
sh.601628,2020-08-31,2020-08-31
sh.601633,2020-08-31,2020-08-31
sh.601658,2020-08-31,2020-08-31
sh.601668,2020-08-31,2020-08-31
sh.601669,2020-08-31,2020-08-31
sh.601688,2020-08-31,2020-08-31
sh.601698,2020-08-31,2020-08-31
sh.601727,2020-08-31,2020-08-31
sh.601766,2020-08-31,2020-08-31
sh.601788,2020-08-31,2020-08-31
sh.601800,2020-08-31,2020-08-31
sh.601808,2020-08-31,2020-08-31
sh.601816,2020-08-31,2020-08-31
sh.601818,2020-08-31,2020-08-31
sh.601828,2020-08-31,2020-08-31
sh.601838,2020-08-31,2020-08-31
sh.601857,2020-08-31,2020-08-31
sh.601877,2020-08-31,2020-08-31
sh.601878,2020-08-31,2020-08-31
sh.601881,2020-08-31,2020-08-31
sh.601888,2020-08-31,2020-08-31
sh.601898,2020-08-31,2020-08-31
sh.601899,2020-08-31,2020-08-31
sh.601901,2020-08-31,2020-08-31
sh.601916,2020-08-31,2020-08-31
sh.601919,2020-08-31,2020-08-31
sh.601933,2020-08-31,2020-08-31
sh.601939,2020-08-31,2020-08-31
sh.601985,2020-08-31,2020-08-31
sh.601988,2020-08-31,2020-08-31
sh.601989,2020-08-31,2020-08-31
sh.601992,2020-08-31,2020-08-31
sh.601997,2020-08-31,2020-08-31
sh.601998,2020-08-31,2020-08-31
sh.603019,2020-08-31,2020-08-31
sh.603156,2020-08-31,2020-08-31
sh.603160,2020-08-31,2020-08-31
sh.603259,2020-08-31,2020-08-31
sh.603260,2020-08-31,2020-08-31
sh.603288,2020-08-31,2020-08-31
sh.603369,2020-08-31,2020-08-31
sh.603501,2020-08-31,2020-08-31
sh.603658,2020-08-31,2020-08-31
sh.603799,2020-08-31,2020-08-31
sh.603833,2020-08-31,2020-08-31
sh.603899,2020-08-31,2020-08-31
sh.603986,2020-08-31,2020-08-31
sh.603993,2020-08-31,2020-08-31
sz.000001,2020-08-31,2020-08-31
sz.000002,2020-08-31,2020-08-31
sz.000063,2020-08-31,2020-08-31
sz.000066,2020-08-31,2020-08-31
sz.000069,2020-08-31,2020-08-31
sz.000100,2020-08-31,2020-08-31
sz.000157,2020-08-31,2020-08-31
sz.000166,2020-08-31,2020-08-31
sz.000333,2020-08-31,2020-08-31
sz.000338,2020-08-31,2020-08-31
sz.000425,2020-08-31,2020-08-31
sz.000538,2020-08-31,2020-08-31
sz.000568,2020-08-31,2020-08-31
sz.000596,2020-08-31,2020-08-31
sz.000625,2020-08-31,2020-08-31
sz.000627,2020-08-31,2020-08-31
sz.000651,2020-08-31,2020-08-31
sz.000656,2020-08-31,2020-08-31
sz.000661,2020-08-31,2020-08-31
sz.000671,2020-08-31,2020-08-31
sz.000703,2020-08-31,2020-08-31
sz.000708,2020-08-31,2020-08-31
sz.000709,2020-08-31,2020-08-31
sz.000723,2020-08-31,2020-08-31
sz.000725,2020-08-31,2020-08-31
sz.000728,2020-08-31,2020-08-31
sz.000768,2020-08-31,2020-08-31
sz.000776,2020-08-31,2020-08-31
sz.000783,2020-08-31,2020-08-31
sz.000786,2020-08-31,2020-08-31
sz.000858,2020-08-31,2020-08-31
sz.000860,2020-08-31,2020-08-31
sz.000876,2020-08-31,2020-08-31
sz.000895,2020-08-31,2020-08-31
sz.000938,2020-08-31,2020-08-31
sz.000961,2020-08-31,2020-08-31
sz.000963,2020-08-31,2020-08-31
sz.000977,2020-08-31,2020-08-31
sz.001979,2020-08-31,2020-08-31
sz.002001,2020-08-31,2020-08-31
sz.002007,2020-08-31,2020-08-31
sz.002008,2020-08-31,2020-08-31
sz.002024,2020-08-31,2020-08-31
sz.002027,2020-08-31,2020-08-31
sz.002032,2020-08-31,2020-08-31
sz.002044,2020-08-31,2020-08-31
sz.002050,2020-08-31,2020-08-31
sz.002120,2020-08-31,2020-08-31
sz.002129,2020-08-31,2020-08-31
sz.002142,2020-08-31,2020-08-31
sz.002146,2020-08-31,2020-08-31
sz.002153,2020-08-31,2020-08-31
sz.002157,2020-08-31,2020-08-31
sz.002179,2020-08-31,2020-08-31
sz.002202,2020-08-31,2020-08-31
sz.002230,2020-08-31,2020-08-31
sz.002236,2020-08-31,2020-08-31
sz.002241,2020-08-31,2020-08-31
sz.002252,2020-08-31,2020-08-31
sz.002271,2020-08-31,2020-08-31
sz.002304,2020-08-31,2020-08-31
sz.002311,2020-08-31,2020-08-31
sz.002352,2020-08-31,2020-08-31
sz.002371,2020-08-31,2020-08-31
sz.002410,2020-08-31,2020-08-31
sz.002415,2020-08-31,2020-08-31
sz.002422,2020-08-31,2020-08-31
sz.002456,2020-08-31,2020-08-31
sz.002460,2020-08-31,2020-08-31
sz.002463,2020-08-31,2020-08-31
sz.002466,2020-08-31,2020-08-31
sz.002468,2020-08-31,2020-08-31
sz.002475,2020-08-31,2020-08-31
sz.002493,2020-08-31,2020-08-31
sz.002508,2020-08-31,2020-08-31
sz.002555,2020-08-31,2020-08-31
sz.002558,2020-08-31,2020-08-31
sz.002594,2020-08-31,2020-08-31
sz.002601,2020-08-31,2020-08-31
sz.002602,2020-08-31,2020-08-31
sz.002607,2020-08-31,2020-08-31
sz.002624,2020-08-31,2020-08-31
sz.002673,2020-08-31,2020-08-31
sz.002714,2020-08-31,2020-08-31
sz.002736,2020-08-31,2020-08-31
sz.002739,2020-08-31,2020-08-31
sz.002773,2020-08-31,2020-08-31
sz.002841,2020-08-31,2020-08-31
sz.002916,2020-08-31,2020-08-31
sz.002938,2020-08-31,2020-08-31
sz.002939,2020-08-31,2020-08-31
sz.002945,2020-08-31,2020-08-31
sz.002958,2020-08-31,2020-08-31
sz.003816,2020-08-31,2020-08-31
sz.300003,2020-08-31,2020-08-31
sz.300014,2020-08-31,2020-08-31
sz.300015,2020-08-31,2020-08-31
sz.300033,2020-08-31,2020-08-31
sz.300059,2020-08-31,2020-08-31
sz.300122,2020-08-31,2020-08-31
sz.300124,2020-08-31,2020-08-31
sz.300136,2020-08-31,2020-08-31
sz.300142,2020-08-31,2020-08-31
sz.300144,2020-08-31,2020-08-31
sz.300347,2020-08-31,2020-08-31
sz.300408,2020-08-31,2020-08-31
sz.300413,2020-08-31,2020-08-31
sz.300433,2020-08-31,2020-08-31
sz.300498,2020-08-31,2020-08-31
sz.300601,2020-08-31,2020-08-31
sz.300628,2020-08-31,2020-08-31
sh.600000,2020-09-28,2020-09-30
sh.600004,2020-09-28,2020-09-30
sh.600009,2020-09-28,2020-09-30
sh.600010,2020-09-28,2020-09-30
sh.600011,2020-09-28,2020-09-30
sh.600015,2020-09-28,2020-09-30
sh.600016,2020-09-28,2020-09-30
sh.600018,2020-09-28,2020-09-30
sh.600019,2020-09-28,2020-09-30
sh.600025,2020-09-28,2020-09-30
sh.600027,2020-09-28,2020-09-30
sh.600028,2020-09-28,2020-09-30
sh.600029,2020-09-28,2020-09-30
sh.600030,2020-09-28,2020-09-30
sh.600031,2020-09-28,2020-09-30
sh.600036,2020-09-28,2020-09-30
sh.600038,2020-09-28,2020-09-30
sh.600048,2020-09-28,2020-09-30
sh.600050,2020-09-28,2020-09-30
sh.600061,2020-09-28,2020-09-30
sh.600066,2020-09-28,2020-09-30
sh.600068,2020-09-28,2020-09-30
sh.600085,2020-09-28,2020-09-30
sh.600089,2020-09-28,2020-09-30
sh.600104,2020-09-28,2020-09-30
sh.600109,2020-09-28,2020-09-30
sh.600111,2020-09-28,2020-09-30
sh.600115,2020-09-28,2020-09-30
sh.600118,2020-09-28,2020-09-30
sh.600170,2020-09-28,2020-09-30
sh.600176,2020-09-28,2020-09-30
sh.600177,2020-09-28,2020-09-30
sh.600183,2020-09-28,2020-09-30
sh.600188,2020-09-28,2020-09-30
sh.600196,2020-09-28,2020-09-30
sh.600208,2020-09-28,2020-09-30
sh.600219,2020-09-28,2020-09-30
sh.600221,2020-09-28,2020-09-30
sh.600233,2020-09-28,2020-09-30
sh.600271,2020-09-28,2020-09-30
sh.600276,2020-09-28,2020-09-30
sh.600297,2020-09-28,2020-09-30
sh.600299,2020-09-28,2020-09-30
sh.600309,2020-09-28,2020-09-30
sh.600332,2020-09-28,2020-09-30
sh.600340,2020-09-28,2020-09-30
sh.600346,2020-09-28,2020-09-30
sh.600352,2020-09-28,2020-09-30
sh.600362,2020-09-28,2020-09-30
sh.600369,2020-09-28,2020-09-30
sh.600372,2020-09-28,2020-09-30
sh.600383,2020-09-28,2020-09-30
sh.600390,2020-09-28,2020-09-30
sh.600398,2020-09-28,2020-09-30
sh.600406,2020-09-28,2020-09-30
sh.600436,2020-09-28,2020-09-30
sh.600438,2020-09-28,2020-09-30
sh.600482,2020-09-28,2020-09-30
sh.600487,2020-09-28,2020-09-30
sh.600489,2020-09-28,2020-09-30
sh.600498,2020-09-28,2020-09-30
sh.600516,2020-09-28,2020-09-30
sh.600519,2020-09-28,2020-09-30
sh.600522,2020-09-28,2020-09-30
sh.600547,2020-09-28,2020-09-30
sh.600570,2020-09-28,2020-09-30
sh.600583,2020-09-28,2020-09-30
sh.600585,2020-09-28,2020-09-30
sh.600588,2020-09-28,2020-09-30
sh.600606,2020-09-28,2020-09-30
sh.600637,2020-09-28,2020-09-30
sh.600655,2020-09-28,2020-09-30
sh.600660,2020-09-28,2020-09-30
sh.600674,2020-09-28,2020-09-30
sh.600690,2020-09-28,2020-09-30
sh.600703,2020-09-28,2020-09-30
sh.600705,2020-09-28,2020-09-30
sh.600741,2020-09-28,2020-09-30
sh.600745,2020-09-28,2020-09-30
sh.600760,2020-09-28,2020-09-30
sh.600795,2020-09-28,2020-09-30
sh.600809,2020-09-28,2020-09-30
sh.600837,2020-09-28,2020-09-30
sh.600848,2020-09-28,2020-09-30
sh.600867,2020-09-28,2020-09-30
sh.600886,2020-09-28,2020-09-30
sh.600887,2020-09-28,2020-09-30
sh.600893,2020-09-28,2020-09-30
sh.600900,2020-09-28,2020-09-30
sh.600919,2020-09-28,2020-09-30
sh.600926,2020-09-28,2020-09-30
sh.600928,2020-09-28,2020-09-30
sh.600958,2020-09-28,2020-09-30
sh.600968,2020-09-28,2020-09-30
sh.600977,2020-09-28,2020-09-30
sh.600989,2020-09-28,2020-09-30
sh.600998,2020-09-28,2020-09-30
sh.600999,2020-09-28,2020-09-30
sh.601006,2020-09-28,2020-09-30
sh.601009,2020-09-28,2020-09-30
sh.601012,2020-09-28,2020-09-30
sh.601018,2020-09-28,2020-09-30
sh.601021,2020-09-28,2020-09-30
sh.601066,2020-09-28,2020-09-30
sh.601077,2020-09-28,2020-09-30
sh.601088,2020-09-28,2020-09-30
sh.601100,2020-09-28,2020-09-30
sh.601108,2020-09-28,2020-09-30
sh.601111,2020-09-28,2020-09-30
sh.601117,2020-09-28,2020-09-30
sh.601138,2020-09-28,2020-09-30
sh.601155,2020-09-28,2020-09-30
sh.601162,2020-09-28,2020-09-30
sh.601166,2020-09-28,2020-09-30
sh.601169,2020-09-28,2020-09-30
sh.601186,2020-09-28,2020-09-30
sh.601198,2020-09-28,2020-09-30
sh.601211,2020-09-28,2020-09-30
sh.601212,2020-09-28,2020-09-30
sh.601216,2020-09-28,2020-09-30
sh.601225,2020-09-28,2020-09-30
sh.601229,2020-09-28,2020-09-30
sh.601231,2020-09-28,2020-09-30
sh.601236,2020-09-28,2020-09-30
sh.601238,2020-09-28,2020-09-30
sh.601288,2020-09-28,2020-09-30
sh.601298,2020-09-28,2020-09-30
sh.601318,2020-09-28,2020-09-30
sh.601319,2020-09-28,2020-09-30
sh.601328,2020-09-28,2020-09-30
sh.601336,2020-09-28,2020-09-30
sh.601360,2020-09-28,2020-09-30
sh.601377,2020-09-28,2020-09-30
sh.601390,2020-09-28,2020-09-30
sh.601398,2020-09-28,2020-09-30
sh.601555,2020-09-28,2020-09-30
sh.601577,2020-09-28,2020-09-30
sh.601600,2020-09-28,2020-09-30
sh.601601,2020-09-28,2020-09-30
sh.601607,2020-09-28,2020-09-30
sh.601618,2020-09-28,2020-09-30
sh.601628,2020-09-28,2020-09-30
sh.601633,2020-09-28,2020-09-30
sh.601658,2020-09-28,2020-09-30
sh.601668,2020-09-28,2020-09-30
sh.601669,2020-09-28,2020-09-30
sh.601688,2020-09-28,2020-09-30
sh.601698,2020-09-28,2020-09-30
sh.601727,2020-09-28,2020-09-30
sh.601766,2020-09-28,2020-09-30
sh.601788,2020-09-28,2020-09-30
sh.601800,2020-09-28,2020-09-30
sh.601808,2020-09-28,2020-09-30
sh.601816,2020-09-28,2020-09-30
sh.601818,2020-09-28,2020-09-30
sh.601828,2020-09-28,2020-09-30
sh.601838,2020-09-28,2020-09-30
sh.601857,2020-09-28,2020-09-30
sh.601877,2020-09-28,2020-09-30
sh.601878,2020-09-28,2020-09-30
sh.601881,2020-09-28,2020-09-30
sh.601888,2020-09-28,2020-09-30
sh.601898,2020-09-28,2020-09-30
sh.601899,2020-09-28,2020-09-30
sh.601901,2020-09-28,2020-09-30
sh.601916,2020-09-28,2020-09-30
sh.601919,2020-09-28,2020-09-30
sh.601933,2020-09-28,2020-09-30
sh.601939,2020-09-28,2020-09-30
sh.601985,2020-09-28,2020-09-30
sh.601988,2020-09-28,2020-09-30
sh.601989,2020-09-28,2020-09-30
sh.601992,2020-09-28,2020-09-30
sh.601997,2020-09-28,2020-09-30
sh.601998,2020-09-28,2020-09-30
sh.603019,2020-09-28,2020-09-30
sh.603156,2020-09-28,2020-09-30
sh.603160,2020-09-28,2020-09-30
sh.603259,2020-09-28,2020-09-30
sh.603260,2020-09-28,2020-09-30
sh.603288,2020-09-28,2020-09-30
sh.603369,2020-09-28,2020-09-30
sh.603501,2020-09-28,2020-09-30
sh.603658,2020-09-28,2020-09-30
sh.603799,2020-09-28,2020-09-30
sh.603833,2020-09-28,2020-09-30
sh.603899,2020-09-28,2020-09-30
sh.603986,2020-09-28,2020-09-30
sh.603993,2020-09-28,2020-09-30
sz.000001,2020-09-28,2020-09-30
sz.000002,2020-09-28,2020-09-30
sz.000063,2020-09-28,2020-09-30
sz.000066,2020-09-28,2020-09-30
sz.000069,2020-09-28,2020-09-30
sz.000100,2020-09-28,2020-09-30
sz.000157,2020-09-28,2020-09-30
sz.000166,2020-09-28,2020-09-30
sz.000333,2020-09-28,2020-09-30
sz.000338,2020-09-28,2020-09-30
sz.000425,2020-09-28,2020-09-30
sz.000538,2020-09-28,2020-09-30
sz.000568,2020-09-28,2020-09-30
sz.000596,2020-09-28,2020-09-30
sz.000625,2020-09-28,2020-09-30
sz.000627,2020-09-28,2020-09-30
sz.000651,2020-09-28,2020-09-30
sz.000656,2020-09-28,2020-09-30
sz.000661,2020-09-28,2020-09-30
sz.000671,2020-09-28,2020-09-30
sz.000703,2020-09-28,2020-09-30
sz.000708,2020-09-28,2020-09-30
sz.000709,2020-09-28,2020-09-30
sz.000723,2020-09-28,2020-09-30
sz.000725,2020-09-28,2020-09-30
sz.000728,2020-09-28,2020-09-30
sz.000768,2020-09-28,2020-09-30
sz.000776,2020-09-28,2020-09-30
sz.000783,2020-09-28,2020-09-30
sz.000786,2020-09-28,2020-09-30
sz.000858,2020-09-28,2020-09-30
sz.000860,2020-09-28,2020-09-30
sz.000876,2020-09-28,2020-09-30
sz.000895,2020-09-28,2020-09-30
sz.000938,2020-09-28,2020-09-30
sz.000961,2020-09-28,2020-09-30
sz.000963,2020-09-28,2020-09-30
sz.000977,2020-09-28,2020-09-30
sz.001979,2020-09-28,2020-09-30
sz.002001,2020-09-28,2020-09-30
sz.002007,2020-09-28,2020-09-30
sz.002008,2020-09-28,2020-09-30
sz.002024,2020-09-28,2020-09-30
sz.002027,2020-09-28,2020-09-30
sz.002032,2020-09-28,2020-09-30
sz.002044,2020-09-28,2020-09-30
sz.002050,2020-09-28,2020-09-30
sz.002120,2020-09-28,2020-09-30
sz.002129,2020-09-28,2020-09-30
sz.002142,2020-09-28,2020-09-30
sz.002146,2020-09-28,2020-09-30
sz.002153,2020-09-28,2020-09-30
sz.002157,2020-09-28,2020-09-30
sz.002179,2020-09-28,2020-09-30
sz.002202,2020-09-28,2020-09-30
sz.002230,2020-09-28,2020-09-30
sz.002236,2020-09-28,2020-09-30
sz.002241,2020-09-28,2020-09-30
sz.002252,2020-09-28,2020-09-30
sz.002271,2020-09-28,2020-09-30
sz.002304,2020-09-28,2020-09-30
sz.002311,2020-09-28,2020-09-30
sz.002352,2020-09-28,2020-09-30
sz.002371,2020-09-28,2020-09-30
sz.002410,2020-09-28,2020-09-30
sz.002415,2020-09-28,2020-09-30
sz.002422,2020-09-28,2020-09-30
sz.002456,2020-09-28,2020-09-30
sz.002460,2020-09-28,2020-09-30
sz.002463,2020-09-28,2020-09-30
sz.002466,2020-09-28,2020-09-30
sz.002468,2020-09-28,2020-09-30
sz.002475,2020-09-28,2020-09-30
sz.002493,2020-09-28,2020-09-30
sz.002508,2020-09-28,2020-09-30
sz.002555,2020-09-28,2020-09-30
sz.002558,2020-09-28,2020-09-30
sz.002594,2020-09-28,2020-09-30
sz.002601,2020-09-28,2020-09-30
sz.002602,2020-09-28,2020-09-30
sz.002607,2020-09-28,2020-09-30
sz.002624,2020-09-28,2020-09-30
sz.002673,2020-09-28,2020-09-30
sz.002714,2020-09-28,2020-09-30
sz.002736,2020-09-28,2020-09-30
sz.002739,2020-09-28,2020-09-30
sz.002773,2020-09-28,2020-09-30
sz.002841,2020-09-28,2020-09-30
sz.002916,2020-09-28,2020-09-30
sz.002938,2020-09-28,2020-09-30
sz.002939,2020-09-28,2020-09-30
sz.002945,2020-09-28,2020-09-30
sz.002958,2020-09-28,2020-09-30
sz.003816,2020-09-28,2020-09-30
sz.300003,2020-09-28,2020-09-30
sz.300014,2020-09-28,2020-09-30
sz.300015,2020-09-28,2020-09-30
sz.300033,2020-09-28,2020-09-30
sz.300059,2020-09-28,2020-09-30
sz.300122,2020-09-28,2020-09-30
sz.300124,2020-09-28,2020-09-30
sz.300136,2020-09-28,2020-09-30
sz.300142,2020-09-28,2020-09-30
sz.300144,2020-09-28,2020-09-30
sz.300347,2020-09-28,2020-09-30
sz.300408,2020-09-28,2020-09-30
sz.300413,2020-09-28,2020-09-30
sz.300433,2020-09-28,2020-09-30
sz.300498,2020-09-28,2020-09-30
sz.300601,2020-09-28,2020-09-30
sz.300628,2020-09-28,2020-09-30
sh.600000,2020-10-26,2020-10-31
sh.600004,2020-10-26,2020-10-31
sh.600009,2020-10-26,2020-10-31
sh.600010,2020-10-26,2020-10-31
sh.600011,2020-10-26,2020-10-31
sh.600015,2020-10-26,2020-10-31
sh.600016,2020-10-26,2020-10-31
sh.600018,2020-10-26,2020-10-31
sh.600019,2020-10-26,2020-10-31
sh.600025,2020-10-26,2020-10-31
sh.600027,2020-10-26,2020-10-31
sh.600028,2020-10-26,2020-10-31
sh.600029,2020-10-26,2020-10-31
sh.600030,2020-10-26,2020-10-31
sh.600031,2020-10-26,2020-10-31
sh.600036,2020-10-26,2020-10-31
sh.600038,2020-10-26,2020-10-31
sh.600048,2020-10-26,2020-10-31
sh.600050,2020-10-26,2020-10-31
sh.600061,2020-10-26,2020-10-31
sh.600066,2020-10-26,2020-10-31
sh.600068,2020-10-26,2020-10-31
sh.600085,2020-10-26,2020-10-31
sh.600089,2020-10-26,2020-10-31
sh.600104,2020-10-26,2020-10-31
sh.600109,2020-10-26,2020-10-31
sh.600111,2020-10-26,2020-10-31
sh.600115,2020-10-26,2020-10-31
sh.600118,2020-10-26,2020-10-31
sh.600170,2020-10-26,2020-10-31
sh.600176,2020-10-26,2020-10-31
sh.600177,2020-10-26,2020-10-31
sh.600183,2020-10-26,2020-10-31
sh.600188,2020-10-26,2020-10-31
sh.600196,2020-10-26,2020-10-31
sh.600208,2020-10-26,2020-10-31
sh.600219,2020-10-26,2020-10-31
sh.600221,2020-10-26,2020-10-31
sh.600233,2020-10-26,2020-10-31
sh.600271,2020-10-26,2020-10-31
sh.600276,2020-10-26,2020-10-31
sh.600297,2020-10-26,2020-10-31
sh.600299,2020-10-26,2020-10-31
sh.600309,2020-10-26,2020-10-31
sh.600332,2020-10-26,2020-10-31
sh.600340,2020-10-26,2020-10-31
sh.600346,2020-10-26,2020-10-31
sh.600352,2020-10-26,2020-10-31
sh.600362,2020-10-26,2020-10-31
sh.600369,2020-10-26,2020-10-31
sh.600372,2020-10-26,2020-10-31
sh.600383,2020-10-26,2020-10-31
sh.600390,2020-10-26,2020-10-31
sh.600398,2020-10-26,2020-10-31
sh.600406,2020-10-26,2020-10-31
sh.600436,2020-10-26,2020-10-31
sh.600438,2020-10-26,2020-10-31
sh.600482,2020-10-26,2020-10-31
sh.600487,2020-10-26,2020-10-31
sh.600489,2020-10-26,2020-10-31
sh.600498,2020-10-26,2020-10-31
sh.600516,2020-10-26,2020-10-31
sh.600519,2020-10-26,2020-10-31
sh.600522,2020-10-26,2020-10-31
sh.600547,2020-10-26,2020-10-31
sh.600570,2020-10-26,2020-10-31
sh.600583,2020-10-26,2020-10-31
sh.600585,2020-10-26,2020-10-31
sh.600588,2020-10-26,2020-10-31
sh.600606,2020-10-26,2020-10-31
sh.600637,2020-10-26,2020-10-31
sh.600655,2020-10-26,2020-10-31
sh.600660,2020-10-26,2020-10-31
sh.600674,2020-10-26,2020-10-31
sh.600690,2020-10-26,2020-10-31
sh.600703,2020-10-26,2020-10-31
sh.600705,2020-10-26,2020-10-31
sh.600741,2020-10-26,2020-10-31
sh.600745,2020-10-26,2020-10-31
sh.600760,2020-10-26,2020-10-31
sh.600795,2020-10-26,2020-10-31
sh.600809,2020-10-26,2020-10-31
sh.600837,2020-10-26,2020-10-31
sh.600848,2020-10-26,2020-10-31
sh.600867,2020-10-26,2020-10-31
sh.600886,2020-10-26,2020-10-31
sh.600887,2020-10-26,2020-10-31
sh.600893,2020-10-26,2020-10-31
sh.600900,2020-10-26,2020-10-31
sh.600919,2020-10-26,2020-10-31
sh.600926,2020-10-26,2020-10-31
sh.600928,2020-10-26,2020-10-31
sh.600958,2020-10-26,2020-10-31
sh.600968,2020-10-26,2020-10-31
sh.600977,2020-10-26,2020-10-31
sh.600989,2020-10-26,2020-10-31
sh.600998,2020-10-26,2020-10-31
sh.600999,2020-10-26,2020-10-31
sh.601006,2020-10-26,2020-10-31
sh.601009,2020-10-26,2020-10-31
sh.601012,2020-10-26,2020-10-31
sh.601018,2020-10-26,2020-10-31
sh.601021,2020-10-26,2020-10-31
sh.601066,2020-10-26,2020-10-31
sh.601077,2020-10-26,2020-10-31
sh.601088,2020-10-26,2020-10-31
sh.601100,2020-10-26,2020-10-31
sh.601108,2020-10-26,2020-10-31
sh.601111,2020-10-26,2020-10-31
sh.601117,2020-10-26,2020-10-31
sh.601138,2020-10-26,2020-10-31
sh.601155,2020-10-26,2020-10-31
sh.601162,2020-10-26,2020-10-31
sh.601166,2020-10-26,2020-10-31
sh.601169,2020-10-26,2020-10-31
sh.601186,2020-10-26,2020-10-31
sh.601198,2020-10-26,2020-10-31
sh.601211,2020-10-26,2020-10-31
sh.601212,2020-10-26,2020-10-31
sh.601216,2020-10-26,2020-10-31
sh.601225,2020-10-26,2020-10-31
sh.601229,2020-10-26,2020-10-31
sh.601231,2020-10-26,2020-10-31
sh.601236,2020-10-26,2020-10-31
sh.601238,2020-10-26,2020-10-31
sh.601288,2020-10-26,2020-10-31
sh.601298,2020-10-26,2020-10-31
sh.601318,2020-10-26,2020-10-31
sh.601319,2020-10-26,2020-10-31
sh.601328,2020-10-26,2020-10-31
sh.601336,2020-10-26,2020-10-31
sh.601360,2020-10-26,2020-10-31
sh.601377,2020-10-26,2020-10-31
sh.601390,2020-10-26,2020-10-31
sh.601398,2020-10-26,2020-10-31
sh.601555,2020-10-26,2020-10-31
sh.601577,2020-10-26,2020-10-31
sh.601600,2020-10-26,2020-10-31
sh.601601,2020-10-26,2020-10-31
sh.601607,2020-10-26,2020-10-31
sh.601618,2020-10-26,2020-10-31
sh.601628,2020-10-26,2020-10-31
sh.601633,2020-10-26,2020-10-31
sh.601658,2020-10-26,2020-10-31
sh.601668,2020-10-26,2020-10-31
sh.601669,2020-10-26,2020-10-31
sh.601688,2020-10-26,2020-10-31
sh.601698,2020-10-26,2020-10-31
sh.601727,2020-10-26,2020-10-31
sh.601766,2020-10-26,2020-10-31
sh.601788,2020-10-26,2020-10-31
sh.601800,2020-10-26,2020-10-31
sh.601808,2020-10-26,2020-10-31
sh.601816,2020-10-26,2020-10-31
sh.601818,2020-10-26,2020-10-31
sh.601828,2020-10-26,2020-10-31
sh.601838,2020-10-26,2020-10-31
sh.601857,2020-10-26,2020-10-31
sh.601877,2020-10-26,2020-10-31
sh.601878,2020-10-26,2020-10-31
sh.601881,2020-10-26,2020-10-31
sh.601888,2020-10-26,2020-10-31
sh.601898,2020-10-26,2020-10-31
sh.601899,2020-10-26,2020-10-31
sh.601901,2020-10-26,2020-10-31
sh.601916,2020-10-26,2020-10-31
sh.601919,2020-10-26,2020-10-31
sh.601933,2020-10-26,2020-10-31
sh.601939,2020-10-26,2020-10-31
sh.601985,2020-10-26,2020-10-31
sh.601988,2020-10-26,2020-10-31
sh.601989,2020-10-26,2020-10-31
sh.601992,2020-10-26,2020-10-31
sh.601997,2020-10-26,2020-10-31
sh.601998,2020-10-26,2020-10-31
sh.603019,2020-10-26,2020-10-31
sh.603156,2020-10-26,2020-10-31
sh.603160,2020-10-26,2020-10-31
sh.603259,2020-10-26,2020-10-31
sh.603260,2020-10-26,2020-10-31
sh.603288,2020-10-26,2020-10-31
sh.603369,2020-10-26,2020-10-31
sh.603501,2020-10-26,2020-10-31
sh.603658,2020-10-26,2020-10-31
sh.603799,2020-10-26,2020-10-31
sh.603833,2020-10-26,2020-10-31
sh.603899,2020-10-26,2020-10-31
sh.603986,2020-10-26,2020-10-31
sh.603993,2020-10-26,2020-10-31
sz.000001,2020-10-26,2020-10-31
sz.000002,2020-10-26,2020-10-31
sz.000063,2020-10-26,2020-10-31
sz.000066,2020-10-26,2020-10-31
sz.000069,2020-10-26,2020-10-31
sz.000100,2020-10-26,2020-10-31
sz.000157,2020-10-26,2020-10-31
sz.000166,2020-10-26,2020-10-31
sz.000333,2020-10-26,2020-10-31
sz.000338,2020-10-26,2020-10-31
sz.000425,2020-10-26,2020-10-31
sz.000538,2020-10-26,2020-10-31
sz.000568,2020-10-26,2020-10-31
sz.000596,2020-10-26,2020-10-31
sz.000625,2020-10-26,2020-10-31
sz.000627,2020-10-26,2020-10-31
sz.000651,2020-10-26,2020-10-31
sz.000656,2020-10-26,2020-10-31
sz.000661,2020-10-26,2020-10-31
sz.000671,2020-10-26,2020-10-31
sz.000703,2020-10-26,2020-10-31
sz.000708,2020-10-26,2020-10-31
sz.000709,2020-10-26,2020-10-31
sz.000723,2020-10-26,2020-10-31
sz.000725,2020-10-26,2020-10-31
sz.000728,2020-10-26,2020-10-31
sz.000768,2020-10-26,2020-10-31
sz.000776,2020-10-26,2020-10-31
sz.000783,2020-10-26,2020-10-31
sz.000786,2020-10-26,2020-10-31
sz.000858,2020-10-26,2020-10-31
sz.000860,2020-10-26,2020-10-31
sz.000876,2020-10-26,2020-10-31
sz.000895,2020-10-26,2020-10-31
sz.000938,2020-10-26,2020-10-31
sz.000961,2020-10-26,2020-10-31
sz.000963,2020-10-26,2020-10-31
sz.000977,2020-10-26,2020-10-31
sz.001979,2020-10-26,2020-10-31
sz.002001,2020-10-26,2020-10-31
sz.002007,2020-10-26,2020-10-31
sz.002008,2020-10-26,2020-10-31
sz.002024,2020-10-26,2020-10-31
sz.002027,2020-10-26,2020-10-31
sz.002032,2020-10-26,2020-10-31
sz.002044,2020-10-26,2020-10-31
sz.002050,2020-10-26,2020-10-31
sz.002120,2020-10-26,2020-10-31
sz.002129,2020-10-26,2020-10-31
sz.002142,2020-10-26,2020-10-31
sz.002146,2020-10-26,2020-10-31
sz.002153,2020-10-26,2020-10-31
sz.002157,2020-10-26,2020-10-31
sz.002179,2020-10-26,2020-10-31
sz.002202,2020-10-26,2020-10-31
sz.002230,2020-10-26,2020-10-31
sz.002236,2020-10-26,2020-10-31
sz.002241,2020-10-26,2020-10-31
sz.002252,2020-10-26,2020-10-31
sz.002271,2020-10-26,2020-10-31
sz.002304,2020-10-26,2020-10-31
sz.002311,2020-10-26,2020-10-31
sz.002352,2020-10-26,2020-10-31
sz.002371,2020-10-26,2020-10-31
sz.002410,2020-10-26,2020-10-31
sz.002415,2020-10-26,2020-10-31
sz.002422,2020-10-26,2020-10-31
sz.002456,2020-10-26,2020-10-31
sz.002460,2020-10-26,2020-10-31
sz.002463,2020-10-26,2020-10-31
sz.002466,2020-10-26,2020-10-31
sz.002468,2020-10-26,2020-10-31
sz.002475,2020-10-26,2020-10-31
sz.002493,2020-10-26,2020-10-31
sz.002508,2020-10-26,2020-10-31
sz.002555,2020-10-26,2020-10-31
sz.002558,2020-10-26,2020-10-31
sz.002594,2020-10-26,2020-10-31
sz.002601,2020-10-26,2020-10-31
sz.002602,2020-10-26,2020-10-31
sz.002607,2020-10-26,2020-10-31
sz.002624,2020-10-26,2020-10-31
sz.002673,2020-10-26,2020-10-31
sz.002714,2020-10-26,2020-10-31
sz.002736,2020-10-26,2020-10-31
sz.002739,2020-10-26,2020-10-31
sz.002773,2020-10-26,2020-10-31
sz.002841,2020-10-26,2020-10-31
sz.002916,2020-10-26,2020-10-31
sz.002938,2020-10-26,2020-10-31
sz.002939,2020-10-26,2020-10-31
sz.002945,2020-10-26,2020-10-31
sz.002958,2020-10-26,2020-10-31
sz.003816,2020-10-26,2020-10-31
sz.300003,2020-10-26,2020-10-31
sz.300014,2020-10-26,2020-10-31
sz.300015,2020-10-26,2020-10-31
sz.300033,2020-10-26,2020-10-31
sz.300059,2020-10-26,2020-10-31
sz.300122,2020-10-26,2020-10-31
sz.300124,2020-10-26,2020-10-31
sz.300136,2020-10-26,2020-10-31
sz.300142,2020-10-26,2020-10-31
sz.300144,2020-10-26,2020-10-31
sz.300347,2020-10-26,2020-10-31
sz.300408,2020-10-26,2020-10-31
sz.300413,2020-10-26,2020-10-31
sz.300433,2020-10-26,2020-10-31
sz.300498,2020-10-26,2020-10-31
sz.300601,2020-10-26,2020-10-31
sz.300628,2020-10-26,2020-10-31
sh.600000,2020-11-30,2020-11-30
sh.600004,2020-11-30,2020-11-30
sh.600009,2020-11-30,2020-11-30
sh.600010,2020-11-30,2020-11-30
sh.600011,2020-11-30,2020-11-30
sh.600015,2020-11-30,2020-11-30
sh.600016,2020-11-30,2020-11-30
sh.600018,2020-11-30,2020-11-30
sh.600019,2020-11-30,2020-11-30
sh.600025,2020-11-30,2020-11-30
sh.600027,2020-11-30,2020-11-30
sh.600028,2020-11-30,2020-11-30
sh.600029,2020-11-30,2020-11-30
sh.600030,2020-11-30,2020-11-30
sh.600031,2020-11-30,2020-11-30
sh.600036,2020-11-30,2020-11-30
sh.600038,2020-11-30,2020-11-30
sh.600048,2020-11-30,2020-11-30
sh.600050,2020-11-30,2020-11-30
sh.600061,2020-11-30,2020-11-30
sh.600066,2020-11-30,2020-11-30
sh.600068,2020-11-30,2020-11-30
sh.600085,2020-11-30,2020-11-30
sh.600089,2020-11-30,2020-11-30
sh.600104,2020-11-30,2020-11-30
sh.600109,2020-11-30,2020-11-30
sh.600111,2020-11-30,2020-11-30
sh.600115,2020-11-30,2020-11-30
sh.600118,2020-11-30,2020-11-30
sh.600170,2020-11-30,2020-11-30
sh.600176,2020-11-30,2020-11-30
sh.600177,2020-11-30,2020-11-30
sh.600183,2020-11-30,2020-11-30
sh.600188,2020-11-30,2020-11-30
sh.600196,2020-11-30,2020-11-30
sh.600208,2020-11-30,2020-11-30
sh.600219,2020-11-30,2020-11-30
sh.600221,2020-11-30,2020-11-30
sh.600233,2020-11-30,2020-11-30
sh.600271,2020-11-30,2020-11-30
sh.600276,2020-11-30,2020-11-30
sh.600297,2020-11-30,2020-11-30
sh.600299,2020-11-30,2020-11-30
sh.600309,2020-11-30,2020-11-30
sh.600332,2020-11-30,2020-11-30
sh.600340,2020-11-30,2020-11-30
sh.600346,2020-11-30,2020-11-30
sh.600352,2020-11-30,2020-11-30
sh.600362,2020-11-30,2020-11-30
sh.600369,2020-11-30,2020-11-30
sh.600372,2020-11-30,2020-11-30
sh.600383,2020-11-30,2020-11-30
sh.600390,2020-11-30,2020-11-30
sh.600398,2020-11-30,2020-11-30
sh.600406,2020-11-30,2020-11-30
sh.600436,2020-11-30,2020-11-30
sh.600438,2020-11-30,2020-11-30
sh.600482,2020-11-30,2020-11-30
sh.600487,2020-11-30,2020-11-30
sh.600489,2020-11-30,2020-11-30
sh.600498,2020-11-30,2020-11-30
sh.600516,2020-11-30,2020-11-30
sh.600519,2020-11-30,2020-11-30
sh.600522,2020-11-30,2020-11-30
sh.600547,2020-11-30,2020-11-30
sh.600570,2020-11-30,2020-11-30
sh.600583,2020-11-30,2020-11-30
sh.600585,2020-11-30,2020-11-30
sh.600588,2020-11-30,2020-11-30
sh.600606,2020-11-30,2020-11-30
sh.600637,2020-11-30,2020-11-30
sh.600655,2020-11-30,2020-11-30
sh.600660,2020-11-30,2020-11-30
sh.600674,2020-11-30,2020-11-30
sh.600690,2020-11-30,2020-11-30
sh.600703,2020-11-30,2020-11-30
sh.600705,2020-11-30,2020-11-30
sh.600741,2020-11-30,2020-11-30
sh.600745,2020-11-30,2020-11-30
sh.600760,2020-11-30,2020-11-30
sh.600795,2020-11-30,2020-11-30
sh.600809,2020-11-30,2020-11-30
sh.600837,2020-11-30,2020-11-30
sh.600848,2020-11-30,2020-11-30
sh.600867,2020-11-30,2020-11-30
sh.600886,2020-11-30,2020-11-30
sh.600887,2020-11-30,2020-11-30
sh.600893,2020-11-30,2020-11-30
sh.600900,2020-11-30,2020-11-30
sh.600919,2020-11-30,2020-11-30
sh.600926,2020-11-30,2020-11-30
sh.600928,2020-11-30,2020-11-30
sh.600958,2020-11-30,2020-11-30
sh.600968,2020-11-30,2020-11-30
sh.600977,2020-11-30,2020-11-30
sh.600989,2020-11-30,2020-11-30
sh.600998,2020-11-30,2020-11-30
sh.600999,2020-11-30,2020-11-30
sh.601006,2020-11-30,2020-11-30
sh.601009,2020-11-30,2020-11-30
sh.601012,2020-11-30,2020-11-30
sh.601018,2020-11-30,2020-11-30
sh.601021,2020-11-30,2020-11-30
sh.601066,2020-11-30,2020-11-30
sh.601077,2020-11-30,2020-11-30
sh.601088,2020-11-30,2020-11-30
sh.601100,2020-11-30,2020-11-30
sh.601108,2020-11-30,2020-11-30
sh.601111,2020-11-30,2020-11-30
sh.601117,2020-11-30,2020-11-30
sh.601138,2020-11-30,2020-11-30
sh.601155,2020-11-30,2020-11-30
sh.601162,2020-11-30,2020-11-30
sh.601166,2020-11-30,2020-11-30
sh.601169,2020-11-30,2020-11-30
sh.601186,2020-11-30,2020-11-30
sh.601198,2020-11-30,2020-11-30
sh.601211,2020-11-30,2020-11-30
sh.601212,2020-11-30,2020-11-30
sh.601216,2020-11-30,2020-11-30
sh.601225,2020-11-30,2020-11-30
sh.601229,2020-11-30,2020-11-30
sh.601231,2020-11-30,2020-11-30
sh.601236,2020-11-30,2020-11-30
sh.601238,2020-11-30,2020-11-30
sh.601288,2020-11-30,2020-11-30
sh.601298,2020-11-30,2020-11-30
sh.601318,2020-11-30,2020-11-30
sh.601319,2020-11-30,2020-11-30
sh.601328,2020-11-30,2020-11-30
sh.601336,2020-11-30,2020-11-30
sh.601360,2020-11-30,2020-11-30
sh.601377,2020-11-30,2020-11-30
sh.601390,2020-11-30,2020-11-30
sh.601398,2020-11-30,2020-11-30
sh.601555,2020-11-30,2020-11-30
sh.601577,2020-11-30,2020-11-30
sh.601600,2020-11-30,2020-11-30
sh.601601,2020-11-30,2020-11-30
sh.601607,2020-11-30,2020-11-30
sh.601618,2020-11-30,2020-11-30
sh.601628,2020-11-30,2020-11-30
sh.601633,2020-11-30,2020-11-30
sh.601658,2020-11-30,2020-11-30
sh.601668,2020-11-30,2020-11-30
sh.601669,2020-11-30,2020-11-30
sh.601688,2020-11-30,2020-11-30
sh.601698,2020-11-30,2020-11-30
sh.601727,2020-11-30,2020-11-30
sh.601766,2020-11-30,2020-11-30
sh.601788,2020-11-30,2020-11-30
sh.601800,2020-11-30,2020-11-30
sh.601808,2020-11-30,2020-11-30
sh.601816,2020-11-30,2020-11-30
sh.601818,2020-11-30,2020-11-30
sh.601828,2020-11-30,2020-11-30
sh.601838,2020-11-30,2020-11-30
sh.601857,2020-11-30,2020-11-30
sh.601877,2020-11-30,2020-11-30
sh.601878,2020-11-30,2020-11-30
sh.601881,2020-11-30,2020-11-30
sh.601888,2020-11-30,2020-11-30
sh.601898,2020-11-30,2020-11-30
sh.601899,2020-11-30,2020-11-30
sh.601901,2020-11-30,2020-11-30
sh.601916,2020-11-30,2020-11-30
sh.601919,2020-11-30,2020-11-30
sh.601933,2020-11-30,2020-11-30
sh.601939,2020-11-30,2020-11-30
sh.601985,2020-11-30,2020-11-30
sh.601988,2020-11-30,2020-11-30
sh.601989,2020-11-30,2020-11-30
sh.601992,2020-11-30,2020-11-30
sh.601997,2020-11-30,2020-11-30
sh.601998,2020-11-30,2020-11-30
sh.603019,2020-11-30,2020-11-30
sh.603156,2020-11-30,2020-11-30
sh.603160,2020-11-30,2020-11-30
sh.603259,2020-11-30,2020-11-30
sh.603260,2020-11-30,2020-11-30
sh.603288,2020-11-30,2020-11-30
sh.603369,2020-11-30,2020-11-30
sh.603501,2020-11-30,2020-11-30
sh.603658,2020-11-30,2020-11-30
sh.603799,2020-11-30,2020-11-30
sh.603833,2020-11-30,2020-11-30
sh.603899,2020-11-30,2020-11-30
sh.603986,2020-11-30,2020-11-30
sh.603993,2020-11-30,2020-11-30
sz.000001,2020-11-30,2020-11-30
sz.000002,2020-11-30,2020-11-30
sz.000063,2020-11-30,2020-11-30
sz.000066,2020-11-30,2020-11-30
sz.000069,2020-11-30,2020-11-30
sz.000100,2020-11-30,2020-11-30
sz.000157,2020-11-30,2020-11-30
sz.000166,2020-11-30,2020-11-30
sz.000333,2020-11-30,2020-11-30
sz.000338,2020-11-30,2020-11-30
sz.000425,2020-11-30,2020-11-30
sz.000538,2020-11-30,2020-11-30
sz.000568,2020-11-30,2020-11-30
sz.000596,2020-11-30,2020-11-30
sz.000625,2020-11-30,2020-11-30
sz.000627,2020-11-30,2020-11-30
sz.000651,2020-11-30,2020-11-30
sz.000656,2020-11-30,2020-11-30
sz.000661,2020-11-30,2020-11-30
sz.000671,2020-11-30,2020-11-30
sz.000703,2020-11-30,2020-11-30
sz.000708,2020-11-30,2020-11-30
sz.000709,2020-11-30,2020-11-30
sz.000723,2020-11-30,2020-11-30
sz.000725,2020-11-30,2020-11-30
sz.000728,2020-11-30,2020-11-30
sz.000768,2020-11-30,2020-11-30
sz.000776,2020-11-30,2020-11-30
sz.000783,2020-11-30,2020-11-30
sz.000786,2020-11-30,2020-11-30
sz.000858,2020-11-30,2020-11-30
sz.000860,2020-11-30,2020-11-30
sz.000876,2020-11-30,2020-11-30
sz.000895,2020-11-30,2020-11-30
sz.000938,2020-11-30,2020-11-30
sz.000961,2020-11-30,2020-11-30
sz.000963,2020-11-30,2020-11-30
sz.000977,2020-11-30,2020-11-30
sz.001979,2020-11-30,2020-11-30
sz.002001,2020-11-30,2020-11-30
sz.002007,2020-11-30,2020-11-30
sz.002008,2020-11-30,2020-11-30
sz.002024,2020-11-30,2020-11-30
sz.002027,2020-11-30,2020-11-30
sz.002032,2020-11-30,2020-11-30
sz.002044,2020-11-30,2020-11-30
sz.002050,2020-11-30,2020-11-30
sz.002120,2020-11-30,2020-11-30
sz.002129,2020-11-30,2020-11-30
sz.002142,2020-11-30,2020-11-30
sz.002146,2020-11-30,2020-11-30
sz.002153,2020-11-30,2020-11-30
sz.002157,2020-11-30,2020-11-30
sz.002179,2020-11-30,2020-11-30
sz.002202,2020-11-30,2020-11-30
sz.002230,2020-11-30,2020-11-30
sz.002236,2020-11-30,2020-11-30
sz.002241,2020-11-30,2020-11-30
sz.002252,2020-11-30,2020-11-30
sz.002271,2020-11-30,2020-11-30
sz.002304,2020-11-30,2020-11-30
sz.002311,2020-11-30,2020-11-30
sz.002352,2020-11-30,2020-11-30
sz.002371,2020-11-30,2020-11-30
sz.002410,2020-11-30,2020-11-30
sz.002415,2020-11-30,2020-11-30
sz.002422,2020-11-30,2020-11-30
sz.002456,2020-11-30,2020-11-30
sz.002460,2020-11-30,2020-11-30
sz.002463,2020-11-30,2020-11-30
sz.002466,2020-11-30,2020-11-30
sz.002468,2020-11-30,2020-11-30
sz.002475,2020-11-30,2020-11-30
sz.002493,2020-11-30,2020-11-30
sz.002508,2020-11-30,2020-11-30
sz.002555,2020-11-30,2020-11-30
sz.002558,2020-11-30,2020-11-30
sz.002594,2020-11-30,2020-11-30
sz.002601,2020-11-30,2020-11-30
sz.002602,2020-11-30,2020-11-30
sz.002607,2020-11-30,2020-11-30
sz.002624,2020-11-30,2020-11-30
sz.002673,2020-11-30,2020-11-30
sz.002714,2020-11-30,2020-11-30
sz.002736,2020-11-30,2020-11-30
sz.002739,2020-11-30,2020-11-30
sz.002773,2020-11-30,2020-11-30
sz.002841,2020-11-30,2020-11-30
sz.002916,2020-11-30,2020-11-30
sz.002938,2020-11-30,2020-11-30
sz.002939,2020-11-30,2020-11-30
sz.002945,2020-11-30,2020-11-30
sz.002958,2020-11-30,2020-11-30
sz.003816,2020-11-30,2020-11-30
sz.300003,2020-11-30,2020-11-30
sz.300014,2020-11-30,2020-11-30
sz.300015,2020-11-30,2020-11-30
sz.300033,2020-11-30,2020-11-30
sz.300059,2020-11-30,2020-11-30
sz.300122,2020-11-30,2020-11-30
sz.300124,2020-11-30,2020-11-30
sz.300136,2020-11-30,2020-11-30
sz.300142,2020-11-30,2020-11-30
sz.300144,2020-11-30,2020-11-30
sz.300347,2020-11-30,2020-11-30
sz.300408,2020-11-30,2020-11-30
sz.300413,2020-11-30,2020-11-30
sz.300433,2020-11-30,2020-11-30
sz.300498,2020-11-30,2020-11-30
sz.300601,2020-11-30,2020-11-30
sz.300628,2020-11-30,2020-11-30
sh.600000,2020-12-28,2020-12-31
sh.600004,2020-12-28,2020-12-31
sh.600009,2020-12-28,2020-12-31
sh.600010,2020-12-28,2020-12-31
sh.600011,2020-12-28,2020-12-31
sh.600015,2020-12-28,2020-12-31
sh.600016,2020-12-28,2020-12-31
sh.600018,2020-12-28,2020-12-31
sh.600019,2020-12-28,2020-12-31
sh.600025,2020-12-28,2020-12-31
sh.600027,2020-12-28,2020-12-31
sh.600028,2020-12-28,2020-12-31
sh.600029,2020-12-28,2020-12-31
sh.600030,2020-12-28,2020-12-31
sh.600031,2020-12-28,2020-12-31
sh.600036,2020-12-28,2020-12-31
sh.600048,2020-12-28,2020-12-31
sh.600050,2020-12-28,2020-12-31
sh.600061,2020-12-28,2020-12-31
sh.600066,2020-12-28,2020-12-31
sh.600068,2020-12-28,2020-12-31
sh.600085,2020-12-28,2020-12-31
sh.600104,2020-12-28,2020-12-31
sh.600109,2020-12-28,2020-12-31
sh.600111,2020-12-28,2020-12-31
sh.600115,2020-12-28,2020-12-31
sh.600118,2020-12-28,2020-12-31
sh.600150,2020-12-28,2020-12-31
sh.600161,2020-12-28,2020-12-31
sh.600176,2020-12-28,2020-12-31
sh.600177,2020-12-28,2020-12-31
sh.600183,2020-12-28,2020-12-31
sh.600196,2020-12-28,2020-12-31
sh.600208,2020-12-28,2020-12-31
sh.600233,2020-12-28,2020-12-31
sh.600271,2020-12-28,2020-12-31
sh.600276,2020-12-28,2020-12-31
sh.600297,2020-12-28,2020-12-31
sh.600299,2020-12-28,2020-12-31
sh.600309,2020-12-28,2020-12-31
sh.600332,2020-12-28,2020-12-31
sh.600340,2020-12-28,2020-12-31
sh.600346,2020-12-28,2020-12-31
sh.600352,2020-12-28,2020-12-31
sh.600362,2020-12-28,2020-12-31
sh.600369,2020-12-28,2020-12-31
sh.600383,2020-12-28,2020-12-31
sh.600390,2020-12-28,2020-12-31
sh.600406,2020-12-28,2020-12-31
sh.600436,2020-12-28,2020-12-31
sh.600438,2020-12-28,2020-12-31
sh.600482,2020-12-28,2020-12-31
sh.600487,2020-12-28,2020-12-31
sh.600489,2020-12-28,2020-12-31
sh.600498,2020-12-28,2020-12-31
sh.600519,2020-12-28,2020-12-31
sh.600522,2020-12-28,2020-12-31
sh.600547,2020-12-28,2020-12-31
sh.600570,2020-12-28,2020-12-31
sh.600584,2020-12-28,2020-12-31
sh.600585,2020-12-28,2020-12-31
sh.600588,2020-12-28,2020-12-31
sh.600600,2020-12-28,2020-12-31
sh.600606,2020-12-28,2020-12-31
sh.600637,2020-12-28,2020-12-31
sh.600655,2020-12-28,2020-12-31
sh.600660,2020-12-28,2020-12-31
sh.600690,2020-12-28,2020-12-31
sh.600703,2020-12-28,2020-12-31
sh.600705,2020-12-28,2020-12-31
sh.600741,2020-12-28,2020-12-31
sh.600745,2020-12-28,2020-12-31
sh.600760,2020-12-28,2020-12-31
sh.600763,2020-12-28,2020-12-31
sh.600795,2020-12-28,2020-12-31
sh.600809,2020-12-28,2020-12-31
sh.600837,2020-12-28,2020-12-31
sh.600845,2020-12-28,2020-12-31
sh.600848,2020-12-28,2020-12-31
sh.600872,2020-12-28,2020-12-31
sh.600886,2020-12-28,2020-12-31
sh.600887,2020-12-28,2020-12-31
sh.600893,2020-12-28,2020-12-31
sh.600900,2020-12-28,2020-12-31
sh.600918,2020-12-28,2020-12-31
sh.600919,2020-12-28,2020-12-31
sh.600926,2020-12-28,2020-12-31
sh.600958,2020-12-28,2020-12-31
sh.600989,2020-12-28,2020-12-31
sh.600998,2020-12-28,2020-12-31
sh.600999,2020-12-28,2020-12-31
sh.601006,2020-12-28,2020-12-31
sh.601009,2020-12-28,2020-12-31
sh.601012,2020-12-28,2020-12-31
sh.601021,2020-12-28,2020-12-31
sh.601066,2020-12-28,2020-12-31
sh.601077,2020-12-28,2020-12-31
sh.601088,2020-12-28,2020-12-31
sh.601100,2020-12-28,2020-12-31
sh.601108,2020-12-28,2020-12-31
sh.601111,2020-12-28,2020-12-31
sh.601117,2020-12-28,2020-12-31
sh.601138,2020-12-28,2020-12-31
sh.601155,2020-12-28,2020-12-31
sh.601162,2020-12-28,2020-12-31
sh.601166,2020-12-28,2020-12-31
sh.601169,2020-12-28,2020-12-31
sh.601186,2020-12-28,2020-12-31
sh.601198,2020-12-28,2020-12-31
sh.601211,2020-12-28,2020-12-31
sh.601216,2020-12-28,2020-12-31
sh.601225,2020-12-28,2020-12-31
sh.601229,2020-12-28,2020-12-31
sh.601231,2020-12-28,2020-12-31
sh.601236,2020-12-28,2020-12-31
sh.601238,2020-12-28,2020-12-31
sh.601288,2020-12-28,2020-12-31
sh.601318,2020-12-28,2020-12-31
sh.601319,2020-12-28,2020-12-31
sh.601328,2020-12-28,2020-12-31
sh.601336,2020-12-28,2020-12-31
sh.601360,2020-12-28,2020-12-31
sh.601377,2020-12-28,2020-12-31
sh.601390,2020-12-28,2020-12-31
sh.601398,2020-12-28,2020-12-31
sh.601555,2020-12-28,2020-12-31
sh.601577,2020-12-28,2020-12-31
sh.601600,2020-12-28,2020-12-31
sh.601601,2020-12-28,2020-12-31
sh.601607,2020-12-28,2020-12-31
sh.601618,2020-12-28,2020-12-31
sh.601628,2020-12-28,2020-12-31
sh.601633,2020-12-28,2020-12-31
sh.601658,2020-12-28,2020-12-31
sh.601668,2020-12-28,2020-12-31
sh.601669,2020-12-28,2020-12-31
sh.601688,2020-12-28,2020-12-31
sh.601696,2020-12-28,2020-12-31
sh.601698,2020-12-28,2020-12-31
sh.601727,2020-12-28,2020-12-31
sh.601766,2020-12-28,2020-12-31
sh.601788,2020-12-28,2020-12-31
sh.601800,2020-12-28,2020-12-31
sh.601808,2020-12-28,2020-12-31
sh.601816,2020-12-28,2020-12-31
sh.601818,2020-12-28,2020-12-31
sh.601838,2020-12-28,2020-12-31
sh.601857,2020-12-28,2020-12-31
sh.601872,2020-12-28,2020-12-31
sh.601877,2020-12-28,2020-12-31
sh.601878,2020-12-28,2020-12-31
sh.601881,2020-12-28,2020-12-31
sh.601888,2020-12-28,2020-12-31
sh.601899,2020-12-28,2020-12-31
sh.601901,2020-12-28,2020-12-31
sh.601916,2020-12-28,2020-12-31
sh.601919,2020-12-28,2020-12-31
sh.601933,2020-12-28,2020-12-31
sh.601939,2020-12-28,2020-12-31
sh.601985,2020-12-28,2020-12-31
sh.601988,2020-12-28,2020-12-31
sh.601989,2020-12-28,2020-12-31
sh.601990,2020-12-28,2020-12-31
sh.601998,2020-12-28,2020-12-31
sh.603019,2020-12-28,2020-12-31
sh.603087,2020-12-28,2020-12-31
sh.603156,2020-12-28,2020-12-31
sh.603160,2020-12-28,2020-12-31
sh.603195,2020-12-28,2020-12-31
sh.603259,2020-12-28,2020-12-31
sh.603288,2020-12-28,2020-12-31
sh.603369,2020-12-28,2020-12-31
sh.603392,2020-12-28,2020-12-31
sh.603501,2020-12-28,2020-12-31
sh.603658,2020-12-28,2020-12-31
sh.603799,2020-12-28,2020-12-31
sh.603833,2020-12-28,2020-12-31
sh.603899,2020-12-28,2020-12-31
sh.603986,2020-12-28,2020-12-31
sh.603993,2020-12-28,2020-12-31
sh.688008,2020-12-28,2020-12-31
sh.688009,2020-12-28,2020-12-31
sh.688012,2020-12-28,2020-12-31
sh.688036,2020-12-28,2020-12-31
sz.000001,2020-12-28,2020-12-31
sz.000002,2020-12-28,2020-12-31
sz.000063,2020-12-28,2020-12-31
sz.000066,2020-12-28,2020-12-31
sz.000069,2020-12-28,2020-12-31
sz.000100,2020-12-28,2020-12-31
sz.000157,2020-12-28,2020-12-31
sz.000166,2020-12-28,2020-12-31
sz.000333,2020-12-28,2020-12-31
sz.000338,2020-12-28,2020-12-31
sz.000425,2020-12-28,2020-12-31
sz.000538,2020-12-28,2020-12-31
sz.000568,2020-12-28,2020-12-31
sz.000596,2020-12-28,2020-12-31
sz.000625,2020-12-28,2020-12-31
sz.000627,2020-12-28,2020-12-31
sz.000651,2020-12-28,2020-12-31
sz.000656,2020-12-28,2020-12-31
sz.000661,2020-12-28,2020-12-31
sz.000671,2020-12-28,2020-12-31
sz.000703,2020-12-28,2020-12-31
sz.000708,2020-12-28,2020-12-31
sz.000723,2020-12-28,2020-12-31
sz.000725,2020-12-28,2020-12-31
sz.000728,2020-12-28,2020-12-31
sz.000768,2020-12-28,2020-12-31
sz.000776,2020-12-28,2020-12-31
sz.000783,2020-12-28,2020-12-31
sz.000786,2020-12-28,2020-12-31
sz.000858,2020-12-28,2020-12-31
sz.000860,2020-12-28,2020-12-31
sz.000876,2020-12-28,2020-12-31
sz.000895,2020-12-28,2020-12-31
sz.000938,2020-12-28,2020-12-31
sz.000961,2020-12-28,2020-12-31
sz.000963,2020-12-28,2020-12-31
sz.000977,2020-12-28,2020-12-31
sz.001979,2020-12-28,2020-12-31
sz.002001,2020-12-28,2020-12-31
sz.002007,2020-12-28,2020-12-31
sz.002008,2020-12-28,2020-12-31
sz.002024,2020-12-28,2020-12-31
sz.002027,2020-12-28,2020-12-31
sz.002032,2020-12-28,2020-12-31
sz.002044,2020-12-28,2020-12-31
sz.002049,2020-12-28,2020-12-31
sz.002050,2020-12-28,2020-12-31
sz.002120,2020-12-28,2020-12-31
sz.002129,2020-12-28,2020-12-31
sz.002142,2020-12-28,2020-12-31
sz.002146,2020-12-28,2020-12-31
sz.002153,2020-12-28,2020-12-31
sz.002157,2020-12-28,2020-12-31
sz.002179,2020-12-28,2020-12-31
sz.002202,2020-12-28,2020-12-31
sz.002230,2020-12-28,2020-12-31
sz.002236,2020-12-28,2020-12-31
sz.002241,2020-12-28,2020-12-31
sz.002252,2020-12-28,2020-12-31
sz.002271,2020-12-28,2020-12-31
sz.002304,2020-12-28,2020-12-31
sz.002311,2020-12-28,2020-12-31
sz.002352,2020-12-28,2020-12-31
sz.002371,2020-12-28,2020-12-31
sz.002384,2020-12-28,2020-12-31
sz.002410,2020-12-28,2020-12-31
sz.002414,2020-12-28,2020-12-31
sz.002415,2020-12-28,2020-12-31
sz.002422,2020-12-28,2020-12-31
sz.002456,2020-12-28,2020-12-31
sz.002460,2020-12-28,2020-12-31
sz.002463,2020-12-28,2020-12-31
sz.002475,2020-12-28,2020-12-31
sz.002493,2020-12-28,2020-12-31
sz.002508,2020-12-28,2020-12-31
sz.002555,2020-12-28,2020-12-31
sz.002558,2020-12-28,2020-12-31
sz.002594,2020-12-28,2020-12-31
sz.002600,2020-12-28,2020-12-31
sz.002601,2020-12-28,2020-12-31
sz.002602,2020-12-28,2020-12-31
sz.002607,2020-12-28,2020-12-31
sz.002624,2020-12-28,2020-12-31
sz.002673,2020-12-28,2020-12-31
sz.002714,2020-12-28,2020-12-31
sz.002736,2020-12-28,2020-12-31
sz.002739,2020-12-28,2020-12-31
sz.002773,2020-12-28,2020-12-31
sz.002812,2020-12-28,2020-12-31
sz.002821,2020-12-28,2020-12-31
sz.002841,2020-12-28,2020-12-31
sz.002916,2020-12-28,2020-12-31
sz.002938,2020-12-28,2020-12-31
sz.002939,2020-12-28,2020-12-31
sz.002945,2020-12-28,2020-12-31
sz.002958,2020-12-28,2020-12-31
sz.003816,2020-12-28,2020-12-31
sz.300003,2020-12-28,2020-12-31
sz.300014,2020-12-28,2020-12-31
sz.300015,2020-12-28,2020-12-31
sz.300033,2020-12-28,2020-12-31
sz.300059,2020-12-28,2020-12-31
sz.300122,2020-12-28,2020-12-31
sz.300124,2020-12-28,2020-12-31
sz.300136,2020-12-28,2020-12-31
sz.300142,2020-12-28,2020-12-31
sz.300144,2020-12-28,2020-12-31
sz.300347,2020-12-28,2020-12-31
sz.300408,2020-12-28,2020-12-31
sz.300413,2020-12-28,2020-12-31
sz.300433,2020-12-28,2020-12-31
sz.300498,2020-12-28,2020-12-31
sz.300529,2020-12-28,2020-12-31
sz.300601,2020-12-28,2020-12-31
sz.300628,2020-12-28,2020-12-31
sz.300676,2020-12-28,2020-12-31
sh.600000,2021-01-25,2021-01-31
sh.600004,2021-01-25,2021-01-31
sh.600009,2021-01-25,2021-01-31
sh.600010,2021-01-25,2021-01-31
sh.600011,2021-01-25,2021-01-31
sh.600015,2021-01-25,2021-01-31
sh.600016,2021-01-25,2021-01-31
sh.600018,2021-01-25,2021-01-31
sh.600019,2021-01-25,2021-01-31
sh.600025,2021-01-25,2021-01-31
sh.600027,2021-01-25,2021-01-31
sh.600028,2021-01-25,2021-01-31
sh.600029,2021-01-25,2021-01-31
sh.600030,2021-01-25,2021-01-31
sh.600031,2021-01-25,2021-01-31
sh.600036,2021-01-25,2021-01-31
sh.600048,2021-01-25,2021-01-31
sh.600050,2021-01-25,2021-01-31
sh.600061,2021-01-25,2021-01-31
sh.600066,2021-01-25,2021-01-31
sh.600068,2021-01-25,2021-01-31
sh.600085,2021-01-25,2021-01-31
sh.600104,2021-01-25,2021-01-31
sh.600109,2021-01-25,2021-01-31
sh.600111,2021-01-25,2021-01-31
sh.600115,2021-01-25,2021-01-31
sh.600118,2021-01-25,2021-01-31
sh.600150,2021-01-25,2021-01-31
sh.600161,2021-01-25,2021-01-31
sh.600176,2021-01-25,2021-01-31
sh.600177,2021-01-25,2021-01-31
sh.600183,2021-01-25,2021-01-31
sh.600196,2021-01-25,2021-01-31
sh.600208,2021-01-25,2021-01-31
sh.600233,2021-01-25,2021-01-31
sh.600271,2021-01-25,2021-01-31
sh.600276,2021-01-25,2021-01-31
sh.600297,2021-01-25,2021-01-31
sh.600299,2021-01-25,2021-01-31
sh.600309,2021-01-25,2021-01-31
sh.600332,2021-01-25,2021-01-31
sh.600340,2021-01-25,2021-01-31
sh.600346,2021-01-25,2021-01-31
sh.600352,2021-01-25,2021-01-31
sh.600362,2021-01-25,2021-01-31
sh.600369,2021-01-25,2021-01-31
sh.600383,2021-01-25,2021-01-31
sh.600390,2021-01-25,2021-01-31
sh.600406,2021-01-25,2021-01-31
sh.600436,2021-01-25,2021-01-31
sh.600438,2021-01-25,2021-01-31
sh.600482,2021-01-25,2021-01-31
sh.600487,2021-01-25,2021-01-31
sh.600489,2021-01-25,2021-01-31
sh.600498,2021-01-25,2021-01-31
sh.600519,2021-01-25,2021-01-31
sh.600522,2021-01-25,2021-01-31
sh.600547,2021-01-25,2021-01-31
sh.600570,2021-01-25,2021-01-31
sh.600584,2021-01-25,2021-01-31
sh.600585,2021-01-25,2021-01-31
sh.600588,2021-01-25,2021-01-31
sh.600600,2021-01-25,2021-01-31
sh.600606,2021-01-25,2021-01-31
sh.600637,2021-01-25,2021-01-31
sh.600655,2021-01-25,2021-01-31
sh.600660,2021-01-25,2021-01-31
sh.600690,2021-01-25,2021-01-31
sh.600703,2021-01-25,2021-01-31
sh.600705,2021-01-25,2021-01-31
sh.600741,2021-01-25,2021-01-31
sh.600745,2021-01-25,2021-01-31
sh.600760,2021-01-25,2021-01-31
sh.600763,2021-01-25,2021-01-31
sh.600795,2021-01-25,2021-01-31
sh.600809,2021-01-25,2021-01-31
sh.600837,2021-01-25,2021-01-31
sh.600845,2021-01-25,2021-01-31
sh.600848,2021-01-25,2021-01-31
sh.600872,2021-01-25,2021-01-31
sh.600886,2021-01-25,2021-01-31
sh.600887,2021-01-25,2021-01-31
sh.600893,2021-01-25,2021-01-31
sh.600900,2021-01-25,2021-01-31
sh.600918,2021-01-25,2021-01-31
sh.600919,2021-01-25,2021-01-31
sh.600926,2021-01-25,2021-01-31
sh.600958,2021-01-25,2021-01-31
sh.600989,2021-01-25,2021-01-31
sh.600998,2021-01-25,2021-01-31
sh.600999,2021-01-25,2021-01-31
sh.601006,2021-01-25,2021-01-31
sh.601009,2021-01-25,2021-01-31
sh.601012,2021-01-25,2021-01-31
sh.601021,2021-01-25,2021-01-31
sh.601066,2021-01-25,2021-01-31
sh.601077,2021-01-25,2021-01-31
sh.601088,2021-01-25,2021-01-31
sh.601100,2021-01-25,2021-01-31
sh.601108,2021-01-25,2021-01-31
sh.601111,2021-01-25,2021-01-31
sh.601117,2021-01-25,2021-01-31
sh.601138,2021-01-25,2021-01-31
sh.601155,2021-01-25,2021-01-31
sh.601162,2021-01-25,2021-01-31
sh.601166,2021-01-25,2021-01-31
sh.601169,2021-01-25,2021-01-31
sh.601186,2021-01-25,2021-01-31
sh.601198,2021-01-25,2021-01-31
sh.601211,2021-01-25,2021-01-31
sh.601216,2021-01-25,2021-01-31
sh.601225,2021-01-25,2021-01-31
sh.601229,2021-01-25,2021-01-31
sh.601231,2021-01-25,2021-01-31
sh.601236,2021-01-25,2021-01-31
sh.601238,2021-01-25,2021-01-31
sh.601288,2021-01-25,2021-01-31
sh.601318,2021-01-25,2021-01-31
sh.601319,2021-01-25,2021-01-31
sh.601328,2021-01-25,2021-01-31
sh.601336,2021-01-25,2021-01-31
sh.601360,2021-01-25,2021-01-31
sh.601377,2021-01-25,2021-01-31
sh.601390,2021-01-25,2021-01-31
sh.601398,2021-01-25,2021-01-31
sh.601555,2021-01-25,2021-01-31
sh.601577,2021-01-25,2021-01-31
sh.601600,2021-01-25,2021-01-31
sh.601601,2021-01-25,2021-01-31
sh.601607,2021-01-25,2021-01-31
sh.601618,2021-01-25,2021-01-31
sh.601628,2021-01-25,2021-01-31
sh.601633,2021-01-25,2021-01-31
sh.601658,2021-01-25,2021-01-31
sh.601668,2021-01-25,2021-01-31
sh.601669,2021-01-25,2021-01-31
sh.601688,2021-01-25,2021-01-31
sh.601696,2021-01-25,2021-01-31
sh.601698,2021-01-25,2021-01-31
sh.601727,2021-01-25,2021-01-31
sh.601766,2021-01-25,2021-01-31
sh.601788,2021-01-25,2021-01-31
sh.601800,2021-01-25,2021-01-31
sh.601808,2021-01-25,2021-01-31
sh.601816,2021-01-25,2021-01-31
sh.601818,2021-01-25,2021-01-31
sh.601838,2021-01-25,2021-01-31
sh.601857,2021-01-25,2021-01-31
sh.601872,2021-01-25,2021-01-31
sh.601877,2021-01-25,2021-01-31
sh.601878,2021-01-25,2021-01-31
sh.601881,2021-01-25,2021-01-31
sh.601888,2021-01-25,2021-01-31
sh.601899,2021-01-25,2021-01-31
sh.601901,2021-01-25,2021-01-31
sh.601916,2021-01-25,2021-01-31
sh.601919,2021-01-25,2021-01-31
sh.601933,2021-01-25,2021-01-31
sh.601939,2021-01-25,2021-01-31
sh.601985,2021-01-25,2021-01-31
sh.601988,2021-01-25,2021-01-31
sh.601989,2021-01-25,2021-01-31
sh.601990,2021-01-25,2021-01-31
sh.601998,2021-01-25,2021-01-31
sh.603019,2021-01-25,2021-01-31
sh.603087,2021-01-25,2021-01-31
sh.603156,2021-01-25,2021-01-31
sh.603160,2021-01-25,2021-01-31
sh.603195,2021-01-25,2021-01-31
sh.603259,2021-01-25,2021-01-31
sh.603288,2021-01-25,2021-01-31
sh.603369,2021-01-25,2021-01-31
sh.603392,2021-01-25,2021-01-31
sh.603501,2021-01-25,2021-01-31
sh.603658,2021-01-25,2021-01-31
sh.603799,2021-01-25,2021-01-31
sh.603833,2021-01-25,2021-01-31
sh.603899,2021-01-25,2021-01-31
sh.603986,2021-01-25,2021-01-31
sh.603993,2021-01-25,2021-01-31
sh.688008,2021-01-25,2021-01-31
sh.688009,2021-01-25,2021-01-31
sh.688012,2021-01-25,2021-01-31
sh.688036,2021-01-25,2021-01-31
sz.000001,2021-01-25,2021-01-31
sz.000002,2021-01-25,2021-01-31
sz.000063,2021-01-25,2021-01-31
sz.000066,2021-01-25,2021-01-31
sz.000069,2021-01-25,2021-01-31
sz.000100,2021-01-25,2021-01-31
sz.000157,2021-01-25,2021-01-31
sz.000166,2021-01-25,2021-01-31
sz.000333,2021-01-25,2021-01-31
sz.000338,2021-01-25,2021-01-31
sz.000425,2021-01-25,2021-01-31
sz.000538,2021-01-25,2021-01-31
sz.000568,2021-01-25,2021-01-31
sz.000596,2021-01-25,2021-01-31
sz.000625,2021-01-25,2021-01-31
sz.000627,2021-01-25,2021-01-31
sz.000651,2021-01-25,2021-01-31
sz.000656,2021-01-25,2021-01-31
sz.000661,2021-01-25,2021-01-31
sz.000671,2021-01-25,2021-01-31
sz.000703,2021-01-25,2021-01-31
sz.000708,2021-01-25,2021-01-31
sz.000723,2021-01-25,2021-01-31
sz.000725,2021-01-25,2021-01-31
sz.000728,2021-01-25,2021-01-31
sz.000768,2021-01-25,2021-01-31
sz.000776,2021-01-25,2021-01-31
sz.000783,2021-01-25,2021-01-31
sz.000786,2021-01-25,2021-01-31
sz.000858,2021-01-25,2021-01-31
sz.000860,2021-01-25,2021-01-31
sz.000876,2021-01-25,2021-01-31
sz.000895,2021-01-25,2021-01-31
sz.000938,2021-01-25,2021-01-31
sz.000961,2021-01-25,2021-01-31
sz.000963,2021-01-25,2021-01-31
sz.000977,2021-01-25,2021-01-31
sz.001979,2021-01-25,2021-01-31
sz.002001,2021-01-25,2021-01-31
sz.002007,2021-01-25,2021-01-31
sz.002008,2021-01-25,2021-01-31
sz.002024,2021-01-25,2021-01-31
sz.002027,2021-01-25,2021-01-31
sz.002032,2021-01-25,2021-01-31
sz.002044,2021-01-25,2021-01-31
sz.002049,2021-01-25,2021-01-31
sz.002050,2021-01-25,2021-01-31
sz.002120,2021-01-25,2021-01-31
sz.002129,2021-01-25,2021-01-31
sz.002142,2021-01-25,2021-01-31
sz.002146,2021-01-25,2021-01-31
sz.002153,2021-01-25,2021-01-31
sz.002157,2021-01-25,2021-01-31
sz.002179,2021-01-25,2021-01-31
sz.002202,2021-01-25,2021-01-31
sz.002230,2021-01-25,2021-01-31
sz.002236,2021-01-25,2021-01-31
sz.002241,2021-01-25,2021-01-31
sz.002252,2021-01-25,2021-01-31
sz.002271,2021-01-25,2021-01-31
sz.002304,2021-01-25,2021-01-31
sz.002311,2021-01-25,2021-01-31
sz.002352,2021-01-25,2021-01-31
sz.002371,2021-01-25,2021-01-31
sz.002384,2021-01-25,2021-01-31
sz.002410,2021-01-25,2021-01-31
sz.002414,2021-01-25,2021-01-31
sz.002415,2021-01-25,2021-01-31
sz.002422,2021-01-25,2021-01-31
sz.002456,2021-01-25,2021-01-31
sz.002460,2021-01-25,2021-01-31
sz.002463,2021-01-25,2021-01-31
sz.002475,2021-01-25,2021-01-31
sz.002493,2021-01-25,2021-01-31
sz.002508,2021-01-25,2021-01-31
sz.002555,2021-01-25,2021-01-31
sz.002558,2021-01-25,2021-01-31
sz.002594,2021-01-25,2021-01-31
sz.002600,2021-01-25,2021-01-31
sz.002601,2021-01-25,2021-01-31
sz.002602,2021-01-25,2021-01-31
sz.002607,2021-01-25,2021-01-31
sz.002624,2021-01-25,2021-01-31
sz.002673,2021-01-25,2021-01-31
sz.002714,2021-01-25,2021-01-31
sz.002736,2021-01-25,2021-01-31
sz.002739,2021-01-25,2021-01-31
sz.002773,2021-01-25,2021-01-31
sz.002812,2021-01-25,2021-01-31
sz.002821,2021-01-25,2021-01-31
sz.002841,2021-01-25,2021-01-31
sz.002916,2021-01-25,2021-01-31
sz.002938,2021-01-25,2021-01-31
sz.002939,2021-01-25,2021-01-31
sz.002945,2021-01-25,2021-01-31
sz.002958,2021-01-25,2021-01-31
sz.003816,2021-01-25,2021-01-31
sz.300003,2021-01-25,2021-01-31
sz.300014,2021-01-25,2021-01-31
sz.300015,2021-01-25,2021-01-31
sz.300033,2021-01-25,2021-01-31
sz.300059,2021-01-25,2021-01-31
sz.300122,2021-01-25,2021-01-31
sz.300124,2021-01-25,2021-01-31
sz.300136,2021-01-25,2021-01-31
sz.300142,2021-01-25,2021-01-31
sz.300144,2021-01-25,2021-01-31
sz.300347,2021-01-25,2021-01-31
sz.300408,2021-01-25,2021-01-31
sz.300413,2021-01-25,2021-01-31
sz.300433,2021-01-25,2021-01-31
sz.300498,2021-01-25,2021-01-31
sz.300529,2021-01-25,2021-01-31
sz.300601,2021-01-25,2021-01-31
sz.300628,2021-01-25,2021-01-31
sz.300676,2021-01-25,2021-01-31
sh.600000,2021-02-22,2021-02-28
sh.600004,2021-02-22,2021-02-28
sh.600009,2021-02-22,2021-02-28
sh.600010,2021-02-22,2021-02-28
sh.600011,2021-02-22,2021-02-28
sh.600015,2021-02-22,2021-02-28
sh.600016,2021-02-22,2021-02-28
sh.600018,2021-02-22,2021-02-28
sh.600019,2021-02-22,2021-02-28
sh.600025,2021-02-22,2021-02-28
sh.600027,2021-02-22,2021-02-28
sh.600028,2021-02-22,2021-02-28
sh.600029,2021-02-22,2021-02-28
sh.600030,2021-02-22,2021-02-28
sh.600031,2021-02-22,2021-02-28
sh.600036,2021-02-22,2021-02-28
sh.600048,2021-02-22,2021-02-28
sh.600050,2021-02-22,2021-02-28
sh.600061,2021-02-22,2021-02-28
sh.600066,2021-02-22,2021-02-28
sh.600068,2021-02-22,2021-02-28
sh.600085,2021-02-22,2021-02-28
sh.600104,2021-02-22,2021-02-28
sh.600109,2021-02-22,2021-02-28
sh.600111,2021-02-22,2021-02-28
sh.600115,2021-02-22,2021-02-28
sh.600118,2021-02-22,2021-02-28
sh.600150,2021-02-22,2021-02-28
sh.600161,2021-02-22,2021-02-28
sh.600176,2021-02-22,2021-02-28
sh.600177,2021-02-22,2021-02-28
sh.600183,2021-02-22,2021-02-28
sh.600196,2021-02-22,2021-02-28
sh.600208,2021-02-22,2021-02-28
sh.600233,2021-02-22,2021-02-28
sh.600271,2021-02-22,2021-02-28
sh.600276,2021-02-22,2021-02-28
sh.600297,2021-02-22,2021-02-28
sh.600299,2021-02-22,2021-02-28
sh.600309,2021-02-22,2021-02-28
sh.600332,2021-02-22,2021-02-28
sh.600340,2021-02-22,2021-02-28
sh.600346,2021-02-22,2021-02-28
sh.600352,2021-02-22,2021-02-28
sh.600362,2021-02-22,2021-02-28
sh.600369,2021-02-22,2021-02-28
sh.600383,2021-02-22,2021-02-28
sh.600390,2021-02-22,2021-02-28
sh.600406,2021-02-22,2021-02-28
sh.600436,2021-02-22,2021-02-28
sh.600438,2021-02-22,2021-02-28
sh.600482,2021-02-22,2021-02-28
sh.600487,2021-02-22,2021-02-28
sh.600489,2021-02-22,2021-02-28
sh.600498,2021-02-22,2021-02-28
sh.600519,2021-02-22,2021-02-28
sh.600522,2021-02-22,2021-02-28
sh.600547,2021-02-22,2021-02-28
sh.600570,2021-02-22,2021-02-28
sh.600584,2021-02-22,2021-02-28
sh.600585,2021-02-22,2021-02-28
sh.600588,2021-02-22,2021-02-28
sh.600600,2021-02-22,2021-02-28
sh.600606,2021-02-22,2021-02-28
sh.600637,2021-02-22,2021-02-28
sh.600655,2021-02-22,2021-02-28
sh.600660,2021-02-22,2021-02-28
sh.600690,2021-02-22,2021-02-28
sh.600703,2021-02-22,2021-02-28
sh.600705,2021-02-22,2021-02-28
sh.600741,2021-02-22,2021-02-28
sh.600745,2021-02-22,2021-02-28
sh.600760,2021-02-22,2021-02-28
sh.600763,2021-02-22,2021-02-28
sh.600795,2021-02-22,2021-02-28
sh.600809,2021-02-22,2021-02-28
sh.600837,2021-02-22,2021-02-28
sh.600845,2021-02-22,2021-02-28
sh.600848,2021-02-22,2021-02-28
sh.600872,2021-02-22,2021-02-28
sh.600886,2021-02-22,2021-02-28
sh.600887,2021-02-22,2021-02-28
sh.600893,2021-02-22,2021-02-28
sh.600900,2021-02-22,2021-02-28
sh.600918,2021-02-22,2021-02-28
sh.600919,2021-02-22,2021-02-28
sh.600926,2021-02-22,2021-02-28
sh.600958,2021-02-22,2021-02-28
sh.600989,2021-02-22,2021-02-28
sh.600998,2021-02-22,2021-02-28
sh.600999,2021-02-22,2021-02-28
sh.601006,2021-02-22,2021-02-28
sh.601009,2021-02-22,2021-02-28
sh.601012,2021-02-22,2021-02-28
sh.601021,2021-02-22,2021-02-28
sh.601066,2021-02-22,2021-02-28
sh.601077,2021-02-22,2021-02-28
sh.601088,2021-02-22,2021-02-28
sh.601100,2021-02-22,2021-02-28
sh.601108,2021-02-22,2021-02-28
sh.601111,2021-02-22,2021-02-28
sh.601117,2021-02-22,2021-02-28
sh.601138,2021-02-22,2021-02-28
sh.601155,2021-02-22,2021-02-28
sh.601162,2021-02-22,2021-02-28
sh.601166,2021-02-22,2021-02-28
sh.601169,2021-02-22,2021-02-28
sh.601186,2021-02-22,2021-02-28
sh.601198,2021-02-22,2021-02-28
sh.601211,2021-02-22,2021-02-28
sh.601216,2021-02-22,2021-02-28
sh.601225,2021-02-22,2021-02-28
sh.601229,2021-02-22,2021-02-28
sh.601231,2021-02-22,2021-02-28
sh.601236,2021-02-22,2021-02-28
sh.601238,2021-02-22,2021-02-28
sh.601288,2021-02-22,2021-02-28
sh.601318,2021-02-22,2021-02-28
sh.601319,2021-02-22,2021-02-28
sh.601328,2021-02-22,2021-02-28
sh.601336,2021-02-22,2021-02-28
sh.601360,2021-02-22,2021-02-28
sh.601377,2021-02-22,2021-02-28
sh.601390,2021-02-22,2021-02-28
sh.601398,2021-02-22,2021-02-28
sh.601555,2021-02-22,2021-02-28
sh.601577,2021-02-22,2021-02-28
sh.601600,2021-02-22,2021-02-28
sh.601601,2021-02-22,2021-02-28
sh.601607,2021-02-22,2021-02-28
sh.601618,2021-02-22,2021-02-28
sh.601628,2021-02-22,2021-02-28
sh.601633,2021-02-22,2021-02-28
sh.601658,2021-02-22,2021-02-28
sh.601668,2021-02-22,2021-02-28
sh.601669,2021-02-22,2021-02-28
sh.601688,2021-02-22,2021-02-28
sh.601696,2021-02-22,2021-02-28
sh.601698,2021-02-22,2021-02-28
sh.601727,2021-02-22,2021-02-28
sh.601766,2021-02-22,2021-02-28
sh.601788,2021-02-22,2021-02-28
sh.601800,2021-02-22,2021-02-28
sh.601808,2021-02-22,2021-02-28
sh.601816,2021-02-22,2021-02-28
sh.601818,2021-02-22,2021-02-28
sh.601838,2021-02-22,2021-02-28
sh.601857,2021-02-22,2021-02-28
sh.601872,2021-02-22,2021-02-28
sh.601877,2021-02-22,2021-02-28
sh.601878,2021-02-22,2021-02-28
sh.601881,2021-02-22,2021-02-28
sh.601888,2021-02-22,2021-02-28
sh.601899,2021-02-22,2021-02-28
sh.601901,2021-02-22,2021-02-28
sh.601916,2021-02-22,2021-02-28
sh.601919,2021-02-22,2021-02-28
sh.601933,2021-02-22,2021-02-28
sh.601939,2021-02-22,2021-02-28
sh.601985,2021-02-22,2021-02-28
sh.601988,2021-02-22,2021-02-28
sh.601989,2021-02-22,2021-02-28
sh.601990,2021-02-22,2021-02-28
sh.601998,2021-02-22,2021-02-28
sh.603019,2021-02-22,2021-02-28
sh.603087,2021-02-22,2021-02-28
sh.603156,2021-02-22,2021-02-28
sh.603160,2021-02-22,2021-02-28
sh.603195,2021-02-22,2021-02-28
sh.603259,2021-02-22,2021-02-28
sh.603288,2021-02-22,2021-02-28
sh.603369,2021-02-22,2021-02-28
sh.603392,2021-02-22,2021-02-28
sh.603501,2021-02-22,2021-02-28
sh.603658,2021-02-22,2021-02-28
sh.603799,2021-02-22,2021-02-28
sh.603833,2021-02-22,2021-02-28
sh.603899,2021-02-22,2021-02-28
sh.603986,2021-02-22,2021-02-28
sh.603993,2021-02-22,2021-02-28
sh.688008,2021-02-22,2021-02-28
sh.688009,2021-02-22,2021-02-28
sh.688012,2021-02-22,2021-02-28
sh.688036,2021-02-22,2021-02-28
sz.000001,2021-02-22,2021-02-28
sz.000002,2021-02-22,2021-02-28
sz.000063,2021-02-22,2021-02-28
sz.000066,2021-02-22,2021-02-28
sz.000069,2021-02-22,2021-02-28
sz.000100,2021-02-22,2021-02-28
sz.000157,2021-02-22,2021-02-28
sz.000166,2021-02-22,2021-02-28
sz.000333,2021-02-22,2021-02-28
sz.000338,2021-02-22,2021-02-28
sz.000425,2021-02-22,2021-02-28
sz.000538,2021-02-22,2021-02-28
sz.000568,2021-02-22,2021-02-28
sz.000596,2021-02-22,2021-02-28
sz.000625,2021-02-22,2021-02-28
sz.000627,2021-02-22,2021-02-28
sz.000651,2021-02-22,2021-02-28
sz.000656,2021-02-22,2021-02-28
sz.000661,2021-02-22,2021-02-28
sz.000671,2021-02-22,2021-02-28
sz.000703,2021-02-22,2021-02-28
sz.000708,2021-02-22,2021-02-28
sz.000723,2021-02-22,2021-02-28
sz.000725,2021-02-22,2021-02-28
sz.000728,2021-02-22,2021-02-28
sz.000768,2021-02-22,2021-02-28
sz.000776,2021-02-22,2021-02-28
sz.000783,2021-02-22,2021-02-28
sz.000786,2021-02-22,2021-02-28
sz.000858,2021-02-22,2021-02-28
sz.000860,2021-02-22,2021-02-28
sz.000876,2021-02-22,2021-02-28
sz.000895,2021-02-22,2021-02-28
sz.000938,2021-02-22,2021-02-28
sz.000961,2021-02-22,2021-02-28
sz.000963,2021-02-22,2021-02-28
sz.000977,2021-02-22,2021-02-28
sz.001979,2021-02-22,2021-02-28
sz.002001,2021-02-22,2021-02-28
sz.002007,2021-02-22,2021-02-28
sz.002008,2021-02-22,2021-02-28
sz.002024,2021-02-22,2021-02-28
sz.002027,2021-02-22,2021-02-28
sz.002032,2021-02-22,2021-02-28
sz.002044,2021-02-22,2021-02-28
sz.002049,2021-02-22,2021-02-28
sz.002050,2021-02-22,2021-02-28
sz.002120,2021-02-22,2021-02-28
sz.002129,2021-02-22,2021-02-28
sz.002142,2021-02-22,2021-02-28
sz.002146,2021-02-22,2021-02-28
sz.002153,2021-02-22,2021-02-28
sz.002157,2021-02-22,2021-02-28
sz.002179,2021-02-22,2021-02-28
sz.002202,2021-02-22,2021-02-28
sz.002230,2021-02-22,2021-02-28
sz.002236,2021-02-22,2021-02-28
sz.002241,2021-02-22,2021-02-28
sz.002252,2021-02-22,2021-02-28
sz.002271,2021-02-22,2021-02-28
sz.002304,2021-02-22,2021-02-28
sz.002311,2021-02-22,2021-02-28
sz.002352,2021-02-22,2021-02-28
sz.002371,2021-02-22,2021-02-28
sz.002384,2021-02-22,2021-02-28
sz.002410,2021-02-22,2021-02-28
sz.002414,2021-02-22,2021-02-28
sz.002415,2021-02-22,2021-02-28
sz.002422,2021-02-22,2021-02-28
sz.002456,2021-02-22,2021-02-28
sz.002460,2021-02-22,2021-02-28
sz.002463,2021-02-22,2021-02-28
sz.002475,2021-02-22,2021-02-28
sz.002493,2021-02-22,2021-02-28
sz.002508,2021-02-22,2021-02-28
sz.002555,2021-02-22,2021-02-28
sz.002558,2021-02-22,2021-02-28
sz.002594,2021-02-22,2021-02-28
sz.002600,2021-02-22,2021-02-28
sz.002601,2021-02-22,2021-02-28
sz.002602,2021-02-22,2021-02-28
sz.002607,2021-02-22,2021-02-28
sz.002624,2021-02-22,2021-02-28
sz.002673,2021-02-22,2021-02-28
sz.002714,2021-02-22,2021-02-28
sz.002736,2021-02-22,2021-02-28
sz.002739,2021-02-22,2021-02-28
sz.002773,2021-02-22,2021-02-28
sz.002812,2021-02-22,2021-02-28
sz.002821,2021-02-22,2021-02-28
sz.002841,2021-02-22,2021-02-28
sz.002916,2021-02-22,2021-02-28
sz.002938,2021-02-22,2021-02-28
sz.002939,2021-02-22,2021-02-28
sz.002945,2021-02-22,2021-02-28
sz.002958,2021-02-22,2021-02-28
sz.003816,2021-02-22,2021-02-28
sz.300003,2021-02-22,2021-02-28
sz.300014,2021-02-22,2021-02-28
sz.300015,2021-02-22,2021-02-28
sz.300033,2021-02-22,2021-02-28
sz.300059,2021-02-22,2021-02-28
sz.300122,2021-02-22,2021-02-28
sz.300124,2021-02-22,2021-02-28
sz.300136,2021-02-22,2021-02-28
sz.300142,2021-02-22,2021-02-28
sz.300144,2021-02-22,2021-02-28
sz.300347,2021-02-22,2021-02-28
sz.300408,2021-02-22,2021-02-28
sz.300413,2021-02-22,2021-02-28
sz.300433,2021-02-22,2021-02-28
sz.300498,2021-02-22,2021-02-28
sz.300529,2021-02-22,2021-02-28
sz.300601,2021-02-22,2021-02-28
sz.300628,2021-02-22,2021-02-28
sz.300676,2021-02-22,2021-02-28
sh.600000,2021-03-29,2021-03-31
sh.600004,2021-03-29,2021-03-31
sh.600009,2021-03-29,2021-03-31
sh.600010,2021-03-29,2021-03-31
sh.600011,2021-03-29,2021-03-31
sh.600015,2021-03-29,2021-03-31
sh.600016,2021-03-29,2021-03-31
sh.600018,2021-03-29,2021-03-31
sh.600019,2021-03-29,2021-03-31
sh.600025,2021-03-29,2021-03-31
sh.600027,2021-03-29,2021-03-31
sh.600028,2021-03-29,2021-03-31
sh.600029,2021-03-29,2021-03-31
sh.600030,2021-03-29,2021-03-31
sh.600031,2021-03-29,2021-03-31
sh.600036,2021-03-29,2021-03-31
sh.600048,2021-03-29,2021-03-31
sh.600050,2021-03-29,2021-03-31
sh.600061,2021-03-29,2021-03-31
sh.600066,2021-03-29,2021-03-31
sh.600068,2021-03-29,2021-03-31
sh.600085,2021-03-29,2021-03-31
sh.600104,2021-03-29,2021-03-31
sh.600109,2021-03-29,2021-03-31
sh.600111,2021-03-29,2021-03-31
sh.600115,2021-03-29,2021-03-31
sh.600118,2021-03-29,2021-03-31
sh.600150,2021-03-29,2021-03-31
sh.600161,2021-03-29,2021-03-31
sh.600176,2021-03-29,2021-03-31
sh.600177,2021-03-29,2021-03-31
sh.600183,2021-03-29,2021-03-31
sh.600196,2021-03-29,2021-03-31
sh.600208,2021-03-29,2021-03-31
sh.600233,2021-03-29,2021-03-31
sh.600271,2021-03-29,2021-03-31
sh.600276,2021-03-29,2021-03-31
sh.600297,2021-03-29,2021-03-31
sh.600299,2021-03-29,2021-03-31
sh.600309,2021-03-29,2021-03-31
sh.600332,2021-03-29,2021-03-31
sh.600340,2021-03-29,2021-03-31
sh.600346,2021-03-29,2021-03-31
sh.600352,2021-03-29,2021-03-31
sh.600362,2021-03-29,2021-03-31
sh.600369,2021-03-29,2021-03-31
sh.600383,2021-03-29,2021-03-31
sh.600390,2021-03-29,2021-03-31
sh.600406,2021-03-29,2021-03-31
sh.600436,2021-03-29,2021-03-31
sh.600438,2021-03-29,2021-03-31
sh.600482,2021-03-29,2021-03-31
sh.600487,2021-03-29,2021-03-31
sh.600489,2021-03-29,2021-03-31
sh.600498,2021-03-29,2021-03-31
sh.600519,2021-03-29,2021-03-31
sh.600522,2021-03-29,2021-03-31
sh.600547,2021-03-29,2021-03-31
sh.600570,2021-03-29,2021-03-31
sh.600584,2021-03-29,2021-03-31
sh.600585,2021-03-29,2021-03-31
sh.600588,2021-03-29,2021-03-31
sh.600600,2021-03-29,2021-03-31
sh.600606,2021-03-29,2021-03-31
sh.600637,2021-03-29,2021-03-31
sh.600655,2021-03-29,2021-03-31
sh.600660,2021-03-29,2021-03-31
sh.600690,2021-03-29,2021-03-31
sh.600703,2021-03-29,2021-03-31
sh.600705,2021-03-29,2021-03-31
sh.600741,2021-03-29,2021-03-31
sh.600745,2021-03-29,2021-03-31
sh.600760,2021-03-29,2021-03-31
sh.600763,2021-03-29,2021-03-31
sh.600795,2021-03-29,2021-03-31
sh.600809,2021-03-29,2021-03-31
sh.600837,2021-03-29,2021-03-31
sh.600845,2021-03-29,2021-03-31
sh.600848,2021-03-29,2021-03-31
sh.600872,2021-03-29,2021-03-31
sh.600886,2021-03-29,2021-03-31
sh.600887,2021-03-29,2021-03-31
sh.600893,2021-03-29,2021-03-31
sh.600900,2021-03-29,2021-03-31
sh.600918,2021-03-29,2021-03-31
sh.600919,2021-03-29,2021-03-31
sh.600926,2021-03-29,2021-03-31
sh.600958,2021-03-29,2021-03-31
sh.600989,2021-03-29,2021-03-31
sh.600998,2021-03-29,2021-03-31
sh.600999,2021-03-29,2021-03-31
sh.601006,2021-03-29,2021-03-31
sh.601009,2021-03-29,2021-03-31
sh.601012,2021-03-29,2021-03-31
sh.601021,2021-03-29,2021-03-31
sh.601066,2021-03-29,2021-03-31
sh.601077,2021-03-29,2021-03-31
sh.601088,2021-03-29,2021-03-31
sh.601100,2021-03-29,2021-03-31
sh.601108,2021-03-29,2021-03-31
sh.601111,2021-03-29,2021-03-31
sh.601117,2021-03-29,2021-03-31
sh.601138,2021-03-29,2021-03-31
sh.601155,2021-03-29,2021-03-31
sh.601162,2021-03-29,2021-03-31
sh.601166,2021-03-29,2021-03-31
sh.601169,2021-03-29,2021-03-31
sh.601186,2021-03-29,2021-03-31
sh.601198,2021-03-29,2021-03-31
sh.601211,2021-03-29,2021-03-31
sh.601216,2021-03-29,2021-03-31
sh.601225,2021-03-29,2021-03-31
sh.601229,2021-03-29,2021-03-31
sh.601231,2021-03-29,2021-03-31
sh.601236,2021-03-29,2021-03-31
sh.601238,2021-03-29,2021-03-31
sh.601288,2021-03-29,2021-03-31
sh.601318,2021-03-29,2021-03-31
sh.601319,2021-03-29,2021-03-31
sh.601328,2021-03-29,2021-03-31
sh.601336,2021-03-29,2021-03-31
sh.601360,2021-03-29,2021-03-31
sh.601377,2021-03-29,2021-03-31
sh.601390,2021-03-29,2021-03-31
sh.601398,2021-03-29,2021-03-31
sh.601555,2021-03-29,2021-03-31
sh.601577,2021-03-29,2021-03-31
sh.601600,2021-03-29,2021-03-31
sh.601601,2021-03-29,2021-03-31
sh.601607,2021-03-29,2021-03-31
sh.601618,2021-03-29,2021-03-31
sh.601628,2021-03-29,2021-03-31
sh.601633,2021-03-29,2021-03-31
sh.601658,2021-03-29,2021-03-31
sh.601668,2021-03-29,2021-03-31
sh.601669,2021-03-29,2021-03-31
sh.601688,2021-03-29,2021-03-31
sh.601696,2021-03-29,2021-03-31
sh.601698,2021-03-29,2021-03-31
sh.601727,2021-03-29,2021-03-31
sh.601766,2021-03-29,2021-03-31
sh.601788,2021-03-29,2021-03-31
sh.601800,2021-03-29,2021-03-31
sh.601808,2021-03-29,2021-03-31
sh.601816,2021-03-29,2021-03-31
sh.601818,2021-03-29,2021-03-31
sh.601838,2021-03-29,2021-03-31
sh.601857,2021-03-29,2021-03-31
sh.601872,2021-03-29,2021-03-31
sh.601877,2021-03-29,2021-03-31
sh.601878,2021-03-29,2021-03-31
sh.601881,2021-03-29,2021-03-31
sh.601888,2021-03-29,2021-03-31
sh.601899,2021-03-29,2021-03-31
sh.601901,2021-03-29,2021-03-31
sh.601916,2021-03-29,2021-03-31
sh.601919,2021-03-29,2021-03-31
sh.601933,2021-03-29,2021-03-31
sh.601939,2021-03-29,2021-03-31
sh.601985,2021-03-29,2021-03-31
sh.601988,2021-03-29,2021-03-31
sh.601989,2021-03-29,2021-03-31
sh.601990,2021-03-29,2021-03-31
sh.601998,2021-03-29,2021-03-31
sh.603019,2021-03-29,2021-03-31
sh.603087,2021-03-29,2021-03-31
sh.603156,2021-03-29,2021-03-31
sh.603160,2021-03-29,2021-03-31
sh.603195,2021-03-29,2021-03-31
sh.603259,2021-03-29,2021-03-31
sh.603288,2021-03-29,2021-03-31
sh.603369,2021-03-29,2021-03-31
sh.603392,2021-03-29,2021-03-31
sh.603501,2021-03-29,2021-03-31
sh.603658,2021-03-29,2021-03-31
sh.603799,2021-03-29,2021-03-31
sh.603833,2021-03-29,2021-03-31
sh.603899,2021-03-29,2021-03-31
sh.603986,2021-03-29,2021-03-31
sh.603993,2021-03-29,2021-03-31
sh.688008,2021-03-29,2021-03-31
sh.688009,2021-03-29,2021-03-31
sh.688012,2021-03-29,2021-03-31
sh.688036,2021-03-29,2021-03-31
sz.000001,2021-03-29,2021-03-31
sz.000002,2021-03-29,2021-03-31
sz.000063,2021-03-29,2021-03-31
sz.000066,2021-03-29,2021-03-31
sz.000069,2021-03-29,2021-03-31
sz.000100,2021-03-29,2021-03-31
sz.000157,2021-03-29,2021-03-31
sz.000166,2021-03-29,2021-03-31
sz.000333,2021-03-29,2021-03-31
sz.000338,2021-03-29,2021-03-31
sz.000425,2021-03-29,2021-03-31
sz.000538,2021-03-29,2021-03-31
sz.000568,2021-03-29,2021-03-31
sz.000596,2021-03-29,2021-03-31
sz.000625,2021-03-29,2021-03-31
sz.000627,2021-03-29,2021-03-31
sz.000651,2021-03-29,2021-03-31
sz.000656,2021-03-29,2021-03-31
sz.000661,2021-03-29,2021-03-31
sz.000671,2021-03-29,2021-03-31
sz.000703,2021-03-29,2021-03-31
sz.000708,2021-03-29,2021-03-31
sz.000723,2021-03-29,2021-03-31
sz.000725,2021-03-29,2021-03-31
sz.000728,2021-03-29,2021-03-31
sz.000768,2021-03-29,2021-03-31
sz.000776,2021-03-29,2021-03-31
sz.000783,2021-03-29,2021-03-31
sz.000786,2021-03-29,2021-03-31
sz.000858,2021-03-29,2021-03-31
sz.000860,2021-03-29,2021-03-31
sz.000876,2021-03-29,2021-03-31
sz.000895,2021-03-29,2021-03-31
sz.000938,2021-03-29,2021-03-31
sz.000961,2021-03-29,2021-03-31
sz.000963,2021-03-29,2021-03-31
sz.000977,2021-03-29,2021-03-31
sz.001979,2021-03-29,2021-03-31
sz.002001,2021-03-29,2021-03-31
sz.002007,2021-03-29,2021-03-31
sz.002008,2021-03-29,2021-03-31
sz.002024,2021-03-29,2021-03-31
sz.002027,2021-03-29,2021-03-31
sz.002032,2021-03-29,2021-03-31
sz.002044,2021-03-29,2021-03-31
sz.002049,2021-03-29,2021-03-31
sz.002050,2021-03-29,2021-03-31
sz.002120,2021-03-29,2021-03-31
sz.002129,2021-03-29,2021-03-31
sz.002142,2021-03-29,2021-03-31
sz.002146,2021-03-29,2021-03-31
sz.002153,2021-03-29,2021-03-31
sz.002157,2021-03-29,2021-03-31
sz.002179,2021-03-29,2021-03-31
sz.002202,2021-03-29,2021-03-31
sz.002230,2021-03-29,2021-03-31
sz.002236,2021-03-29,2021-03-31
sz.002241,2021-03-29,2021-03-31
sz.002252,2021-03-29,2021-03-31
sz.002271,2021-03-29,2021-03-31
sz.002304,2021-03-29,2021-03-31
sz.002311,2021-03-29,2021-03-31
sz.002352,2021-03-29,2021-03-31
sz.002371,2021-03-29,2021-03-31
sz.002384,2021-03-29,2021-03-31
sz.002410,2021-03-29,2021-03-31
sz.002414,2021-03-29,2021-03-31
sz.002415,2021-03-29,2021-03-31
sz.002422,2021-03-29,2021-03-31
sz.002456,2021-03-29,2021-03-31
sz.002460,2021-03-29,2021-03-31
sz.002463,2021-03-29,2021-03-31
sz.002475,2021-03-29,2021-03-31
sz.002493,2021-03-29,2021-03-31
sz.002508,2021-03-29,2021-03-31
sz.002555,2021-03-29,2021-03-31
sz.002558,2021-03-29,2021-03-31
sz.002594,2021-03-29,2021-03-31
sz.002600,2021-03-29,2021-03-31
sz.002601,2021-03-29,2021-03-31
sz.002602,2021-03-29,2021-03-31
sz.002607,2021-03-29,2021-03-31
sz.002624,2021-03-29,2021-03-31
sz.002673,2021-03-29,2021-03-31
sz.002714,2021-03-29,2021-03-31
sz.002736,2021-03-29,2021-03-31
sz.002739,2021-03-29,2021-03-31
sz.002773,2021-03-29,2021-03-31
sz.002812,2021-03-29,2021-03-31
sz.002821,2021-03-29,2021-03-31
sz.002841,2021-03-29,2021-03-31
sz.002916,2021-03-29,2021-03-31
sz.002938,2021-03-29,2021-03-31
sz.002939,2021-03-29,2021-03-31
sz.002945,2021-03-29,2021-03-31
sz.002958,2021-03-29,2021-03-31
sz.003816,2021-03-29,2021-03-31
sz.300003,2021-03-29,2021-03-31
sz.300014,2021-03-29,2021-03-31
sz.300015,2021-03-29,2021-03-31
sz.300033,2021-03-29,2021-03-31
sz.300059,2021-03-29,2021-03-31
sz.300122,2021-03-29,2021-03-31
sz.300124,2021-03-29,2021-03-31
sz.300136,2021-03-29,2021-03-31
sz.300142,2021-03-29,2021-03-31
sz.300144,2021-03-29,2021-03-31
sz.300347,2021-03-29,2021-03-31
sz.300408,2021-03-29,2021-03-31
sz.300413,2021-03-29,2021-03-31
sz.300433,2021-03-29,2021-03-31
sz.300498,2021-03-29,2021-03-31
sz.300529,2021-03-29,2021-03-31
sz.300601,2021-03-29,2021-03-31
sz.300628,2021-03-29,2021-03-31
sz.300676,2021-03-29,2021-03-31
sh.600000,2021-04-26,2021-04-30
sh.600004,2021-04-26,2021-04-30
sh.600009,2021-04-26,2021-04-30
sh.600010,2021-04-26,2021-04-30
sh.600011,2021-04-26,2021-04-30
sh.600015,2021-04-26,2021-04-30
sh.600016,2021-04-26,2021-04-30
sh.600018,2021-04-26,2021-04-30
sh.600019,2021-04-26,2021-04-30
sh.600025,2021-04-26,2021-04-30
sh.600027,2021-04-26,2021-04-30
sh.600028,2021-04-26,2021-04-30
sh.600029,2021-04-26,2021-04-30
sh.600030,2021-04-26,2021-04-30
sh.600031,2021-04-26,2021-04-30
sh.600036,2021-04-26,2021-04-30
sh.600048,2021-04-26,2021-04-30
sh.600050,2021-04-26,2021-04-30
sh.600061,2021-04-26,2021-04-30
sh.600066,2021-04-26,2021-04-30
sh.600068,2021-04-26,2021-04-30
sh.600085,2021-04-26,2021-04-30
sh.600104,2021-04-26,2021-04-30
sh.600109,2021-04-26,2021-04-30
sh.600111,2021-04-26,2021-04-30
sh.600115,2021-04-26,2021-04-30
sh.600118,2021-04-26,2021-04-30
sh.600150,2021-04-26,2021-04-30
sh.600161,2021-04-26,2021-04-30
sh.600176,2021-04-26,2021-04-30
sh.600177,2021-04-26,2021-04-30
sh.600183,2021-04-26,2021-04-30
sh.600196,2021-04-26,2021-04-30
sh.600208,2021-04-26,2021-04-30
sh.600233,2021-04-26,2021-04-30
sh.600271,2021-04-26,2021-04-30
sh.600276,2021-04-26,2021-04-30
sh.600297,2021-04-26,2021-04-30
sh.600299,2021-04-26,2021-04-30
sh.600309,2021-04-26,2021-04-30
sh.600332,2021-04-26,2021-04-30
sh.600340,2021-04-26,2021-04-30
sh.600346,2021-04-26,2021-04-30
sh.600352,2021-04-26,2021-04-30
sh.600362,2021-04-26,2021-04-30
sh.600369,2021-04-26,2021-04-30
sh.600383,2021-04-26,2021-04-30
sh.600390,2021-04-26,2021-04-30
sh.600406,2021-04-26,2021-04-30
sh.600436,2021-04-26,2021-04-30
sh.600438,2021-04-26,2021-04-30
sh.600482,2021-04-26,2021-04-30
sh.600487,2021-04-26,2021-04-30
sh.600489,2021-04-26,2021-04-30
sh.600498,2021-04-26,2021-04-30
sh.600519,2021-04-26,2021-04-30
sh.600522,2021-04-26,2021-04-30
sh.600547,2021-04-26,2021-04-30
sh.600570,2021-04-26,2021-04-30
sh.600584,2021-04-26,2021-04-30
sh.600585,2021-04-26,2021-04-30
sh.600588,2021-04-26,2021-04-30
sh.600600,2021-04-26,2021-04-30
sh.600606,2021-04-26,2021-04-30
sh.600637,2021-04-26,2021-04-30
sh.600655,2021-04-26,2021-04-30
sh.600660,2021-04-26,2021-04-30
sh.600690,2021-04-26,2021-04-30
sh.600703,2021-04-26,2021-04-30
sh.600705,2021-04-26,2021-04-30
sh.600741,2021-04-26,2021-04-30
sh.600745,2021-04-26,2021-04-30
sh.600760,2021-04-26,2021-04-30
sh.600763,2021-04-26,2021-04-30
sh.600795,2021-04-26,2021-04-30
sh.600809,2021-04-26,2021-04-30
sh.600837,2021-04-26,2021-04-30
sh.600845,2021-04-26,2021-04-30
sh.600848,2021-04-26,2021-04-30
sh.600872,2021-04-26,2021-04-30
sh.600886,2021-04-26,2021-04-30
sh.600887,2021-04-26,2021-04-30
sh.600893,2021-04-26,2021-04-30
sh.600900,2021-04-26,2021-04-30
sh.600918,2021-04-26,2021-04-30
sh.600919,2021-04-26,2021-04-30
sh.600926,2021-04-26,2021-04-30
sh.600958,2021-04-26,2021-04-30
sh.600989,2021-04-26,2021-04-30
sh.600998,2021-04-26,2021-04-30
sh.600999,2021-04-26,2021-04-30
sh.601006,2021-04-26,2021-04-30
sh.601009,2021-04-26,2021-04-30
sh.601012,2021-04-26,2021-04-30
sh.601021,2021-04-26,2021-04-30
sh.601066,2021-04-26,2021-04-30
sh.601077,2021-04-26,2021-04-30
sh.601088,2021-04-26,2021-04-30
sh.601100,2021-04-26,2021-04-30
sh.601108,2021-04-26,2021-04-30
sh.601111,2021-04-26,2021-04-30
sh.601117,2021-04-26,2021-04-30
sh.601138,2021-04-26,2021-04-30
sh.601155,2021-04-26,2021-04-30
sh.601162,2021-04-26,2021-04-30
sh.601166,2021-04-26,2021-04-30
sh.601169,2021-04-26,2021-04-30
sh.601186,2021-04-26,2021-04-30
sh.601198,2021-04-26,2021-04-30
sh.601211,2021-04-26,2021-04-30
sh.601216,2021-04-26,2021-04-30
sh.601225,2021-04-26,2021-04-30
sh.601229,2021-04-26,2021-04-30
sh.601231,2021-04-26,2021-04-30
sh.601236,2021-04-26,2021-04-30
sh.601238,2021-04-26,2021-04-30
sh.601288,2021-04-26,2021-04-30
sh.601318,2021-04-26,2021-04-30
sh.601319,2021-04-26,2021-04-30
sh.601328,2021-04-26,2021-04-30
sh.601336,2021-04-26,2021-04-30
sh.601360,2021-04-26,2021-04-30
sh.601377,2021-04-26,2021-04-30
sh.601390,2021-04-26,2021-04-30
sh.601398,2021-04-26,2021-04-30
sh.601555,2021-04-26,2021-04-30
sh.601577,2021-04-26,2021-04-30
sh.601600,2021-04-26,2021-04-30
sh.601601,2021-04-26,2021-04-30
sh.601607,2021-04-26,2021-04-30
sh.601618,2021-04-26,2021-04-30
sh.601628,2021-04-26,2021-04-30
sh.601633,2021-04-26,2021-04-30
sh.601658,2021-04-26,2021-04-30
sh.601668,2021-04-26,2021-04-30
sh.601669,2021-04-26,2021-04-30
sh.601688,2021-04-26,2021-04-30
sh.601696,2021-04-26,2021-04-30
sh.601698,2021-04-26,2021-04-30
sh.601727,2021-04-26,2021-04-30
sh.601766,2021-04-26,2021-04-30
sh.601788,2021-04-26,2021-04-30
sh.601800,2021-04-26,2021-04-30
sh.601808,2021-04-26,2021-04-30
sh.601816,2021-04-26,2021-04-30
sh.601818,2021-04-26,2021-04-30
sh.601838,2021-04-26,2021-04-30
sh.601857,2021-04-26,2021-04-30
sh.601872,2021-04-26,2021-04-30
sh.601877,2021-04-26,2021-04-30
sh.601878,2021-04-26,2021-04-30
sh.601881,2021-04-26,2021-04-30
sh.601888,2021-04-26,2021-04-30
sh.601899,2021-04-26,2021-04-30
sh.601901,2021-04-26,2021-04-30
sh.601916,2021-04-26,2021-04-30
sh.601919,2021-04-26,2021-04-30
sh.601933,2021-04-26,2021-04-30
sh.601939,2021-04-26,2021-04-30
sh.601985,2021-04-26,2021-04-30
sh.601988,2021-04-26,2021-04-30
sh.601989,2021-04-26,2021-04-30
sh.601990,2021-04-26,2021-04-30
sh.601998,2021-04-26,2021-04-30
sh.603019,2021-04-26,2021-04-30
sh.603087,2021-04-26,2021-04-30
sh.603156,2021-04-26,2021-04-30
sh.603160,2021-04-26,2021-04-30
sh.603195,2021-04-26,2021-04-30
sh.603259,2021-04-26,2021-04-30
sh.603288,2021-04-26,2021-04-30
sh.603369,2021-04-26,2021-04-30
sh.603392,2021-04-26,2021-04-30
sh.603501,2021-04-26,2021-04-30
sh.603658,2021-04-26,2021-04-30
sh.603799,2021-04-26,2021-04-30
sh.603833,2021-04-26,2021-04-30
sh.603899,2021-04-26,2021-04-30
sh.603986,2021-04-26,2021-04-30
sh.603993,2021-04-26,2021-04-30
sh.688008,2021-04-26,2021-04-30
sh.688009,2021-04-26,2021-04-30
sh.688012,2021-04-26,2021-04-30
sh.688036,2021-04-26,2021-04-30
sz.000001,2021-04-26,2021-04-30
sz.000002,2021-04-26,2021-04-30
sz.000063,2021-04-26,2021-04-30
sz.000066,2021-04-26,2021-04-30
sz.000069,2021-04-26,2021-04-30
sz.000100,2021-04-26,2021-04-30
sz.000157,2021-04-26,2021-04-30
sz.000166,2021-04-26,2021-04-30
sz.000333,2021-04-26,2021-04-30
sz.000338,2021-04-26,2021-04-30
sz.000425,2021-04-26,2021-04-30
sz.000538,2021-04-26,2021-04-30
sz.000568,2021-04-26,2021-04-30
sz.000596,2021-04-26,2021-04-30
sz.000625,2021-04-26,2021-04-30
sz.000627,2021-04-26,2021-04-30
sz.000651,2021-04-26,2021-04-30
sz.000656,2021-04-26,2021-04-30
sz.000661,2021-04-26,2021-04-30
sz.000671,2021-04-26,2021-04-30
sz.000703,2021-04-26,2021-04-30
sz.000708,2021-04-26,2021-04-30
sz.000723,2021-04-26,2021-04-30
sz.000725,2021-04-26,2021-04-30
sz.000728,2021-04-26,2021-04-30
sz.000768,2021-04-26,2021-04-30
sz.000776,2021-04-26,2021-04-30
sz.000783,2021-04-26,2021-04-30
sz.000786,2021-04-26,2021-04-30
sz.000858,2021-04-26,2021-04-30
sz.000860,2021-04-26,2021-04-30
sz.000876,2021-04-26,2021-04-30
sz.000895,2021-04-26,2021-04-30
sz.000938,2021-04-26,2021-04-30
sz.000961,2021-04-26,2021-04-30
sz.000963,2021-04-26,2021-04-30
sz.000977,2021-04-26,2021-04-30
sz.001979,2021-04-26,2021-04-30
sz.002001,2021-04-26,2021-04-30
sz.002007,2021-04-26,2021-04-30
sz.002008,2021-04-26,2021-04-30
sz.002024,2021-04-26,2021-04-30
sz.002027,2021-04-26,2021-04-30
sz.002032,2021-04-26,2021-04-30
sz.002044,2021-04-26,2021-04-30
sz.002049,2021-04-26,2021-04-30
sz.002050,2021-04-26,2021-04-30
sz.002120,2021-04-26,2021-04-30
sz.002129,2021-04-26,2021-04-30
sz.002142,2021-04-26,2021-04-30
sz.002146,2021-04-26,2021-04-30
sz.002153,2021-04-26,2021-04-30
sz.002157,2021-04-26,2021-04-30
sz.002179,2021-04-26,2021-04-30
sz.002202,2021-04-26,2021-04-30
sz.002230,2021-04-26,2021-04-30
sz.002236,2021-04-26,2021-04-30
sz.002241,2021-04-26,2021-04-30
sz.002252,2021-04-26,2021-04-30
sz.002271,2021-04-26,2021-04-30
sz.002304,2021-04-26,2021-04-30
sz.002311,2021-04-26,2021-04-30
sz.002352,2021-04-26,2021-04-30
sz.002371,2021-04-26,2021-04-30
sz.002384,2021-04-26,2021-04-30
sz.002410,2021-04-26,2021-04-30
sz.002414,2021-04-26,2021-04-30
sz.002415,2021-04-26,2021-04-30
sz.002422,2021-04-26,2021-04-30
sz.002456,2021-04-26,2021-04-30
sz.002460,2021-04-26,2021-04-30
sz.002463,2021-04-26,2021-04-30
sz.002475,2021-04-26,2021-04-30
sz.002493,2021-04-26,2021-04-30
sz.002508,2021-04-26,2021-04-30
sz.002555,2021-04-26,2021-04-30
sz.002558,2021-04-26,2021-04-30
sz.002594,2021-04-26,2021-04-30
sz.002600,2021-04-26,2021-04-30
sz.002601,2021-04-26,2021-04-30
sz.002602,2021-04-26,2021-04-30
sz.002607,2021-04-26,2021-04-30
sz.002624,2021-04-26,2021-04-30
sz.002673,2021-04-26,2021-04-30
sz.002714,2021-04-26,2021-04-30
sz.002736,2021-04-26,2021-04-30
sz.002739,2021-04-26,2021-04-30
sz.002773,2021-04-26,2021-04-30
sz.002812,2021-04-26,2021-04-30
sz.002821,2021-04-26,2021-04-30
sz.002841,2021-04-26,2021-04-30
sz.002916,2021-04-26,2021-04-30
sz.002938,2021-04-26,2021-04-30
sz.002939,2021-04-26,2021-04-30
sz.002945,2021-04-26,2021-04-30
sz.002958,2021-04-26,2021-04-30
sz.003816,2021-04-26,2021-04-30
sz.300003,2021-04-26,2021-04-30
sz.300014,2021-04-26,2021-04-30
sz.300015,2021-04-26,2021-04-30
sz.300033,2021-04-26,2021-04-30
sz.300059,2021-04-26,2021-04-30
sz.300122,2021-04-26,2021-04-30
sz.300124,2021-04-26,2021-04-30
sz.300136,2021-04-26,2021-04-30
sz.300142,2021-04-26,2021-04-30
sz.300144,2021-04-26,2021-04-30
sz.300347,2021-04-26,2021-04-30
sz.300408,2021-04-26,2021-04-30
sz.300413,2021-04-26,2021-04-30
sz.300433,2021-04-26,2021-04-30
sz.300498,2021-04-26,2021-04-30
sz.300529,2021-04-26,2021-04-30
sz.300601,2021-04-26,2021-04-30
sz.300628,2021-04-26,2021-04-30
sz.300676,2021-04-26,2021-04-30
sh.600000,2021-05-31,2021-05-31
sh.600004,2021-05-31,2021-05-31
sh.600009,2021-05-31,2021-05-31
sh.600010,2021-05-31,2021-05-31
sh.600011,2021-05-31,2021-05-31
sh.600015,2021-05-31,2021-05-31
sh.600016,2021-05-31,2021-05-31
sh.600018,2021-05-31,2021-05-31
sh.600019,2021-05-31,2021-05-31
sh.600025,2021-05-31,2021-05-31
sh.600027,2021-05-31,2021-05-31
sh.600028,2021-05-31,2021-05-31
sh.600029,2021-05-31,2021-05-31
sh.600030,2021-05-31,2021-05-31
sh.600031,2021-05-31,2021-05-31
sh.600036,2021-05-31,2021-05-31
sh.600048,2021-05-31,2021-05-31
sh.600050,2021-05-31,2021-05-31
sh.600061,2021-05-31,2021-05-31
sh.600066,2021-05-31,2021-05-31
sh.600068,2021-05-31,2021-05-31
sh.600085,2021-05-31,2021-05-31
sh.600104,2021-05-31,2021-05-31
sh.600109,2021-05-31,2021-05-31
sh.600111,2021-05-31,2021-05-31
sh.600115,2021-05-31,2021-05-31
sh.600118,2021-05-31,2021-05-31
sh.600150,2021-05-31,2021-05-31
sh.600161,2021-05-31,2021-05-31
sh.600176,2021-05-31,2021-05-31
sh.600177,2021-05-31,2021-05-31
sh.600183,2021-05-31,2021-05-31
sh.600196,2021-05-31,2021-05-31
sh.600208,2021-05-31,2021-05-31
sh.600233,2021-05-31,2021-05-31
sh.600271,2021-05-31,2021-05-31
sh.600276,2021-05-31,2021-05-31
sh.600297,2021-05-31,2021-05-31
sh.600299,2021-05-31,2021-05-31
sh.600309,2021-05-31,2021-05-31
sh.600332,2021-05-31,2021-05-31
sh.600340,2021-05-31,2021-05-31
sh.600346,2021-05-31,2021-05-31
sh.600352,2021-05-31,2021-05-31
sh.600362,2021-05-31,2021-05-31
sh.600369,2021-05-31,2021-05-31
sh.600383,2021-05-31,2021-05-31
sh.600390,2021-05-31,2021-05-31
sh.600406,2021-05-31,2021-05-31
sh.600436,2021-05-31,2021-05-31
sh.600438,2021-05-31,2021-05-31
sh.600482,2021-05-31,2021-05-31
sh.600487,2021-05-31,2021-05-31
sh.600489,2021-05-31,2021-05-31
sh.600498,2021-05-31,2021-05-31
sh.600519,2021-05-31,2021-05-31
sh.600522,2021-05-31,2021-05-31
sh.600547,2021-05-31,2021-05-31
sh.600570,2021-05-31,2021-05-31
sh.600584,2021-05-31,2021-05-31
sh.600585,2021-05-31,2021-05-31
sh.600588,2021-05-31,2021-05-31
sh.600600,2021-05-31,2021-05-31
sh.600606,2021-05-31,2021-05-31
sh.600637,2021-05-31,2021-05-31
sh.600655,2021-05-31,2021-05-31
sh.600660,2021-05-31,2021-05-31
sh.600690,2021-05-31,2021-05-31
sh.600703,2021-05-31,2021-05-31
sh.600705,2021-05-31,2021-05-31
sh.600741,2021-05-31,2021-05-31
sh.600745,2021-05-31,2021-05-31
sh.600760,2021-05-31,2021-05-31
sh.600763,2021-05-31,2021-05-31
sh.600795,2021-05-31,2021-05-31
sh.600809,2021-05-31,2021-05-31
sh.600837,2021-05-31,2021-05-31
sh.600845,2021-05-31,2021-05-31
sh.600848,2021-05-31,2021-05-31
sh.600872,2021-05-31,2021-05-31
sh.600886,2021-05-31,2021-05-31
sh.600887,2021-05-31,2021-05-31
sh.600893,2021-05-31,2021-05-31
sh.600900,2021-05-31,2021-05-31
sh.600918,2021-05-31,2021-05-31
sh.600919,2021-05-31,2021-05-31
sh.600926,2021-05-31,2021-05-31
sh.600958,2021-05-31,2021-05-31
sh.600989,2021-05-31,2021-05-31
sh.600998,2021-05-31,2021-05-31
sh.600999,2021-05-31,2021-05-31
sh.601006,2021-05-31,2021-05-31
sh.601009,2021-05-31,2021-05-31
sh.601012,2021-05-31,2021-05-31
sh.601021,2021-05-31,2021-05-31
sh.601066,2021-05-31,2021-05-31
sh.601077,2021-05-31,2021-05-31
sh.601088,2021-05-31,2021-05-31
sh.601100,2021-05-31,2021-05-31
sh.601108,2021-05-31,2021-05-31
sh.601111,2021-05-31,2021-05-31
sh.601117,2021-05-31,2021-05-31
sh.601138,2021-05-31,2021-05-31
sh.601155,2021-05-31,2021-05-31
sh.601162,2021-05-31,2021-05-31
sh.601166,2021-05-31,2021-05-31
sh.601169,2021-05-31,2021-05-31
sh.601186,2021-05-31,2021-05-31
sh.601198,2021-05-31,2021-05-31
sh.601211,2021-05-31,2021-05-31
sh.601216,2021-05-31,2021-05-31
sh.601225,2021-05-31,2021-05-31
sh.601229,2021-05-31,2021-05-31
sh.601231,2021-05-31,2021-05-31
sh.601236,2021-05-31,2021-05-31
sh.601238,2021-05-31,2021-05-31
sh.601288,2021-05-31,2021-05-31
sh.601318,2021-05-31,2021-05-31
sh.601319,2021-05-31,2021-05-31
sh.601328,2021-05-31,2021-05-31
sh.601336,2021-05-31,2021-05-31
sh.601360,2021-05-31,2021-05-31
sh.601377,2021-05-31,2021-05-31
sh.601390,2021-05-31,2021-05-31
sh.601398,2021-05-31,2021-05-31
sh.601555,2021-05-31,2021-05-31
sh.601577,2021-05-31,2021-05-31
sh.601600,2021-05-31,2021-05-31
sh.601601,2021-05-31,2021-05-31
sh.601607,2021-05-31,2021-05-31
sh.601618,2021-05-31,2021-05-31
sh.601628,2021-05-31,2021-05-31
sh.601633,2021-05-31,2021-05-31
sh.601658,2021-05-31,2021-05-31
sh.601668,2021-05-31,2021-05-31
sh.601669,2021-05-31,2021-05-31
sh.601688,2021-05-31,2021-05-31
sh.601696,2021-05-31,2021-05-31
sh.601698,2021-05-31,2021-05-31
sh.601727,2021-05-31,2021-05-31
sh.601766,2021-05-31,2021-05-31
sh.601788,2021-05-31,2021-05-31
sh.601800,2021-05-31,2021-05-31
sh.601808,2021-05-31,2021-05-31
sh.601816,2021-05-31,2021-05-31
sh.601818,2021-05-31,2021-05-31
sh.601838,2021-05-31,2021-05-31
sh.601857,2021-05-31,2021-05-31
sh.601872,2021-05-31,2021-05-31
sh.601877,2021-05-31,2021-05-31
sh.601878,2021-05-31,2021-05-31
sh.601881,2021-05-31,2021-05-31
sh.601888,2021-05-31,2021-05-31
sh.601899,2021-05-31,2021-05-31
sh.601901,2021-05-31,2021-05-31
sh.601916,2021-05-31,2021-05-31
sh.601919,2021-05-31,2021-05-31
sh.601933,2021-05-31,2021-05-31
sh.601939,2021-05-31,2021-05-31
sh.601985,2021-05-31,2021-05-31
sh.601988,2021-05-31,2021-05-31
sh.601989,2021-05-31,2021-05-31
sh.601990,2021-05-31,2021-05-31
sh.601998,2021-05-31,2021-05-31
sh.603019,2021-05-31,2021-05-31
sh.603087,2021-05-31,2021-05-31
sh.603156,2021-05-31,2021-05-31
sh.603160,2021-05-31,2021-05-31
sh.603195,2021-05-31,2021-05-31
sh.603259,2021-05-31,2021-05-31
sh.603288,2021-05-31,2021-05-31
sh.603369,2021-05-31,2021-05-31
sh.603392,2021-05-31,2021-05-31
sh.603501,2021-05-31,2021-05-31
sh.603658,2021-05-31,2021-05-31
sh.603799,2021-05-31,2021-05-31
sh.603833,2021-05-31,2021-05-31
sh.603899,2021-05-31,2021-05-31
sh.603986,2021-05-31,2021-05-31
sh.603993,2021-05-31,2021-05-31
sh.688008,2021-05-31,2021-05-31
sh.688009,2021-05-31,2021-05-31
sh.688012,2021-05-31,2021-05-31
sh.688036,2021-05-31,2021-05-31
sz.000001,2021-05-31,2021-05-31
sz.000002,2021-05-31,2021-05-31
sz.000063,2021-05-31,2021-05-31
sz.000066,2021-05-31,2021-05-31
sz.000069,2021-05-31,2021-05-31
sz.000100,2021-05-31,2021-05-31
sz.000157,2021-05-31,2021-05-31
sz.000166,2021-05-31,2021-05-31
sz.000333,2021-05-31,2021-05-31
sz.000338,2021-05-31,2021-05-31
sz.000425,2021-05-31,2021-05-31
sz.000538,2021-05-31,2021-05-31
sz.000568,2021-05-31,2021-05-31
sz.000596,2021-05-31,2021-05-31
sz.000625,2021-05-31,2021-05-31
sz.000627,2021-05-31,2021-05-31
sz.000651,2021-05-31,2021-05-31
sz.000656,2021-05-31,2021-05-31
sz.000661,2021-05-31,2021-05-31
sz.000671,2021-05-31,2021-05-31
sz.000703,2021-05-31,2021-05-31
sz.000708,2021-05-31,2021-05-31
sz.000723,2021-05-31,2021-05-31
sz.000725,2021-05-31,2021-05-31
sz.000728,2021-05-31,2021-05-31
sz.000768,2021-05-31,2021-05-31
sz.000776,2021-05-31,2021-05-31
sz.000783,2021-05-31,2021-05-31
sz.000786,2021-05-31,2021-05-31
sz.000858,2021-05-31,2021-05-31
sz.000860,2021-05-31,2021-05-31
sz.000876,2021-05-31,2021-05-31
sz.000895,2021-05-31,2021-05-31
sz.000938,2021-05-31,2021-05-31
sz.000961,2021-05-31,2021-05-31
sz.000963,2021-05-31,2021-05-31
sz.000977,2021-05-31,2021-05-31
sz.001979,2021-05-31,2021-05-31
sz.002001,2021-05-31,2021-05-31
sz.002007,2021-05-31,2021-05-31
sz.002008,2021-05-31,2021-05-31
sz.002024,2021-05-31,2021-05-31
sz.002027,2021-05-31,2021-05-31
sz.002032,2021-05-31,2021-05-31
sz.002044,2021-05-31,2021-05-31
sz.002049,2021-05-31,2021-05-31
sz.002050,2021-05-31,2021-05-31
sz.002120,2021-05-31,2021-05-31
sz.002129,2021-05-31,2021-05-31
sz.002142,2021-05-31,2021-05-31
sz.002146,2021-05-31,2021-05-31
sz.002153,2021-05-31,2021-05-31
sz.002157,2021-05-31,2021-05-31
sz.002179,2021-05-31,2021-05-31
sz.002202,2021-05-31,2021-05-31
sz.002230,2021-05-31,2021-05-31
sz.002236,2021-05-31,2021-05-31
sz.002241,2021-05-31,2021-05-31
sz.002252,2021-05-31,2021-05-31
sz.002271,2021-05-31,2021-05-31
sz.002304,2021-05-31,2021-05-31
sz.002311,2021-05-31,2021-05-31
sz.002352,2021-05-31,2021-05-31
sz.002371,2021-05-31,2021-05-31
sz.002384,2021-05-31,2021-05-31
sz.002410,2021-05-31,2021-05-31
sz.002414,2021-05-31,2021-05-31
sz.002415,2021-05-31,2021-05-31
sz.002422,2021-05-31,2021-05-31
sz.002456,2021-05-31,2021-05-31
sz.002460,2021-05-31,2021-05-31
sz.002463,2021-05-31,2021-05-31
sz.002475,2021-05-31,2021-05-31
sz.002493,2021-05-31,2021-05-31
sz.002508,2021-05-31,2021-05-31
sz.002555,2021-05-31,2021-05-31
sz.002558,2021-05-31,2021-05-31
sz.002594,2021-05-31,2021-05-31
sz.002600,2021-05-31,2021-05-31
sz.002601,2021-05-31,2021-05-31
sz.002602,2021-05-31,2021-05-31
sz.002607,2021-05-31,2021-05-31
sz.002624,2021-05-31,2021-05-31
sz.002673,2021-05-31,2021-05-31
sz.002714,2021-05-31,2021-05-31
sz.002736,2021-05-31,2021-05-31
sz.002739,2021-05-31,2021-05-31
sz.002773,2021-05-31,2021-05-31
sz.002812,2021-05-31,2021-05-31
sz.002821,2021-05-31,2021-05-31
sz.002841,2021-05-31,2021-05-31
sz.002916,2021-05-31,2021-05-31
sz.002938,2021-05-31,2021-05-31
sz.002939,2021-05-31,2021-05-31
sz.002945,2021-05-31,2021-05-31
sz.002958,2021-05-31,2021-05-31
sz.003816,2021-05-31,2021-05-31
sz.300003,2021-05-31,2021-05-31
sz.300014,2021-05-31,2021-05-31
sz.300015,2021-05-31,2021-05-31
sz.300033,2021-05-31,2021-05-31
sz.300059,2021-05-31,2021-05-31
sz.300122,2021-05-31,2021-05-31
sz.300124,2021-05-31,2021-05-31
sz.300136,2021-05-31,2021-05-31
sz.300142,2021-05-31,2021-05-31
sz.300144,2021-05-31,2021-05-31
sz.300347,2021-05-31,2021-05-31
sz.300408,2021-05-31,2021-05-31
sz.300413,2021-05-31,2021-05-31
sz.300433,2021-05-31,2021-05-31
sz.300498,2021-05-31,2021-05-31
sz.300529,2021-05-31,2021-05-31
sz.300601,2021-05-31,2021-05-31
sz.300628,2021-05-31,2021-05-31
sz.300676,2021-05-31,2021-05-31
sh.600000,2021-06-14,2021-06-30
sh.600004,2021-06-14,2021-06-30
sh.600009,2021-06-14,2021-06-30
sh.600010,2021-06-14,2021-06-30
sh.600011,2021-06-14,2021-06-30
sh.600015,2021-06-14,2021-06-30
sh.600016,2021-06-14,2021-06-30
sh.600018,2021-06-14,2021-06-30
sh.600019,2021-06-14,2021-06-30
sh.600025,2021-06-14,2021-06-30
sh.600027,2021-06-14,2021-06-30
sh.600028,2021-06-14,2021-06-30
sh.600029,2021-06-14,2021-06-30
sh.600030,2021-06-14,2021-06-30
sh.600031,2021-06-14,2021-06-30
sh.600036,2021-06-14,2021-06-30
sh.600048,2021-06-14,2021-06-30
sh.600050,2021-06-14,2021-06-30
sh.600061,2021-06-14,2021-06-30
sh.600066,2021-06-14,2021-06-30
sh.600068,2021-06-14,2021-06-30
sh.600085,2021-06-14,2021-06-30
sh.600104,2021-06-14,2021-06-30
sh.600109,2021-06-14,2021-06-30
sh.600111,2021-06-14,2021-06-30
sh.600115,2021-06-14,2021-06-30
sh.600118,2021-06-14,2021-06-30
sh.600150,2021-06-14,2021-06-30
sh.600161,2021-06-14,2021-06-30
sh.600176,2021-06-14,2021-06-30
sh.600177,2021-06-14,2021-06-30
sh.600183,2021-06-14,2021-06-30
sh.600196,2021-06-14,2021-06-30
sh.600208,2021-06-14,2021-06-30
sh.600233,2021-06-14,2021-06-30
sh.600271,2021-06-14,2021-06-30
sh.600276,2021-06-14,2021-06-30
sh.600297,2021-06-14,2021-06-30
sh.600299,2021-06-14,2021-06-30
sh.600309,2021-06-14,2021-06-30
sh.600332,2021-06-14,2021-06-30
sh.600340,2021-06-14,2021-06-30
sh.600346,2021-06-14,2021-06-30
sh.600352,2021-06-14,2021-06-30
sh.600362,2021-06-14,2021-06-30
sh.600369,2021-06-14,2021-06-30
sh.600383,2021-06-14,2021-06-30
sh.600390,2021-06-14,2021-06-30
sh.600406,2021-06-14,2021-06-30
sh.600436,2021-06-14,2021-06-30
sh.600438,2021-06-14,2021-06-30
sh.600482,2021-06-14,2021-06-30
sh.600487,2021-06-14,2021-06-30
sh.600489,2021-06-14,2021-06-30
sh.600498,2021-06-14,2021-06-30
sh.600519,2021-06-14,2021-06-30
sh.600522,2021-06-14,2021-06-30
sh.600547,2021-06-14,2021-06-30
sh.600570,2021-06-14,2021-06-30
sh.600584,2021-06-14,2021-06-30
sh.600585,2021-06-14,2021-06-30
sh.600588,2021-06-14,2021-06-30
sh.600600,2021-06-14,2021-06-30
sh.600606,2021-06-14,2021-06-30
sh.600637,2021-06-14,2021-06-30
sh.600655,2021-06-14,2021-06-30
sh.600660,2021-06-14,2021-06-30
sh.600690,2021-06-14,2021-06-30
sh.600703,2021-06-14,2021-06-30
sh.600705,2021-06-14,2021-06-30
sh.600741,2021-06-14,2021-06-30
sh.600745,2021-06-14,2021-06-30
sh.600760,2021-06-14,2021-06-30
sh.600763,2021-06-14,2021-06-30
sh.600795,2021-06-14,2021-06-30
sh.600809,2021-06-14,2021-06-30
sh.600837,2021-06-14,2021-06-30
sh.600845,2021-06-14,2021-06-30
sh.600848,2021-06-14,2021-06-30
sh.600872,2021-06-14,2021-06-30
sh.600886,2021-06-14,2021-06-30
sh.600887,2021-06-14,2021-06-30
sh.600893,2021-06-14,2021-06-30
sh.600900,2021-06-14,2021-06-30
sh.600918,2021-06-14,2021-06-30
sh.600919,2021-06-14,2021-06-30
sh.600926,2021-06-14,2021-06-30
sh.600958,2021-06-14,2021-06-30
sh.600989,2021-06-14,2021-06-30
sh.600998,2021-06-14,2021-06-30
sh.600999,2021-06-14,2021-06-30
sh.601006,2021-06-14,2021-06-30
sh.601009,2021-06-14,2021-06-30
sh.601012,2021-06-14,2021-06-30
sh.601021,2021-06-14,2021-06-30
sh.601066,2021-06-14,2021-06-30
sh.601077,2021-06-14,2021-06-30
sh.601088,2021-06-14,2021-06-30
sh.601100,2021-06-14,2021-06-30
sh.601108,2021-06-14,2021-06-30
sh.601111,2021-06-14,2021-06-30
sh.601117,2021-06-14,2021-06-30
sh.601138,2021-06-14,2021-06-30
sh.601155,2021-06-14,2021-06-30
sh.601162,2021-06-14,2021-06-30
sh.601166,2021-06-14,2021-06-30
sh.601169,2021-06-14,2021-06-30
sh.601186,2021-06-14,2021-06-30
sh.601198,2021-06-14,2021-06-30
sh.601211,2021-06-14,2021-06-30
sh.601216,2021-06-14,2021-06-30
sh.601225,2021-06-14,2021-06-30
sh.601229,2021-06-14,2021-06-30
sh.601231,2021-06-14,2021-06-30
sh.601236,2021-06-14,2021-06-30
sh.601238,2021-06-14,2021-06-30
sh.601288,2021-06-14,2021-06-30
sh.601318,2021-06-14,2021-06-30
sh.601319,2021-06-14,2021-06-30
sh.601328,2021-06-14,2021-06-30
sh.601336,2021-06-14,2021-06-30
sh.601360,2021-06-14,2021-06-30
sh.601377,2021-06-14,2021-06-30
sh.601390,2021-06-14,2021-06-30
sh.601398,2021-06-14,2021-06-30
sh.601555,2021-06-14,2021-06-30
sh.601577,2021-06-14,2021-06-30
sh.601600,2021-06-14,2021-06-30
sh.601601,2021-06-14,2021-06-30
sh.601607,2021-06-14,2021-06-30
sh.601618,2021-06-14,2021-06-30
sh.601628,2021-06-14,2021-06-30
sh.601633,2021-06-14,2021-06-30
sh.601658,2021-06-14,2021-06-30
sh.601668,2021-06-14,2021-06-30
sh.601669,2021-06-14,2021-06-30
sh.601688,2021-06-14,2021-06-30
sh.601696,2021-06-14,2021-06-30
sh.601698,2021-06-14,2021-06-30
sh.601727,2021-06-14,2021-06-30
sh.601766,2021-06-14,2021-06-30
sh.601788,2021-06-14,2021-06-30
sh.601800,2021-06-14,2021-06-30
sh.601808,2021-06-14,2021-06-30
sh.601816,2021-06-14,2021-06-30
sh.601818,2021-06-14,2021-06-30
sh.601838,2021-06-14,2021-06-30
sh.601857,2021-06-14,2021-06-30
sh.601872,2021-06-14,2021-06-30
sh.601877,2021-06-14,2021-06-30
sh.601878,2021-06-14,2021-06-30
sh.601881,2021-06-14,2021-06-30
sh.601888,2021-06-14,2021-06-30
sh.601899,2021-06-14,2021-06-30
sh.601901,2021-06-14,2021-06-30
sh.601916,2021-06-14,2021-06-30
sh.601919,2021-06-14,2021-06-30
sh.601933,2021-06-14,2021-06-30
sh.601939,2021-06-14,2021-06-30
sh.601985,2021-06-14,2021-06-30
sh.601988,2021-06-14,2021-06-30
sh.601989,2021-06-14,2021-06-30
sh.601990,2021-06-14,2021-06-30
sh.601998,2021-06-14,2021-06-30
sh.603019,2021-06-14,2021-06-30
sh.603087,2021-06-14,2021-06-30
sh.603156,2021-06-14,2021-06-30
sh.603160,2021-06-14,2021-06-30
sh.603195,2021-06-14,2021-06-30
sh.603259,2021-06-14,2021-06-30
sh.603288,2021-06-14,2021-06-30
sh.603369,2021-06-14,2021-06-30
sh.603392,2021-06-14,2021-06-30
sh.603501,2021-06-14,2021-06-30
sh.603658,2021-06-14,2021-06-30
sh.603799,2021-06-14,2021-06-30
sh.603833,2021-06-14,2021-06-30
sh.603899,2021-06-14,2021-06-30
sh.603986,2021-06-14,2021-06-30
sh.603993,2021-06-14,2021-06-30
sh.688008,2021-06-14,2021-06-30
sh.688009,2021-06-14,2021-06-30
sh.688012,2021-06-14,2021-06-30
sh.688036,2021-06-14,2021-06-30
sz.000001,2021-06-14,2021-06-30
sz.000002,2021-06-14,2021-06-30
sz.000063,2021-06-14,2021-06-30
sz.000066,2021-06-14,2021-06-30
sz.000069,2021-06-14,2021-06-30
sz.000100,2021-06-14,2021-06-30
sz.000157,2021-06-14,2021-06-30
sz.000166,2021-06-14,2021-06-30
sz.000333,2021-06-14,2021-06-30
sz.000338,2021-06-14,2021-06-30
sz.000425,2021-06-14,2021-06-30
sz.000538,2021-06-14,2021-06-30
sz.000568,2021-06-14,2021-06-30
sz.000596,2021-06-14,2021-06-30
sz.000625,2021-06-14,2021-06-30
sz.000627,2021-06-14,2021-06-30
sz.000651,2021-06-14,2021-06-30
sz.000656,2021-06-14,2021-06-30
sz.000661,2021-06-14,2021-06-30
sz.000671,2021-06-14,2021-06-30
sz.000703,2021-06-14,2021-06-30
sz.000708,2021-06-14,2021-06-30
sz.000723,2021-06-14,2021-06-30
sz.000725,2021-06-14,2021-06-30
sz.000728,2021-06-14,2021-06-30
sz.000768,2021-06-14,2021-06-30
sz.000776,2021-06-14,2021-06-30
sz.000783,2021-06-14,2021-06-30
sz.000786,2021-06-14,2021-06-30
sz.000858,2021-06-14,2021-06-30
sz.000860,2021-06-14,2021-06-30
sz.000876,2021-06-14,2021-06-30
sz.000895,2021-06-14,2021-06-30
sz.000938,2021-06-14,2021-06-30
sz.000961,2021-06-14,2021-06-30
sz.000963,2021-06-14,2021-06-30
sz.000977,2021-06-14,2021-06-30
sz.001979,2021-06-14,2021-06-30
sz.002001,2021-06-14,2021-06-30
sz.002007,2021-06-14,2021-06-30
sz.002008,2021-06-14,2021-06-30
sz.002024,2021-06-14,2021-06-30
sz.002027,2021-06-14,2021-06-30
sz.002032,2021-06-14,2021-06-30
sz.002044,2021-06-14,2021-06-30
sz.002049,2021-06-14,2021-06-30
sz.002050,2021-06-14,2021-06-30
sz.002120,2021-06-14,2021-06-30
sz.002129,2021-06-14,2021-06-30
sz.002142,2021-06-14,2021-06-30
sz.002146,2021-06-14,2021-06-30
sz.002153,2021-06-14,2021-06-30
sz.002157,2021-06-14,2021-06-30
sz.002179,2021-06-14,2021-06-30
sz.002202,2021-06-14,2021-06-30
sz.002230,2021-06-14,2021-06-30
sz.002236,2021-06-14,2021-06-30
sz.002241,2021-06-14,2021-06-30
sz.002252,2021-06-14,2021-06-30
sz.002271,2021-06-14,2021-06-30
sz.002304,2021-06-14,2021-06-30
sz.002311,2021-06-14,2021-06-30
sz.002352,2021-06-14,2021-06-30
sz.002371,2021-06-14,2021-06-30
sz.002384,2021-06-14,2021-06-30
sz.002410,2021-06-14,2021-06-30
sz.002414,2021-06-14,2021-06-30
sz.002415,2021-06-14,2021-06-30
sz.002422,2021-06-14,2021-06-30
sz.002456,2021-06-14,2021-06-30
sz.002460,2021-06-14,2021-06-30
sz.002463,2021-06-14,2021-06-30
sz.002475,2021-06-14,2021-06-30
sz.002493,2021-06-14,2021-06-30
sz.002508,2021-06-14,2021-06-30
sz.002555,2021-06-14,2021-06-30
sz.002558,2021-06-14,2021-06-30
sz.002594,2021-06-14,2021-06-30
sz.002600,2021-06-14,2021-06-30
sz.002601,2021-06-14,2021-06-30
sz.002602,2021-06-14,2021-06-30
sz.002607,2021-06-14,2021-06-30
sz.002624,2021-06-14,2021-06-30
sz.002673,2021-06-14,2021-06-30
sz.002714,2021-06-14,2021-06-30
sz.002736,2021-06-14,2021-06-30
sz.002739,2021-06-14,2021-06-30
sz.002773,2021-06-14,2021-06-30
sz.002812,2021-06-14,2021-06-30
sz.002821,2021-06-14,2021-06-30
sz.002841,2021-06-14,2021-06-30
sz.002916,2021-06-14,2021-06-30
sz.002938,2021-06-14,2021-06-30
sz.002939,2021-06-14,2021-06-30
sz.002945,2021-06-14,2021-06-30
sz.002958,2021-06-14,2021-06-30
sz.003816,2021-06-14,2021-06-30
sz.300003,2021-06-14,2021-06-30
sz.300014,2021-06-14,2021-06-30
sz.300015,2021-06-14,2021-06-30
sz.300033,2021-06-14,2021-06-30
sz.300059,2021-06-14,2021-06-30
sz.300122,2021-06-14,2021-06-30
sz.300124,2021-06-14,2021-06-30
sz.300136,2021-06-14,2021-06-30
sz.300142,2021-06-14,2021-06-30
sz.300144,2021-06-14,2021-06-30
sz.300347,2021-06-14,2021-06-30
sz.300408,2021-06-14,2021-06-30
sz.300413,2021-06-14,2021-06-30
sz.300433,2021-06-14,2021-06-30
sz.300498,2021-06-14,2021-06-30
sz.300529,2021-06-14,2021-06-30
sz.300601,2021-06-14,2021-06-30
sz.300628,2021-06-14,2021-06-30
sz.300676,2021-06-14,2021-06-30
sh.600000,2021-07-26,2021-07-31
sh.600009,2021-07-26,2021-07-31
sh.600010,2021-07-26,2021-07-31
sh.600011,2021-07-26,2021-07-31
sh.600015,2021-07-26,2021-07-31
sh.600016,2021-07-26,2021-07-31
sh.600018,2021-07-26,2021-07-31
sh.600019,2021-07-26,2021-07-31
sh.600025,2021-07-26,2021-07-31
sh.600028,2021-07-26,2021-07-31
sh.600029,2021-07-26,2021-07-31
sh.600030,2021-07-26,2021-07-31
sh.600031,2021-07-26,2021-07-31
sh.600036,2021-07-26,2021-07-31
sh.600048,2021-07-26,2021-07-31
sh.600050,2021-07-26,2021-07-31
sh.600061,2021-07-26,2021-07-31
sh.600079,2021-07-26,2021-07-31
sh.600085,2021-07-26,2021-07-31
sh.600104,2021-07-26,2021-07-31
sh.600109,2021-07-26,2021-07-31
sh.600111,2021-07-26,2021-07-31
sh.600115,2021-07-26,2021-07-31
sh.600118,2021-07-26,2021-07-31
sh.600132,2021-07-26,2021-07-31
sh.600143,2021-07-26,2021-07-31
sh.600150,2021-07-26,2021-07-31
sh.600161,2021-07-26,2021-07-31
sh.600176,2021-07-26,2021-07-31
sh.600183,2021-07-26,2021-07-31
sh.600196,2021-07-26,2021-07-31
sh.600233,2021-07-26,2021-07-31
sh.600276,2021-07-26,2021-07-31
sh.600299,2021-07-26,2021-07-31
sh.600309,2021-07-26,2021-07-31
sh.600332,2021-07-26,2021-07-31
sh.600340,2021-07-26,2021-07-31
sh.600346,2021-07-26,2021-07-31
sh.600352,2021-07-26,2021-07-31
sh.600362,2021-07-26,2021-07-31
sh.600383,2021-07-26,2021-07-31
sh.600406,2021-07-26,2021-07-31
sh.600426,2021-07-26,2021-07-31
sh.600436,2021-07-26,2021-07-31
sh.600438,2021-07-26,2021-07-31
sh.600482,2021-07-26,2021-07-31
sh.600489,2021-07-26,2021-07-31
sh.600519,2021-07-26,2021-07-31
sh.600521,2021-07-26,2021-07-31
sh.600522,2021-07-26,2021-07-31
sh.600547,2021-07-26,2021-07-31
sh.600570,2021-07-26,2021-07-31
sh.600584,2021-07-26,2021-07-31
sh.600585,2021-07-26,2021-07-31
sh.600588,2021-07-26,2021-07-31
sh.600600,2021-07-26,2021-07-31
sh.600606,2021-07-26,2021-07-31
sh.600655,2021-07-26,2021-07-31
sh.600660,2021-07-26,2021-07-31
sh.600690,2021-07-26,2021-07-31
sh.600703,2021-07-26,2021-07-31
sh.600705,2021-07-26,2021-07-31
sh.600741,2021-07-26,2021-07-31
sh.600745,2021-07-26,2021-07-31
sh.600760,2021-07-26,2021-07-31
sh.600763,2021-07-26,2021-07-31
sh.600795,2021-07-26,2021-07-31
sh.600809,2021-07-26,2021-07-31
sh.600837,2021-07-26,2021-07-31
sh.600845,2021-07-26,2021-07-31
sh.600848,2021-07-26,2021-07-31
sh.600872,2021-07-26,2021-07-31
sh.600886,2021-07-26,2021-07-31
sh.600887,2021-07-26,2021-07-31
sh.600893,2021-07-26,2021-07-31
sh.600900,2021-07-26,2021-07-31
sh.600918,2021-07-26,2021-07-31
sh.600919,2021-07-26,2021-07-31
sh.600926,2021-07-26,2021-07-31
sh.600958,2021-07-26,2021-07-31
sh.600989,2021-07-26,2021-07-31
sh.600999,2021-07-26,2021-07-31
sh.601006,2021-07-26,2021-07-31
sh.601009,2021-07-26,2021-07-31
sh.601012,2021-07-26,2021-07-31
sh.601021,2021-07-26,2021-07-31
sh.601066,2021-07-26,2021-07-31
sh.601077,2021-07-26,2021-07-31
sh.601088,2021-07-26,2021-07-31
sh.601100,2021-07-26,2021-07-31
sh.601108,2021-07-26,2021-07-31
sh.601111,2021-07-26,2021-07-31
sh.601138,2021-07-26,2021-07-31
sh.601155,2021-07-26,2021-07-31
sh.601162,2021-07-26,2021-07-31
sh.601166,2021-07-26,2021-07-31
sh.601169,2021-07-26,2021-07-31
sh.601186,2021-07-26,2021-07-31
sh.601211,2021-07-26,2021-07-31
sh.601216,2021-07-26,2021-07-31
sh.601225,2021-07-26,2021-07-31
sh.601229,2021-07-26,2021-07-31
sh.601231,2021-07-26,2021-07-31
sh.601236,2021-07-26,2021-07-31
sh.601238,2021-07-26,2021-07-31
sh.601288,2021-07-26,2021-07-31
sh.601318,2021-07-26,2021-07-31
sh.601319,2021-07-26,2021-07-31
sh.601328,2021-07-26,2021-07-31
sh.601336,2021-07-26,2021-07-31
sh.601360,2021-07-26,2021-07-31
sh.601377,2021-07-26,2021-07-31
sh.601390,2021-07-26,2021-07-31
sh.601398,2021-07-26,2021-07-31
sh.601555,2021-07-26,2021-07-31
sh.601600,2021-07-26,2021-07-31
sh.601601,2021-07-26,2021-07-31
sh.601607,2021-07-26,2021-07-31
sh.601618,2021-07-26,2021-07-31
sh.601628,2021-07-26,2021-07-31
sh.601633,2021-07-26,2021-07-31
sh.601658,2021-07-26,2021-07-31
sh.601668,2021-07-26,2021-07-31
sh.601669,2021-07-26,2021-07-31
sh.601688,2021-07-26,2021-07-31
sh.601696,2021-07-26,2021-07-31
sh.601698,2021-07-26,2021-07-31
sh.601727,2021-07-26,2021-07-31
sh.601766,2021-07-26,2021-07-31
sh.601788,2021-07-26,2021-07-31
sh.601799,2021-07-26,2021-07-31
sh.601800,2021-07-26,2021-07-31
sh.601808,2021-07-26,2021-07-31
sh.601816,2021-07-26,2021-07-31
sh.601818,2021-07-26,2021-07-31
sh.601838,2021-07-26,2021-07-31
sh.601857,2021-07-26,2021-07-31
sh.601872,2021-07-26,2021-07-31
sh.601877,2021-07-26,2021-07-31
sh.601878,2021-07-26,2021-07-31
sh.601881,2021-07-26,2021-07-31
sh.601888,2021-07-26,2021-07-31
sh.601899,2021-07-26,2021-07-31
sh.601901,2021-07-26,2021-07-31
sh.601916,2021-07-26,2021-07-31
sh.601919,2021-07-26,2021-07-31
sh.601933,2021-07-26,2021-07-31
sh.601939,2021-07-26,2021-07-31
sh.601985,2021-07-26,2021-07-31
sh.601988,2021-07-26,2021-07-31
sh.601989,2021-07-26,2021-07-31
sh.601990,2021-07-26,2021-07-31
sh.601995,2021-07-26,2021-07-31
sh.601998,2021-07-26,2021-07-31
sh.603019,2021-07-26,2021-07-31
sh.603087,2021-07-26,2021-07-31
sh.603160,2021-07-26,2021-07-31
sh.603195,2021-07-26,2021-07-31
sh.603233,2021-07-26,2021-07-31
sh.603259,2021-07-26,2021-07-31
sh.603288,2021-07-26,2021-07-31
sh.603338,2021-07-26,2021-07-31
sh.603369,2021-07-26,2021-07-31
sh.603392,2021-07-26,2021-07-31
sh.603501,2021-07-26,2021-07-31
sh.603517,2021-07-26,2021-07-31
sh.603658,2021-07-26,2021-07-31
sh.603659,2021-07-26,2021-07-31
sh.603799,2021-07-26,2021-07-31
sh.603806,2021-07-26,2021-07-31
sh.603833,2021-07-26,2021-07-31
sh.603882,2021-07-26,2021-07-31
sh.603899,2021-07-26,2021-07-31
sh.603939,2021-07-26,2021-07-31
sh.603986,2021-07-26,2021-07-31
sh.603993,2021-07-26,2021-07-31
sh.688008,2021-07-26,2021-07-31
sh.688009,2021-07-26,2021-07-31
sh.688012,2021-07-26,2021-07-31
sh.688036,2021-07-26,2021-07-31
sh.688111,2021-07-26,2021-07-31
sh.688126,2021-07-26,2021-07-31
sh.688169,2021-07-26,2021-07-31
sh.688363,2021-07-26,2021-07-31
sh.688396,2021-07-26,2021-07-31
sz.000001,2021-07-26,2021-07-31
sz.000002,2021-07-26,2021-07-31
sz.000063,2021-07-26,2021-07-31
sz.000066,2021-07-26,2021-07-31
sz.000069,2021-07-26,2021-07-31
sz.000100,2021-07-26,2021-07-31
sz.000157,2021-07-26,2021-07-31
sz.000166,2021-07-26,2021-07-31
sz.000333,2021-07-26,2021-07-31
sz.000338,2021-07-26,2021-07-31
sz.000425,2021-07-26,2021-07-31
sz.000538,2021-07-26,2021-07-31
sz.000568,2021-07-26,2021-07-31
sz.000596,2021-07-26,2021-07-31
sz.000625,2021-07-26,2021-07-31
sz.000651,2021-07-26,2021-07-31
sz.000656,2021-07-26,2021-07-31
sz.000661,2021-07-26,2021-07-31
sz.000703,2021-07-26,2021-07-31
sz.000708,2021-07-26,2021-07-31
sz.000725,2021-07-26,2021-07-31
sz.000728,2021-07-26,2021-07-31
sz.000768,2021-07-26,2021-07-31
sz.000776,2021-07-26,2021-07-31
sz.000783,2021-07-26,2021-07-31
sz.000786,2021-07-26,2021-07-31
sz.000800,2021-07-26,2021-07-31
sz.000858,2021-07-26,2021-07-31
sz.000860,2021-07-26,2021-07-31
sz.000876,2021-07-26,2021-07-31
sz.000895,2021-07-26,2021-07-31
sz.000938,2021-07-26,2021-07-31
sz.000963,2021-07-26,2021-07-31
sz.000977,2021-07-26,2021-07-31
sz.001979,2021-07-26,2021-07-31
sz.002001,2021-07-26,2021-07-31
sz.002007,2021-07-26,2021-07-31
sz.002008,2021-07-26,2021-07-31
sz.002024,2021-07-26,2021-07-31
sz.002027,2021-07-26,2021-07-31
sz.002032,2021-07-26,2021-07-31
sz.002044,2021-07-26,2021-07-31
sz.002049,2021-07-26,2021-07-31
sz.002050,2021-07-26,2021-07-31
sz.002120,2021-07-26,2021-07-31
sz.002129,2021-07-26,2021-07-31
sz.002142,2021-07-26,2021-07-31
sz.002153,2021-07-26,2021-07-31
sz.002157,2021-07-26,2021-07-31
sz.002179,2021-07-26,2021-07-31
sz.002202,2021-07-26,2021-07-31
sz.002230,2021-07-26,2021-07-31
sz.002236,2021-07-26,2021-07-31
sz.002241,2021-07-26,2021-07-31
sz.002252,2021-07-26,2021-07-31
sz.002271,2021-07-26,2021-07-31
sz.002304,2021-07-26,2021-07-31
sz.002311,2021-07-26,2021-07-31
sz.002352,2021-07-26,2021-07-31
sz.002371,2021-07-26,2021-07-31
sz.002384,2021-07-26,2021-07-31
sz.002410,2021-07-26,2021-07-31
sz.002414,2021-07-26,2021-07-31
sz.002415,2021-07-26,2021-07-31
sz.002456,2021-07-26,2021-07-31
sz.002460,2021-07-26,2021-07-31
sz.002463,2021-07-26,2021-07-31
sz.002475,2021-07-26,2021-07-31
sz.002493,2021-07-26,2021-07-31
sz.002508,2021-07-26,2021-07-31
sz.002555,2021-07-26,2021-07-31
sz.002558,2021-07-26,2021-07-31
sz.002594,2021-07-26,2021-07-31
sz.002600,2021-07-26,2021-07-31
sz.002601,2021-07-26,2021-07-31
sz.002602,2021-07-26,2021-07-31
sz.002607,2021-07-26,2021-07-31
sz.002624,2021-07-26,2021-07-31
sz.002673,2021-07-26,2021-07-31
sz.002714,2021-07-26,2021-07-31
sz.002736,2021-07-26,2021-07-31
sz.002739,2021-07-26,2021-07-31
sz.002773,2021-07-26,2021-07-31
sz.002812,2021-07-26,2021-07-31
sz.002821,2021-07-26,2021-07-31
sz.002841,2021-07-26,2021-07-31
sz.002916,2021-07-26,2021-07-31
sz.002938,2021-07-26,2021-07-31
sz.002939,2021-07-26,2021-07-31
sz.002945,2021-07-26,2021-07-31
sz.003816,2021-07-26,2021-07-31
sz.300003,2021-07-26,2021-07-31
sz.300014,2021-07-26,2021-07-31
sz.300015,2021-07-26,2021-07-31
sz.300033,2021-07-26,2021-07-31
sz.300059,2021-07-26,2021-07-31
sz.300122,2021-07-26,2021-07-31
sz.300124,2021-07-26,2021-07-31
sz.300136,2021-07-26,2021-07-31
sz.300142,2021-07-26,2021-07-31
sz.300144,2021-07-26,2021-07-31
sz.300274,2021-07-26,2021-07-31
sz.300347,2021-07-26,2021-07-31
sz.300408,2021-07-26,2021-07-31
sz.300413,2021-07-26,2021-07-31
sz.300433,2021-07-26,2021-07-31
sz.300450,2021-07-26,2021-07-31
sz.300498,2021-07-26,2021-07-31
sz.300529,2021-07-26,2021-07-31
sz.300558,2021-07-26,2021-07-31
sz.300595,2021-07-26,2021-07-31
sz.300601,2021-07-26,2021-07-31
sz.300628,2021-07-26,2021-07-31
sz.300676,2021-07-26,2021-07-31
sz.300677,2021-07-26,2021-07-31
sh.600000,2021-08-09,2021-08-31
sh.600009,2021-08-09,2021-08-31
sh.600010,2021-08-09,2021-08-31
sh.600011,2021-08-09,2021-08-31
sh.600015,2021-08-09,2021-08-31
sh.600016,2021-08-09,2021-08-31
sh.600018,2021-08-09,2021-08-31
sh.600019,2021-08-09,2021-08-31
sh.600025,2021-08-09,2021-08-31
sh.600028,2021-08-09,2021-08-31
sh.600029,2021-08-09,2021-08-31
sh.600030,2021-08-09,2021-08-31
sh.600031,2021-08-09,2021-08-31
sh.600036,2021-08-09,2021-08-31
sh.600048,2021-08-09,2021-08-31
sh.600050,2021-08-09,2021-08-31
sh.600061,2021-08-09,2021-08-31
sh.600079,2021-08-09,2021-08-31
sh.600085,2021-08-09,2021-08-31
sh.600104,2021-08-09,2021-08-31
sh.600109,2021-08-09,2021-08-31
sh.600111,2021-08-09,2021-08-31
sh.600115,2021-08-09,2021-08-31
sh.600118,2021-08-09,2021-08-31
sh.600132,2021-08-09,2021-08-31
sh.600143,2021-08-09,2021-08-31
sh.600150,2021-08-09,2021-08-31
sh.600161,2021-08-09,2021-08-31
sh.600176,2021-08-09,2021-08-31
sh.600183,2021-08-09,2021-08-31
sh.600196,2021-08-09,2021-08-31
sh.600233,2021-08-09,2021-08-31
sh.600276,2021-08-09,2021-08-31
sh.600299,2021-08-09,2021-08-31
sh.600309,2021-08-09,2021-08-31
sh.600332,2021-08-09,2021-08-31
sh.600340,2021-08-09,2021-08-31
sh.600346,2021-08-09,2021-08-31
sh.600352,2021-08-09,2021-08-31
sh.600362,2021-08-09,2021-08-31
sh.600383,2021-08-09,2021-08-31
sh.600406,2021-08-09,2021-08-31
sh.600426,2021-08-09,2021-08-31
sh.600436,2021-08-09,2021-08-31
sh.600438,2021-08-09,2021-08-31
sh.600482,2021-08-09,2021-08-31
sh.600489,2021-08-09,2021-08-31
sh.600519,2021-08-09,2021-08-31
sh.600521,2021-08-09,2021-08-31
sh.600522,2021-08-09,2021-08-31
sh.600547,2021-08-09,2021-08-31
sh.600570,2021-08-09,2021-08-31
sh.600584,2021-08-09,2021-08-31
sh.600585,2021-08-09,2021-08-31
sh.600588,2021-08-09,2021-08-31
sh.600600,2021-08-09,2021-08-31
sh.600606,2021-08-09,2021-08-31
sh.600655,2021-08-09,2021-08-31
sh.600660,2021-08-09,2021-08-31
sh.600690,2021-08-09,2021-08-31
sh.600703,2021-08-09,2021-08-31
sh.600705,2021-08-09,2021-08-31
sh.600741,2021-08-09,2021-08-31
sh.600745,2021-08-09,2021-08-31
sh.600760,2021-08-09,2021-08-31
sh.600763,2021-08-09,2021-08-31
sh.600795,2021-08-09,2021-08-31
sh.600809,2021-08-09,2021-08-31
sh.600837,2021-08-09,2021-08-31
sh.600845,2021-08-09,2021-08-31
sh.600848,2021-08-09,2021-08-31
sh.600872,2021-08-09,2021-08-31
sh.600886,2021-08-09,2021-08-31
sh.600887,2021-08-09,2021-08-31
sh.600893,2021-08-09,2021-08-31
sh.600900,2021-08-09,2021-08-31
sh.600918,2021-08-09,2021-08-31
sh.600919,2021-08-09,2021-08-31
sh.600926,2021-08-09,2021-08-31
sh.600958,2021-08-09,2021-08-31
sh.600989,2021-08-09,2021-08-31
sh.600999,2021-08-09,2021-08-31
sh.601006,2021-08-09,2021-08-31
sh.601009,2021-08-09,2021-08-31
sh.601012,2021-08-09,2021-08-31
sh.601021,2021-08-09,2021-08-31
sh.601066,2021-08-09,2021-08-31
sh.601077,2021-08-09,2021-08-31
sh.601088,2021-08-09,2021-08-31
sh.601100,2021-08-09,2021-08-31
sh.601108,2021-08-09,2021-08-31
sh.601111,2021-08-09,2021-08-31
sh.601138,2021-08-09,2021-08-31
sh.601155,2021-08-09,2021-08-31
sh.601162,2021-08-09,2021-08-31
sh.601166,2021-08-09,2021-08-31
sh.601169,2021-08-09,2021-08-31
sh.601186,2021-08-09,2021-08-31
sh.601211,2021-08-09,2021-08-31
sh.601216,2021-08-09,2021-08-31
sh.601225,2021-08-09,2021-08-31
sh.601229,2021-08-09,2021-08-31
sh.601231,2021-08-09,2021-08-31
sh.601236,2021-08-09,2021-08-31
sh.601238,2021-08-09,2021-08-31
sh.601288,2021-08-09,2021-08-31
sh.601318,2021-08-09,2021-08-31
sh.601319,2021-08-09,2021-08-31
sh.601328,2021-08-09,2021-08-31
sh.601336,2021-08-09,2021-08-31
sh.601360,2021-08-09,2021-08-31
sh.601377,2021-08-09,2021-08-31
sh.601390,2021-08-09,2021-08-31
sh.601398,2021-08-09,2021-08-31
sh.601555,2021-08-09,2021-08-31
sh.601600,2021-08-09,2021-08-31
sh.601601,2021-08-09,2021-08-31
sh.601607,2021-08-09,2021-08-31
sh.601618,2021-08-09,2021-08-31
sh.601628,2021-08-09,2021-08-31
sh.601633,2021-08-09,2021-08-31
sh.601658,2021-08-09,2021-08-31
sh.601668,2021-08-09,2021-08-31
sh.601669,2021-08-09,2021-08-31
sh.601688,2021-08-09,2021-08-31
sh.601696,2021-08-09,2021-08-31
sh.601698,2021-08-09,2021-08-31
sh.601727,2021-08-09,2021-08-31
sh.601766,2021-08-09,2021-08-31
sh.601788,2021-08-09,2021-08-31
sh.601799,2021-08-09,2021-08-31
sh.601800,2021-08-09,2021-08-31
sh.601808,2021-08-09,2021-08-31
sh.601816,2021-08-09,2021-08-31
sh.601818,2021-08-09,2021-08-31
sh.601838,2021-08-09,2021-08-31
sh.601857,2021-08-09,2021-08-31
sh.601872,2021-08-09,2021-08-31
sh.601877,2021-08-09,2021-08-31
sh.601878,2021-08-09,2021-08-31
sh.601881,2021-08-09,2021-08-31
sh.601888,2021-08-09,2021-08-31
sh.601899,2021-08-09,2021-08-31
sh.601901,2021-08-09,2021-08-31
sh.601916,2021-08-09,2021-08-31
sh.601919,2021-08-09,2021-08-31
sh.601933,2021-08-09,2021-08-31
sh.601939,2021-08-09,2021-08-31
sh.601985,2021-08-09,2021-08-31
sh.601988,2021-08-09,2021-08-31
sh.601989,2021-08-09,2021-08-31
sh.601990,2021-08-09,2021-08-31
sh.601995,2021-08-09,2021-08-31
sh.601998,2021-08-09,2021-08-31
sh.603019,2021-08-09,2021-08-31
sh.603087,2021-08-09,2021-08-31
sh.603160,2021-08-09,2021-08-31
sh.603195,2021-08-09,2021-08-31
sh.603233,2021-08-09,2021-08-31
sh.603259,2021-08-09,2021-08-31
sh.603288,2021-08-09,2021-08-31
sh.603338,2021-08-09,2021-08-31
sh.603369,2021-08-09,2021-08-31
sh.603392,2021-08-09,2021-08-31
sh.603501,2021-08-09,2021-08-31
sh.603517,2021-08-09,2021-08-31
sh.603658,2021-08-09,2021-08-31
sh.603659,2021-08-09,2021-08-31
sh.603799,2021-08-09,2021-08-31
sh.603806,2021-08-09,2021-08-31
sh.603833,2021-08-09,2021-08-31
sh.603882,2021-08-09,2021-08-31
sh.603899,2021-08-09,2021-08-31
sh.603939,2021-08-09,2021-08-31
sh.603986,2021-08-09,2021-08-31
sh.603993,2021-08-09,2021-08-31
sh.688008,2021-08-09,2021-08-31
sh.688009,2021-08-09,2021-08-31
sh.688012,2021-08-09,2021-08-31
sh.688036,2021-08-09,2021-08-31
sh.688111,2021-08-09,2021-08-31
sh.688126,2021-08-09,2021-08-31
sh.688169,2021-08-09,2021-08-31
sh.688363,2021-08-09,2021-08-31
sh.688396,2021-08-09,2021-08-31
sz.000001,2021-08-09,2021-08-31
sz.000002,2021-08-09,2021-08-31
sz.000063,2021-08-09,2021-08-31
sz.000066,2021-08-09,2021-08-31
sz.000069,2021-08-09,2021-08-31
sz.000100,2021-08-09,2021-08-31
sz.000157,2021-08-09,2021-08-31
sz.000166,2021-08-09,2021-08-31
sz.000333,2021-08-09,2021-08-31
sz.000338,2021-08-09,2021-08-31
sz.000425,2021-08-09,2021-08-31
sz.000538,2021-08-09,2021-08-31
sz.000568,2021-08-09,2021-08-31
sz.000596,2021-08-09,2021-08-31
sz.000625,2021-08-09,2021-08-31
sz.000651,2021-08-09,2021-08-31
sz.000656,2021-08-09,2021-08-31
sz.000661,2021-08-09,2021-08-31
sz.000703,2021-08-09,2021-08-31
sz.000708,2021-08-09,2021-08-31
sz.000725,2021-08-09,2021-08-31
sz.000728,2021-08-09,2021-08-31
sz.000768,2021-08-09,2021-08-31
sz.000776,2021-08-09,2021-08-31
sz.000783,2021-08-09,2021-08-31
sz.000786,2021-08-09,2021-08-31
sz.000800,2021-08-09,2021-08-31
sz.000858,2021-08-09,2021-08-31
sz.000860,2021-08-09,2021-08-31
sz.000876,2021-08-09,2021-08-31
sz.000895,2021-08-09,2021-08-31
sz.000938,2021-08-09,2021-08-31
sz.000963,2021-08-09,2021-08-31
sz.000977,2021-08-09,2021-08-31
sz.001979,2021-08-09,2021-08-31
sz.002001,2021-08-09,2021-08-31
sz.002007,2021-08-09,2021-08-31
sz.002008,2021-08-09,2021-08-31
sz.002024,2021-08-09,2021-08-31
sz.002027,2021-08-09,2021-08-31
sz.002032,2021-08-09,2021-08-31
sz.002044,2021-08-09,2021-08-31
sz.002049,2021-08-09,2021-08-31
sz.002050,2021-08-09,2021-08-31
sz.002120,2021-08-09,2021-08-31
sz.002129,2021-08-09,2021-08-31
sz.002142,2021-08-09,2021-08-31
sz.002153,2021-08-09,2021-08-31
sz.002157,2021-08-09,2021-08-31
sz.002179,2021-08-09,2021-08-31
sz.002202,2021-08-09,2021-08-31
sz.002230,2021-08-09,2021-08-31
sz.002236,2021-08-09,2021-08-31
sz.002241,2021-08-09,2021-08-31
sz.002252,2021-08-09,2021-08-31
sz.002271,2021-08-09,2021-08-31
sz.002304,2021-08-09,2021-08-31
sz.002311,2021-08-09,2021-08-31
sz.002352,2021-08-09,2021-08-31
sz.002371,2021-08-09,2021-08-31
sz.002384,2021-08-09,2021-08-31
sz.002410,2021-08-09,2021-08-31
sz.002414,2021-08-09,2021-08-31
sz.002415,2021-08-09,2021-08-31
sz.002456,2021-08-09,2021-08-31
sz.002460,2021-08-09,2021-08-31
sz.002463,2021-08-09,2021-08-31
sz.002475,2021-08-09,2021-08-31
sz.002493,2021-08-09,2021-08-31
sz.002508,2021-08-09,2021-08-31
sz.002555,2021-08-09,2021-08-31
sz.002558,2021-08-09,2021-08-31
sz.002594,2021-08-09,2021-08-31
sz.002600,2021-08-09,2021-08-31
sz.002601,2021-08-09,2021-08-31
sz.002602,2021-08-09,2021-08-31
sz.002607,2021-08-09,2021-08-31
sz.002624,2021-08-09,2021-08-31
sz.002673,2021-08-09,2021-08-31
sz.002714,2021-08-09,2021-08-31
sz.002736,2021-08-09,2021-08-31
sz.002739,2021-08-09,2021-08-31
sz.002773,2021-08-09,2021-08-31
sz.002812,2021-08-09,2021-08-31
sz.002821,2021-08-09,2021-08-31
sz.002841,2021-08-09,2021-08-31
sz.002916,2021-08-09,2021-08-31
sz.002938,2021-08-09,2021-08-31
sz.002939,2021-08-09,2021-08-31
sz.002945,2021-08-09,2021-08-31
sz.003816,2021-08-09,2021-08-31
sz.300003,2021-08-09,2021-08-31
sz.300014,2021-08-09,2021-08-31
sz.300015,2021-08-09,2021-08-31
sz.300033,2021-08-09,2021-08-31
sz.300059,2021-08-09,2021-08-31
sz.300122,2021-08-09,2021-08-31
sz.300124,2021-08-09,2021-08-31
sz.300136,2021-08-09,2021-08-31
sz.300142,2021-08-09,2021-08-31
sz.300144,2021-08-09,2021-08-31
sz.300274,2021-08-09,2021-08-31
sz.300347,2021-08-09,2021-08-31
sz.300408,2021-08-09,2021-08-31
sz.300413,2021-08-09,2021-08-31
sz.300433,2021-08-09,2021-08-31
sz.300450,2021-08-09,2021-08-31
sz.300498,2021-08-09,2021-08-31
sz.300529,2021-08-09,2021-08-31
sz.300558,2021-08-09,2021-08-31
sz.300595,2021-08-09,2021-08-31
sz.300601,2021-08-09,2021-08-31
sz.300628,2021-08-09,2021-08-31
sz.300676,2021-08-09,2021-08-31
sz.300677,2021-08-09,2021-08-31
sh.600000,2021-09-27,2021-09-30
sh.600009,2021-09-27,2021-09-30
sh.600010,2021-09-27,2021-09-30
sh.600011,2021-09-27,2021-09-30
sh.600015,2021-09-27,2021-09-30
sh.600016,2021-09-27,2021-09-30
sh.600018,2021-09-27,2021-09-30
sh.600019,2021-09-27,2021-09-30
sh.600025,2021-09-27,2021-09-30
sh.600028,2021-09-27,2021-09-30
sh.600029,2021-09-27,2021-09-30
sh.600030,2021-09-27,2021-09-30
sh.600031,2021-09-27,2021-09-30
sh.600036,2021-09-27,2021-09-30
sh.600048,2021-09-27,2021-09-30
sh.600050,2021-09-27,2021-09-30
sh.600061,2021-09-27,2021-09-30
sh.600079,2021-09-27,2021-09-30
sh.600085,2021-09-27,2021-09-30
sh.600104,2021-09-27,2021-09-30
sh.600109,2021-09-27,2021-09-30
sh.600111,2021-09-27,2021-09-30
sh.600115,2021-09-27,2021-09-30
sh.600118,2021-09-27,2021-09-30
sh.600132,2021-09-27,2021-09-30
sh.600143,2021-09-27,2021-09-30
sh.600150,2021-09-27,2021-09-30
sh.600161,2021-09-27,2021-09-30
sh.600176,2021-09-27,2021-09-30
sh.600183,2021-09-27,2021-09-30
sh.600196,2021-09-27,2021-09-30
sh.600233,2021-09-27,2021-09-30
sh.600276,2021-09-27,2021-09-30
sh.600299,2021-09-27,2021-09-30
sh.600309,2021-09-27,2021-09-30
sh.600332,2021-09-27,2021-09-30
sh.600340,2021-09-27,2021-09-30
sh.600346,2021-09-27,2021-09-30
sh.600352,2021-09-27,2021-09-30
sh.600362,2021-09-27,2021-09-30
sh.600383,2021-09-27,2021-09-30
sh.600406,2021-09-27,2021-09-30
sh.600426,2021-09-27,2021-09-30
sh.600436,2021-09-27,2021-09-30
sh.600438,2021-09-27,2021-09-30
sh.600482,2021-09-27,2021-09-30
sh.600489,2021-09-27,2021-09-30
sh.600519,2021-09-27,2021-09-30
sh.600521,2021-09-27,2021-09-30
sh.600522,2021-09-27,2021-09-30
sh.600547,2021-09-27,2021-09-30
sh.600570,2021-09-27,2021-09-30
sh.600584,2021-09-27,2021-09-30
sh.600585,2021-09-27,2021-09-30
sh.600588,2021-09-27,2021-09-30
sh.600600,2021-09-27,2021-09-30
sh.600606,2021-09-27,2021-09-30
sh.600655,2021-09-27,2021-09-30
sh.600660,2021-09-27,2021-09-30
sh.600690,2021-09-27,2021-09-30
sh.600703,2021-09-27,2021-09-30
sh.600705,2021-09-27,2021-09-30
sh.600741,2021-09-27,2021-09-30
sh.600745,2021-09-27,2021-09-30
sh.600760,2021-09-27,2021-09-30
sh.600763,2021-09-27,2021-09-30
sh.600795,2021-09-27,2021-09-30
sh.600809,2021-09-27,2021-09-30
sh.600837,2021-09-27,2021-09-30
sh.600845,2021-09-27,2021-09-30
sh.600848,2021-09-27,2021-09-30
sh.600872,2021-09-27,2021-09-30
sh.600886,2021-09-27,2021-09-30
sh.600887,2021-09-27,2021-09-30
sh.600893,2021-09-27,2021-09-30
sh.600900,2021-09-27,2021-09-30
sh.600918,2021-09-27,2021-09-30
sh.600919,2021-09-27,2021-09-30
sh.600926,2021-09-27,2021-09-30
sh.600958,2021-09-27,2021-09-30
sh.600989,2021-09-27,2021-09-30
sh.600999,2021-09-27,2021-09-30
sh.601006,2021-09-27,2021-09-30
sh.601009,2021-09-27,2021-09-30
sh.601012,2021-09-27,2021-09-30
sh.601021,2021-09-27,2021-09-30
sh.601066,2021-09-27,2021-09-30
sh.601077,2021-09-27,2021-09-30
sh.601088,2021-09-27,2021-09-30
sh.601100,2021-09-27,2021-09-30
sh.601108,2021-09-27,2021-09-30
sh.601111,2021-09-27,2021-09-30
sh.601138,2021-09-27,2021-09-30
sh.601155,2021-09-27,2021-09-30
sh.601162,2021-09-27,2021-09-30
sh.601166,2021-09-27,2021-09-30
sh.601169,2021-09-27,2021-09-30
sh.601186,2021-09-27,2021-09-30
sh.601211,2021-09-27,2021-09-30
sh.601216,2021-09-27,2021-09-30
sh.601225,2021-09-27,2021-09-30
sh.601229,2021-09-27,2021-09-30
sh.601231,2021-09-27,2021-09-30
sh.601236,2021-09-27,2021-09-30
sh.601238,2021-09-27,2021-09-30
sh.601288,2021-09-27,2021-09-30
sh.601318,2021-09-27,2021-09-30
sh.601319,2021-09-27,2021-09-30
sh.601328,2021-09-27,2021-09-30
sh.601336,2021-09-27,2021-09-30
sh.601360,2021-09-27,2021-09-30
sh.601377,2021-09-27,2021-09-30
sh.601390,2021-09-27,2021-09-30
sh.601398,2021-09-27,2021-09-30
sh.601555,2021-09-27,2021-09-30
sh.601600,2021-09-27,2021-09-30
sh.601601,2021-09-27,2021-09-30
sh.601607,2021-09-27,2021-09-30
sh.601618,2021-09-27,2021-09-30
sh.601628,2021-09-27,2021-09-30
sh.601633,2021-09-27,2021-09-30
sh.601658,2021-09-27,2021-09-30
sh.601668,2021-09-27,2021-09-30
sh.601669,2021-09-27,2021-09-30
sh.601688,2021-09-27,2021-09-30
sh.601696,2021-09-27,2021-09-30
sh.601698,2021-09-27,2021-09-30
sh.601727,2021-09-27,2021-09-30
sh.601766,2021-09-27,2021-09-30
sh.601788,2021-09-27,2021-09-30
sh.601799,2021-09-27,2021-09-30
sh.601800,2021-09-27,2021-09-30
sh.601808,2021-09-27,2021-09-30
sh.601816,2021-09-27,2021-09-30
sh.601818,2021-09-27,2021-09-30
sh.601838,2021-09-27,2021-09-30
sh.601857,2021-09-27,2021-09-30
sh.601872,2021-09-27,2021-09-30
sh.601877,2021-09-27,2021-09-30
sh.601878,2021-09-27,2021-09-30
sh.601881,2021-09-27,2021-09-30
sh.601888,2021-09-27,2021-09-30
sh.601899,2021-09-27,2021-09-30
sh.601901,2021-09-27,2021-09-30
sh.601916,2021-09-27,2021-09-30
sh.601919,2021-09-27,2021-09-30
sh.601933,2021-09-27,2021-09-30
sh.601939,2021-09-27,2021-09-30
sh.601985,2021-09-27,2021-09-30
sh.601988,2021-09-27,2021-09-30
sh.601989,2021-09-27,2021-09-30
sh.601990,2021-09-27,2021-09-30
sh.601995,2021-09-27,2021-09-30
sh.601998,2021-09-27,2021-09-30
sh.603019,2021-09-27,2021-09-30
sh.603087,2021-09-27,2021-09-30
sh.603160,2021-09-27,2021-09-30
sh.603195,2021-09-27,2021-09-30
sh.603233,2021-09-27,2021-09-30
sh.603259,2021-09-27,2021-09-30
sh.603288,2021-09-27,2021-09-30
sh.603338,2021-09-27,2021-09-30
sh.603369,2021-09-27,2021-09-30
sh.603392,2021-09-27,2021-09-30
sh.603501,2021-09-27,2021-09-30
sh.603517,2021-09-27,2021-09-30
sh.603658,2021-09-27,2021-09-30
sh.603659,2021-09-27,2021-09-30
sh.603799,2021-09-27,2021-09-30
sh.603806,2021-09-27,2021-09-30
sh.603833,2021-09-27,2021-09-30
sh.603882,2021-09-27,2021-09-30
sh.603899,2021-09-27,2021-09-30
sh.603939,2021-09-27,2021-09-30
sh.603986,2021-09-27,2021-09-30
sh.603993,2021-09-27,2021-09-30
sh.688008,2021-09-27,2021-09-30
sh.688009,2021-09-27,2021-09-30
sh.688012,2021-09-27,2021-09-30
sh.688036,2021-09-27,2021-09-30
sh.688111,2021-09-27,2021-09-30
sh.688126,2021-09-27,2021-09-30
sh.688169,2021-09-27,2021-09-30
sh.688363,2021-09-27,2021-09-30
sh.688396,2021-09-27,2021-09-30
sz.000001,2021-09-27,2021-09-30
sz.000002,2021-09-27,2021-09-30
sz.000063,2021-09-27,2021-09-30
sz.000066,2021-09-27,2021-09-30
sz.000069,2021-09-27,2021-09-30
sz.000100,2021-09-27,2021-09-30
sz.000157,2021-09-27,2021-09-30
sz.000166,2021-09-27,2021-09-30
sz.000333,2021-09-27,2021-09-30
sz.000338,2021-09-27,2021-09-30
sz.000425,2021-09-27,2021-09-30
sz.000538,2021-09-27,2021-09-30
sz.000568,2021-09-27,2021-09-30
sz.000596,2021-09-27,2021-09-30
sz.000625,2021-09-27,2021-09-30
sz.000651,2021-09-27,2021-09-30
sz.000656,2021-09-27,2021-09-30
sz.000661,2021-09-27,2021-09-30
sz.000703,2021-09-27,2021-09-30
sz.000708,2021-09-27,2021-09-30
sz.000725,2021-09-27,2021-09-30
sz.000728,2021-09-27,2021-09-30
sz.000768,2021-09-27,2021-09-30
sz.000776,2021-09-27,2021-09-30
sz.000783,2021-09-27,2021-09-30
sz.000786,2021-09-27,2021-09-30
sz.000800,2021-09-27,2021-09-30
sz.000858,2021-09-27,2021-09-30
sz.000860,2021-09-27,2021-09-30
sz.000876,2021-09-27,2021-09-30
sz.000895,2021-09-27,2021-09-30
sz.000938,2021-09-27,2021-09-30
sz.000963,2021-09-27,2021-09-30
sz.000977,2021-09-27,2021-09-30
sz.001979,2021-09-27,2021-09-30
sz.002001,2021-09-27,2021-09-30
sz.002007,2021-09-27,2021-09-30
sz.002008,2021-09-27,2021-09-30
sz.002024,2021-09-27,2021-09-30
sz.002027,2021-09-27,2021-09-30
sz.002032,2021-09-27,2021-09-30
sz.002044,2021-09-27,2021-09-30
sz.002049,2021-09-27,2021-09-30
sz.002050,2021-09-27,2021-09-30
sz.002120,2021-09-27,2021-09-30
sz.002129,2021-09-27,2021-09-30
sz.002142,2021-09-27,2021-09-30
sz.002153,2021-09-27,2021-09-30
sz.002157,2021-09-27,2021-09-30
sz.002179,2021-09-27,2021-09-30
sz.002202,2021-09-27,2021-09-30
sz.002230,2021-09-27,2021-09-30
sz.002236,2021-09-27,2021-09-30
sz.002241,2021-09-27,2021-09-30
sz.002252,2021-09-27,2021-09-30
sz.002271,2021-09-27,2021-09-30
sz.002304,2021-09-27,2021-09-30
sz.002311,2021-09-27,2021-09-30
sz.002352,2021-09-27,2021-09-30
sz.002371,2021-09-27,2021-09-30
sz.002384,2021-09-27,2021-09-30
sz.002410,2021-09-27,2021-09-30
sz.002414,2021-09-27,2021-09-30
sz.002415,2021-09-27,2021-09-30
sz.002456,2021-09-27,2021-09-30
sz.002460,2021-09-27,2021-09-30
sz.002463,2021-09-27,2021-09-30
sz.002475,2021-09-27,2021-09-30
sz.002493,2021-09-27,2021-09-30
sz.002508,2021-09-27,2021-09-30
sz.002555,2021-09-27,2021-09-30
sz.002558,2021-09-27,2021-09-30
sz.002594,2021-09-27,2021-09-30
sz.002600,2021-09-27,2021-09-30
sz.002601,2021-09-27,2021-09-30
sz.002602,2021-09-27,2021-09-30
sz.002607,2021-09-27,2021-09-30
sz.002624,2021-09-27,2021-09-30
sz.002673,2021-09-27,2021-09-30
sz.002714,2021-09-27,2021-09-30
sz.002736,2021-09-27,2021-09-30
sz.002739,2021-09-27,2021-09-30
sz.002773,2021-09-27,2021-09-30
sz.002812,2021-09-27,2021-09-30
sz.002821,2021-09-27,2021-09-30
sz.002841,2021-09-27,2021-09-30
sz.002916,2021-09-27,2021-09-30
sz.002938,2021-09-27,2021-09-30
sz.002939,2021-09-27,2021-09-30
sz.002945,2021-09-27,2021-09-30
sz.003816,2021-09-27,2021-09-30
sz.300003,2021-09-27,2021-09-30
sz.300014,2021-09-27,2021-09-30
sz.300015,2021-09-27,2021-09-30
sz.300033,2021-09-27,2021-09-30
sz.300059,2021-09-27,2021-09-30
sz.300122,2021-09-27,2021-09-30
sz.300124,2021-09-27,2021-09-30
sz.300136,2021-09-27,2021-09-30
sz.300142,2021-09-27,2021-09-30
sz.300144,2021-09-27,2021-09-30
sz.300274,2021-09-27,2021-09-30
sz.300347,2021-09-27,2021-09-30
sz.300408,2021-09-27,2021-09-30
sz.300413,2021-09-27,2021-09-30
sz.300433,2021-09-27,2021-09-30
sz.300450,2021-09-27,2021-09-30
sz.300498,2021-09-27,2021-09-30
sz.300529,2021-09-27,2021-09-30
sz.300558,2021-09-27,2021-09-30
sz.300595,2021-09-27,2021-09-30
sz.300601,2021-09-27,2021-09-30
sz.300628,2021-09-27,2021-09-30
sz.300676,2021-09-27,2021-09-30
sz.300677,2021-09-27,2021-09-30
sh.600000,2021-10-18,2021-10-31
sh.600009,2021-10-18,2021-10-31
sh.600010,2021-10-18,2021-10-31
sh.600011,2021-10-18,2021-10-31
sh.600015,2021-10-18,2021-10-31
sh.600016,2021-10-18,2021-10-31
sh.600018,2021-10-18,2021-10-31
sh.600019,2021-10-18,2021-10-31
sh.600025,2021-10-18,2021-10-31
sh.600028,2021-10-18,2021-10-31
sh.600029,2021-10-18,2021-10-31
sh.600030,2021-10-18,2021-10-31
sh.600031,2021-10-18,2021-10-31
sh.600036,2021-10-18,2021-10-31
sh.600048,2021-10-18,2021-10-31
sh.600050,2021-10-18,2021-10-31
sh.600061,2021-10-18,2021-10-31
sh.600079,2021-10-18,2021-10-31
sh.600085,2021-10-18,2021-10-31
sh.600104,2021-10-18,2021-10-31
sh.600109,2021-10-18,2021-10-31
sh.600111,2021-10-18,2021-10-31
sh.600115,2021-10-18,2021-10-31
sh.600118,2021-10-18,2021-10-31
sh.600132,2021-10-18,2021-10-31
sh.600143,2021-10-18,2021-10-31
sh.600150,2021-10-18,2021-10-31
sh.600161,2021-10-18,2021-10-31
sh.600176,2021-10-18,2021-10-31
sh.600183,2021-10-18,2021-10-31
sh.600196,2021-10-18,2021-10-31
sh.600233,2021-10-18,2021-10-31
sh.600276,2021-10-18,2021-10-31
sh.600299,2021-10-18,2021-10-31
sh.600309,2021-10-18,2021-10-31
sh.600332,2021-10-18,2021-10-31
sh.600340,2021-10-18,2021-10-31
sh.600346,2021-10-18,2021-10-31
sh.600352,2021-10-18,2021-10-31
sh.600362,2021-10-18,2021-10-31
sh.600383,2021-10-18,2021-10-31
sh.600406,2021-10-18,2021-10-31
sh.600426,2021-10-18,2021-10-31
sh.600436,2021-10-18,2021-10-31
sh.600438,2021-10-18,2021-10-31
sh.600482,2021-10-18,2021-10-31
sh.600489,2021-10-18,2021-10-31
sh.600519,2021-10-18,2021-10-31
sh.600521,2021-10-18,2021-10-31
sh.600522,2021-10-18,2021-10-31
sh.600547,2021-10-18,2021-10-31
sh.600570,2021-10-18,2021-10-31
sh.600584,2021-10-18,2021-10-31
sh.600585,2021-10-18,2021-10-31
sh.600588,2021-10-18,2021-10-31
sh.600600,2021-10-18,2021-10-31
sh.600606,2021-10-18,2021-10-31
sh.600655,2021-10-18,2021-10-31
sh.600660,2021-10-18,2021-10-31
sh.600690,2021-10-18,2021-10-31
sh.600703,2021-10-18,2021-10-31
sh.600705,2021-10-18,2021-10-31
sh.600741,2021-10-18,2021-10-31
sh.600745,2021-10-18,2021-10-31
sh.600760,2021-10-18,2021-10-31
sh.600763,2021-10-18,2021-10-31
sh.600795,2021-10-18,2021-10-31
sh.600809,2021-10-18,2021-10-31
sh.600837,2021-10-18,2021-10-31
sh.600845,2021-10-18,2021-10-31
sh.600848,2021-10-18,2021-10-31
sh.600872,2021-10-18,2021-10-31
sh.600886,2021-10-18,2021-10-31
sh.600887,2021-10-18,2021-10-31
sh.600893,2021-10-18,2021-10-31
sh.600900,2021-10-18,2021-10-31
sh.600918,2021-10-18,2021-10-31
sh.600919,2021-10-18,2021-10-31
sh.600926,2021-10-18,2021-10-31
sh.600958,2021-10-18,2021-10-31
sh.600989,2021-10-18,2021-10-31
sh.600999,2021-10-18,2021-10-31
sh.601006,2021-10-18,2021-10-31
sh.601009,2021-10-18,2021-10-31
sh.601012,2021-10-18,2021-10-31
sh.601021,2021-10-18,2021-10-31
sh.601066,2021-10-18,2021-10-31
sh.601077,2021-10-18,2021-10-31
sh.601088,2021-10-18,2021-10-31
sh.601100,2021-10-18,2021-10-31
sh.601108,2021-10-18,2021-10-31
sh.601111,2021-10-18,2021-10-31
sh.601138,2021-10-18,2021-10-31
sh.601155,2021-10-18,2021-10-31
sh.601162,2021-10-18,2021-10-31
sh.601166,2021-10-18,2021-10-31
sh.601169,2021-10-18,2021-10-31
sh.601186,2021-10-18,2021-10-31
sh.601211,2021-10-18,2021-10-31
sh.601216,2021-10-18,2021-10-31
sh.601225,2021-10-18,2021-10-31
sh.601229,2021-10-18,2021-10-31
sh.601231,2021-10-18,2021-10-31
sh.601236,2021-10-18,2021-10-31
sh.601238,2021-10-18,2021-10-31
sh.601288,2021-10-18,2021-10-31
sh.601318,2021-10-18,2021-10-31
sh.601319,2021-10-18,2021-10-31
sh.601328,2021-10-18,2021-10-31
sh.601336,2021-10-18,2021-10-31
sh.601360,2021-10-18,2021-10-31
sh.601377,2021-10-18,2021-10-31
sh.601390,2021-10-18,2021-10-31
sh.601398,2021-10-18,2021-10-31
sh.601555,2021-10-18,2021-10-31
sh.601600,2021-10-18,2021-10-31
sh.601601,2021-10-18,2021-10-31
sh.601607,2021-10-18,2021-10-31
sh.601618,2021-10-18,2021-10-31
sh.601628,2021-10-18,2021-10-31
sh.601633,2021-10-18,2021-10-31
sh.601658,2021-10-18,2021-10-31
sh.601668,2021-10-18,2021-10-31
sh.601669,2021-10-18,2021-10-31
sh.601688,2021-10-18,2021-10-31
sh.601696,2021-10-18,2021-10-31
sh.601698,2021-10-18,2021-10-31
sh.601727,2021-10-18,2021-10-31
sh.601766,2021-10-18,2021-10-31
sh.601788,2021-10-18,2021-10-31
sh.601799,2021-10-18,2021-10-31
sh.601800,2021-10-18,2021-10-31
sh.601808,2021-10-18,2021-10-31
sh.601816,2021-10-18,2021-10-31
sh.601818,2021-10-18,2021-10-31
sh.601838,2021-10-18,2021-10-31
sh.601857,2021-10-18,2021-10-31
sh.601872,2021-10-18,2021-10-31
sh.601877,2021-10-18,2021-10-31
sh.601878,2021-10-18,2021-10-31
sh.601881,2021-10-18,2021-10-31
sh.601888,2021-10-18,2021-10-31
sh.601899,2021-10-18,2021-10-31
sh.601901,2021-10-18,2021-10-31
sh.601916,2021-10-18,2021-10-31
sh.601919,2021-10-18,2021-10-31
sh.601933,2021-10-18,2021-10-31
sh.601939,2021-10-18,2021-10-31
sh.601985,2021-10-18,2021-10-31
sh.601988,2021-10-18,2021-10-31
sh.601989,2021-10-18,2021-10-31
sh.601990,2021-10-18,2021-10-31
sh.601995,2021-10-18,2021-10-31
sh.601998,2021-10-18,2021-10-31
sh.603019,2021-10-18,2021-10-31
sh.603087,2021-10-18,2021-10-31
sh.603160,2021-10-18,2021-10-31
sh.603195,2021-10-18,2021-10-31
sh.603233,2021-10-18,2021-10-31
sh.603259,2021-10-18,2021-10-31
sh.603288,2021-10-18,2021-10-31
sh.603338,2021-10-18,2021-10-31
sh.603369,2021-10-18,2021-10-31
sh.603392,2021-10-18,2021-10-31
sh.603501,2021-10-18,2021-10-31
sh.603517,2021-10-18,2021-10-31
sh.603658,2021-10-18,2021-10-31
sh.603659,2021-10-18,2021-10-31
sh.603799,2021-10-18,2021-10-31
sh.603806,2021-10-18,2021-10-31
sh.603833,2021-10-18,2021-10-31
sh.603882,2021-10-18,2021-10-31
sh.603899,2021-10-18,2021-10-31
sh.603939,2021-10-18,2021-10-31
sh.603986,2021-10-18,2021-10-31
sh.603993,2021-10-18,2021-10-31
sh.688008,2021-10-18,2021-10-31
sh.688009,2021-10-18,2021-10-31
sh.688012,2021-10-18,2021-10-31
sh.688036,2021-10-18,2021-10-31
sh.688111,2021-10-18,2021-10-31
sh.688126,2021-10-18,2021-10-31
sh.688169,2021-10-18,2021-10-31
sh.688363,2021-10-18,2021-10-31
sh.688396,2021-10-18,2021-10-31
sz.000001,2021-10-18,2021-10-31
sz.000002,2021-10-18,2021-10-31
sz.000063,2021-10-18,2021-10-31
sz.000066,2021-10-18,2021-10-31
sz.000069,2021-10-18,2021-10-31
sz.000100,2021-10-18,2021-10-31
sz.000157,2021-10-18,2021-10-31
sz.000166,2021-10-18,2021-10-31
sz.000333,2021-10-18,2021-10-31
sz.000338,2021-10-18,2021-10-31
sz.000425,2021-10-18,2021-10-31
sz.000538,2021-10-18,2021-10-31
sz.000568,2021-10-18,2021-10-31
sz.000596,2021-10-18,2021-10-31
sz.000625,2021-10-18,2021-10-31
sz.000651,2021-10-18,2021-10-31
sz.000656,2021-10-18,2021-10-31
sz.000661,2021-10-18,2021-10-31
sz.000703,2021-10-18,2021-10-31
sz.000708,2021-10-18,2021-10-31
sz.000725,2021-10-18,2021-10-31
sz.000728,2021-10-18,2021-10-31
sz.000768,2021-10-18,2021-10-31
sz.000776,2021-10-18,2021-10-31
sz.000783,2021-10-18,2021-10-31
sz.000786,2021-10-18,2021-10-31
sz.000800,2021-10-18,2021-10-31
sz.000858,2021-10-18,2021-10-31
sz.000860,2021-10-18,2021-10-31
sz.000876,2021-10-18,2021-10-31
sz.000895,2021-10-18,2021-10-31
sz.000938,2021-10-18,2021-10-31
sz.000963,2021-10-18,2021-10-31
sz.000977,2021-10-18,2021-10-31
sz.001979,2021-10-18,2021-10-31
sz.002001,2021-10-18,2021-10-31
sz.002007,2021-10-18,2021-10-31
sz.002008,2021-10-18,2021-10-31
sz.002024,2021-10-18,2021-10-31
sz.002027,2021-10-18,2021-10-31
sz.002032,2021-10-18,2021-10-31
sz.002044,2021-10-18,2021-10-31
sz.002049,2021-10-18,2021-10-31
sz.002050,2021-10-18,2021-10-31
sz.002120,2021-10-18,2021-10-31
sz.002129,2021-10-18,2021-10-31
sz.002142,2021-10-18,2021-10-31
sz.002153,2021-10-18,2021-10-31
sz.002157,2021-10-18,2021-10-31
sz.002179,2021-10-18,2021-10-31
sz.002202,2021-10-18,2021-10-31
sz.002230,2021-10-18,2021-10-31
sz.002236,2021-10-18,2021-10-31
sz.002241,2021-10-18,2021-10-31
sz.002252,2021-10-18,2021-10-31
sz.002271,2021-10-18,2021-10-31
sz.002304,2021-10-18,2021-10-31
sz.002311,2021-10-18,2021-10-31
sz.002352,2021-10-18,2021-10-31
sz.002371,2021-10-18,2021-10-31
sz.002384,2021-10-18,2021-10-31
sz.002410,2021-10-18,2021-10-31
sz.002414,2021-10-18,2021-10-31
sz.002415,2021-10-18,2021-10-31
sz.002456,2021-10-18,2021-10-31
sz.002460,2021-10-18,2021-10-31
sz.002463,2021-10-18,2021-10-31
sz.002475,2021-10-18,2021-10-31
sz.002493,2021-10-18,2021-10-31
sz.002508,2021-10-18,2021-10-31
sz.002555,2021-10-18,2021-10-31
sz.002558,2021-10-18,2021-10-31
sz.002594,2021-10-18,2021-10-31
sz.002600,2021-10-18,2021-10-31
sz.002601,2021-10-18,2021-10-31
sz.002602,2021-10-18,2021-10-31
sz.002607,2021-10-18,2021-10-31
sz.002624,2021-10-18,2021-10-31
sz.002673,2021-10-18,2021-10-31
sz.002714,2021-10-18,2021-10-31
sz.002736,2021-10-18,2021-10-31
sz.002739,2021-10-18,2021-10-31
sz.002773,2021-10-18,2021-10-31
sz.002812,2021-10-18,2021-10-31
sz.002821,2021-10-18,2021-10-31
sz.002841,2021-10-18,2021-10-31
sz.002916,2021-10-18,2021-10-31
sz.002938,2021-10-18,2021-10-31
sz.002939,2021-10-18,2021-10-31
sz.002945,2021-10-18,2021-10-31
sz.003816,2021-10-18,2021-10-31
sz.300003,2021-10-18,2021-10-31
sz.300014,2021-10-18,2021-10-31
sz.300015,2021-10-18,2021-10-31
sz.300033,2021-10-18,2021-10-31
sz.300059,2021-10-18,2021-10-31
sz.300122,2021-10-18,2021-10-31
sz.300124,2021-10-18,2021-10-31
sz.300136,2021-10-18,2021-10-31
sz.300142,2021-10-18,2021-10-31
sz.300144,2021-10-18,2021-10-31
sz.300274,2021-10-18,2021-10-31
sz.300347,2021-10-18,2021-10-31
sz.300408,2021-10-18,2021-10-31
sz.300413,2021-10-18,2021-10-31
sz.300433,2021-10-18,2021-10-31
sz.300450,2021-10-18,2021-10-31
sz.300498,2021-10-18,2021-10-31
sz.300529,2021-10-18,2021-10-31
sz.300558,2021-10-18,2021-10-31
sz.300595,2021-10-18,2021-10-31
sz.300601,2021-10-18,2021-10-31
sz.300628,2021-10-18,2021-10-31
sz.300676,2021-10-18,2021-10-31
sz.300677,2021-10-18,2021-10-31
sh.600000,2021-11-15,2021-11-30
sh.600009,2021-11-15,2021-11-30
sh.600010,2021-11-15,2021-11-30
sh.600011,2021-11-15,2021-11-30
sh.600015,2021-11-15,2021-11-30
sh.600016,2021-11-15,2021-11-30
sh.600018,2021-11-15,2021-11-30
sh.600019,2021-11-15,2021-11-30
sh.600025,2021-11-15,2021-11-30
sh.600028,2021-11-15,2021-11-30
sh.600029,2021-11-15,2021-11-30
sh.600030,2021-11-15,2021-11-30
sh.600031,2021-11-15,2021-11-30
sh.600036,2021-11-15,2021-11-30
sh.600048,2021-11-15,2021-11-30
sh.600050,2021-11-15,2021-11-30
sh.600061,2021-11-15,2021-11-30
sh.600079,2021-11-15,2021-11-30
sh.600085,2021-11-15,2021-11-30
sh.600104,2021-11-15,2021-11-30
sh.600109,2021-11-15,2021-11-30
sh.600111,2021-11-15,2021-11-30
sh.600115,2021-11-15,2021-11-30
sh.600118,2021-11-15,2021-11-30
sh.600132,2021-11-15,2021-11-30
sh.600143,2021-11-15,2021-11-30
sh.600150,2021-11-15,2021-11-30
sh.600161,2021-11-15,2021-11-30
sh.600176,2021-11-15,2021-11-30
sh.600183,2021-11-15,2021-11-30
sh.600196,2021-11-15,2021-11-30
sh.600233,2021-11-15,2021-11-30
sh.600276,2021-11-15,2021-11-30
sh.600299,2021-11-15,2021-11-30
sh.600309,2021-11-15,2021-11-30
sh.600332,2021-11-15,2021-11-30
sh.600340,2021-11-15,2021-11-30
sh.600346,2021-11-15,2021-11-30
sh.600352,2021-11-15,2021-11-30
sh.600362,2021-11-15,2021-11-30
sh.600383,2021-11-15,2021-11-30
sh.600406,2021-11-15,2021-11-30
sh.600426,2021-11-15,2021-11-30
sh.600436,2021-11-15,2021-11-30
sh.600438,2021-11-15,2021-11-30
sh.600482,2021-11-15,2021-11-30
sh.600489,2021-11-15,2021-11-30
sh.600519,2021-11-15,2021-11-30
sh.600521,2021-11-15,2021-11-30
sh.600522,2021-11-15,2021-11-30
sh.600547,2021-11-15,2021-11-30
sh.600570,2021-11-15,2021-11-30
sh.600584,2021-11-15,2021-11-30
sh.600585,2021-11-15,2021-11-30
sh.600588,2021-11-15,2021-11-30
sh.600600,2021-11-15,2021-11-30
sh.600606,2021-11-15,2021-11-30
sh.600655,2021-11-15,2021-11-30
sh.600660,2021-11-15,2021-11-30
sh.600690,2021-11-15,2021-11-30
sh.600703,2021-11-15,2021-11-30
sh.600705,2021-11-15,2021-11-30
sh.600741,2021-11-15,2021-11-30
sh.600745,2021-11-15,2021-11-30
sh.600760,2021-11-15,2021-11-30
sh.600763,2021-11-15,2021-11-30
sh.600795,2021-11-15,2021-11-30
sh.600809,2021-11-15,2021-11-30
sh.600837,2021-11-15,2021-11-30
sh.600845,2021-11-15,2021-11-30
sh.600848,2021-11-15,2021-11-30
sh.600872,2021-11-15,2021-11-30
sh.600886,2021-11-15,2021-11-30
sh.600887,2021-11-15,2021-11-30
sh.600893,2021-11-15,2021-11-30
sh.600900,2021-11-15,2021-11-30
sh.600918,2021-11-15,2021-11-30
sh.600919,2021-11-15,2021-11-30
sh.600926,2021-11-15,2021-11-30
sh.600958,2021-11-15,2021-11-30
sh.600989,2021-11-15,2021-11-30
sh.600999,2021-11-15,2021-11-30
sh.601006,2021-11-15,2021-11-30
sh.601009,2021-11-15,2021-11-30
sh.601012,2021-11-15,2021-11-30
sh.601021,2021-11-15,2021-11-30
sh.601066,2021-11-15,2021-11-30
sh.601077,2021-11-15,2021-11-30
sh.601088,2021-11-15,2021-11-30
sh.601100,2021-11-15,2021-11-30
sh.601108,2021-11-15,2021-11-30
sh.601111,2021-11-15,2021-11-30
sh.601138,2021-11-15,2021-11-30
sh.601155,2021-11-15,2021-11-30
sh.601162,2021-11-15,2021-11-30
sh.601166,2021-11-15,2021-11-30
sh.601169,2021-11-15,2021-11-30
sh.601186,2021-11-15,2021-11-30
sh.601211,2021-11-15,2021-11-30
sh.601216,2021-11-15,2021-11-30
sh.601225,2021-11-15,2021-11-30
sh.601229,2021-11-15,2021-11-30
sh.601231,2021-11-15,2021-11-30
sh.601236,2021-11-15,2021-11-30
sh.601238,2021-11-15,2021-11-30
sh.601288,2021-11-15,2021-11-30
sh.601318,2021-11-15,2021-11-30
sh.601319,2021-11-15,2021-11-30
sh.601328,2021-11-15,2021-11-30
sh.601336,2021-11-15,2021-11-30
sh.601360,2021-11-15,2021-11-30
sh.601377,2021-11-15,2021-11-30
sh.601390,2021-11-15,2021-11-30
sh.601398,2021-11-15,2021-11-30
sh.601555,2021-11-15,2021-11-30
sh.601600,2021-11-15,2021-11-30
sh.601601,2021-11-15,2021-11-30
sh.601607,2021-11-15,2021-11-30
sh.601618,2021-11-15,2021-11-30
sh.601628,2021-11-15,2021-11-30
sh.601633,2021-11-15,2021-11-30
sh.601658,2021-11-15,2021-11-30
sh.601668,2021-11-15,2021-11-30
sh.601669,2021-11-15,2021-11-30
sh.601688,2021-11-15,2021-11-30
sh.601696,2021-11-15,2021-11-30
sh.601698,2021-11-15,2021-11-30
sh.601727,2021-11-15,2021-11-30
sh.601766,2021-11-15,2021-11-30
sh.601788,2021-11-15,2021-11-30
sh.601799,2021-11-15,2021-11-30
sh.601800,2021-11-15,2021-11-30
sh.601808,2021-11-15,2021-11-30
sh.601816,2021-11-15,2021-11-30
sh.601818,2021-11-15,2021-11-30
sh.601838,2021-11-15,2021-11-30
sh.601857,2021-11-15,2021-11-30
sh.601872,2021-11-15,2021-11-30
sh.601877,2021-11-15,2021-11-30
sh.601878,2021-11-15,2021-11-30
sh.601881,2021-11-15,2021-11-30
sh.601888,2021-11-15,2021-11-30
sh.601899,2021-11-15,2021-11-30
sh.601901,2021-11-15,2021-11-30
sh.601916,2021-11-15,2021-11-30
sh.601919,2021-11-15,2021-11-30
sh.601933,2021-11-15,2021-11-30
sh.601939,2021-11-15,2021-11-30
sh.601985,2021-11-15,2021-11-30
sh.601988,2021-11-15,2021-11-30
sh.601989,2021-11-15,2021-11-30
sh.601990,2021-11-15,2021-11-30
sh.601995,2021-11-15,2021-11-30
sh.601998,2021-11-15,2021-11-30
sh.603019,2021-11-15,2021-11-30
sh.603087,2021-11-15,2021-11-30
sh.603160,2021-11-15,2021-11-30
sh.603195,2021-11-15,2021-11-30
sh.603233,2021-11-15,2021-11-30
sh.603259,2021-11-15,2021-11-30
sh.603288,2021-11-15,2021-11-30
sh.603338,2021-11-15,2021-11-30
sh.603369,2021-11-15,2021-11-30
sh.603392,2021-11-15,2021-11-30
sh.603501,2021-11-15,2021-11-30
sh.603517,2021-11-15,2021-11-30
sh.603658,2021-11-15,2021-11-30
sh.603659,2021-11-15,2021-11-30
sh.603799,2021-11-15,2021-11-30
sh.603806,2021-11-15,2021-11-30
sh.603833,2021-11-15,2021-11-30
sh.603882,2021-11-15,2021-11-30
sh.603899,2021-11-15,2021-11-30
sh.603939,2021-11-15,2021-11-30
sh.603986,2021-11-15,2021-11-30
sh.603993,2021-11-15,2021-11-30
sh.688008,2021-11-15,2021-11-30
sh.688009,2021-11-15,2021-11-30
sh.688012,2021-11-15,2021-11-30
sh.688036,2021-11-15,2021-11-30
sh.688111,2021-11-15,2021-11-30
sh.688126,2021-11-15,2021-11-30
sh.688169,2021-11-15,2021-11-30
sh.688363,2021-11-15,2021-11-30
sh.688396,2021-11-15,2021-11-30
sz.000001,2021-11-15,2021-11-30
sz.000002,2021-11-15,2021-11-30
sz.000063,2021-11-15,2021-11-30
sz.000066,2021-11-15,2021-11-30
sz.000069,2021-11-15,2021-11-30
sz.000100,2021-11-15,2021-11-30
sz.000157,2021-11-15,2021-11-30
sz.000166,2021-11-15,2021-11-30
sz.000333,2021-11-15,2021-11-30
sz.000338,2021-11-15,2021-11-30
sz.000425,2021-11-15,2021-11-30
sz.000538,2021-11-15,2021-11-30
sz.000568,2021-11-15,2021-11-30
sz.000596,2021-11-15,2021-11-30
sz.000625,2021-11-15,2021-11-30
sz.000651,2021-11-15,2021-11-30
sz.000656,2021-11-15,2021-11-30
sz.000661,2021-11-15,2021-11-30
sz.000703,2021-11-15,2021-11-30
sz.000708,2021-11-15,2021-11-30
sz.000725,2021-11-15,2021-11-30
sz.000728,2021-11-15,2021-11-30
sz.000768,2021-11-15,2021-11-30
sz.000776,2021-11-15,2021-11-30
sz.000783,2021-11-15,2021-11-30
sz.000786,2021-11-15,2021-11-30
sz.000800,2021-11-15,2021-11-30
sz.000858,2021-11-15,2021-11-30
sz.000860,2021-11-15,2021-11-30
sz.000876,2021-11-15,2021-11-30
sz.000895,2021-11-15,2021-11-30
sz.000938,2021-11-15,2021-11-30
sz.000963,2021-11-15,2021-11-30
sz.000977,2021-11-15,2021-11-30
sz.001979,2021-11-15,2021-11-30
sz.002001,2021-11-15,2021-11-30
sz.002007,2021-11-15,2021-11-30
sz.002008,2021-11-15,2021-11-30
sz.002024,2021-11-15,2021-11-30
sz.002027,2021-11-15,2021-11-30
sz.002032,2021-11-15,2021-11-30
sz.002044,2021-11-15,2021-11-30
sz.002049,2021-11-15,2021-11-30
sz.002050,2021-11-15,2021-11-30
sz.002120,2021-11-15,2021-11-30
sz.002129,2021-11-15,2021-11-30
sz.002142,2021-11-15,2021-11-30
sz.002153,2021-11-15,2021-11-30
sz.002157,2021-11-15,2021-11-30
sz.002179,2021-11-15,2021-11-30
sz.002202,2021-11-15,2021-11-30
sz.002230,2021-11-15,2021-11-30
sz.002236,2021-11-15,2021-11-30
sz.002241,2021-11-15,2021-11-30
sz.002252,2021-11-15,2021-11-30
sz.002271,2021-11-15,2021-11-30
sz.002304,2021-11-15,2021-11-30
sz.002311,2021-11-15,2021-11-30
sz.002352,2021-11-15,2021-11-30
sz.002371,2021-11-15,2021-11-30
sz.002384,2021-11-15,2021-11-30
sz.002410,2021-11-15,2021-11-30
sz.002414,2021-11-15,2021-11-30
sz.002415,2021-11-15,2021-11-30
sz.002456,2021-11-15,2021-11-30
sz.002460,2021-11-15,2021-11-30
sz.002463,2021-11-15,2021-11-30
sz.002475,2021-11-15,2021-11-30
sz.002493,2021-11-15,2021-11-30
sz.002508,2021-11-15,2021-11-30
sz.002555,2021-11-15,2021-11-30
sz.002558,2021-11-15,2021-11-30
sz.002594,2021-11-15,2021-11-30
sz.002600,2021-11-15,2021-11-30
sz.002601,2021-11-15,2021-11-30
sz.002602,2021-11-15,2021-11-30
sz.002607,2021-11-15,2021-11-30
sz.002624,2021-11-15,2021-11-30
sz.002673,2021-11-15,2021-11-30
sz.002714,2021-11-15,2021-11-30
sz.002736,2021-11-15,2021-11-30
sz.002739,2021-11-15,2021-11-30
sz.002773,2021-11-15,2021-11-30
sz.002812,2021-11-15,2021-11-30
sz.002821,2021-11-15,2021-11-30
sz.002841,2021-11-15,2021-11-30
sz.002916,2021-11-15,2021-11-30
sz.002938,2021-11-15,2021-11-30
sz.002939,2021-11-15,2021-11-30
sz.002945,2021-11-15,2021-11-30
sz.003816,2021-11-15,2021-11-30
sz.300003,2021-11-15,2021-11-30
sz.300014,2021-11-15,2021-11-30
sz.300015,2021-11-15,2021-11-30
sz.300033,2021-11-15,2021-11-30
sz.300059,2021-11-15,2021-11-30
sz.300122,2021-11-15,2021-11-30
sz.300124,2021-11-15,2021-11-30
sz.300136,2021-11-15,2021-11-30
sz.300142,2021-11-15,2021-11-30
sz.300144,2021-11-15,2021-11-30
sz.300274,2021-11-15,2021-11-30
sz.300347,2021-11-15,2021-11-30
sz.300408,2021-11-15,2021-11-30
sz.300413,2021-11-15,2021-11-30
sz.300433,2021-11-15,2021-11-30
sz.300450,2021-11-15,2021-11-30
sz.300498,2021-11-15,2021-11-30
sz.300529,2021-11-15,2021-11-30
sz.300558,2021-11-15,2021-11-30
sz.300595,2021-11-15,2021-11-30
sz.300601,2021-11-15,2021-11-30
sz.300628,2021-11-15,2021-11-30
sz.300676,2021-11-15,2021-11-30
sz.300677,2021-11-15,2021-11-30
sh.600000,2021-11-15,2021-12-31
sh.600009,2021-11-15,2021-12-31
sh.600010,2021-11-15,2021-12-31
sh.600011,2021-11-15,2021-12-31
sh.600015,2021-11-15,2021-12-31
sh.600016,2021-11-15,2021-12-31
sh.600018,2021-11-15,2021-12-31
sh.600019,2021-11-15,2021-12-31
sh.600025,2021-11-15,2021-12-31
sh.600028,2021-11-15,2021-12-31
sh.600029,2021-11-15,2021-12-31
sh.600030,2021-11-15,2021-12-31
sh.600031,2021-11-15,2021-12-31
sh.600036,2021-11-15,2021-12-31
sh.600048,2021-11-15,2021-12-31
sh.600050,2021-11-15,2021-12-31
sh.600061,2021-11-15,2021-12-31
sh.600079,2021-11-15,2021-12-31
sh.600085,2021-11-15,2021-12-31
sh.600104,2021-11-15,2021-12-31
sh.600109,2021-11-15,2021-12-31
sh.600111,2021-11-15,2021-12-31
sh.600115,2021-11-15,2021-12-31
sh.600118,2021-11-15,2021-12-31
sh.600132,2021-11-15,2021-12-31
sh.600143,2021-11-15,2021-12-31
sh.600150,2021-11-15,2021-12-31
sh.600161,2021-11-15,2021-12-31
sh.600176,2021-11-15,2021-12-31
sh.600183,2021-11-15,2021-12-31
sh.600196,2021-11-15,2021-12-31
sh.600233,2021-11-15,2021-12-31
sh.600276,2021-11-15,2021-12-31
sh.600299,2021-11-15,2021-12-31
sh.600309,2021-11-15,2021-12-31
sh.600332,2021-11-15,2021-12-31
sh.600340,2021-11-15,2021-12-31
sh.600346,2021-11-15,2021-12-31
sh.600352,2021-11-15,2021-12-31
sh.600362,2021-11-15,2021-12-31
sh.600383,2021-11-15,2021-12-31
sh.600406,2021-11-15,2021-12-31
sh.600426,2021-11-15,2021-12-31
sh.600436,2021-11-15,2021-12-31
sh.600438,2021-11-15,2021-12-31
sh.600482,2021-11-15,2021-12-31
sh.600489,2021-11-15,2021-12-31
sh.600519,2021-11-15,2021-12-31
sh.600521,2021-11-15,2021-12-31
sh.600522,2021-11-15,2021-12-31
sh.600547,2021-11-15,2021-12-31
sh.600570,2021-11-15,2021-12-31
sh.600584,2021-11-15,2021-12-31
sh.600585,2021-11-15,2021-12-31
sh.600588,2021-11-15,2021-12-31
sh.600600,2021-11-15,2021-12-31
sh.600606,2021-11-15,2021-12-31
sh.600655,2021-11-15,2021-12-31
sh.600660,2021-11-15,2021-12-31
sh.600690,2021-11-15,2021-12-31
sh.600703,2021-11-15,2021-12-31
sh.600705,2021-11-15,2021-12-31
sh.600741,2021-11-15,2021-12-31
sh.600745,2021-11-15,2021-12-31
sh.600760,2021-11-15,2021-12-31
sh.600763,2021-11-15,2021-12-31
sh.600795,2021-11-15,2021-12-31
sh.600809,2021-11-15,2021-12-31
sh.600837,2021-11-15,2021-12-31
sh.600845,2021-11-15,2021-12-31
sh.600848,2021-11-15,2021-12-31
sh.600872,2021-11-15,2021-12-31
sh.600886,2021-11-15,2021-12-31
sh.600887,2021-11-15,2021-12-31
sh.600893,2021-11-15,2021-12-31
sh.600900,2021-11-15,2021-12-31
sh.600918,2021-11-15,2021-12-31
sh.600919,2021-11-15,2021-12-31
sh.600926,2021-11-15,2021-12-31
sh.600958,2021-11-15,2021-12-31
sh.600989,2021-11-15,2021-12-31
sh.600999,2021-11-15,2021-12-31
sh.601006,2021-11-15,2021-12-31
sh.601009,2021-11-15,2021-12-31
sh.601012,2021-11-15,2021-12-31
sh.601021,2021-11-15,2021-12-31
sh.601066,2021-11-15,2021-12-31
sh.601077,2021-11-15,2021-12-31
sh.601088,2021-11-15,2021-12-31
sh.601100,2021-11-15,2021-12-31
sh.601108,2021-11-15,2021-12-31
sh.601111,2021-11-15,2021-12-31
sh.601138,2021-11-15,2021-12-31
sh.601155,2021-11-15,2021-12-31
sh.601162,2021-11-15,2021-12-31
sh.601166,2021-11-15,2021-12-31
sh.601169,2021-11-15,2021-12-31
sh.601186,2021-11-15,2021-12-31
sh.601211,2021-11-15,2021-12-31
sh.601216,2021-11-15,2021-12-31
sh.601225,2021-11-15,2021-12-31
sh.601229,2021-11-15,2021-12-31
sh.601231,2021-11-15,2021-12-31
sh.601236,2021-11-15,2021-12-31
sh.601238,2021-11-15,2021-12-31
sh.601288,2021-11-15,2021-12-31
sh.601318,2021-11-15,2021-12-31
sh.601319,2021-11-15,2021-12-31
sh.601328,2021-11-15,2021-12-31
sh.601336,2021-11-15,2021-12-31
sh.601360,2021-11-15,2021-12-31
sh.601377,2021-11-15,2021-12-31
sh.601390,2021-11-15,2021-12-31
sh.601398,2021-11-15,2021-12-31
sh.601555,2021-11-15,2021-12-31
sh.601600,2021-11-15,2021-12-31
sh.601601,2021-11-15,2021-12-31
sh.601607,2021-11-15,2021-12-31
sh.601618,2021-11-15,2021-12-31
sh.601628,2021-11-15,2021-12-31
sh.601633,2021-11-15,2021-12-31
sh.601658,2021-11-15,2021-12-31
sh.601668,2021-11-15,2021-12-31
sh.601669,2021-11-15,2021-12-31
sh.601688,2021-11-15,2021-12-31
sh.601696,2021-11-15,2021-12-31
sh.601698,2021-11-15,2021-12-31
sh.601727,2021-11-15,2021-12-31
sh.601766,2021-11-15,2021-12-31
sh.601788,2021-11-15,2021-12-31
sh.601799,2021-11-15,2021-12-31
sh.601800,2021-11-15,2021-12-31
sh.601808,2021-11-15,2021-12-31
sh.601816,2021-11-15,2021-12-31
sh.601818,2021-11-15,2021-12-31
sh.601838,2021-11-15,2021-12-31
sh.601857,2021-11-15,2021-12-31
sh.601872,2021-11-15,2021-12-31
sh.601877,2021-11-15,2021-12-31
sh.601878,2021-11-15,2021-12-31
sh.601881,2021-11-15,2021-12-31
sh.601888,2021-11-15,2021-12-31
sh.601899,2021-11-15,2021-12-31
sh.601901,2021-11-15,2021-12-31
sh.601916,2021-11-15,2021-12-31
sh.601919,2021-11-15,2021-12-31
sh.601933,2021-11-15,2021-12-31
sh.601939,2021-11-15,2021-12-31
sh.601985,2021-11-15,2021-12-31
sh.601988,2021-11-15,2021-12-31
sh.601989,2021-11-15,2021-12-31
sh.601990,2021-11-15,2021-12-31
sh.601995,2021-11-15,2021-12-31
sh.601998,2021-11-15,2021-12-31
sh.603019,2021-11-15,2021-12-31
sh.603087,2021-11-15,2021-12-31
sh.603160,2021-11-15,2021-12-31
sh.603195,2021-11-15,2021-12-31
sh.603233,2021-11-15,2021-12-31
sh.603259,2021-11-15,2021-12-31
sh.603288,2021-11-15,2021-12-31
sh.603338,2021-11-15,2021-12-31
sh.603369,2021-11-15,2021-12-31
sh.603392,2021-11-15,2021-12-31
sh.603501,2021-11-15,2021-12-31
sh.603517,2021-11-15,2021-12-31
sh.603658,2021-11-15,2021-12-31
sh.603659,2021-11-15,2021-12-31
sh.603799,2021-11-15,2021-12-31
sh.603806,2021-11-15,2021-12-31
sh.603833,2021-11-15,2021-12-31
sh.603882,2021-11-15,2021-12-31
sh.603899,2021-11-15,2021-12-31
sh.603939,2021-11-15,2021-12-31
sh.603986,2021-11-15,2021-12-31
sh.603993,2021-11-15,2021-12-31
sh.688008,2021-11-15,2021-12-31
sh.688009,2021-11-15,2021-12-31
sh.688012,2021-11-15,2021-12-31
sh.688036,2021-11-15,2021-12-31
sh.688111,2021-11-15,2021-12-31
sh.688126,2021-11-15,2021-12-31
sh.688169,2021-11-15,2021-12-31
sh.688363,2021-11-15,2021-12-31
sh.688396,2021-11-15,2021-12-31
sz.000001,2021-11-15,2021-12-31
sz.000002,2021-11-15,2021-12-31
sz.000063,2021-11-15,2021-12-31
sz.000066,2021-11-15,2021-12-31
sz.000069,2021-11-15,2021-12-31
sz.000100,2021-11-15,2021-12-31
sz.000157,2021-11-15,2021-12-31
sz.000166,2021-11-15,2021-12-31
sz.000333,2021-11-15,2021-12-31
sz.000338,2021-11-15,2021-12-31
sz.000425,2021-11-15,2021-12-31
sz.000538,2021-11-15,2021-12-31
sz.000568,2021-11-15,2021-12-31
sz.000596,2021-11-15,2021-12-31
sz.000625,2021-11-15,2021-12-31
sz.000651,2021-11-15,2021-12-31
sz.000656,2021-11-15,2021-12-31
sz.000661,2021-11-15,2021-12-31
sz.000703,2021-11-15,2021-12-31
sz.000708,2021-11-15,2021-12-31
sz.000725,2021-11-15,2021-12-31
sz.000728,2021-11-15,2021-12-31
sz.000768,2021-11-15,2021-12-31
sz.000776,2021-11-15,2021-12-31
sz.000783,2021-11-15,2021-12-31
sz.000786,2021-11-15,2021-12-31
sz.000800,2021-11-15,2021-12-31
sz.000858,2021-11-15,2021-12-31
sz.000860,2021-11-15,2021-12-31
sz.000876,2021-11-15,2021-12-31
sz.000895,2021-11-15,2021-12-31
sz.000938,2021-11-15,2021-12-31
sz.000963,2021-11-15,2021-12-31
sz.000977,2021-11-15,2021-12-31
sz.001979,2021-11-15,2021-12-31
sz.002001,2021-11-15,2021-12-31
sz.002007,2021-11-15,2021-12-31
sz.002008,2021-11-15,2021-12-31
sz.002024,2021-11-15,2021-12-31
sz.002027,2021-11-15,2021-12-31
sz.002032,2021-11-15,2021-12-31
sz.002044,2021-11-15,2021-12-31
sz.002049,2021-11-15,2021-12-31
sz.002050,2021-11-15,2021-12-31
sz.002120,2021-11-15,2021-12-31
sz.002129,2021-11-15,2021-12-31
sz.002142,2021-11-15,2021-12-31
sz.002153,2021-11-15,2021-12-31
sz.002157,2021-11-15,2021-12-31
sz.002179,2021-11-15,2021-12-31
sz.002202,2021-11-15,2021-12-31
sz.002230,2021-11-15,2021-12-31
sz.002236,2021-11-15,2021-12-31
sz.002241,2021-11-15,2021-12-31
sz.002252,2021-11-15,2021-12-31
sz.002271,2021-11-15,2021-12-31
sz.002304,2021-11-15,2021-12-31
sz.002311,2021-11-15,2021-12-31
sz.002352,2021-11-15,2021-12-31
sz.002371,2021-11-15,2021-12-31
sz.002384,2021-11-15,2021-12-31
sz.002410,2021-11-15,2021-12-31
sz.002414,2021-11-15,2021-12-31
sz.002415,2021-11-15,2021-12-31
sz.002456,2021-11-15,2021-12-31
sz.002460,2021-11-15,2021-12-31
sz.002463,2021-11-15,2021-12-31
sz.002475,2021-11-15,2021-12-31
sz.002493,2021-11-15,2021-12-31
sz.002508,2021-11-15,2021-12-31
sz.002555,2021-11-15,2021-12-31
sz.002558,2021-11-15,2021-12-31
sz.002594,2021-11-15,2021-12-31
sz.002600,2021-11-15,2021-12-31
sz.002601,2021-11-15,2021-12-31
sz.002602,2021-11-15,2021-12-31
sz.002607,2021-11-15,2021-12-31
sz.002624,2021-11-15,2021-12-31
sz.002673,2021-11-15,2021-12-31
sz.002714,2021-11-15,2021-12-31
sz.002736,2021-11-15,2021-12-31
sz.002739,2021-11-15,2021-12-31
sz.002773,2021-11-15,2021-12-31
sz.002812,2021-11-15,2021-12-31
sz.002821,2021-11-15,2021-12-31
sz.002841,2021-11-15,2021-12-31
sz.002916,2021-11-15,2021-12-31
sz.002938,2021-11-15,2021-12-31
sz.002939,2021-11-15,2021-12-31
sz.002945,2021-11-15,2021-12-31
sz.003816,2021-11-15,2021-12-31
sz.300003,2021-11-15,2021-12-31
sz.300014,2021-11-15,2021-12-31
sz.300015,2021-11-15,2021-12-31
sz.300033,2021-11-15,2021-12-31
sz.300059,2021-11-15,2021-12-31
sz.300122,2021-11-15,2021-12-31
sz.300124,2021-11-15,2021-12-31
sz.300136,2021-11-15,2021-12-31
sz.300142,2021-11-15,2021-12-31
sz.300144,2021-11-15,2021-12-31
sz.300274,2021-11-15,2021-12-31
sz.300347,2021-11-15,2021-12-31
sz.300408,2021-11-15,2021-12-31
sz.300413,2021-11-15,2021-12-31
sz.300433,2021-11-15,2021-12-31
sz.300450,2021-11-15,2021-12-31
sz.300498,2021-11-15,2021-12-31
sz.300529,2021-11-15,2021-12-31
sz.300558,2021-11-15,2021-12-31
sz.300595,2021-11-15,2021-12-31
sz.300601,2021-11-15,2021-12-31
sz.300628,2021-11-15,2021-12-31
sz.300676,2021-11-15,2021-12-31
sz.300677,2021-11-15,2021-12-31
sh.600000,2022-01-17,2022-01-31
sh.600009,2022-01-17,2022-01-31
sh.600010,2022-01-17,2022-01-31
sh.600011,2022-01-17,2022-01-31
sh.600015,2022-01-17,2022-01-31
sh.600016,2022-01-17,2022-01-31
sh.600018,2022-01-17,2022-01-31
sh.600019,2022-01-17,2022-01-31
sh.600025,2022-01-17,2022-01-31
sh.600028,2022-01-17,2022-01-31
sh.600029,2022-01-17,2022-01-31
sh.600030,2022-01-17,2022-01-31
sh.600031,2022-01-17,2022-01-31
sh.600036,2022-01-17,2022-01-31
sh.600048,2022-01-17,2022-01-31
sh.600050,2022-01-17,2022-01-31
sh.600061,2022-01-17,2022-01-31
sh.600079,2022-01-17,2022-01-31
sh.600085,2022-01-17,2022-01-31
sh.600104,2022-01-17,2022-01-31
sh.600109,2022-01-17,2022-01-31
sh.600111,2022-01-17,2022-01-31
sh.600115,2022-01-17,2022-01-31
sh.600132,2022-01-17,2022-01-31
sh.600143,2022-01-17,2022-01-31
sh.600150,2022-01-17,2022-01-31
sh.600161,2022-01-17,2022-01-31
sh.600176,2022-01-17,2022-01-31
sh.600183,2022-01-17,2022-01-31
sh.600196,2022-01-17,2022-01-31
sh.600276,2022-01-17,2022-01-31
sh.600309,2022-01-17,2022-01-31
sh.600332,2022-01-17,2022-01-31
sh.600346,2022-01-17,2022-01-31
sh.600352,2022-01-17,2022-01-31
sh.600362,2022-01-17,2022-01-31
sh.600383,2022-01-17,2022-01-31
sh.600406,2022-01-17,2022-01-31
sh.600426,2022-01-17,2022-01-31
sh.600436,2022-01-17,2022-01-31
sh.600438,2022-01-17,2022-01-31
sh.600489,2022-01-17,2022-01-31
sh.600519,2022-01-17,2022-01-31
sh.600547,2022-01-17,2022-01-31
sh.600570,2022-01-17,2022-01-31
sh.600584,2022-01-17,2022-01-31
sh.600585,2022-01-17,2022-01-31
sh.600588,2022-01-17,2022-01-31
sh.600600,2022-01-17,2022-01-31
sh.600606,2022-01-17,2022-01-31
sh.600655,2022-01-17,2022-01-31
sh.600660,2022-01-17,2022-01-31
sh.600690,2022-01-17,2022-01-31
sh.600741,2022-01-17,2022-01-31
sh.600745,2022-01-17,2022-01-31
sh.600760,2022-01-17,2022-01-31
sh.600763,2022-01-17,2022-01-31
sh.600795,2022-01-17,2022-01-31
sh.600809,2022-01-17,2022-01-31
sh.600837,2022-01-17,2022-01-31
sh.600845,2022-01-17,2022-01-31
sh.600848,2022-01-17,2022-01-31
sh.600872,2022-01-17,2022-01-31
sh.600886,2022-01-17,2022-01-31
sh.600887,2022-01-17,2022-01-31
sh.600893,2022-01-17,2022-01-31
sh.600900,2022-01-17,2022-01-31
sh.600905,2022-01-17,2022-01-31
sh.600918,2022-01-17,2022-01-31
sh.600919,2022-01-17,2022-01-31
sh.600926,2022-01-17,2022-01-31
sh.600958,2022-01-17,2022-01-31
sh.600989,2022-01-17,2022-01-31
sh.600999,2022-01-17,2022-01-31
sh.601006,2022-01-17,2022-01-31
sh.601009,2022-01-17,2022-01-31
sh.601012,2022-01-17,2022-01-31
sh.601021,2022-01-17,2022-01-31
sh.601066,2022-01-17,2022-01-31
sh.601088,2022-01-17,2022-01-31
sh.601100,2022-01-17,2022-01-31
sh.601108,2022-01-17,2022-01-31
sh.601111,2022-01-17,2022-01-31
sh.601138,2022-01-17,2022-01-31
sh.601155,2022-01-17,2022-01-31
sh.601162,2022-01-17,2022-01-31
sh.601166,2022-01-17,2022-01-31
sh.601169,2022-01-17,2022-01-31
sh.601186,2022-01-17,2022-01-31
sh.601211,2022-01-17,2022-01-31
sh.601216,2022-01-17,2022-01-31
sh.601225,2022-01-17,2022-01-31
sh.601229,2022-01-17,2022-01-31
sh.601231,2022-01-17,2022-01-31
sh.601236,2022-01-17,2022-01-31
sh.601238,2022-01-17,2022-01-31
sh.601288,2022-01-17,2022-01-31
sh.601318,2022-01-17,2022-01-31
sh.601319,2022-01-17,2022-01-31
sh.601328,2022-01-17,2022-01-31
sh.601336,2022-01-17,2022-01-31
sh.601360,2022-01-17,2022-01-31
sh.601377,2022-01-17,2022-01-31
sh.601390,2022-01-17,2022-01-31
sh.601398,2022-01-17,2022-01-31
sh.601600,2022-01-17,2022-01-31
sh.601601,2022-01-17,2022-01-31
sh.601607,2022-01-17,2022-01-31
sh.601618,2022-01-17,2022-01-31
sh.601628,2022-01-17,2022-01-31
sh.601633,2022-01-17,2022-01-31
sh.601658,2022-01-17,2022-01-31
sh.601668,2022-01-17,2022-01-31
sh.601669,2022-01-17,2022-01-31
sh.601688,2022-01-17,2022-01-31
sh.601696,2022-01-17,2022-01-31
sh.601698,2022-01-17,2022-01-31
sh.601728,2022-01-17,2022-01-31
sh.601766,2022-01-17,2022-01-31
sh.601788,2022-01-17,2022-01-31
sh.601799,2022-01-17,2022-01-31
sh.601800,2022-01-17,2022-01-31
sh.601808,2022-01-17,2022-01-31
sh.601816,2022-01-17,2022-01-31
sh.601818,2022-01-17,2022-01-31
sh.601838,2022-01-17,2022-01-31
sh.601857,2022-01-17,2022-01-31
sh.601865,2022-01-17,2022-01-31
sh.601868,2022-01-17,2022-01-31
sh.601877,2022-01-17,2022-01-31
sh.601878,2022-01-17,2022-01-31
sh.601881,2022-01-17,2022-01-31
sh.601888,2022-01-17,2022-01-31
sh.601898,2022-01-17,2022-01-31
sh.601899,2022-01-17,2022-01-31
sh.601901,2022-01-17,2022-01-31
sh.601916,2022-01-17,2022-01-31
sh.601919,2022-01-17,2022-01-31
sh.601933,2022-01-17,2022-01-31
sh.601939,2022-01-17,2022-01-31
sh.601966,2022-01-17,2022-01-31
sh.601985,2022-01-17,2022-01-31
sh.601988,2022-01-17,2022-01-31
sh.601989,2022-01-17,2022-01-31
sh.601990,2022-01-17,2022-01-31
sh.601995,2022-01-17,2022-01-31
sh.601998,2022-01-17,2022-01-31
sh.603019,2022-01-17,2022-01-31
sh.603087,2022-01-17,2022-01-31
sh.603160,2022-01-17,2022-01-31
sh.603195,2022-01-17,2022-01-31
sh.603233,2022-01-17,2022-01-31
sh.603259,2022-01-17,2022-01-31
sh.603260,2022-01-17,2022-01-31
sh.603288,2022-01-17,2022-01-31
sh.603338,2022-01-17,2022-01-31
sh.603369,2022-01-17,2022-01-31
sh.603392,2022-01-17,2022-01-31
sh.603486,2022-01-17,2022-01-31
sh.603501,2022-01-17,2022-01-31
sh.603517,2022-01-17,2022-01-31
sh.603658,2022-01-17,2022-01-31
sh.603659,2022-01-17,2022-01-31
sh.603799,2022-01-17,2022-01-31
sh.603806,2022-01-17,2022-01-31
sh.603833,2022-01-17,2022-01-31
sh.603882,2022-01-17,2022-01-31
sh.603899,2022-01-17,2022-01-31
sh.603939,2022-01-17,2022-01-31
sh.603986,2022-01-17,2022-01-31
sh.603993,2022-01-17,2022-01-31
sh.605499,2022-01-17,2022-01-31
sh.688008,2022-01-17,2022-01-31
sh.688009,2022-01-17,2022-01-31
sh.688012,2022-01-17,2022-01-31
sh.688036,2022-01-17,2022-01-31
sh.688111,2022-01-17,2022-01-31
sh.688126,2022-01-17,2022-01-31
sh.688169,2022-01-17,2022-01-31
sh.688363,2022-01-17,2022-01-31
sh.688396,2022-01-17,2022-01-31
sh.688561,2022-01-17,2022-01-31
sh.688599,2022-01-17,2022-01-31
sh.688981,2022-01-17,2022-01-31
sz.000001,2022-01-17,2022-01-31
sz.000002,2022-01-17,2022-01-31
sz.000063,2022-01-17,2022-01-31
sz.000066,2022-01-17,2022-01-31
sz.000069,2022-01-17,2022-01-31
sz.000100,2022-01-17,2022-01-31
sz.000157,2022-01-17,2022-01-31
sz.000166,2022-01-17,2022-01-31
sz.000301,2022-01-17,2022-01-31
sz.000333,2022-01-17,2022-01-31
sz.000338,2022-01-17,2022-01-31
sz.000425,2022-01-17,2022-01-31
sz.000538,2022-01-17,2022-01-31
sz.000568,2022-01-17,2022-01-31
sz.000596,2022-01-17,2022-01-31
sz.000625,2022-01-17,2022-01-31
sz.000651,2022-01-17,2022-01-31
sz.000661,2022-01-17,2022-01-31
sz.000703,2022-01-17,2022-01-31
sz.000708,2022-01-17,2022-01-31
sz.000725,2022-01-17,2022-01-31
sz.000768,2022-01-17,2022-01-31
sz.000776,2022-01-17,2022-01-31
sz.000783,2022-01-17,2022-01-31
sz.000786,2022-01-17,2022-01-31
sz.000800,2022-01-17,2022-01-31
sz.000858,2022-01-17,2022-01-31
sz.000876,2022-01-17,2022-01-31
sz.000895,2022-01-17,2022-01-31
sz.000938,2022-01-17,2022-01-31
sz.000963,2022-01-17,2022-01-31
sz.000977,2022-01-17,2022-01-31
sz.001979,2022-01-17,2022-01-31
sz.002001,2022-01-17,2022-01-31
sz.002007,2022-01-17,2022-01-31
sz.002008,2022-01-17,2022-01-31
sz.002024,2022-01-17,2022-01-31
sz.002027,2022-01-17,2022-01-31
sz.002032,2022-01-17,2022-01-31
sz.002044,2022-01-17,2022-01-31
sz.002049,2022-01-17,2022-01-31
sz.002050,2022-01-17,2022-01-31
sz.002064,2022-01-17,2022-01-31
sz.002120,2022-01-17,2022-01-31
sz.002129,2022-01-17,2022-01-31
sz.002142,2022-01-17,2022-01-31
sz.002157,2022-01-17,2022-01-31
sz.002179,2022-01-17,2022-01-31
sz.002202,2022-01-17,2022-01-31
sz.002230,2022-01-17,2022-01-31
sz.002236,2022-01-17,2022-01-31
sz.002241,2022-01-17,2022-01-31
sz.002252,2022-01-17,2022-01-31
sz.002271,2022-01-17,2022-01-31
sz.002304,2022-01-17,2022-01-31
sz.002311,2022-01-17,2022-01-31
sz.002352,2022-01-17,2022-01-31
sz.002371,2022-01-17,2022-01-31
sz.002410,2022-01-17,2022-01-31
sz.002414,2022-01-17,2022-01-31
sz.002415,2022-01-17,2022-01-31
sz.002459,2022-01-17,2022-01-31
sz.002460,2022-01-17,2022-01-31
sz.002466,2022-01-17,2022-01-31
sz.002475,2022-01-17,2022-01-31
sz.002493,2022-01-17,2022-01-31
sz.002555,2022-01-17,2022-01-31
sz.002568,2022-01-17,2022-01-31
sz.002594,2022-01-17,2022-01-31
sz.002600,2022-01-17,2022-01-31
sz.002601,2022-01-17,2022-01-31
sz.002602,2022-01-17,2022-01-31
sz.002607,2022-01-17,2022-01-31
sz.002624,2022-01-17,2022-01-31
sz.002709,2022-01-17,2022-01-31
sz.002714,2022-01-17,2022-01-31
sz.002736,2022-01-17,2022-01-31
sz.002791,2022-01-17,2022-01-31
sz.002812,2022-01-17,2022-01-31
sz.002821,2022-01-17,2022-01-31
sz.002841,2022-01-17,2022-01-31
sz.002916,2022-01-17,2022-01-31
sz.002938,2022-01-17,2022-01-31
sz.003816,2022-01-17,2022-01-31
sz.300003,2022-01-17,2022-01-31
sz.300014,2022-01-17,2022-01-31
sz.300015,2022-01-17,2022-01-31
sz.300033,2022-01-17,2022-01-31
sz.300059,2022-01-17,2022-01-31
sz.300122,2022-01-17,2022-01-31
sz.300124,2022-01-17,2022-01-31
sz.300142,2022-01-17,2022-01-31
sz.300144,2022-01-17,2022-01-31
sz.300274,2022-01-17,2022-01-31
sz.300316,2022-01-17,2022-01-31
sz.300347,2022-01-17,2022-01-31
sz.300408,2022-01-17,2022-01-31
sz.300413,2022-01-17,2022-01-31
sz.300433,2022-01-17,2022-01-31
sz.300450,2022-01-17,2022-01-31
sz.300498,2022-01-17,2022-01-31
sz.300529,2022-01-17,2022-01-31
sz.300558,2022-01-17,2022-01-31
sz.300595,2022-01-17,2022-01-31
sz.300601,2022-01-17,2022-01-31
sz.300628,2022-01-17,2022-01-31
sz.300676,2022-01-17,2022-01-31
sz.300677,2022-01-17,2022-01-31
sz.300750,2022-01-17,2022-01-31
sz.300759,2022-01-17,2022-01-31
sz.300760,2022-01-17,2022-01-31
sz.300782,2022-01-17,2022-01-31
sz.300866,2022-01-17,2022-01-31
sz.300888,2022-01-17,2022-01-31
sz.300896,2022-01-17,2022-01-31
sz.300999,2022-01-17,2022-01-31
sh.600000,2022-01-17,2022-02-28
sh.600009,2022-01-17,2022-02-28
sh.600010,2022-01-17,2022-02-28
sh.600011,2022-01-17,2022-02-28
sh.600015,2022-01-17,2022-02-28
sh.600016,2022-01-17,2022-02-28
sh.600018,2022-01-17,2022-02-28
sh.600019,2022-01-17,2022-02-28
sh.600025,2022-01-17,2022-02-28
sh.600028,2022-01-17,2022-02-28
sh.600029,2022-01-17,2022-02-28
sh.600030,2022-01-17,2022-02-28
sh.600031,2022-01-17,2022-02-28
sh.600036,2022-01-17,2022-02-28
sh.600048,2022-01-17,2022-02-28
sh.600050,2022-01-17,2022-02-28
sh.600061,2022-01-17,2022-02-28
sh.600079,2022-01-17,2022-02-28
sh.600085,2022-01-17,2022-02-28
sh.600104,2022-01-17,2022-02-28
sh.600109,2022-01-17,2022-02-28
sh.600111,2022-01-17,2022-02-28
sh.600115,2022-01-17,2022-02-28
sh.600132,2022-01-17,2022-02-28
sh.600143,2022-01-17,2022-02-28
sh.600150,2022-01-17,2022-02-28
sh.600161,2022-01-17,2022-02-28
sh.600176,2022-01-17,2022-02-28
sh.600183,2022-01-17,2022-02-28
sh.600196,2022-01-17,2022-02-28
sh.600276,2022-01-17,2022-02-28
sh.600309,2022-01-17,2022-02-28
sh.600332,2022-01-17,2022-02-28
sh.600346,2022-01-17,2022-02-28
sh.600352,2022-01-17,2022-02-28
sh.600362,2022-01-17,2022-02-28
sh.600383,2022-01-17,2022-02-28
sh.600406,2022-01-17,2022-02-28
sh.600426,2022-01-17,2022-02-28
sh.600436,2022-01-17,2022-02-28
sh.600438,2022-01-17,2022-02-28
sh.600489,2022-01-17,2022-02-28
sh.600519,2022-01-17,2022-02-28
sh.600547,2022-01-17,2022-02-28
sh.600570,2022-01-17,2022-02-28
sh.600584,2022-01-17,2022-02-28
sh.600585,2022-01-17,2022-02-28
sh.600588,2022-01-17,2022-02-28
sh.600600,2022-01-17,2022-02-28
sh.600606,2022-01-17,2022-02-28
sh.600655,2022-01-17,2022-02-28
sh.600660,2022-01-17,2022-02-28
sh.600690,2022-01-17,2022-02-28
sh.600741,2022-01-17,2022-02-28
sh.600745,2022-01-17,2022-02-28
sh.600760,2022-01-17,2022-02-28
sh.600763,2022-01-17,2022-02-28
sh.600795,2022-01-17,2022-02-28
sh.600809,2022-01-17,2022-02-28
sh.600837,2022-01-17,2022-02-28
sh.600845,2022-01-17,2022-02-28
sh.600848,2022-01-17,2022-02-28
sh.600872,2022-01-17,2022-02-28
sh.600886,2022-01-17,2022-02-28
sh.600887,2022-01-17,2022-02-28
sh.600893,2022-01-17,2022-02-28
sh.600900,2022-01-17,2022-02-28
sh.600905,2022-01-17,2022-02-28
sh.600918,2022-01-17,2022-02-28
sh.600919,2022-01-17,2022-02-28
sh.600926,2022-01-17,2022-02-28
sh.600958,2022-01-17,2022-02-28
sh.600989,2022-01-17,2022-02-28
sh.600999,2022-01-17,2022-02-28
sh.601006,2022-01-17,2022-02-28
sh.601009,2022-01-17,2022-02-28
sh.601012,2022-01-17,2022-02-28
sh.601021,2022-01-17,2022-02-28
sh.601066,2022-01-17,2022-02-28
sh.601088,2022-01-17,2022-02-28
sh.601100,2022-01-17,2022-02-28
sh.601108,2022-01-17,2022-02-28
sh.601111,2022-01-17,2022-02-28
sh.601138,2022-01-17,2022-02-28
sh.601155,2022-01-17,2022-02-28
sh.601162,2022-01-17,2022-02-28
sh.601166,2022-01-17,2022-02-28
sh.601169,2022-01-17,2022-02-28
sh.601186,2022-01-17,2022-02-28
sh.601211,2022-01-17,2022-02-28
sh.601216,2022-01-17,2022-02-28
sh.601225,2022-01-17,2022-02-28
sh.601229,2022-01-17,2022-02-28
sh.601231,2022-01-17,2022-02-28
sh.601236,2022-01-17,2022-02-28
sh.601238,2022-01-17,2022-02-28
sh.601288,2022-01-17,2022-02-28
sh.601318,2022-01-17,2022-02-28
sh.601319,2022-01-17,2022-02-28
sh.601328,2022-01-17,2022-02-28
sh.601336,2022-01-17,2022-02-28
sh.601360,2022-01-17,2022-02-28
sh.601377,2022-01-17,2022-02-28
sh.601390,2022-01-17,2022-02-28
sh.601398,2022-01-17,2022-02-28
sh.601600,2022-01-17,2022-02-28
sh.601601,2022-01-17,2022-02-28
sh.601607,2022-01-17,2022-02-28
sh.601618,2022-01-17,2022-02-28
sh.601628,2022-01-17,2022-02-28
sh.601633,2022-01-17,2022-02-28
sh.601658,2022-01-17,2022-02-28
sh.601668,2022-01-17,2022-02-28
sh.601669,2022-01-17,2022-02-28
sh.601688,2022-01-17,2022-02-28
sh.601696,2022-01-17,2022-02-28
sh.601698,2022-01-17,2022-02-28
sh.601728,2022-01-17,2022-02-28
sh.601766,2022-01-17,2022-02-28
sh.601788,2022-01-17,2022-02-28
sh.601799,2022-01-17,2022-02-28
sh.601800,2022-01-17,2022-02-28
sh.601808,2022-01-17,2022-02-28
sh.601816,2022-01-17,2022-02-28
sh.601818,2022-01-17,2022-02-28
sh.601838,2022-01-17,2022-02-28
sh.601857,2022-01-17,2022-02-28
sh.601865,2022-01-17,2022-02-28
sh.601868,2022-01-17,2022-02-28
sh.601877,2022-01-17,2022-02-28
sh.601878,2022-01-17,2022-02-28
sh.601881,2022-01-17,2022-02-28
sh.601888,2022-01-17,2022-02-28
sh.601898,2022-01-17,2022-02-28
sh.601899,2022-01-17,2022-02-28
sh.601901,2022-01-17,2022-02-28
sh.601916,2022-01-17,2022-02-28
sh.601919,2022-01-17,2022-02-28
sh.601933,2022-01-17,2022-02-28
sh.601939,2022-01-17,2022-02-28
sh.601966,2022-01-17,2022-02-28
sh.601985,2022-01-17,2022-02-28
sh.601988,2022-01-17,2022-02-28
sh.601989,2022-01-17,2022-02-28
sh.601990,2022-01-17,2022-02-28
sh.601995,2022-01-17,2022-02-28
sh.601998,2022-01-17,2022-02-28
sh.603019,2022-01-17,2022-02-28
sh.603087,2022-01-17,2022-02-28
sh.603160,2022-01-17,2022-02-28
sh.603195,2022-01-17,2022-02-28
sh.603233,2022-01-17,2022-02-28
sh.603259,2022-01-17,2022-02-28
sh.603260,2022-01-17,2022-02-28
sh.603288,2022-01-17,2022-02-28
sh.603338,2022-01-17,2022-02-28
sh.603369,2022-01-17,2022-02-28
sh.603392,2022-01-17,2022-02-28
sh.603486,2022-01-17,2022-02-28
sh.603501,2022-01-17,2022-02-28
sh.603517,2022-01-17,2022-02-28
sh.603658,2022-01-17,2022-02-28
sh.603659,2022-01-17,2022-02-28
sh.603799,2022-01-17,2022-02-28
sh.603806,2022-01-17,2022-02-28
sh.603833,2022-01-17,2022-02-28
sh.603882,2022-01-17,2022-02-28
sh.603899,2022-01-17,2022-02-28
sh.603939,2022-01-17,2022-02-28
sh.603986,2022-01-17,2022-02-28
sh.603993,2022-01-17,2022-02-28
sh.605499,2022-01-17,2022-02-28
sh.688008,2022-01-17,2022-02-28
sh.688009,2022-01-17,2022-02-28
sh.688012,2022-01-17,2022-02-28
sh.688036,2022-01-17,2022-02-28
sh.688111,2022-01-17,2022-02-28
sh.688126,2022-01-17,2022-02-28
sh.688169,2022-01-17,2022-02-28
sh.688363,2022-01-17,2022-02-28
sh.688396,2022-01-17,2022-02-28
sh.688561,2022-01-17,2022-02-28
sh.688599,2022-01-17,2022-02-28
sh.688981,2022-01-17,2022-02-28
sz.000001,2022-01-17,2022-02-28
sz.000002,2022-01-17,2022-02-28
sz.000063,2022-01-17,2022-02-28
sz.000066,2022-01-17,2022-02-28
sz.000069,2022-01-17,2022-02-28
sz.000100,2022-01-17,2022-02-28
sz.000157,2022-01-17,2022-02-28
sz.000166,2022-01-17,2022-02-28
sz.000301,2022-01-17,2022-02-28
sz.000333,2022-01-17,2022-02-28
sz.000338,2022-01-17,2022-02-28
sz.000425,2022-01-17,2022-02-28
sz.000538,2022-01-17,2022-02-28
sz.000568,2022-01-17,2022-02-28
sz.000596,2022-01-17,2022-02-28
sz.000625,2022-01-17,2022-02-28
sz.000651,2022-01-17,2022-02-28
sz.000661,2022-01-17,2022-02-28
sz.000703,2022-01-17,2022-02-28
sz.000708,2022-01-17,2022-02-28
sz.000725,2022-01-17,2022-02-28
sz.000768,2022-01-17,2022-02-28
sz.000776,2022-01-17,2022-02-28
sz.000783,2022-01-17,2022-02-28
sz.000786,2022-01-17,2022-02-28
sz.000800,2022-01-17,2022-02-28
sz.000858,2022-01-17,2022-02-28
sz.000876,2022-01-17,2022-02-28
sz.000895,2022-01-17,2022-02-28
sz.000938,2022-01-17,2022-02-28
sz.000963,2022-01-17,2022-02-28
sz.000977,2022-01-17,2022-02-28
sz.001979,2022-01-17,2022-02-28
sz.002001,2022-01-17,2022-02-28
sz.002007,2022-01-17,2022-02-28
sz.002008,2022-01-17,2022-02-28
sz.002024,2022-01-17,2022-02-28
sz.002027,2022-01-17,2022-02-28
sz.002032,2022-01-17,2022-02-28
sz.002044,2022-01-17,2022-02-28
sz.002049,2022-01-17,2022-02-28
sz.002050,2022-01-17,2022-02-28
sz.002064,2022-01-17,2022-02-28
sz.002120,2022-01-17,2022-02-28
sz.002129,2022-01-17,2022-02-28
sz.002142,2022-01-17,2022-02-28
sz.002157,2022-01-17,2022-02-28
sz.002179,2022-01-17,2022-02-28
sz.002202,2022-01-17,2022-02-28
sz.002230,2022-01-17,2022-02-28
sz.002236,2022-01-17,2022-02-28
sz.002241,2022-01-17,2022-02-28
sz.002252,2022-01-17,2022-02-28
sz.002271,2022-01-17,2022-02-28
sz.002304,2022-01-17,2022-02-28
sz.002311,2022-01-17,2022-02-28
sz.002352,2022-01-17,2022-02-28
sz.002371,2022-01-17,2022-02-28
sz.002410,2022-01-17,2022-02-28
sz.002414,2022-01-17,2022-02-28
sz.002415,2022-01-17,2022-02-28
sz.002459,2022-01-17,2022-02-28
sz.002460,2022-01-17,2022-02-28
sz.002466,2022-01-17,2022-02-28
sz.002475,2022-01-17,2022-02-28
sz.002493,2022-01-17,2022-02-28
sz.002555,2022-01-17,2022-02-28
sz.002568,2022-01-17,2022-02-28
sz.002594,2022-01-17,2022-02-28
sz.002600,2022-01-17,2022-02-28
sz.002601,2022-01-17,2022-02-28
sz.002602,2022-01-17,2022-02-28
sz.002607,2022-01-17,2022-02-28
sz.002624,2022-01-17,2022-02-28
sz.002709,2022-01-17,2022-02-28
sz.002714,2022-01-17,2022-02-28
sz.002736,2022-01-17,2022-02-28
sz.002791,2022-01-17,2022-02-28
sz.002812,2022-01-17,2022-02-28
sz.002821,2022-01-17,2022-02-28
sz.002841,2022-01-17,2022-02-28
sz.002916,2022-01-17,2022-02-28
sz.002938,2022-01-17,2022-02-28
sz.003816,2022-01-17,2022-02-28
sz.300003,2022-01-17,2022-02-28
sz.300014,2022-01-17,2022-02-28
sz.300015,2022-01-17,2022-02-28
sz.300033,2022-01-17,2022-02-28
sz.300059,2022-01-17,2022-02-28
sz.300122,2022-01-17,2022-02-28
sz.300124,2022-01-17,2022-02-28
sz.300142,2022-01-17,2022-02-28
sz.300144,2022-01-17,2022-02-28
sz.300274,2022-01-17,2022-02-28
sz.300316,2022-01-17,2022-02-28
sz.300347,2022-01-17,2022-02-28
sz.300408,2022-01-17,2022-02-28
sz.300413,2022-01-17,2022-02-28
sz.300433,2022-01-17,2022-02-28
sz.300450,2022-01-17,2022-02-28
sz.300498,2022-01-17,2022-02-28
sz.300529,2022-01-17,2022-02-28
sz.300558,2022-01-17,2022-02-28
sz.300595,2022-01-17,2022-02-28
sz.300601,2022-01-17,2022-02-28
sz.300628,2022-01-17,2022-02-28
sz.300676,2022-01-17,2022-02-28
sz.300677,2022-01-17,2022-02-28
sz.300750,2022-01-17,2022-02-28
sz.300759,2022-01-17,2022-02-28
sz.300760,2022-01-17,2022-02-28
sz.300782,2022-01-17,2022-02-28
sz.300866,2022-01-17,2022-02-28
sz.300888,2022-01-17,2022-02-28
sz.300896,2022-01-17,2022-02-28
sz.300999,2022-01-17,2022-02-28
sh.600000,2022-03-21,2022-03-31
sh.600009,2022-03-21,2022-03-31
sh.600010,2022-03-21,2022-03-31
sh.600011,2022-03-21,2022-03-31
sh.600015,2022-03-21,2022-03-31
sh.600016,2022-03-21,2022-03-31
sh.600018,2022-03-21,2022-03-31
sh.600019,2022-03-21,2022-03-31
sh.600025,2022-03-21,2022-03-31
sh.600028,2022-03-21,2022-03-31
sh.600029,2022-03-21,2022-03-31
sh.600030,2022-03-21,2022-03-31
sh.600031,2022-03-21,2022-03-31
sh.600036,2022-03-21,2022-03-31
sh.600048,2022-03-21,2022-03-31
sh.600050,2022-03-21,2022-03-31
sh.600061,2022-03-21,2022-03-31
sh.600079,2022-03-21,2022-03-31
sh.600085,2022-03-21,2022-03-31
sh.600104,2022-03-21,2022-03-31
sh.600109,2022-03-21,2022-03-31
sh.600111,2022-03-21,2022-03-31
sh.600115,2022-03-21,2022-03-31
sh.600132,2022-03-21,2022-03-31
sh.600143,2022-03-21,2022-03-31
sh.600150,2022-03-21,2022-03-31
sh.600161,2022-03-21,2022-03-31
sh.600176,2022-03-21,2022-03-31
sh.600183,2022-03-21,2022-03-31
sh.600196,2022-03-21,2022-03-31
sh.600276,2022-03-21,2022-03-31
sh.600309,2022-03-21,2022-03-31
sh.600332,2022-03-21,2022-03-31
sh.600346,2022-03-21,2022-03-31
sh.600352,2022-03-21,2022-03-31
sh.600362,2022-03-21,2022-03-31
sh.600383,2022-03-21,2022-03-31
sh.600406,2022-03-21,2022-03-31
sh.600426,2022-03-21,2022-03-31
sh.600436,2022-03-21,2022-03-31
sh.600438,2022-03-21,2022-03-31
sh.600489,2022-03-21,2022-03-31
sh.600519,2022-03-21,2022-03-31
sh.600547,2022-03-21,2022-03-31
sh.600570,2022-03-21,2022-03-31
sh.600584,2022-03-21,2022-03-31
sh.600585,2022-03-21,2022-03-31
sh.600588,2022-03-21,2022-03-31
sh.600600,2022-03-21,2022-03-31
sh.600606,2022-03-21,2022-03-31
sh.600655,2022-03-21,2022-03-31
sh.600660,2022-03-21,2022-03-31
sh.600690,2022-03-21,2022-03-31
sh.600741,2022-03-21,2022-03-31
sh.600745,2022-03-21,2022-03-31
sh.600760,2022-03-21,2022-03-31
sh.600763,2022-03-21,2022-03-31
sh.600795,2022-03-21,2022-03-31
sh.600809,2022-03-21,2022-03-31
sh.600837,2022-03-21,2022-03-31
sh.600845,2022-03-21,2022-03-31
sh.600848,2022-03-21,2022-03-31
sh.600872,2022-03-21,2022-03-31
sh.600886,2022-03-21,2022-03-31
sh.600887,2022-03-21,2022-03-31
sh.600893,2022-03-21,2022-03-31
sh.600900,2022-03-21,2022-03-31
sh.600905,2022-03-21,2022-03-31
sh.600918,2022-03-21,2022-03-31
sh.600919,2022-03-21,2022-03-31
sh.600926,2022-03-21,2022-03-31
sh.600958,2022-03-21,2022-03-31
sh.600989,2022-03-21,2022-03-31
sh.600999,2022-03-21,2022-03-31
sh.601006,2022-03-21,2022-03-31
sh.601009,2022-03-21,2022-03-31
sh.601012,2022-03-21,2022-03-31
sh.601021,2022-03-21,2022-03-31
sh.601066,2022-03-21,2022-03-31
sh.601088,2022-03-21,2022-03-31
sh.601100,2022-03-21,2022-03-31
sh.601108,2022-03-21,2022-03-31
sh.601111,2022-03-21,2022-03-31
sh.601138,2022-03-21,2022-03-31
sh.601155,2022-03-21,2022-03-31
sh.601162,2022-03-21,2022-03-31
sh.601166,2022-03-21,2022-03-31
sh.601169,2022-03-21,2022-03-31
sh.601186,2022-03-21,2022-03-31
sh.601211,2022-03-21,2022-03-31
sh.601216,2022-03-21,2022-03-31
sh.601225,2022-03-21,2022-03-31
sh.601229,2022-03-21,2022-03-31
sh.601231,2022-03-21,2022-03-31
sh.601236,2022-03-21,2022-03-31
sh.601238,2022-03-21,2022-03-31
sh.601288,2022-03-21,2022-03-31
sh.601318,2022-03-21,2022-03-31
sh.601319,2022-03-21,2022-03-31
sh.601328,2022-03-21,2022-03-31
sh.601336,2022-03-21,2022-03-31
sh.601360,2022-03-21,2022-03-31
sh.601377,2022-03-21,2022-03-31
sh.601390,2022-03-21,2022-03-31
sh.601398,2022-03-21,2022-03-31
sh.601600,2022-03-21,2022-03-31
sh.601601,2022-03-21,2022-03-31
sh.601607,2022-03-21,2022-03-31
sh.601618,2022-03-21,2022-03-31
sh.601628,2022-03-21,2022-03-31
sh.601633,2022-03-21,2022-03-31
sh.601658,2022-03-21,2022-03-31
sh.601668,2022-03-21,2022-03-31
sh.601669,2022-03-21,2022-03-31
sh.601688,2022-03-21,2022-03-31
sh.601696,2022-03-21,2022-03-31
sh.601698,2022-03-21,2022-03-31
sh.601728,2022-03-21,2022-03-31
sh.601766,2022-03-21,2022-03-31
sh.601788,2022-03-21,2022-03-31
sh.601799,2022-03-21,2022-03-31
sh.601800,2022-03-21,2022-03-31
sh.601808,2022-03-21,2022-03-31
sh.601816,2022-03-21,2022-03-31
sh.601818,2022-03-21,2022-03-31
sh.601838,2022-03-21,2022-03-31
sh.601857,2022-03-21,2022-03-31
sh.601865,2022-03-21,2022-03-31
sh.601868,2022-03-21,2022-03-31
sh.601877,2022-03-21,2022-03-31
sh.601878,2022-03-21,2022-03-31
sh.601881,2022-03-21,2022-03-31
sh.601888,2022-03-21,2022-03-31
sh.601898,2022-03-21,2022-03-31
sh.601899,2022-03-21,2022-03-31
sh.601901,2022-03-21,2022-03-31
sh.601916,2022-03-21,2022-03-31
sh.601919,2022-03-21,2022-03-31
sh.601933,2022-03-21,2022-03-31
sh.601939,2022-03-21,2022-03-31
sh.601966,2022-03-21,2022-03-31
sh.601985,2022-03-21,2022-03-31
sh.601988,2022-03-21,2022-03-31
sh.601989,2022-03-21,2022-03-31
sh.601990,2022-03-21,2022-03-31
sh.601995,2022-03-21,2022-03-31
sh.601998,2022-03-21,2022-03-31
sh.603019,2022-03-21,2022-03-31
sh.603087,2022-03-21,2022-03-31
sh.603160,2022-03-21,2022-03-31
sh.603195,2022-03-21,2022-03-31
sh.603233,2022-03-21,2022-03-31
sh.603259,2022-03-21,2022-03-31
sh.603260,2022-03-21,2022-03-31
sh.603288,2022-03-21,2022-03-31
sh.603338,2022-03-21,2022-03-31
sh.603369,2022-03-21,2022-03-31
sh.603392,2022-03-21,2022-03-31
sh.603486,2022-03-21,2022-03-31
sh.603501,2022-03-21,2022-03-31
sh.603517,2022-03-21,2022-03-31
sh.603658,2022-03-21,2022-03-31
sh.603659,2022-03-21,2022-03-31
sh.603799,2022-03-21,2022-03-31
sh.603806,2022-03-21,2022-03-31
sh.603833,2022-03-21,2022-03-31
sh.603882,2022-03-21,2022-03-31
sh.603899,2022-03-21,2022-03-31
sh.603939,2022-03-21,2022-03-31
sh.603986,2022-03-21,2022-03-31
sh.603993,2022-03-21,2022-03-31
sh.605499,2022-03-21,2022-03-31
sh.688008,2022-03-21,2022-03-31
sh.688009,2022-03-21,2022-03-31
sh.688012,2022-03-21,2022-03-31
sh.688036,2022-03-21,2022-03-31
sh.688111,2022-03-21,2022-03-31
sh.688126,2022-03-21,2022-03-31
sh.688169,2022-03-21,2022-03-31
sh.688363,2022-03-21,2022-03-31
sh.688396,2022-03-21,2022-03-31
sh.688561,2022-03-21,2022-03-31
sh.688599,2022-03-21,2022-03-31
sh.688981,2022-03-21,2022-03-31
sz.000001,2022-03-21,2022-03-31
sz.000002,2022-03-21,2022-03-31
sz.000063,2022-03-21,2022-03-31
sz.000066,2022-03-21,2022-03-31
sz.000069,2022-03-21,2022-03-31
sz.000100,2022-03-21,2022-03-31
sz.000157,2022-03-21,2022-03-31
sz.000166,2022-03-21,2022-03-31
sz.000301,2022-03-21,2022-03-31
sz.000333,2022-03-21,2022-03-31
sz.000338,2022-03-21,2022-03-31
sz.000425,2022-03-21,2022-03-31
sz.000538,2022-03-21,2022-03-31
sz.000568,2022-03-21,2022-03-31
sz.000596,2022-03-21,2022-03-31
sz.000625,2022-03-21,2022-03-31
sz.000651,2022-03-21,2022-03-31
sz.000661,2022-03-21,2022-03-31
sz.000703,2022-03-21,2022-03-31
sz.000708,2022-03-21,2022-03-31
sz.000725,2022-03-21,2022-03-31
sz.000768,2022-03-21,2022-03-31
sz.000776,2022-03-21,2022-03-31
sz.000783,2022-03-21,2022-03-31
sz.000786,2022-03-21,2022-03-31
sz.000800,2022-03-21,2022-03-31
sz.000858,2022-03-21,2022-03-31
sz.000876,2022-03-21,2022-03-31
sz.000895,2022-03-21,2022-03-31
sz.000938,2022-03-21,2022-03-31
sz.000963,2022-03-21,2022-03-31
sz.000977,2022-03-21,2022-03-31
sz.001979,2022-03-21,2022-03-31
sz.002001,2022-03-21,2022-03-31
sz.002007,2022-03-21,2022-03-31
sz.002008,2022-03-21,2022-03-31
sz.002024,2022-03-21,2022-03-31
sz.002027,2022-03-21,2022-03-31
sz.002032,2022-03-21,2022-03-31
sz.002044,2022-03-21,2022-03-31
sz.002049,2022-03-21,2022-03-31
sz.002050,2022-03-21,2022-03-31
sz.002064,2022-03-21,2022-03-31
sz.002120,2022-03-21,2022-03-31
sz.002129,2022-03-21,2022-03-31
sz.002142,2022-03-21,2022-03-31
sz.002157,2022-03-21,2022-03-31
sz.002179,2022-03-21,2022-03-31
sz.002202,2022-03-21,2022-03-31
sz.002230,2022-03-21,2022-03-31
sz.002236,2022-03-21,2022-03-31
sz.002241,2022-03-21,2022-03-31
sz.002252,2022-03-21,2022-03-31
sz.002271,2022-03-21,2022-03-31
sz.002304,2022-03-21,2022-03-31
sz.002311,2022-03-21,2022-03-31
sz.002352,2022-03-21,2022-03-31
sz.002371,2022-03-21,2022-03-31
sz.002410,2022-03-21,2022-03-31
sz.002414,2022-03-21,2022-03-31
sz.002415,2022-03-21,2022-03-31
sz.002459,2022-03-21,2022-03-31
sz.002460,2022-03-21,2022-03-31
sz.002466,2022-03-21,2022-03-31
sz.002475,2022-03-21,2022-03-31
sz.002493,2022-03-21,2022-03-31
sz.002555,2022-03-21,2022-03-31
sz.002568,2022-03-21,2022-03-31
sz.002594,2022-03-21,2022-03-31
sz.002600,2022-03-21,2022-03-31
sz.002601,2022-03-21,2022-03-31
sz.002602,2022-03-21,2022-03-31
sz.002607,2022-03-21,2022-03-31
sz.002624,2022-03-21,2022-03-31
sz.002709,2022-03-21,2022-03-31
sz.002714,2022-03-21,2022-03-31
sz.002736,2022-03-21,2022-03-31
sz.002791,2022-03-21,2022-03-31
sz.002812,2022-03-21,2022-03-31
sz.002821,2022-03-21,2022-03-31
sz.002841,2022-03-21,2022-03-31
sz.002916,2022-03-21,2022-03-31
sz.002938,2022-03-21,2022-03-31
sz.003816,2022-03-21,2022-03-31
sz.300003,2022-03-21,2022-03-31
sz.300014,2022-03-21,2022-03-31
sz.300015,2022-03-21,2022-03-31
sz.300033,2022-03-21,2022-03-31
sz.300059,2022-03-21,2022-03-31
sz.300122,2022-03-21,2022-03-31
sz.300124,2022-03-21,2022-03-31
sz.300142,2022-03-21,2022-03-31
sz.300144,2022-03-21,2022-03-31
sz.300274,2022-03-21,2022-03-31
sz.300316,2022-03-21,2022-03-31
sz.300347,2022-03-21,2022-03-31
sz.300408,2022-03-21,2022-03-31
sz.300413,2022-03-21,2022-03-31
sz.300433,2022-03-21,2022-03-31
sz.300450,2022-03-21,2022-03-31
sz.300498,2022-03-21,2022-03-31
sz.300529,2022-03-21,2022-03-31
sz.300558,2022-03-21,2022-03-31
sz.300595,2022-03-21,2022-03-31
sz.300601,2022-03-21,2022-03-31
sz.300628,2022-03-21,2022-03-31
sz.300676,2022-03-21,2022-03-31
sz.300677,2022-03-21,2022-03-31
sz.300750,2022-03-21,2022-03-31
sz.300759,2022-03-21,2022-03-31
sz.300760,2022-03-21,2022-03-31
sz.300782,2022-03-21,2022-03-31
sz.300866,2022-03-21,2022-03-31
sz.300888,2022-03-21,2022-03-31
sz.300896,2022-03-21,2022-03-31
sz.300999,2022-03-21,2022-03-31
sh.600000,2022-03-21,2022-04-30
sh.600009,2022-03-21,2022-04-30
sh.600010,2022-03-21,2022-04-30
sh.600011,2022-03-21,2022-04-30
sh.600015,2022-03-21,2022-04-30
sh.600016,2022-03-21,2022-04-30
sh.600018,2022-03-21,2022-04-30
sh.600019,2022-03-21,2022-04-30
sh.600025,2022-03-21,2022-04-30
sh.600028,2022-03-21,2022-04-30
sh.600029,2022-03-21,2022-04-30
sh.600030,2022-03-21,2022-04-30
sh.600031,2022-03-21,2022-04-30
sh.600036,2022-03-21,2022-04-30
sh.600048,2022-03-21,2022-04-30
sh.600050,2022-03-21,2022-04-30
sh.600061,2022-03-21,2022-04-30
sh.600079,2022-03-21,2022-04-30
sh.600085,2022-03-21,2022-04-30
sh.600104,2022-03-21,2022-04-30
sh.600109,2022-03-21,2022-04-30
sh.600111,2022-03-21,2022-04-30
sh.600115,2022-03-21,2022-04-30
sh.600132,2022-03-21,2022-04-30
sh.600143,2022-03-21,2022-04-30
sh.600150,2022-03-21,2022-04-30
sh.600161,2022-03-21,2022-04-30
sh.600176,2022-03-21,2022-04-30
sh.600183,2022-03-21,2022-04-30
sh.600196,2022-03-21,2022-04-30
sh.600276,2022-03-21,2022-04-30
sh.600309,2022-03-21,2022-04-30
sh.600332,2022-03-21,2022-04-30
sh.600346,2022-03-21,2022-04-30
sh.600352,2022-03-21,2022-04-30
sh.600362,2022-03-21,2022-04-30
sh.600383,2022-03-21,2022-04-30
sh.600406,2022-03-21,2022-04-30
sh.600426,2022-03-21,2022-04-30
sh.600436,2022-03-21,2022-04-30
sh.600438,2022-03-21,2022-04-30
sh.600489,2022-03-21,2022-04-30
sh.600519,2022-03-21,2022-04-30
sh.600547,2022-03-21,2022-04-30
sh.600570,2022-03-21,2022-04-30
sh.600584,2022-03-21,2022-04-30
sh.600585,2022-03-21,2022-04-30
sh.600588,2022-03-21,2022-04-30
sh.600600,2022-03-21,2022-04-30
sh.600606,2022-03-21,2022-04-30
sh.600655,2022-03-21,2022-04-30
sh.600660,2022-03-21,2022-04-30
sh.600690,2022-03-21,2022-04-30
sh.600741,2022-03-21,2022-04-30
sh.600745,2022-03-21,2022-04-30
sh.600760,2022-03-21,2022-04-30
sh.600763,2022-03-21,2022-04-30
sh.600795,2022-03-21,2022-04-30
sh.600809,2022-03-21,2022-04-30
sh.600837,2022-03-21,2022-04-30
sh.600845,2022-03-21,2022-04-30
sh.600848,2022-03-21,2022-04-30
sh.600872,2022-03-21,2022-04-30
sh.600886,2022-03-21,2022-04-30
sh.600887,2022-03-21,2022-04-30
sh.600893,2022-03-21,2022-04-30
sh.600900,2022-03-21,2022-04-30
sh.600905,2022-03-21,2022-04-30
sh.600918,2022-03-21,2022-04-30
sh.600919,2022-03-21,2022-04-30
sh.600926,2022-03-21,2022-04-30
sh.600958,2022-03-21,2022-04-30
sh.600989,2022-03-21,2022-04-30
sh.600999,2022-03-21,2022-04-30
sh.601006,2022-03-21,2022-04-30
sh.601009,2022-03-21,2022-04-30
sh.601012,2022-03-21,2022-04-30
sh.601021,2022-03-21,2022-04-30
sh.601066,2022-03-21,2022-04-30
sh.601088,2022-03-21,2022-04-30
sh.601100,2022-03-21,2022-04-30
sh.601108,2022-03-21,2022-04-30
sh.601111,2022-03-21,2022-04-30
sh.601138,2022-03-21,2022-04-30
sh.601155,2022-03-21,2022-04-30
sh.601162,2022-03-21,2022-04-30
sh.601166,2022-03-21,2022-04-30
sh.601169,2022-03-21,2022-04-30
sh.601186,2022-03-21,2022-04-30
sh.601211,2022-03-21,2022-04-30
sh.601216,2022-03-21,2022-04-30
sh.601225,2022-03-21,2022-04-30
sh.601229,2022-03-21,2022-04-30
sh.601231,2022-03-21,2022-04-30
sh.601236,2022-03-21,2022-04-30
sh.601238,2022-03-21,2022-04-30
sh.601288,2022-03-21,2022-04-30
sh.601318,2022-03-21,2022-04-30
sh.601319,2022-03-21,2022-04-30
sh.601328,2022-03-21,2022-04-30
sh.601336,2022-03-21,2022-04-30
sh.601360,2022-03-21,2022-04-30
sh.601377,2022-03-21,2022-04-30
sh.601390,2022-03-21,2022-04-30
sh.601398,2022-03-21,2022-04-30
sh.601600,2022-03-21,2022-04-30
sh.601601,2022-03-21,2022-04-30
sh.601607,2022-03-21,2022-04-30
sh.601618,2022-03-21,2022-04-30
sh.601628,2022-03-21,2022-04-30
sh.601633,2022-03-21,2022-04-30
sh.601658,2022-03-21,2022-04-30
sh.601668,2022-03-21,2022-04-30
sh.601669,2022-03-21,2022-04-30
sh.601688,2022-03-21,2022-04-30
sh.601696,2022-03-21,2022-04-30
sh.601698,2022-03-21,2022-04-30
sh.601728,2022-03-21,2022-04-30
sh.601766,2022-03-21,2022-04-30
sh.601788,2022-03-21,2022-04-30
sh.601799,2022-03-21,2022-04-30
sh.601800,2022-03-21,2022-04-30
sh.601808,2022-03-21,2022-04-30
sh.601816,2022-03-21,2022-04-30
sh.601818,2022-03-21,2022-04-30
sh.601838,2022-03-21,2022-04-30
sh.601857,2022-03-21,2022-04-30
sh.601865,2022-03-21,2022-04-30
sh.601868,2022-03-21,2022-04-30
sh.601877,2022-03-21,2022-04-30
sh.601878,2022-03-21,2022-04-30
sh.601881,2022-03-21,2022-04-30
sh.601888,2022-03-21,2022-04-30
sh.601898,2022-03-21,2022-04-30
sh.601899,2022-03-21,2022-04-30
sh.601901,2022-03-21,2022-04-30
sh.601916,2022-03-21,2022-04-30
sh.601919,2022-03-21,2022-04-30
sh.601933,2022-03-21,2022-04-30
sh.601939,2022-03-21,2022-04-30
sh.601966,2022-03-21,2022-04-30
sh.601985,2022-03-21,2022-04-30
sh.601988,2022-03-21,2022-04-30
sh.601989,2022-03-21,2022-04-30
sh.601990,2022-03-21,2022-04-30
sh.601995,2022-03-21,2022-04-30
sh.601998,2022-03-21,2022-04-30
sh.603019,2022-03-21,2022-04-30
sh.603087,2022-03-21,2022-04-30
sh.603160,2022-03-21,2022-04-30
sh.603195,2022-03-21,2022-04-30
sh.603233,2022-03-21,2022-04-30
sh.603259,2022-03-21,2022-04-30
sh.603260,2022-03-21,2022-04-30
sh.603288,2022-03-21,2022-04-30
sh.603338,2022-03-21,2022-04-30
sh.603369,2022-03-21,2022-04-30
sh.603392,2022-03-21,2022-04-30
sh.603486,2022-03-21,2022-04-30
sh.603501,2022-03-21,2022-04-30
sh.603517,2022-03-21,2022-04-30
sh.603658,2022-03-21,2022-04-30
sh.603659,2022-03-21,2022-04-30
sh.603799,2022-03-21,2022-04-30
sh.603806,2022-03-21,2022-04-30
sh.603833,2022-03-21,2022-04-30
sh.603882,2022-03-21,2022-04-30
sh.603899,2022-03-21,2022-04-30
sh.603939,2022-03-21,2022-04-30
sh.603986,2022-03-21,2022-04-30
sh.603993,2022-03-21,2022-04-30
sh.605499,2022-03-21,2022-04-30
sh.688008,2022-03-21,2022-04-30
sh.688009,2022-03-21,2022-04-30
sh.688012,2022-03-21,2022-04-30
sh.688036,2022-03-21,2022-04-30
sh.688111,2022-03-21,2022-04-30
sh.688126,2022-03-21,2022-04-30
sh.688169,2022-03-21,2022-04-30
sh.688363,2022-03-21,2022-04-30
sh.688396,2022-03-21,2022-04-30
sh.688561,2022-03-21,2022-04-30
sh.688599,2022-03-21,2022-04-30
sh.688981,2022-03-21,2022-04-30
sz.000001,2022-03-21,2022-04-30
sz.000002,2022-03-21,2022-04-30
sz.000063,2022-03-21,2022-04-30
sz.000066,2022-03-21,2022-04-30
sz.000069,2022-03-21,2022-04-30
sz.000100,2022-03-21,2022-04-30
sz.000157,2022-03-21,2022-04-30
sz.000166,2022-03-21,2022-04-30
sz.000301,2022-03-21,2022-04-30
sz.000333,2022-03-21,2022-04-30
sz.000338,2022-03-21,2022-04-30
sz.000425,2022-03-21,2022-04-30
sz.000538,2022-03-21,2022-04-30
sz.000568,2022-03-21,2022-04-30
sz.000596,2022-03-21,2022-04-30
sz.000625,2022-03-21,2022-04-30
sz.000651,2022-03-21,2022-04-30
sz.000661,2022-03-21,2022-04-30
sz.000703,2022-03-21,2022-04-30
sz.000708,2022-03-21,2022-04-30
sz.000725,2022-03-21,2022-04-30
sz.000768,2022-03-21,2022-04-30
sz.000776,2022-03-21,2022-04-30
sz.000783,2022-03-21,2022-04-30
sz.000786,2022-03-21,2022-04-30
sz.000800,2022-03-21,2022-04-30
sz.000858,2022-03-21,2022-04-30
sz.000876,2022-03-21,2022-04-30
sz.000895,2022-03-21,2022-04-30
sz.000938,2022-03-21,2022-04-30
sz.000963,2022-03-21,2022-04-30
sz.000977,2022-03-21,2022-04-30
sz.001979,2022-03-21,2022-04-30
sz.002001,2022-03-21,2022-04-30
sz.002007,2022-03-21,2022-04-30
sz.002008,2022-03-21,2022-04-30
sz.002024,2022-03-21,2022-04-30
sz.002027,2022-03-21,2022-04-30
sz.002032,2022-03-21,2022-04-30
sz.002044,2022-03-21,2022-04-30
sz.002049,2022-03-21,2022-04-30
sz.002050,2022-03-21,2022-04-30
sz.002064,2022-03-21,2022-04-30
sz.002120,2022-03-21,2022-04-30
sz.002129,2022-03-21,2022-04-30
sz.002142,2022-03-21,2022-04-30
sz.002157,2022-03-21,2022-04-30
sz.002179,2022-03-21,2022-04-30
sz.002202,2022-03-21,2022-04-30
sz.002230,2022-03-21,2022-04-30
sz.002236,2022-03-21,2022-04-30
sz.002241,2022-03-21,2022-04-30
sz.002252,2022-03-21,2022-04-30
sz.002271,2022-03-21,2022-04-30
sz.002304,2022-03-21,2022-04-30
sz.002311,2022-03-21,2022-04-30
sz.002352,2022-03-21,2022-04-30
sz.002371,2022-03-21,2022-04-30
sz.002410,2022-03-21,2022-04-30
sz.002414,2022-03-21,2022-04-30
sz.002415,2022-03-21,2022-04-30
sz.002459,2022-03-21,2022-04-30
sz.002460,2022-03-21,2022-04-30
sz.002466,2022-03-21,2022-04-30
sz.002475,2022-03-21,2022-04-30
sz.002493,2022-03-21,2022-04-30
sz.002555,2022-03-21,2022-04-30
sz.002568,2022-03-21,2022-04-30
sz.002594,2022-03-21,2022-04-30
sz.002600,2022-03-21,2022-04-30
sz.002601,2022-03-21,2022-04-30
sz.002602,2022-03-21,2022-04-30
sz.002607,2022-03-21,2022-04-30
sz.002624,2022-03-21,2022-04-30
sz.002709,2022-03-21,2022-04-30
sz.002714,2022-03-21,2022-04-30
sz.002736,2022-03-21,2022-04-30
sz.002791,2022-03-21,2022-04-30
sz.002812,2022-03-21,2022-04-30
sz.002821,2022-03-21,2022-04-30
sz.002841,2022-03-21,2022-04-30
sz.002916,2022-03-21,2022-04-30
sz.002938,2022-03-21,2022-04-30
sz.003816,2022-03-21,2022-04-30
sz.300003,2022-03-21,2022-04-30
sz.300014,2022-03-21,2022-04-30
sz.300015,2022-03-21,2022-04-30
sz.300033,2022-03-21,2022-04-30
sz.300059,2022-03-21,2022-04-30
sz.300122,2022-03-21,2022-04-30
sz.300124,2022-03-21,2022-04-30
sz.300142,2022-03-21,2022-04-30
sz.300144,2022-03-21,2022-04-30
sz.300274,2022-03-21,2022-04-30
sz.300316,2022-03-21,2022-04-30
sz.300347,2022-03-21,2022-04-30
sz.300408,2022-03-21,2022-04-30
sz.300413,2022-03-21,2022-04-30
sz.300433,2022-03-21,2022-04-30
sz.300450,2022-03-21,2022-04-30
sz.300498,2022-03-21,2022-04-30
sz.300529,2022-03-21,2022-04-30
sz.300558,2022-03-21,2022-04-30
sz.300595,2022-03-21,2022-04-30
sz.300601,2022-03-21,2022-04-30
sz.300628,2022-03-21,2022-04-30
sz.300676,2022-03-21,2022-04-30
sz.300677,2022-03-21,2022-04-30
sz.300750,2022-03-21,2022-04-30
sz.300759,2022-03-21,2022-04-30
sz.300760,2022-03-21,2022-04-30
sz.300782,2022-03-21,2022-04-30
sz.300866,2022-03-21,2022-04-30
sz.300888,2022-03-21,2022-04-30
sz.300896,2022-03-21,2022-04-30
sz.300999,2022-03-21,2022-04-30
sh.600000,2022-03-21,2022-05-31
sh.600009,2022-03-21,2022-05-31
sh.600010,2022-03-21,2022-05-31
sh.600011,2022-03-21,2022-05-31
sh.600015,2022-03-21,2022-05-31
sh.600016,2022-03-21,2022-05-31
sh.600018,2022-03-21,2022-05-31
sh.600019,2022-03-21,2022-05-31
sh.600025,2022-03-21,2022-05-31
sh.600028,2022-03-21,2022-05-31
sh.600029,2022-03-21,2022-05-31
sh.600030,2022-03-21,2022-05-31
sh.600031,2022-03-21,2022-05-31
sh.600036,2022-03-21,2022-05-31
sh.600048,2022-03-21,2022-05-31
sh.600050,2022-03-21,2022-05-31
sh.600061,2022-03-21,2022-05-31
sh.600079,2022-03-21,2022-05-31
sh.600085,2022-03-21,2022-05-31
sh.600104,2022-03-21,2022-05-31
sh.600109,2022-03-21,2022-05-31
sh.600111,2022-03-21,2022-05-31
sh.600115,2022-03-21,2022-05-31
sh.600132,2022-03-21,2022-05-31
sh.600143,2022-03-21,2022-05-31
sh.600150,2022-03-21,2022-05-31
sh.600161,2022-03-21,2022-05-31
sh.600176,2022-03-21,2022-05-31
sh.600183,2022-03-21,2022-05-31
sh.600196,2022-03-21,2022-05-31
sh.600276,2022-03-21,2022-05-31
sh.600309,2022-03-21,2022-05-31
sh.600332,2022-03-21,2022-05-31
sh.600346,2022-03-21,2022-05-31
sh.600352,2022-03-21,2022-05-31
sh.600362,2022-03-21,2022-05-31
sh.600383,2022-03-21,2022-05-31
sh.600406,2022-03-21,2022-05-31
sh.600426,2022-03-21,2022-05-31
sh.600436,2022-03-21,2022-05-31
sh.600438,2022-03-21,2022-05-31
sh.600489,2022-03-21,2022-05-31
sh.600519,2022-03-21,2022-05-31
sh.600547,2022-03-21,2022-05-31
sh.600570,2022-03-21,2022-05-31
sh.600584,2022-03-21,2022-05-31
sh.600585,2022-03-21,2022-05-31
sh.600588,2022-03-21,2022-05-31
sh.600600,2022-03-21,2022-05-31
sh.600606,2022-03-21,2022-05-31
sh.600655,2022-03-21,2022-05-31
sh.600660,2022-03-21,2022-05-31
sh.600690,2022-03-21,2022-05-31
sh.600741,2022-03-21,2022-05-31
sh.600745,2022-03-21,2022-05-31
sh.600760,2022-03-21,2022-05-31
sh.600763,2022-03-21,2022-05-31
sh.600795,2022-03-21,2022-05-31
sh.600809,2022-03-21,2022-05-31
sh.600837,2022-03-21,2022-05-31
sh.600845,2022-03-21,2022-05-31
sh.600848,2022-03-21,2022-05-31
sh.600872,2022-03-21,2022-05-31
sh.600886,2022-03-21,2022-05-31
sh.600887,2022-03-21,2022-05-31
sh.600893,2022-03-21,2022-05-31
sh.600900,2022-03-21,2022-05-31
sh.600905,2022-03-21,2022-05-31
sh.600918,2022-03-21,2022-05-31
sh.600919,2022-03-21,2022-05-31
sh.600926,2022-03-21,2022-05-31
sh.600958,2022-03-21,2022-05-31
sh.600989,2022-03-21,2022-05-31
sh.600999,2022-03-21,2022-05-31
sh.601006,2022-03-21,2022-05-31
sh.601009,2022-03-21,2022-05-31
sh.601012,2022-03-21,2022-05-31
sh.601021,2022-03-21,2022-05-31
sh.601066,2022-03-21,2022-05-31
sh.601088,2022-03-21,2022-05-31
sh.601100,2022-03-21,2022-05-31
sh.601108,2022-03-21,2022-05-31
sh.601111,2022-03-21,2022-05-31
sh.601138,2022-03-21,2022-05-31
sh.601155,2022-03-21,2022-05-31
sh.601162,2022-03-21,2022-05-31
sh.601166,2022-03-21,2022-05-31
sh.601169,2022-03-21,2022-05-31
sh.601186,2022-03-21,2022-05-31
sh.601211,2022-03-21,2022-05-31
sh.601216,2022-03-21,2022-05-31
sh.601225,2022-03-21,2022-05-31
sh.601229,2022-03-21,2022-05-31
sh.601231,2022-03-21,2022-05-31
sh.601236,2022-03-21,2022-05-31
sh.601238,2022-03-21,2022-05-31
sh.601288,2022-03-21,2022-05-31
sh.601318,2022-03-21,2022-05-31
sh.601319,2022-03-21,2022-05-31
sh.601328,2022-03-21,2022-05-31
sh.601336,2022-03-21,2022-05-31
sh.601360,2022-03-21,2022-05-31
sh.601377,2022-03-21,2022-05-31
sh.601390,2022-03-21,2022-05-31
sh.601398,2022-03-21,2022-05-31
sh.601600,2022-03-21,2022-05-31
sh.601601,2022-03-21,2022-05-31
sh.601607,2022-03-21,2022-05-31
sh.601618,2022-03-21,2022-05-31
sh.601628,2022-03-21,2022-05-31
sh.601633,2022-03-21,2022-05-31
sh.601658,2022-03-21,2022-05-31
sh.601668,2022-03-21,2022-05-31
sh.601669,2022-03-21,2022-05-31
sh.601688,2022-03-21,2022-05-31
sh.601696,2022-03-21,2022-05-31
sh.601698,2022-03-21,2022-05-31
sh.601728,2022-03-21,2022-05-31
sh.601766,2022-03-21,2022-05-31
sh.601788,2022-03-21,2022-05-31
sh.601799,2022-03-21,2022-05-31
sh.601800,2022-03-21,2022-05-31
sh.601808,2022-03-21,2022-05-31
sh.601816,2022-03-21,2022-05-31
sh.601818,2022-03-21,2022-05-31
sh.601838,2022-03-21,2022-05-31
sh.601857,2022-03-21,2022-05-31
sh.601865,2022-03-21,2022-05-31
sh.601868,2022-03-21,2022-05-31
sh.601877,2022-03-21,2022-05-31
sh.601878,2022-03-21,2022-05-31
sh.601881,2022-03-21,2022-05-31
sh.601888,2022-03-21,2022-05-31
sh.601898,2022-03-21,2022-05-31
sh.601899,2022-03-21,2022-05-31
sh.601901,2022-03-21,2022-05-31
sh.601916,2022-03-21,2022-05-31
sh.601919,2022-03-21,2022-05-31
sh.601933,2022-03-21,2022-05-31
sh.601939,2022-03-21,2022-05-31
sh.601966,2022-03-21,2022-05-31
sh.601985,2022-03-21,2022-05-31
sh.601988,2022-03-21,2022-05-31
sh.601989,2022-03-21,2022-05-31
sh.601990,2022-03-21,2022-05-31
sh.601995,2022-03-21,2022-05-31
sh.601998,2022-03-21,2022-05-31
sh.603019,2022-03-21,2022-05-31
sh.603087,2022-03-21,2022-05-31
sh.603160,2022-03-21,2022-05-31
sh.603195,2022-03-21,2022-05-31
sh.603233,2022-03-21,2022-05-31
sh.603259,2022-03-21,2022-05-31
sh.603260,2022-03-21,2022-05-31
sh.603288,2022-03-21,2022-05-31
sh.603338,2022-03-21,2022-05-31
sh.603369,2022-03-21,2022-05-31
sh.603392,2022-03-21,2022-05-31
sh.603486,2022-03-21,2022-05-31
sh.603501,2022-03-21,2022-05-31
sh.603517,2022-03-21,2022-05-31
sh.603658,2022-03-21,2022-05-31
sh.603659,2022-03-21,2022-05-31
sh.603799,2022-03-21,2022-05-31
sh.603806,2022-03-21,2022-05-31
sh.603833,2022-03-21,2022-05-31
sh.603882,2022-03-21,2022-05-31
sh.603899,2022-03-21,2022-05-31
sh.603939,2022-03-21,2022-05-31
sh.603986,2022-03-21,2022-05-31
sh.603993,2022-03-21,2022-05-31
sh.605499,2022-03-21,2022-05-31
sh.688008,2022-03-21,2022-05-31
sh.688009,2022-03-21,2022-05-31
sh.688012,2022-03-21,2022-05-31
sh.688036,2022-03-21,2022-05-31
sh.688111,2022-03-21,2022-05-31
sh.688126,2022-03-21,2022-05-31
sh.688169,2022-03-21,2022-05-31
sh.688363,2022-03-21,2022-05-31
sh.688396,2022-03-21,2022-05-31
sh.688561,2022-03-21,2022-05-31
sh.688599,2022-03-21,2022-05-31
sh.688981,2022-03-21,2022-05-31
sz.000001,2022-03-21,2022-05-31
sz.000002,2022-03-21,2022-05-31
sz.000063,2022-03-21,2022-05-31
sz.000066,2022-03-21,2022-05-31
sz.000069,2022-03-21,2022-05-31
sz.000100,2022-03-21,2022-05-31
sz.000157,2022-03-21,2022-05-31
sz.000166,2022-03-21,2022-05-31
sz.000301,2022-03-21,2022-05-31
sz.000333,2022-03-21,2022-05-31
sz.000338,2022-03-21,2022-05-31
sz.000425,2022-03-21,2022-05-31
sz.000538,2022-03-21,2022-05-31
sz.000568,2022-03-21,2022-05-31
sz.000596,2022-03-21,2022-05-31
sz.000625,2022-03-21,2022-05-31
sz.000651,2022-03-21,2022-05-31
sz.000661,2022-03-21,2022-05-31
sz.000703,2022-03-21,2022-05-31
sz.000708,2022-03-21,2022-05-31
sz.000725,2022-03-21,2022-05-31
sz.000768,2022-03-21,2022-05-31
sz.000776,2022-03-21,2022-05-31
sz.000783,2022-03-21,2022-05-31
sz.000786,2022-03-21,2022-05-31
sz.000800,2022-03-21,2022-05-31
sz.000858,2022-03-21,2022-05-31
sz.000876,2022-03-21,2022-05-31
sz.000895,2022-03-21,2022-05-31
sz.000938,2022-03-21,2022-05-31
sz.000963,2022-03-21,2022-05-31
sz.000977,2022-03-21,2022-05-31
sz.001979,2022-03-21,2022-05-31
sz.002001,2022-03-21,2022-05-31
sz.002007,2022-03-21,2022-05-31
sz.002008,2022-03-21,2022-05-31
sz.002024,2022-03-21,2022-05-31
sz.002027,2022-03-21,2022-05-31
sz.002032,2022-03-21,2022-05-31
sz.002044,2022-03-21,2022-05-31
sz.002049,2022-03-21,2022-05-31
sz.002050,2022-03-21,2022-05-31
sz.002064,2022-03-21,2022-05-31
sz.002120,2022-03-21,2022-05-31
sz.002129,2022-03-21,2022-05-31
sz.002142,2022-03-21,2022-05-31
sz.002157,2022-03-21,2022-05-31
sz.002179,2022-03-21,2022-05-31
sz.002202,2022-03-21,2022-05-31
sz.002230,2022-03-21,2022-05-31
sz.002236,2022-03-21,2022-05-31
sz.002241,2022-03-21,2022-05-31
sz.002252,2022-03-21,2022-05-31
sz.002271,2022-03-21,2022-05-31
sz.002304,2022-03-21,2022-05-31
sz.002311,2022-03-21,2022-05-31
sz.002352,2022-03-21,2022-05-31
sz.002371,2022-03-21,2022-05-31
sz.002410,2022-03-21,2022-05-31
sz.002414,2022-03-21,2022-05-31
sz.002415,2022-03-21,2022-05-31
sz.002459,2022-03-21,2022-05-31
sz.002460,2022-03-21,2022-05-31
sz.002466,2022-03-21,2022-05-31
sz.002475,2022-03-21,2022-05-31
sz.002493,2022-03-21,2022-05-31
sz.002555,2022-03-21,2022-05-31
sz.002568,2022-03-21,2022-05-31
sz.002594,2022-03-21,2022-05-31
sz.002600,2022-03-21,2022-05-31
sz.002601,2022-03-21,2022-05-31
sz.002602,2022-03-21,2022-05-31
sz.002607,2022-03-21,2022-05-31
sz.002624,2022-03-21,2022-05-31
sz.002709,2022-03-21,2022-05-31
sz.002714,2022-03-21,2022-05-31
sz.002736,2022-03-21,2022-05-31
sz.002791,2022-03-21,2022-05-31
sz.002812,2022-03-21,2022-05-31
sz.002821,2022-03-21,2022-05-31
sz.002841,2022-03-21,2022-05-31
sz.002916,2022-03-21,2022-05-31
sz.002938,2022-03-21,2022-05-31
sz.003816,2022-03-21,2022-05-31
sz.300003,2022-03-21,2022-05-31
sz.300014,2022-03-21,2022-05-31
sz.300015,2022-03-21,2022-05-31
sz.300033,2022-03-21,2022-05-31
sz.300059,2022-03-21,2022-05-31
sz.300122,2022-03-21,2022-05-31
sz.300124,2022-03-21,2022-05-31
sz.300142,2022-03-21,2022-05-31
sz.300144,2022-03-21,2022-05-31
sz.300274,2022-03-21,2022-05-31
sz.300316,2022-03-21,2022-05-31
sz.300347,2022-03-21,2022-05-31
sz.300408,2022-03-21,2022-05-31
sz.300413,2022-03-21,2022-05-31
sz.300433,2022-03-21,2022-05-31
sz.300450,2022-03-21,2022-05-31
sz.300498,2022-03-21,2022-05-31
sz.300529,2022-03-21,2022-05-31
sz.300558,2022-03-21,2022-05-31
sz.300595,2022-03-21,2022-05-31
sz.300601,2022-03-21,2022-05-31
sz.300628,2022-03-21,2022-05-31
sz.300676,2022-03-21,2022-05-31
sz.300677,2022-03-21,2022-05-31
sz.300750,2022-03-21,2022-05-31
sz.300759,2022-03-21,2022-05-31
sz.300760,2022-03-21,2022-05-31
sz.300782,2022-03-21,2022-05-31
sz.300866,2022-03-21,2022-05-31
sz.300888,2022-03-21,2022-05-31
sz.300896,2022-03-21,2022-05-31
sz.300999,2022-03-21,2022-05-31
sh.600000,2022-06-13,2022-06-30
sh.600009,2022-06-13,2022-06-30
sh.600010,2022-06-13,2022-06-30
sh.600011,2022-06-13,2022-06-30
sh.600015,2022-06-13,2022-06-30
sh.600016,2022-06-13,2022-06-30
sh.600018,2022-06-13,2022-06-30
sh.600019,2022-06-13,2022-06-30
sh.600025,2022-06-13,2022-06-30
sh.600028,2022-06-13,2022-06-30
sh.600029,2022-06-13,2022-06-30
sh.600030,2022-06-13,2022-06-30
sh.600031,2022-06-13,2022-06-30
sh.600036,2022-06-13,2022-06-30
sh.600048,2022-06-13,2022-06-30
sh.600050,2022-06-13,2022-06-30
sh.600061,2022-06-13,2022-06-30
sh.600085,2022-06-13,2022-06-30
sh.600089,2022-06-13,2022-06-30
sh.600104,2022-06-13,2022-06-30
sh.600111,2022-06-13,2022-06-30
sh.600115,2022-06-13,2022-06-30
sh.600132,2022-06-13,2022-06-30
sh.600150,2022-06-13,2022-06-30
sh.600161,2022-06-13,2022-06-30
sh.600176,2022-06-13,2022-06-30
sh.600183,2022-06-13,2022-06-30
sh.600188,2022-06-13,2022-06-30
sh.600196,2022-06-13,2022-06-30
sh.600219,2022-06-13,2022-06-30
sh.600276,2022-06-13,2022-06-30
sh.600309,2022-06-13,2022-06-30
sh.600332,2022-06-13,2022-06-30
sh.600346,2022-06-13,2022-06-30
sh.600352,2022-06-13,2022-06-30
sh.600362,2022-06-13,2022-06-30
sh.600383,2022-06-13,2022-06-30
sh.600406,2022-06-13,2022-06-30
sh.600426,2022-06-13,2022-06-30
sh.600436,2022-06-13,2022-06-30
sh.600438,2022-06-13,2022-06-30
sh.600460,2022-06-13,2022-06-30
sh.600489,2022-06-13,2022-06-30
sh.600519,2022-06-13,2022-06-30
sh.600547,2022-06-13,2022-06-30
sh.600570,2022-06-13,2022-06-30
sh.600584,2022-06-13,2022-06-30
sh.600585,2022-06-13,2022-06-30
sh.600588,2022-06-13,2022-06-30
sh.600600,2022-06-13,2022-06-30
sh.600606,2022-06-13,2022-06-30
sh.600655,2022-06-13,2022-06-30
sh.600660,2022-06-13,2022-06-30
sh.600690,2022-06-13,2022-06-30
sh.600741,2022-06-13,2022-06-30
sh.600745,2022-06-13,2022-06-30
sh.600760,2022-06-13,2022-06-30
sh.600763,2022-06-13,2022-06-30
sh.600795,2022-06-13,2022-06-30
sh.600809,2022-06-13,2022-06-30
sh.600837,2022-06-13,2022-06-30
sh.600845,2022-06-13,2022-06-30
sh.600886,2022-06-13,2022-06-30
sh.600887,2022-06-13,2022-06-30
sh.600893,2022-06-13,2022-06-30
sh.600900,2022-06-13,2022-06-30
sh.600905,2022-06-13,2022-06-30
sh.600918,2022-06-13,2022-06-30
sh.600919,2022-06-13,2022-06-30
sh.600926,2022-06-13,2022-06-30
sh.600941,2022-06-13,2022-06-30
sh.600958,2022-06-13,2022-06-30
sh.600989,2022-06-13,2022-06-30
sh.600999,2022-06-13,2022-06-30
sh.601006,2022-06-13,2022-06-30
sh.601009,2022-06-13,2022-06-30
sh.601012,2022-06-13,2022-06-30
sh.601021,2022-06-13,2022-06-30
sh.601066,2022-06-13,2022-06-30
sh.601088,2022-06-13,2022-06-30
sh.601100,2022-06-13,2022-06-30
sh.601111,2022-06-13,2022-06-30
sh.601117,2022-06-13,2022-06-30
sh.601138,2022-06-13,2022-06-30
sh.601155,2022-06-13,2022-06-30
sh.601166,2022-06-13,2022-06-30
sh.601169,2022-06-13,2022-06-30
sh.601186,2022-06-13,2022-06-30
sh.601211,2022-06-13,2022-06-30
sh.601216,2022-06-13,2022-06-30
sh.601225,2022-06-13,2022-06-30
sh.601229,2022-06-13,2022-06-30
sh.601236,2022-06-13,2022-06-30
sh.601238,2022-06-13,2022-06-30
sh.601288,2022-06-13,2022-06-30
sh.601318,2022-06-13,2022-06-30
sh.601319,2022-06-13,2022-06-30
sh.601328,2022-06-13,2022-06-30
sh.601336,2022-06-13,2022-06-30
sh.601360,2022-06-13,2022-06-30
sh.601377,2022-06-13,2022-06-30
sh.601390,2022-06-13,2022-06-30
sh.601398,2022-06-13,2022-06-30
sh.601600,2022-06-13,2022-06-30
sh.601601,2022-06-13,2022-06-30
sh.601618,2022-06-13,2022-06-30
sh.601628,2022-06-13,2022-06-30
sh.601633,2022-06-13,2022-06-30
sh.601658,2022-06-13,2022-06-30
sh.601668,2022-06-13,2022-06-30
sh.601669,2022-06-13,2022-06-30
sh.601688,2022-06-13,2022-06-30
sh.601698,2022-06-13,2022-06-30
sh.601728,2022-06-13,2022-06-30
sh.601766,2022-06-13,2022-06-30
sh.601788,2022-06-13,2022-06-30
sh.601799,2022-06-13,2022-06-30
sh.601800,2022-06-13,2022-06-30
sh.601808,2022-06-13,2022-06-30
sh.601816,2022-06-13,2022-06-30
sh.601818,2022-06-13,2022-06-30
sh.601825,2022-06-13,2022-06-30
sh.601838,2022-06-13,2022-06-30
sh.601857,2022-06-13,2022-06-30
sh.601865,2022-06-13,2022-06-30
sh.601868,2022-06-13,2022-06-30
sh.601877,2022-06-13,2022-06-30
sh.601878,2022-06-13,2022-06-30
sh.601881,2022-06-13,2022-06-30
sh.601888,2022-06-13,2022-06-30
sh.601898,2022-06-13,2022-06-30
sh.601899,2022-06-13,2022-06-30
sh.601901,2022-06-13,2022-06-30
sh.601916,2022-06-13,2022-06-30
sh.601919,2022-06-13,2022-06-30
sh.601939,2022-06-13,2022-06-30
sh.601966,2022-06-13,2022-06-30
sh.601985,2022-06-13,2022-06-30
sh.601988,2022-06-13,2022-06-30
sh.601989,2022-06-13,2022-06-30
sh.601995,2022-06-13,2022-06-30
sh.601998,2022-06-13,2022-06-30
sh.603019,2022-06-13,2022-06-30
sh.603087,2022-06-13,2022-06-30
sh.603160,2022-06-13,2022-06-30
sh.603185,2022-06-13,2022-06-30
sh.603195,2022-06-13,2022-06-30
sh.603259,2022-06-13,2022-06-30
sh.603260,2022-06-13,2022-06-30
sh.603288,2022-06-13,2022-06-30
sh.603290,2022-06-13,2022-06-30
sh.603369,2022-06-13,2022-06-30
sh.603392,2022-06-13,2022-06-30
sh.603486,2022-06-13,2022-06-30
sh.603501,2022-06-13,2022-06-30
sh.603659,2022-06-13,2022-06-30
sh.603799,2022-06-13,2022-06-30
sh.603806,2022-06-13,2022-06-30
sh.603833,2022-06-13,2022-06-30
sh.603882,2022-06-13,2022-06-30
sh.603899,2022-06-13,2022-06-30
sh.603986,2022-06-13,2022-06-30
sh.603993,2022-06-13,2022-06-30
sh.605499,2022-06-13,2022-06-30
sh.688005,2022-06-13,2022-06-30
sh.688008,2022-06-13,2022-06-30
sh.688012,2022-06-13,2022-06-30
sh.688036,2022-06-13,2022-06-30
sh.688065,2022-06-13,2022-06-30
sh.688111,2022-06-13,2022-06-30
sh.688126,2022-06-13,2022-06-30
sh.688169,2022-06-13,2022-06-30
sh.688363,2022-06-13,2022-06-30
sh.688396,2022-06-13,2022-06-30
sh.688561,2022-06-13,2022-06-30
sh.688599,2022-06-13,2022-06-30
sh.688981,2022-06-13,2022-06-30
sz.000001,2022-06-13,2022-06-30
sz.000002,2022-06-13,2022-06-30
sz.000063,2022-06-13,2022-06-30
sz.000066,2022-06-13,2022-06-30
sz.000069,2022-06-13,2022-06-30
sz.000100,2022-06-13,2022-06-30
sz.000157,2022-06-13,2022-06-30
sz.000166,2022-06-13,2022-06-30
sz.000301,2022-06-13,2022-06-30
sz.000333,2022-06-13,2022-06-30
sz.000338,2022-06-13,2022-06-30
sz.000408,2022-06-13,2022-06-30
sz.000425,2022-06-13,2022-06-30
sz.000538,2022-06-13,2022-06-30
sz.000568,2022-06-13,2022-06-30
sz.000596,2022-06-13,2022-06-30
sz.000625,2022-06-13,2022-06-30
sz.000651,2022-06-13,2022-06-30
sz.000661,2022-06-13,2022-06-30
sz.000703,2022-06-13,2022-06-30
sz.000708,2022-06-13,2022-06-30
sz.000725,2022-06-13,2022-06-30
sz.000768,2022-06-13,2022-06-30
sz.000776,2022-06-13,2022-06-30
sz.000786,2022-06-13,2022-06-30
sz.000792,2022-06-13,2022-06-30
sz.000800,2022-06-13,2022-06-30
sz.000858,2022-06-13,2022-06-30
sz.000876,2022-06-13,2022-06-30
sz.000877,2022-06-13,2022-06-30
sz.000895,2022-06-13,2022-06-30
sz.000938,2022-06-13,2022-06-30
sz.000963,2022-06-13,2022-06-30
sz.000977,2022-06-13,2022-06-30
sz.001289,2022-06-13,2022-06-30
sz.001979,2022-06-13,2022-06-30
sz.002001,2022-06-13,2022-06-30
sz.002007,2022-06-13,2022-06-30
sz.002008,2022-06-13,2022-06-30
sz.002027,2022-06-13,2022-06-30
sz.002032,2022-06-13,2022-06-30
sz.002049,2022-06-13,2022-06-30
sz.002050,2022-06-13,2022-06-30
sz.002064,2022-06-13,2022-06-30
sz.002074,2022-06-13,2022-06-30
sz.002120,2022-06-13,2022-06-30
sz.002129,2022-06-13,2022-06-30
sz.002142,2022-06-13,2022-06-30
sz.002179,2022-06-13,2022-06-30
sz.002202,2022-06-13,2022-06-30
sz.002230,2022-06-13,2022-06-30
sz.002236,2022-06-13,2022-06-30
sz.002241,2022-06-13,2022-06-30
sz.002252,2022-06-13,2022-06-30
sz.002271,2022-06-13,2022-06-30
sz.002304,2022-06-13,2022-06-30
sz.002311,2022-06-13,2022-06-30
sz.002352,2022-06-13,2022-06-30
sz.002371,2022-06-13,2022-06-30
sz.002410,2022-06-13,2022-06-30
sz.002414,2022-06-13,2022-06-30
sz.002415,2022-06-13,2022-06-30
sz.002459,2022-06-13,2022-06-30
sz.002460,2022-06-13,2022-06-30
sz.002466,2022-06-13,2022-06-30
sz.002475,2022-06-13,2022-06-30
sz.002493,2022-06-13,2022-06-30
sz.002555,2022-06-13,2022-06-30
sz.002568,2022-06-13,2022-06-30
sz.002594,2022-06-13,2022-06-30
sz.002600,2022-06-13,2022-06-30
sz.002601,2022-06-13,2022-06-30
sz.002602,2022-06-13,2022-06-30
sz.002607,2022-06-13,2022-06-30
sz.002648,2022-06-13,2022-06-30
sz.002709,2022-06-13,2022-06-30
sz.002714,2022-06-13,2022-06-30
sz.002736,2022-06-13,2022-06-30
sz.002791,2022-06-13,2022-06-30
sz.002812,2022-06-13,2022-06-30
sz.002821,2022-06-13,2022-06-30
sz.002841,2022-06-13,2022-06-30
sz.002916,2022-06-13,2022-06-30
sz.002920,2022-06-13,2022-06-30
sz.002938,2022-06-13,2022-06-30
sz.003816,2022-06-13,2022-06-30
sz.300003,2022-06-13,2022-06-30
sz.300014,2022-06-13,2022-06-30
sz.300015,2022-06-13,2022-06-30
sz.300033,2022-06-13,2022-06-30
sz.300059,2022-06-13,2022-06-30
sz.300122,2022-06-13,2022-06-30
sz.300124,2022-06-13,2022-06-30
sz.300142,2022-06-13,2022-06-30
sz.300207,2022-06-13,2022-06-30
sz.300223,2022-06-13,2022-06-30
sz.300274,2022-06-13,2022-06-30
sz.300316,2022-06-13,2022-06-30
sz.300347,2022-06-13,2022-06-30
sz.300408,2022-06-13,2022-06-30
sz.300413,2022-06-13,2022-06-30
sz.300433,2022-06-13,2022-06-30
sz.300450,2022-06-13,2022-06-30
sz.300454,2022-06-13,2022-06-30
sz.300496,2022-06-13,2022-06-30
sz.300498,2022-06-13,2022-06-30
sz.300529,2022-06-13,2022-06-30
sz.300595,2022-06-13,2022-06-30
sz.300601,2022-06-13,2022-06-30
sz.300628,2022-06-13,2022-06-30
sz.300661,2022-06-13,2022-06-30
sz.300750,2022-06-13,2022-06-30
sz.300751,2022-06-13,2022-06-30
sz.300759,2022-06-13,2022-06-30
sz.300760,2022-06-13,2022-06-30
sz.300763,2022-06-13,2022-06-30
sz.300782,2022-06-13,2022-06-30
sz.300866,2022-06-13,2022-06-30
sz.300896,2022-06-13,2022-06-30
sz.300919,2022-06-13,2022-06-30
sz.300957,2022-06-13,2022-06-30
sz.300979,2022-06-13,2022-06-30
sz.300999,2022-06-13,2022-06-30
sh.600000,2022-06-13,2022-07-31
sh.600009,2022-06-13,2022-07-31
sh.600010,2022-06-13,2022-07-31
sh.600011,2022-06-13,2022-07-31
sh.600015,2022-06-13,2022-07-31
sh.600016,2022-06-13,2022-07-31
sh.600018,2022-06-13,2022-07-31
sh.600019,2022-06-13,2022-07-31
sh.600025,2022-06-13,2022-07-31
sh.600028,2022-06-13,2022-07-31
sh.600029,2022-06-13,2022-07-31
sh.600030,2022-06-13,2022-07-31
sh.600031,2022-06-13,2022-07-31
sh.600036,2022-06-13,2022-07-31
sh.600048,2022-06-13,2022-07-31
sh.600050,2022-06-13,2022-07-31
sh.600061,2022-06-13,2022-07-31
sh.600085,2022-06-13,2022-07-31
sh.600089,2022-06-13,2022-07-31
sh.600104,2022-06-13,2022-07-31
sh.600111,2022-06-13,2022-07-31
sh.600115,2022-06-13,2022-07-31
sh.600132,2022-06-13,2022-07-31
sh.600150,2022-06-13,2022-07-31
sh.600161,2022-06-13,2022-07-31
sh.600176,2022-06-13,2022-07-31
sh.600183,2022-06-13,2022-07-31
sh.600188,2022-06-13,2022-07-31
sh.600196,2022-06-13,2022-07-31
sh.600219,2022-06-13,2022-07-31
sh.600276,2022-06-13,2022-07-31
sh.600309,2022-06-13,2022-07-31
sh.600332,2022-06-13,2022-07-31
sh.600346,2022-06-13,2022-07-31
sh.600352,2022-06-13,2022-07-31
sh.600362,2022-06-13,2022-07-31
sh.600383,2022-06-13,2022-07-31
sh.600406,2022-06-13,2022-07-31
sh.600426,2022-06-13,2022-07-31
sh.600436,2022-06-13,2022-07-31
sh.600438,2022-06-13,2022-07-31
sh.600460,2022-06-13,2022-07-31
sh.600489,2022-06-13,2022-07-31
sh.600519,2022-06-13,2022-07-31
sh.600547,2022-06-13,2022-07-31
sh.600570,2022-06-13,2022-07-31
sh.600584,2022-06-13,2022-07-31
sh.600585,2022-06-13,2022-07-31
sh.600588,2022-06-13,2022-07-31
sh.600600,2022-06-13,2022-07-31
sh.600606,2022-06-13,2022-07-31
sh.600655,2022-06-13,2022-07-31
sh.600660,2022-06-13,2022-07-31
sh.600690,2022-06-13,2022-07-31
sh.600741,2022-06-13,2022-07-31
sh.600745,2022-06-13,2022-07-31
sh.600760,2022-06-13,2022-07-31
sh.600763,2022-06-13,2022-07-31
sh.600795,2022-06-13,2022-07-31
sh.600809,2022-06-13,2022-07-31
sh.600837,2022-06-13,2022-07-31
sh.600845,2022-06-13,2022-07-31
sh.600886,2022-06-13,2022-07-31
sh.600887,2022-06-13,2022-07-31
sh.600893,2022-06-13,2022-07-31
sh.600900,2022-06-13,2022-07-31
sh.600905,2022-06-13,2022-07-31
sh.600918,2022-06-13,2022-07-31
sh.600919,2022-06-13,2022-07-31
sh.600926,2022-06-13,2022-07-31
sh.600941,2022-06-13,2022-07-31
sh.600958,2022-06-13,2022-07-31
sh.600989,2022-06-13,2022-07-31
sh.600999,2022-06-13,2022-07-31
sh.601006,2022-06-13,2022-07-31
sh.601009,2022-06-13,2022-07-31
sh.601012,2022-06-13,2022-07-31
sh.601021,2022-06-13,2022-07-31
sh.601066,2022-06-13,2022-07-31
sh.601088,2022-06-13,2022-07-31
sh.601100,2022-06-13,2022-07-31
sh.601111,2022-06-13,2022-07-31
sh.601117,2022-06-13,2022-07-31
sh.601138,2022-06-13,2022-07-31
sh.601155,2022-06-13,2022-07-31
sh.601166,2022-06-13,2022-07-31
sh.601169,2022-06-13,2022-07-31
sh.601186,2022-06-13,2022-07-31
sh.601211,2022-06-13,2022-07-31
sh.601216,2022-06-13,2022-07-31
sh.601225,2022-06-13,2022-07-31
sh.601229,2022-06-13,2022-07-31
sh.601236,2022-06-13,2022-07-31
sh.601238,2022-06-13,2022-07-31
sh.601288,2022-06-13,2022-07-31
sh.601318,2022-06-13,2022-07-31
sh.601319,2022-06-13,2022-07-31
sh.601328,2022-06-13,2022-07-31
sh.601336,2022-06-13,2022-07-31
sh.601360,2022-06-13,2022-07-31
sh.601377,2022-06-13,2022-07-31
sh.601390,2022-06-13,2022-07-31
sh.601398,2022-06-13,2022-07-31
sh.601600,2022-06-13,2022-07-31
sh.601601,2022-06-13,2022-07-31
sh.601618,2022-06-13,2022-07-31
sh.601628,2022-06-13,2022-07-31
sh.601633,2022-06-13,2022-07-31
sh.601658,2022-06-13,2022-07-31
sh.601668,2022-06-13,2022-07-31
sh.601669,2022-06-13,2022-07-31
sh.601688,2022-06-13,2022-07-31
sh.601698,2022-06-13,2022-07-31
sh.601728,2022-06-13,2022-07-31
sh.601766,2022-06-13,2022-07-31
sh.601788,2022-06-13,2022-07-31
sh.601799,2022-06-13,2022-07-31
sh.601800,2022-06-13,2022-07-31
sh.601808,2022-06-13,2022-07-31
sh.601816,2022-06-13,2022-07-31
sh.601818,2022-06-13,2022-07-31
sh.601825,2022-06-13,2022-07-31
sh.601838,2022-06-13,2022-07-31
sh.601857,2022-06-13,2022-07-31
sh.601865,2022-06-13,2022-07-31
sh.601868,2022-06-13,2022-07-31
sh.601877,2022-06-13,2022-07-31
sh.601878,2022-06-13,2022-07-31
sh.601881,2022-06-13,2022-07-31
sh.601888,2022-06-13,2022-07-31
sh.601898,2022-06-13,2022-07-31
sh.601899,2022-06-13,2022-07-31
sh.601901,2022-06-13,2022-07-31
sh.601916,2022-06-13,2022-07-31
sh.601919,2022-06-13,2022-07-31
sh.601939,2022-06-13,2022-07-31
sh.601966,2022-06-13,2022-07-31
sh.601985,2022-06-13,2022-07-31
sh.601988,2022-06-13,2022-07-31
sh.601989,2022-06-13,2022-07-31
sh.601995,2022-06-13,2022-07-31
sh.601998,2022-06-13,2022-07-31
sh.603019,2022-06-13,2022-07-31
sh.603087,2022-06-13,2022-07-31
sh.603160,2022-06-13,2022-07-31
sh.603185,2022-06-13,2022-07-31
sh.603195,2022-06-13,2022-07-31
sh.603259,2022-06-13,2022-07-31
sh.603260,2022-06-13,2022-07-31
sh.603288,2022-06-13,2022-07-31
sh.603290,2022-06-13,2022-07-31
sh.603369,2022-06-13,2022-07-31
sh.603392,2022-06-13,2022-07-31
sh.603486,2022-06-13,2022-07-31
sh.603501,2022-06-13,2022-07-31
sh.603659,2022-06-13,2022-07-31
sh.603799,2022-06-13,2022-07-31
sh.603806,2022-06-13,2022-07-31
sh.603833,2022-06-13,2022-07-31
sh.603882,2022-06-13,2022-07-31
sh.603899,2022-06-13,2022-07-31
sh.603986,2022-06-13,2022-07-31
sh.603993,2022-06-13,2022-07-31
sh.605499,2022-06-13,2022-07-31
sh.688005,2022-06-13,2022-07-31
sh.688008,2022-06-13,2022-07-31
sh.688012,2022-06-13,2022-07-31
sh.688036,2022-06-13,2022-07-31
sh.688065,2022-06-13,2022-07-31
sh.688111,2022-06-13,2022-07-31
sh.688126,2022-06-13,2022-07-31
sh.688169,2022-06-13,2022-07-31
sh.688363,2022-06-13,2022-07-31
sh.688396,2022-06-13,2022-07-31
sh.688561,2022-06-13,2022-07-31
sh.688599,2022-06-13,2022-07-31
sh.688981,2022-06-13,2022-07-31
sz.000001,2022-06-13,2022-07-31
sz.000002,2022-06-13,2022-07-31
sz.000063,2022-06-13,2022-07-31
sz.000066,2022-06-13,2022-07-31
sz.000069,2022-06-13,2022-07-31
sz.000100,2022-06-13,2022-07-31
sz.000157,2022-06-13,2022-07-31
sz.000166,2022-06-13,2022-07-31
sz.000301,2022-06-13,2022-07-31
sz.000333,2022-06-13,2022-07-31
sz.000338,2022-06-13,2022-07-31
sz.000408,2022-06-13,2022-07-31
sz.000425,2022-06-13,2022-07-31
sz.000538,2022-06-13,2022-07-31
sz.000568,2022-06-13,2022-07-31
sz.000596,2022-06-13,2022-07-31
sz.000625,2022-06-13,2022-07-31
sz.000651,2022-06-13,2022-07-31
sz.000661,2022-06-13,2022-07-31
sz.000703,2022-06-13,2022-07-31
sz.000708,2022-06-13,2022-07-31
sz.000725,2022-06-13,2022-07-31
sz.000768,2022-06-13,2022-07-31
sz.000776,2022-06-13,2022-07-31
sz.000786,2022-06-13,2022-07-31
sz.000792,2022-06-13,2022-07-31
sz.000800,2022-06-13,2022-07-31
sz.000858,2022-06-13,2022-07-31
sz.000876,2022-06-13,2022-07-31
sz.000877,2022-06-13,2022-07-31
sz.000895,2022-06-13,2022-07-31
sz.000938,2022-06-13,2022-07-31
sz.000963,2022-06-13,2022-07-31
sz.000977,2022-06-13,2022-07-31
sz.001289,2022-06-13,2022-07-31
sz.001979,2022-06-13,2022-07-31
sz.002001,2022-06-13,2022-07-31
sz.002007,2022-06-13,2022-07-31
sz.002008,2022-06-13,2022-07-31
sz.002027,2022-06-13,2022-07-31
sz.002032,2022-06-13,2022-07-31
sz.002049,2022-06-13,2022-07-31
sz.002050,2022-06-13,2022-07-31
sz.002064,2022-06-13,2022-07-31
sz.002074,2022-06-13,2022-07-31
sz.002120,2022-06-13,2022-07-31
sz.002129,2022-06-13,2022-07-31
sz.002142,2022-06-13,2022-07-31
sz.002179,2022-06-13,2022-07-31
sz.002202,2022-06-13,2022-07-31
sz.002230,2022-06-13,2022-07-31
sz.002236,2022-06-13,2022-07-31
sz.002241,2022-06-13,2022-07-31
sz.002252,2022-06-13,2022-07-31
sz.002271,2022-06-13,2022-07-31
sz.002304,2022-06-13,2022-07-31
sz.002311,2022-06-13,2022-07-31
sz.002352,2022-06-13,2022-07-31
sz.002371,2022-06-13,2022-07-31
sz.002410,2022-06-13,2022-07-31
sz.002414,2022-06-13,2022-07-31
sz.002415,2022-06-13,2022-07-31
sz.002459,2022-06-13,2022-07-31
sz.002460,2022-06-13,2022-07-31
sz.002466,2022-06-13,2022-07-31
sz.002475,2022-06-13,2022-07-31
sz.002493,2022-06-13,2022-07-31
sz.002555,2022-06-13,2022-07-31
sz.002568,2022-06-13,2022-07-31
sz.002594,2022-06-13,2022-07-31
sz.002600,2022-06-13,2022-07-31
sz.002601,2022-06-13,2022-07-31
sz.002602,2022-06-13,2022-07-31
sz.002607,2022-06-13,2022-07-31
sz.002648,2022-06-13,2022-07-31
sz.002709,2022-06-13,2022-07-31
sz.002714,2022-06-13,2022-07-31
sz.002736,2022-06-13,2022-07-31
sz.002791,2022-06-13,2022-07-31
sz.002812,2022-06-13,2022-07-31
sz.002821,2022-06-13,2022-07-31
sz.002841,2022-06-13,2022-07-31
sz.002916,2022-06-13,2022-07-31
sz.002920,2022-06-13,2022-07-31
sz.002938,2022-06-13,2022-07-31
sz.003816,2022-06-13,2022-07-31
sz.300003,2022-06-13,2022-07-31
sz.300014,2022-06-13,2022-07-31
sz.300015,2022-06-13,2022-07-31
sz.300033,2022-06-13,2022-07-31
sz.300059,2022-06-13,2022-07-31
sz.300122,2022-06-13,2022-07-31
sz.300124,2022-06-13,2022-07-31
sz.300142,2022-06-13,2022-07-31
sz.300207,2022-06-13,2022-07-31
sz.300223,2022-06-13,2022-07-31
sz.300274,2022-06-13,2022-07-31
sz.300316,2022-06-13,2022-07-31
sz.300347,2022-06-13,2022-07-31
sz.300408,2022-06-13,2022-07-31
sz.300413,2022-06-13,2022-07-31
sz.300433,2022-06-13,2022-07-31
sz.300450,2022-06-13,2022-07-31
sz.300454,2022-06-13,2022-07-31
sz.300496,2022-06-13,2022-07-31
sz.300498,2022-06-13,2022-07-31
sz.300529,2022-06-13,2022-07-31
sz.300595,2022-06-13,2022-07-31
sz.300601,2022-06-13,2022-07-31
sz.300628,2022-06-13,2022-07-31
sz.300661,2022-06-13,2022-07-31
sz.300750,2022-06-13,2022-07-31
sz.300751,2022-06-13,2022-07-31
sz.300759,2022-06-13,2022-07-31
sz.300760,2022-06-13,2022-07-31
sz.300763,2022-06-13,2022-07-31
sz.300782,2022-06-13,2022-07-31
sz.300866,2022-06-13,2022-07-31
sz.300896,2022-06-13,2022-07-31
sz.300919,2022-06-13,2022-07-31
sz.300957,2022-06-13,2022-07-31
sz.300979,2022-06-13,2022-07-31
sz.300999,2022-06-13,2022-07-31
sh.600000,2022-08-01,2022-08-31
sh.600009,2022-08-01,2022-08-31
sh.600010,2022-08-01,2022-08-31
sh.600011,2022-08-01,2022-08-31
sh.600015,2022-08-01,2022-08-31
sh.600016,2022-08-01,2022-08-31
sh.600018,2022-08-01,2022-08-31
sh.600019,2022-08-01,2022-08-31
sh.600025,2022-08-01,2022-08-31
sh.600028,2022-08-01,2022-08-31
sh.600029,2022-08-01,2022-08-31
sh.600030,2022-08-01,2022-08-31
sh.600031,2022-08-01,2022-08-31
sh.600036,2022-08-01,2022-08-31
sh.600048,2022-08-01,2022-08-31
sh.600050,2022-08-01,2022-08-31
sh.600061,2022-08-01,2022-08-31
sh.600085,2022-08-01,2022-08-31
sh.600089,2022-08-01,2022-08-31
sh.600104,2022-08-01,2022-08-31
sh.600111,2022-08-01,2022-08-31
sh.600115,2022-08-01,2022-08-31
sh.600132,2022-08-01,2022-08-31
sh.600150,2022-08-01,2022-08-31
sh.600161,2022-08-01,2022-08-31
sh.600176,2022-08-01,2022-08-31
sh.600183,2022-08-01,2022-08-31
sh.600188,2022-08-01,2022-08-31
sh.600196,2022-08-01,2022-08-31
sh.600219,2022-08-01,2022-08-31
sh.600276,2022-08-01,2022-08-31
sh.600309,2022-08-01,2022-08-31
sh.600332,2022-08-01,2022-08-31
sh.600346,2022-08-01,2022-08-31
sh.600352,2022-08-01,2022-08-31
sh.600362,2022-08-01,2022-08-31
sh.600383,2022-08-01,2022-08-31
sh.600406,2022-08-01,2022-08-31
sh.600426,2022-08-01,2022-08-31
sh.600436,2022-08-01,2022-08-31
sh.600438,2022-08-01,2022-08-31
sh.600460,2022-08-01,2022-08-31
sh.600489,2022-08-01,2022-08-31
sh.600519,2022-08-01,2022-08-31
sh.600547,2022-08-01,2022-08-31
sh.600570,2022-08-01,2022-08-31
sh.600584,2022-08-01,2022-08-31
sh.600585,2022-08-01,2022-08-31
sh.600588,2022-08-01,2022-08-31
sh.600600,2022-08-01,2022-08-31
sh.600606,2022-08-01,2022-08-31
sh.600655,2022-08-01,2022-08-31
sh.600660,2022-08-01,2022-08-31
sh.600690,2022-08-01,2022-08-31
sh.600741,2022-08-01,2022-08-31
sh.600745,2022-08-01,2022-08-31
sh.600760,2022-08-01,2022-08-31
sh.600763,2022-08-01,2022-08-31
sh.600795,2022-08-01,2022-08-31
sh.600809,2022-08-01,2022-08-31
sh.600837,2022-08-01,2022-08-31
sh.600845,2022-08-01,2022-08-31
sh.600886,2022-08-01,2022-08-31
sh.600887,2022-08-01,2022-08-31
sh.600893,2022-08-01,2022-08-31
sh.600900,2022-08-01,2022-08-31
sh.600905,2022-08-01,2022-08-31
sh.600918,2022-08-01,2022-08-31
sh.600919,2022-08-01,2022-08-31
sh.600926,2022-08-01,2022-08-31
sh.600941,2022-08-01,2022-08-31
sh.600958,2022-08-01,2022-08-31
sh.600989,2022-08-01,2022-08-31
sh.600999,2022-08-01,2022-08-31
sh.601006,2022-08-01,2022-08-31
sh.601009,2022-08-01,2022-08-31
sh.601012,2022-08-01,2022-08-31
sh.601021,2022-08-01,2022-08-31
sh.601066,2022-08-01,2022-08-31
sh.601088,2022-08-01,2022-08-31
sh.601100,2022-08-01,2022-08-31
sh.601111,2022-08-01,2022-08-31
sh.601117,2022-08-01,2022-08-31
sh.601138,2022-08-01,2022-08-31
sh.601155,2022-08-01,2022-08-31
sh.601166,2022-08-01,2022-08-31
sh.601169,2022-08-01,2022-08-31
sh.601186,2022-08-01,2022-08-31
sh.601211,2022-08-01,2022-08-31
sh.601216,2022-08-01,2022-08-31
sh.601225,2022-08-01,2022-08-31
sh.601229,2022-08-01,2022-08-31
sh.601236,2022-08-01,2022-08-31
sh.601238,2022-08-01,2022-08-31
sh.601288,2022-08-01,2022-08-31
sh.601318,2022-08-01,2022-08-31
sh.601319,2022-08-01,2022-08-31
sh.601328,2022-08-01,2022-08-31
sh.601336,2022-08-01,2022-08-31
sh.601360,2022-08-01,2022-08-31
sh.601377,2022-08-01,2022-08-31
sh.601390,2022-08-01,2022-08-31
sh.601398,2022-08-01,2022-08-31
sh.601600,2022-08-01,2022-08-31
sh.601601,2022-08-01,2022-08-31
sh.601618,2022-08-01,2022-08-31
sh.601628,2022-08-01,2022-08-31
sh.601633,2022-08-01,2022-08-31
sh.601658,2022-08-01,2022-08-31
sh.601668,2022-08-01,2022-08-31
sh.601669,2022-08-01,2022-08-31
sh.601688,2022-08-01,2022-08-31
sh.601698,2022-08-01,2022-08-31
sh.601728,2022-08-01,2022-08-31
sh.601766,2022-08-01,2022-08-31
sh.601788,2022-08-01,2022-08-31
sh.601799,2022-08-01,2022-08-31
sh.601800,2022-08-01,2022-08-31
sh.601808,2022-08-01,2022-08-31
sh.601816,2022-08-01,2022-08-31
sh.601818,2022-08-01,2022-08-31
sh.601825,2022-08-01,2022-08-31
sh.601838,2022-08-01,2022-08-31
sh.601857,2022-08-01,2022-08-31
sh.601865,2022-08-01,2022-08-31
sh.601868,2022-08-01,2022-08-31
sh.601877,2022-08-01,2022-08-31
sh.601878,2022-08-01,2022-08-31
sh.601881,2022-08-01,2022-08-31
sh.601888,2022-08-01,2022-08-31
sh.601898,2022-08-01,2022-08-31
sh.601899,2022-08-01,2022-08-31
sh.601901,2022-08-01,2022-08-31
sh.601916,2022-08-01,2022-08-31
sh.601919,2022-08-01,2022-08-31
sh.601939,2022-08-01,2022-08-31
sh.601966,2022-08-01,2022-08-31
sh.601985,2022-08-01,2022-08-31
sh.601988,2022-08-01,2022-08-31
sh.601989,2022-08-01,2022-08-31
sh.601995,2022-08-01,2022-08-31
sh.601998,2022-08-01,2022-08-31
sh.603019,2022-08-01,2022-08-31
sh.603087,2022-08-01,2022-08-31
sh.603160,2022-08-01,2022-08-31
sh.603185,2022-08-01,2022-08-31
sh.603195,2022-08-01,2022-08-31
sh.603259,2022-08-01,2022-08-31
sh.603260,2022-08-01,2022-08-31
sh.603288,2022-08-01,2022-08-31
sh.603290,2022-08-01,2022-08-31
sh.603369,2022-08-01,2022-08-31
sh.603392,2022-08-01,2022-08-31
sh.603486,2022-08-01,2022-08-31
sh.603501,2022-08-01,2022-08-31
sh.603659,2022-08-01,2022-08-31
sh.603799,2022-08-01,2022-08-31
sh.603806,2022-08-01,2022-08-31
sh.603833,2022-08-01,2022-08-31
sh.603882,2022-08-01,2022-08-31
sh.603899,2022-08-01,2022-08-31
sh.603986,2022-08-01,2022-08-31
sh.603993,2022-08-01,2022-08-31
sh.605499,2022-08-01,2022-08-31
sh.688005,2022-08-01,2022-08-31
sh.688008,2022-08-01,2022-08-31
sh.688012,2022-08-01,2022-08-31
sh.688036,2022-08-01,2022-08-31
sh.688065,2022-08-01,2022-08-31
sh.688111,2022-08-01,2022-08-31
sh.688126,2022-08-01,2022-08-31
sh.688169,2022-08-01,2022-08-31
sh.688363,2022-08-01,2022-08-31
sh.688396,2022-08-01,2022-08-31
sh.688561,2022-08-01,2022-08-31
sh.688599,2022-08-01,2022-08-31
sh.688981,2022-08-01,2022-08-31
sz.000001,2022-08-01,2022-08-31
sz.000002,2022-08-01,2022-08-31
sz.000063,2022-08-01,2022-08-31
sz.000066,2022-08-01,2022-08-31
sz.000069,2022-08-01,2022-08-31
sz.000100,2022-08-01,2022-08-31
sz.000157,2022-08-01,2022-08-31
sz.000166,2022-08-01,2022-08-31
sz.000301,2022-08-01,2022-08-31
sz.000333,2022-08-01,2022-08-31
sz.000338,2022-08-01,2022-08-31
sz.000408,2022-08-01,2022-08-31
sz.000425,2022-08-01,2022-08-31
sz.000538,2022-08-01,2022-08-31
sz.000568,2022-08-01,2022-08-31
sz.000596,2022-08-01,2022-08-31
sz.000625,2022-08-01,2022-08-31
sz.000651,2022-08-01,2022-08-31
sz.000661,2022-08-01,2022-08-31
sz.000703,2022-08-01,2022-08-31
sz.000708,2022-08-01,2022-08-31
sz.000725,2022-08-01,2022-08-31
sz.000768,2022-08-01,2022-08-31
sz.000776,2022-08-01,2022-08-31
sz.000786,2022-08-01,2022-08-31
sz.000792,2022-08-01,2022-08-31
sz.000800,2022-08-01,2022-08-31
sz.000858,2022-08-01,2022-08-31
sz.000876,2022-08-01,2022-08-31
sz.000877,2022-08-01,2022-08-31
sz.000895,2022-08-01,2022-08-31
sz.000938,2022-08-01,2022-08-31
sz.000963,2022-08-01,2022-08-31
sz.000977,2022-08-01,2022-08-31
sz.001289,2022-08-01,2022-08-31
sz.001979,2022-08-01,2022-08-31
sz.002001,2022-08-01,2022-08-31
sz.002007,2022-08-01,2022-08-31
sz.002008,2022-08-01,2022-08-31
sz.002027,2022-08-01,2022-08-31
sz.002032,2022-08-01,2022-08-31
sz.002049,2022-08-01,2022-08-31
sz.002050,2022-08-01,2022-08-31
sz.002064,2022-08-01,2022-08-31
sz.002074,2022-08-01,2022-08-31
sz.002120,2022-08-01,2022-08-31
sz.002129,2022-08-01,2022-08-31
sz.002142,2022-08-01,2022-08-31
sz.002179,2022-08-01,2022-08-31
sz.002202,2022-08-01,2022-08-31
sz.002230,2022-08-01,2022-08-31
sz.002236,2022-08-01,2022-08-31
sz.002241,2022-08-01,2022-08-31
sz.002252,2022-08-01,2022-08-31
sz.002271,2022-08-01,2022-08-31
sz.002304,2022-08-01,2022-08-31
sz.002311,2022-08-01,2022-08-31
sz.002352,2022-08-01,2022-08-31
sz.002371,2022-08-01,2022-08-31
sz.002410,2022-08-01,2022-08-31
sz.002414,2022-08-01,2022-08-31
sz.002415,2022-08-01,2022-08-31
sz.002459,2022-08-01,2022-08-31
sz.002460,2022-08-01,2022-08-31
sz.002466,2022-08-01,2022-08-31
sz.002475,2022-08-01,2022-08-31
sz.002493,2022-08-01,2022-08-31
sz.002555,2022-08-01,2022-08-31
sz.002568,2022-08-01,2022-08-31
sz.002594,2022-08-01,2022-08-31
sz.002600,2022-08-01,2022-08-31
sz.002601,2022-08-01,2022-08-31
sz.002602,2022-08-01,2022-08-31
sz.002607,2022-08-01,2022-08-31
sz.002648,2022-08-01,2022-08-31
sz.002709,2022-08-01,2022-08-31
sz.002714,2022-08-01,2022-08-31
sz.002736,2022-08-01,2022-08-31
sz.002791,2022-08-01,2022-08-31
sz.002812,2022-08-01,2022-08-31
sz.002821,2022-08-01,2022-08-31
sz.002841,2022-08-01,2022-08-31
sz.002916,2022-08-01,2022-08-31
sz.002920,2022-08-01,2022-08-31
sz.002938,2022-08-01,2022-08-31
sz.003816,2022-08-01,2022-08-31
sz.300003,2022-08-01,2022-08-31
sz.300014,2022-08-01,2022-08-31
sz.300015,2022-08-01,2022-08-31
sz.300033,2022-08-01,2022-08-31
sz.300059,2022-08-01,2022-08-31
sz.300122,2022-08-01,2022-08-31
sz.300124,2022-08-01,2022-08-31
sz.300142,2022-08-01,2022-08-31
sz.300207,2022-08-01,2022-08-31
sz.300223,2022-08-01,2022-08-31
sz.300274,2022-08-01,2022-08-31
sz.300316,2022-08-01,2022-08-31
sz.300347,2022-08-01,2022-08-31
sz.300408,2022-08-01,2022-08-31
sz.300413,2022-08-01,2022-08-31
sz.300433,2022-08-01,2022-08-31
sz.300450,2022-08-01,2022-08-31
sz.300454,2022-08-01,2022-08-31
sz.300496,2022-08-01,2022-08-31
sz.300498,2022-08-01,2022-08-31
sz.300529,2022-08-01,2022-08-31
sz.300595,2022-08-01,2022-08-31
sz.300601,2022-08-01,2022-08-31
sz.300628,2022-08-01,2022-08-31
sz.300661,2022-08-01,2022-08-31
sz.300750,2022-08-01,2022-08-31
sz.300751,2022-08-01,2022-08-31
sz.300759,2022-08-01,2022-08-31
sz.300760,2022-08-01,2022-08-31
sz.300763,2022-08-01,2022-08-31
sz.300782,2022-08-01,2022-08-31
sz.300866,2022-08-01,2022-08-31
sz.300896,2022-08-01,2022-08-31
sz.300919,2022-08-01,2022-08-31
sz.300957,2022-08-01,2022-08-31
sz.300979,2022-08-01,2022-08-31
sz.300999,2022-08-01,2022-08-31
sh.600000,2022-08-01,2022-09-30
sh.600009,2022-08-01,2022-09-30
sh.600010,2022-08-01,2022-09-30
sh.600011,2022-08-01,2022-09-30
sh.600015,2022-08-01,2022-09-30
sh.600016,2022-08-01,2022-09-30
sh.600018,2022-08-01,2022-09-30
sh.600019,2022-08-01,2022-09-30
sh.600025,2022-08-01,2022-09-30
sh.600028,2022-08-01,2022-09-30
sh.600029,2022-08-01,2022-09-30
sh.600030,2022-08-01,2022-09-30
sh.600031,2022-08-01,2022-09-30
sh.600036,2022-08-01,2022-09-30
sh.600048,2022-08-01,2022-09-30
sh.600050,2022-08-01,2022-09-30
sh.600061,2022-08-01,2022-09-30
sh.600085,2022-08-01,2022-09-30
sh.600089,2022-08-01,2022-09-30
sh.600104,2022-08-01,2022-09-30
sh.600111,2022-08-01,2022-09-30
sh.600115,2022-08-01,2022-09-30
sh.600132,2022-08-01,2022-09-30
sh.600150,2022-08-01,2022-09-30
sh.600161,2022-08-01,2022-09-30
sh.600176,2022-08-01,2022-09-30
sh.600183,2022-08-01,2022-09-30
sh.600188,2022-08-01,2022-09-30
sh.600196,2022-08-01,2022-09-30
sh.600219,2022-08-01,2022-09-30
sh.600276,2022-08-01,2022-09-30
sh.600309,2022-08-01,2022-09-30
sh.600332,2022-08-01,2022-09-30
sh.600346,2022-08-01,2022-09-30
sh.600352,2022-08-01,2022-09-30
sh.600362,2022-08-01,2022-09-30
sh.600383,2022-08-01,2022-09-30
sh.600406,2022-08-01,2022-09-30
sh.600426,2022-08-01,2022-09-30
sh.600436,2022-08-01,2022-09-30
sh.600438,2022-08-01,2022-09-30
sh.600460,2022-08-01,2022-09-30
sh.600489,2022-08-01,2022-09-30
sh.600519,2022-08-01,2022-09-30
sh.600547,2022-08-01,2022-09-30
sh.600570,2022-08-01,2022-09-30
sh.600584,2022-08-01,2022-09-30
sh.600585,2022-08-01,2022-09-30
sh.600588,2022-08-01,2022-09-30
sh.600600,2022-08-01,2022-09-30
sh.600606,2022-08-01,2022-09-30
sh.600655,2022-08-01,2022-09-30
sh.600660,2022-08-01,2022-09-30
sh.600690,2022-08-01,2022-09-30
sh.600741,2022-08-01,2022-09-30
sh.600745,2022-08-01,2022-09-30
sh.600760,2022-08-01,2022-09-30
sh.600763,2022-08-01,2022-09-30
sh.600795,2022-08-01,2022-09-30
sh.600809,2022-08-01,2022-09-30
sh.600837,2022-08-01,2022-09-30
sh.600845,2022-08-01,2022-09-30
sh.600886,2022-08-01,2022-09-30
sh.600887,2022-08-01,2022-09-30
sh.600893,2022-08-01,2022-09-30
sh.600900,2022-08-01,2022-09-30
sh.600905,2022-08-01,2022-09-30
sh.600918,2022-08-01,2022-09-30
sh.600919,2022-08-01,2022-09-30
sh.600926,2022-08-01,2022-09-30
sh.600941,2022-08-01,2022-09-30
sh.600958,2022-08-01,2022-09-30
sh.600989,2022-08-01,2022-09-30
sh.600999,2022-08-01,2022-09-30
sh.601006,2022-08-01,2022-09-30
sh.601009,2022-08-01,2022-09-30
sh.601012,2022-08-01,2022-09-30
sh.601021,2022-08-01,2022-09-30
sh.601066,2022-08-01,2022-09-30
sh.601088,2022-08-01,2022-09-30
sh.601100,2022-08-01,2022-09-30
sh.601111,2022-08-01,2022-09-30
sh.601117,2022-08-01,2022-09-30
sh.601138,2022-08-01,2022-09-30
sh.601155,2022-08-01,2022-09-30
sh.601166,2022-08-01,2022-09-30
sh.601169,2022-08-01,2022-09-30
sh.601186,2022-08-01,2022-09-30
sh.601211,2022-08-01,2022-09-30
sh.601216,2022-08-01,2022-09-30
sh.601225,2022-08-01,2022-09-30
sh.601229,2022-08-01,2022-09-30
sh.601236,2022-08-01,2022-09-30
sh.601238,2022-08-01,2022-09-30
sh.601288,2022-08-01,2022-09-30
sh.601318,2022-08-01,2022-09-30
sh.601319,2022-08-01,2022-09-30
sh.601328,2022-08-01,2022-09-30
sh.601336,2022-08-01,2022-09-30
sh.601360,2022-08-01,2022-09-30
sh.601377,2022-08-01,2022-09-30
sh.601390,2022-08-01,2022-09-30
sh.601398,2022-08-01,2022-09-30
sh.601600,2022-08-01,2022-09-30
sh.601601,2022-08-01,2022-09-30
sh.601618,2022-08-01,2022-09-30
sh.601628,2022-08-01,2022-09-30
sh.601633,2022-08-01,2022-09-30
sh.601658,2022-08-01,2022-09-30
sh.601668,2022-08-01,2022-09-30
sh.601669,2022-08-01,2022-09-30
sh.601688,2022-08-01,2022-09-30
sh.601698,2022-08-01,2022-09-30
sh.601728,2022-08-01,2022-09-30
sh.601766,2022-08-01,2022-09-30
sh.601788,2022-08-01,2022-09-30
sh.601799,2022-08-01,2022-09-30
sh.601800,2022-08-01,2022-09-30
sh.601808,2022-08-01,2022-09-30
sh.601816,2022-08-01,2022-09-30
sh.601818,2022-08-01,2022-09-30
sh.601825,2022-08-01,2022-09-30
sh.601838,2022-08-01,2022-09-30
sh.601857,2022-08-01,2022-09-30
sh.601865,2022-08-01,2022-09-30
sh.601868,2022-08-01,2022-09-30
sh.601877,2022-08-01,2022-09-30
sh.601878,2022-08-01,2022-09-30
sh.601881,2022-08-01,2022-09-30
sh.601888,2022-08-01,2022-09-30
sh.601898,2022-08-01,2022-09-30
sh.601899,2022-08-01,2022-09-30
sh.601901,2022-08-01,2022-09-30
sh.601916,2022-08-01,2022-09-30
sh.601919,2022-08-01,2022-09-30
sh.601939,2022-08-01,2022-09-30
sh.601966,2022-08-01,2022-09-30
sh.601985,2022-08-01,2022-09-30
sh.601988,2022-08-01,2022-09-30
sh.601989,2022-08-01,2022-09-30
sh.601995,2022-08-01,2022-09-30
sh.601998,2022-08-01,2022-09-30
sh.603019,2022-08-01,2022-09-30
sh.603087,2022-08-01,2022-09-30
sh.603160,2022-08-01,2022-09-30
sh.603185,2022-08-01,2022-09-30
sh.603195,2022-08-01,2022-09-30
sh.603259,2022-08-01,2022-09-30
sh.603260,2022-08-01,2022-09-30
sh.603288,2022-08-01,2022-09-30
sh.603290,2022-08-01,2022-09-30
sh.603369,2022-08-01,2022-09-30
sh.603392,2022-08-01,2022-09-30
sh.603486,2022-08-01,2022-09-30
sh.603501,2022-08-01,2022-09-30
sh.603659,2022-08-01,2022-09-30
sh.603799,2022-08-01,2022-09-30
sh.603806,2022-08-01,2022-09-30
sh.603833,2022-08-01,2022-09-30
sh.603882,2022-08-01,2022-09-30
sh.603899,2022-08-01,2022-09-30
sh.603986,2022-08-01,2022-09-30
sh.603993,2022-08-01,2022-09-30
sh.605499,2022-08-01,2022-09-30
sh.688005,2022-08-01,2022-09-30
sh.688008,2022-08-01,2022-09-30
sh.688012,2022-08-01,2022-09-30
sh.688036,2022-08-01,2022-09-30
sh.688065,2022-08-01,2022-09-30
sh.688111,2022-08-01,2022-09-30
sh.688126,2022-08-01,2022-09-30
sh.688169,2022-08-01,2022-09-30
sh.688363,2022-08-01,2022-09-30
sh.688396,2022-08-01,2022-09-30
sh.688561,2022-08-01,2022-09-30
sh.688599,2022-08-01,2022-09-30
sh.688981,2022-08-01,2022-09-30
sz.000001,2022-08-01,2022-09-30
sz.000002,2022-08-01,2022-09-30
sz.000063,2022-08-01,2022-09-30
sz.000066,2022-08-01,2022-09-30
sz.000069,2022-08-01,2022-09-30
sz.000100,2022-08-01,2022-09-30
sz.000157,2022-08-01,2022-09-30
sz.000166,2022-08-01,2022-09-30
sz.000301,2022-08-01,2022-09-30
sz.000333,2022-08-01,2022-09-30
sz.000338,2022-08-01,2022-09-30
sz.000408,2022-08-01,2022-09-30
sz.000425,2022-08-01,2022-09-30
sz.000538,2022-08-01,2022-09-30
sz.000568,2022-08-01,2022-09-30
sz.000596,2022-08-01,2022-09-30
sz.000625,2022-08-01,2022-09-30
sz.000651,2022-08-01,2022-09-30
sz.000661,2022-08-01,2022-09-30
sz.000703,2022-08-01,2022-09-30
sz.000708,2022-08-01,2022-09-30
sz.000725,2022-08-01,2022-09-30
sz.000768,2022-08-01,2022-09-30
sz.000776,2022-08-01,2022-09-30
sz.000786,2022-08-01,2022-09-30
sz.000792,2022-08-01,2022-09-30
sz.000800,2022-08-01,2022-09-30
sz.000858,2022-08-01,2022-09-30
sz.000876,2022-08-01,2022-09-30
sz.000877,2022-08-01,2022-09-30
sz.000895,2022-08-01,2022-09-30
sz.000938,2022-08-01,2022-09-30
sz.000963,2022-08-01,2022-09-30
sz.000977,2022-08-01,2022-09-30
sz.001289,2022-08-01,2022-09-30
sz.001979,2022-08-01,2022-09-30
sz.002001,2022-08-01,2022-09-30
sz.002007,2022-08-01,2022-09-30
sz.002008,2022-08-01,2022-09-30
sz.002027,2022-08-01,2022-09-30
sz.002032,2022-08-01,2022-09-30
sz.002049,2022-08-01,2022-09-30
sz.002050,2022-08-01,2022-09-30
sz.002064,2022-08-01,2022-09-30
sz.002074,2022-08-01,2022-09-30
sz.002120,2022-08-01,2022-09-30
sz.002129,2022-08-01,2022-09-30
sz.002142,2022-08-01,2022-09-30
sz.002179,2022-08-01,2022-09-30
sz.002202,2022-08-01,2022-09-30
sz.002230,2022-08-01,2022-09-30
sz.002236,2022-08-01,2022-09-30
sz.002241,2022-08-01,2022-09-30
sz.002252,2022-08-01,2022-09-30
sz.002271,2022-08-01,2022-09-30
sz.002304,2022-08-01,2022-09-30
sz.002311,2022-08-01,2022-09-30
sz.002352,2022-08-01,2022-09-30
sz.002371,2022-08-01,2022-09-30
sz.002410,2022-08-01,2022-09-30
sz.002414,2022-08-01,2022-09-30
sz.002415,2022-08-01,2022-09-30
sz.002459,2022-08-01,2022-09-30
sz.002460,2022-08-01,2022-09-30
sz.002466,2022-08-01,2022-09-30
sz.002475,2022-08-01,2022-09-30
sz.002493,2022-08-01,2022-09-30
sz.002555,2022-08-01,2022-09-30
sz.002568,2022-08-01,2022-09-30
sz.002594,2022-08-01,2022-09-30
sz.002600,2022-08-01,2022-09-30
sz.002601,2022-08-01,2022-09-30
sz.002602,2022-08-01,2022-09-30
sz.002607,2022-08-01,2022-09-30
sz.002648,2022-08-01,2022-09-30
sz.002709,2022-08-01,2022-09-30
sz.002714,2022-08-01,2022-09-30
sz.002736,2022-08-01,2022-09-30
sz.002791,2022-08-01,2022-09-30
sz.002812,2022-08-01,2022-09-30
sz.002821,2022-08-01,2022-09-30
sz.002841,2022-08-01,2022-09-30
sz.002916,2022-08-01,2022-09-30
sz.002920,2022-08-01,2022-09-30
sz.002938,2022-08-01,2022-09-30
sz.003816,2022-08-01,2022-09-30
sz.300003,2022-08-01,2022-09-30
sz.300014,2022-08-01,2022-09-30
sz.300015,2022-08-01,2022-09-30
sz.300033,2022-08-01,2022-09-30
sz.300059,2022-08-01,2022-09-30
sz.300122,2022-08-01,2022-09-30
sz.300124,2022-08-01,2022-09-30
sz.300142,2022-08-01,2022-09-30
sz.300207,2022-08-01,2022-09-30
sz.300223,2022-08-01,2022-09-30
sz.300274,2022-08-01,2022-09-30
sz.300316,2022-08-01,2022-09-30
sz.300347,2022-08-01,2022-09-30
sz.300408,2022-08-01,2022-09-30
sz.300413,2022-08-01,2022-09-30
sz.300433,2022-08-01,2022-09-30
sz.300450,2022-08-01,2022-09-30
sz.300454,2022-08-01,2022-09-30
sz.300496,2022-08-01,2022-09-30
sz.300498,2022-08-01,2022-09-30
sz.300529,2022-08-01,2022-09-30
sz.300595,2022-08-01,2022-09-30
sz.300601,2022-08-01,2022-09-30
sz.300628,2022-08-01,2022-09-30
sz.300661,2022-08-01,2022-09-30
sz.300750,2022-08-01,2022-09-30
sz.300751,2022-08-01,2022-09-30
sz.300759,2022-08-01,2022-09-30
sz.300760,2022-08-01,2022-09-30
sz.300763,2022-08-01,2022-09-30
sz.300782,2022-08-01,2022-09-30
sz.300866,2022-08-01,2022-09-30
sz.300896,2022-08-01,2022-09-30
sz.300919,2022-08-01,2022-09-30
sz.300957,2022-08-01,2022-09-30
sz.300979,2022-08-01,2022-09-30
sz.300999,2022-08-01,2022-09-30
sh.600000,2022-08-01,2022-10-31
sh.600009,2022-08-01,2022-10-31
sh.600010,2022-08-01,2022-10-31
sh.600011,2022-08-01,2022-10-31
sh.600015,2022-08-01,2022-10-31
sh.600016,2022-08-01,2022-10-31
sh.600018,2022-08-01,2022-10-31
sh.600019,2022-08-01,2022-10-31
sh.600025,2022-08-01,2022-10-31
sh.600028,2022-08-01,2022-10-31
sh.600029,2022-08-01,2022-10-31
sh.600030,2022-08-01,2022-10-31
sh.600031,2022-08-01,2022-10-31
sh.600036,2022-08-01,2022-10-31
sh.600048,2022-08-01,2022-10-31
sh.600050,2022-08-01,2022-10-31
sh.600061,2022-08-01,2022-10-31
sh.600085,2022-08-01,2022-10-31
sh.600089,2022-08-01,2022-10-31
sh.600104,2022-08-01,2022-10-31
sh.600111,2022-08-01,2022-10-31
sh.600115,2022-08-01,2022-10-31
sh.600132,2022-08-01,2022-10-31
sh.600150,2022-08-01,2022-10-31
sh.600161,2022-08-01,2022-10-31
sh.600176,2022-08-01,2022-10-31
sh.600183,2022-08-01,2022-10-31
sh.600188,2022-08-01,2022-10-31
sh.600196,2022-08-01,2022-10-31
sh.600219,2022-08-01,2022-10-31
sh.600276,2022-08-01,2022-10-31
sh.600309,2022-08-01,2022-10-31
sh.600332,2022-08-01,2022-10-31
sh.600346,2022-08-01,2022-10-31
sh.600352,2022-08-01,2022-10-31
sh.600362,2022-08-01,2022-10-31
sh.600383,2022-08-01,2022-10-31
sh.600406,2022-08-01,2022-10-31
sh.600426,2022-08-01,2022-10-31
sh.600436,2022-08-01,2022-10-31
sh.600438,2022-08-01,2022-10-31
sh.600460,2022-08-01,2022-10-31
sh.600489,2022-08-01,2022-10-31
sh.600519,2022-08-01,2022-10-31
sh.600547,2022-08-01,2022-10-31
sh.600570,2022-08-01,2022-10-31
sh.600584,2022-08-01,2022-10-31
sh.600585,2022-08-01,2022-10-31
sh.600588,2022-08-01,2022-10-31
sh.600600,2022-08-01,2022-10-31
sh.600606,2022-08-01,2022-10-31
sh.600655,2022-08-01,2022-10-31
sh.600660,2022-08-01,2022-10-31
sh.600690,2022-08-01,2022-10-31
sh.600741,2022-08-01,2022-10-31
sh.600745,2022-08-01,2022-10-31
sh.600760,2022-08-01,2022-10-31
sh.600763,2022-08-01,2022-10-31
sh.600795,2022-08-01,2022-10-31
sh.600809,2022-08-01,2022-10-31
sh.600837,2022-08-01,2022-10-31
sh.600845,2022-08-01,2022-10-31
sh.600886,2022-08-01,2022-10-31
sh.600887,2022-08-01,2022-10-31
sh.600893,2022-08-01,2022-10-31
sh.600900,2022-08-01,2022-10-31
sh.600905,2022-08-01,2022-10-31
sh.600918,2022-08-01,2022-10-31
sh.600919,2022-08-01,2022-10-31
sh.600926,2022-08-01,2022-10-31
sh.600941,2022-08-01,2022-10-31
sh.600958,2022-08-01,2022-10-31
sh.600989,2022-08-01,2022-10-31
sh.600999,2022-08-01,2022-10-31
sh.601006,2022-08-01,2022-10-31
sh.601009,2022-08-01,2022-10-31
sh.601012,2022-08-01,2022-10-31
sh.601021,2022-08-01,2022-10-31
sh.601066,2022-08-01,2022-10-31
sh.601088,2022-08-01,2022-10-31
sh.601100,2022-08-01,2022-10-31
sh.601111,2022-08-01,2022-10-31
sh.601117,2022-08-01,2022-10-31
sh.601138,2022-08-01,2022-10-31
sh.601155,2022-08-01,2022-10-31
sh.601166,2022-08-01,2022-10-31
sh.601169,2022-08-01,2022-10-31
sh.601186,2022-08-01,2022-10-31
sh.601211,2022-08-01,2022-10-31
sh.601216,2022-08-01,2022-10-31
sh.601225,2022-08-01,2022-10-31
sh.601229,2022-08-01,2022-10-31
sh.601236,2022-08-01,2022-10-31
sh.601238,2022-08-01,2022-10-31
sh.601288,2022-08-01,2022-10-31
sh.601318,2022-08-01,2022-10-31
sh.601319,2022-08-01,2022-10-31
sh.601328,2022-08-01,2022-10-31
sh.601336,2022-08-01,2022-10-31
sh.601360,2022-08-01,2022-10-31
sh.601377,2022-08-01,2022-10-31
sh.601390,2022-08-01,2022-10-31
sh.601398,2022-08-01,2022-10-31
sh.601600,2022-08-01,2022-10-31
sh.601601,2022-08-01,2022-10-31
sh.601618,2022-08-01,2022-10-31
sh.601628,2022-08-01,2022-10-31
sh.601633,2022-08-01,2022-10-31
sh.601658,2022-08-01,2022-10-31
sh.601668,2022-08-01,2022-10-31
sh.601669,2022-08-01,2022-10-31
sh.601688,2022-08-01,2022-10-31
sh.601698,2022-08-01,2022-10-31
sh.601728,2022-08-01,2022-10-31
sh.601766,2022-08-01,2022-10-31
sh.601788,2022-08-01,2022-10-31
sh.601799,2022-08-01,2022-10-31
sh.601800,2022-08-01,2022-10-31
sh.601808,2022-08-01,2022-10-31
sh.601816,2022-08-01,2022-10-31
sh.601818,2022-08-01,2022-10-31
sh.601825,2022-08-01,2022-10-31
sh.601838,2022-08-01,2022-10-31
sh.601857,2022-08-01,2022-10-31
sh.601865,2022-08-01,2022-10-31
sh.601868,2022-08-01,2022-10-31
sh.601877,2022-08-01,2022-10-31
sh.601878,2022-08-01,2022-10-31
sh.601881,2022-08-01,2022-10-31
sh.601888,2022-08-01,2022-10-31
sh.601898,2022-08-01,2022-10-31
sh.601899,2022-08-01,2022-10-31
sh.601901,2022-08-01,2022-10-31
sh.601916,2022-08-01,2022-10-31
sh.601919,2022-08-01,2022-10-31
sh.601939,2022-08-01,2022-10-31
sh.601966,2022-08-01,2022-10-31
sh.601985,2022-08-01,2022-10-31
sh.601988,2022-08-01,2022-10-31
sh.601989,2022-08-01,2022-10-31
sh.601995,2022-08-01,2022-10-31
sh.601998,2022-08-01,2022-10-31
sh.603019,2022-08-01,2022-10-31
sh.603087,2022-08-01,2022-10-31
sh.603160,2022-08-01,2022-10-31
sh.603185,2022-08-01,2022-10-31
sh.603195,2022-08-01,2022-10-31
sh.603259,2022-08-01,2022-10-31
sh.603260,2022-08-01,2022-10-31
sh.603288,2022-08-01,2022-10-31
sh.603290,2022-08-01,2022-10-31
sh.603369,2022-08-01,2022-10-31
sh.603392,2022-08-01,2022-10-31
sh.603486,2022-08-01,2022-10-31
sh.603501,2022-08-01,2022-10-31
sh.603659,2022-08-01,2022-10-31
sh.603799,2022-08-01,2022-10-31
sh.603806,2022-08-01,2022-10-31
sh.603833,2022-08-01,2022-10-31
sh.603882,2022-08-01,2022-10-31
sh.603899,2022-08-01,2022-10-31
sh.603986,2022-08-01,2022-10-31
sh.603993,2022-08-01,2022-10-31
sh.605499,2022-08-01,2022-10-31
sh.688005,2022-08-01,2022-10-31
sh.688008,2022-08-01,2022-10-31
sh.688012,2022-08-01,2022-10-31
sh.688036,2022-08-01,2022-10-31
sh.688065,2022-08-01,2022-10-31
sh.688111,2022-08-01,2022-10-31
sh.688126,2022-08-01,2022-10-31
sh.688169,2022-08-01,2022-10-31
sh.688363,2022-08-01,2022-10-31
sh.688396,2022-08-01,2022-10-31
sh.688561,2022-08-01,2022-10-31
sh.688599,2022-08-01,2022-10-31
sh.688981,2022-08-01,2022-10-31
sz.000001,2022-08-01,2022-10-31
sz.000002,2022-08-01,2022-10-31
sz.000063,2022-08-01,2022-10-31
sz.000066,2022-08-01,2022-10-31
sz.000069,2022-08-01,2022-10-31
sz.000100,2022-08-01,2022-10-31
sz.000157,2022-08-01,2022-10-31
sz.000166,2022-08-01,2022-10-31
sz.000301,2022-08-01,2022-10-31
sz.000333,2022-08-01,2022-10-31
sz.000338,2022-08-01,2022-10-31
sz.000408,2022-08-01,2022-10-31
sz.000425,2022-08-01,2022-10-31
sz.000538,2022-08-01,2022-10-31
sz.000568,2022-08-01,2022-10-31
sz.000596,2022-08-01,2022-10-31
sz.000625,2022-08-01,2022-10-31
sz.000651,2022-08-01,2022-10-31
sz.000661,2022-08-01,2022-10-31
sz.000703,2022-08-01,2022-10-31
sz.000708,2022-08-01,2022-10-31
sz.000725,2022-08-01,2022-10-31
sz.000768,2022-08-01,2022-10-31
sz.000776,2022-08-01,2022-10-31
sz.000786,2022-08-01,2022-10-31
sz.000792,2022-08-01,2022-10-31
sz.000800,2022-08-01,2022-10-31
sz.000858,2022-08-01,2022-10-31
sz.000876,2022-08-01,2022-10-31
sz.000877,2022-08-01,2022-10-31
sz.000895,2022-08-01,2022-10-31
sz.000938,2022-08-01,2022-10-31
sz.000963,2022-08-01,2022-10-31
sz.000977,2022-08-01,2022-10-31
sz.001289,2022-08-01,2022-10-31
sz.001979,2022-08-01,2022-10-31
sz.002001,2022-08-01,2022-10-31
sz.002007,2022-08-01,2022-10-31
sz.002008,2022-08-01,2022-10-31
sz.002027,2022-08-01,2022-10-31
sz.002032,2022-08-01,2022-10-31
sz.002049,2022-08-01,2022-10-31
sz.002050,2022-08-01,2022-10-31
sz.002064,2022-08-01,2022-10-31
sz.002074,2022-08-01,2022-10-31
sz.002120,2022-08-01,2022-10-31
sz.002129,2022-08-01,2022-10-31
sz.002142,2022-08-01,2022-10-31
sz.002179,2022-08-01,2022-10-31
sz.002202,2022-08-01,2022-10-31
sz.002230,2022-08-01,2022-10-31
sz.002236,2022-08-01,2022-10-31
sz.002241,2022-08-01,2022-10-31
sz.002252,2022-08-01,2022-10-31
sz.002271,2022-08-01,2022-10-31
sz.002304,2022-08-01,2022-10-31
sz.002311,2022-08-01,2022-10-31
sz.002352,2022-08-01,2022-10-31
sz.002371,2022-08-01,2022-10-31
sz.002410,2022-08-01,2022-10-31
sz.002414,2022-08-01,2022-10-31
sz.002415,2022-08-01,2022-10-31
sz.002459,2022-08-01,2022-10-31
sz.002460,2022-08-01,2022-10-31
sz.002466,2022-08-01,2022-10-31
sz.002475,2022-08-01,2022-10-31
sz.002493,2022-08-01,2022-10-31
sz.002555,2022-08-01,2022-10-31
sz.002568,2022-08-01,2022-10-31
sz.002594,2022-08-01,2022-10-31
sz.002600,2022-08-01,2022-10-31
sz.002601,2022-08-01,2022-10-31
sz.002602,2022-08-01,2022-10-31
sz.002607,2022-08-01,2022-10-31
sz.002648,2022-08-01,2022-10-31
sz.002709,2022-08-01,2022-10-31
sz.002714,2022-08-01,2022-10-31
sz.002736,2022-08-01,2022-10-31
sz.002791,2022-08-01,2022-10-31
sz.002812,2022-08-01,2022-10-31
sz.002821,2022-08-01,2022-10-31
sz.002841,2022-08-01,2022-10-31
sz.002916,2022-08-01,2022-10-31
sz.002920,2022-08-01,2022-10-31
sz.002938,2022-08-01,2022-10-31
sz.003816,2022-08-01,2022-10-31
sz.300003,2022-08-01,2022-10-31
sz.300014,2022-08-01,2022-10-31
sz.300015,2022-08-01,2022-10-31
sz.300033,2022-08-01,2022-10-31
sz.300059,2022-08-01,2022-10-31
sz.300122,2022-08-01,2022-10-31
sz.300124,2022-08-01,2022-10-31
sz.300142,2022-08-01,2022-10-31
sz.300207,2022-08-01,2022-10-31
sz.300223,2022-08-01,2022-10-31
sz.300274,2022-08-01,2022-10-31
sz.300316,2022-08-01,2022-10-31
sz.300347,2022-08-01,2022-10-31
sz.300408,2022-08-01,2022-10-31
sz.300413,2022-08-01,2022-10-31
sz.300433,2022-08-01,2022-10-31
sz.300450,2022-08-01,2022-10-31
sz.300454,2022-08-01,2022-10-31
sz.300496,2022-08-01,2022-10-31
sz.300498,2022-08-01,2022-10-31
sz.300529,2022-08-01,2022-10-31
sz.300595,2022-08-01,2022-10-31
sz.300601,2022-08-01,2022-10-31
sz.300628,2022-08-01,2022-10-31
sz.300661,2022-08-01,2022-10-31
sz.300750,2022-08-01,2022-10-31
sz.300751,2022-08-01,2022-10-31
sz.300759,2022-08-01,2022-10-31
sz.300760,2022-08-01,2022-10-31
sz.300763,2022-08-01,2022-10-31
sz.300782,2022-08-01,2022-10-31
sz.300866,2022-08-01,2022-10-31
sz.300896,2022-08-01,2022-10-31
sz.300919,2022-08-01,2022-10-31
sz.300957,2022-08-01,2022-10-31
sz.300979,2022-08-01,2022-10-31
sz.300999,2022-08-01,2022-10-31
sh.600000,2022-08-01,2022-11-30
sh.600009,2022-08-01,2022-11-30
sh.600010,2022-08-01,2022-11-30
sh.600011,2022-08-01,2022-11-30
sh.600015,2022-08-01,2022-11-30
sh.600016,2022-08-01,2022-11-30
sh.600018,2022-08-01,2022-11-30
sh.600019,2022-08-01,2022-11-30
sh.600025,2022-08-01,2022-11-30
sh.600028,2022-08-01,2022-11-30
sh.600029,2022-08-01,2022-11-30
sh.600030,2022-08-01,2022-11-30
sh.600031,2022-08-01,2022-11-30
sh.600036,2022-08-01,2022-11-30
sh.600048,2022-08-01,2022-11-30
sh.600050,2022-08-01,2022-11-30
sh.600061,2022-08-01,2022-11-30
sh.600085,2022-08-01,2022-11-30
sh.600089,2022-08-01,2022-11-30
sh.600104,2022-08-01,2022-11-30
sh.600111,2022-08-01,2022-11-30
sh.600115,2022-08-01,2022-11-30
sh.600132,2022-08-01,2022-11-30
sh.600150,2022-08-01,2022-11-30
sh.600161,2022-08-01,2022-11-30
sh.600176,2022-08-01,2022-11-30
sh.600183,2022-08-01,2022-11-30
sh.600188,2022-08-01,2022-11-30
sh.600196,2022-08-01,2022-11-30
sh.600219,2022-08-01,2022-11-30
sh.600276,2022-08-01,2022-11-30
sh.600309,2022-08-01,2022-11-30
sh.600332,2022-08-01,2022-11-30
sh.600346,2022-08-01,2022-11-30
sh.600352,2022-08-01,2022-11-30
sh.600362,2022-08-01,2022-11-30
sh.600383,2022-08-01,2022-11-30
sh.600406,2022-08-01,2022-11-30
sh.600426,2022-08-01,2022-11-30
sh.600436,2022-08-01,2022-11-30
sh.600438,2022-08-01,2022-11-30
sh.600460,2022-08-01,2022-11-30
sh.600489,2022-08-01,2022-11-30
sh.600519,2022-08-01,2022-11-30
sh.600547,2022-08-01,2022-11-30
sh.600570,2022-08-01,2022-11-30
sh.600584,2022-08-01,2022-11-30
sh.600585,2022-08-01,2022-11-30
sh.600588,2022-08-01,2022-11-30
sh.600600,2022-08-01,2022-11-30
sh.600606,2022-08-01,2022-11-30
sh.600655,2022-08-01,2022-11-30
sh.600660,2022-08-01,2022-11-30
sh.600690,2022-08-01,2022-11-30
sh.600741,2022-08-01,2022-11-30
sh.600745,2022-08-01,2022-11-30
sh.600760,2022-08-01,2022-11-30
sh.600763,2022-08-01,2022-11-30
sh.600795,2022-08-01,2022-11-30
sh.600809,2022-08-01,2022-11-30
sh.600837,2022-08-01,2022-11-30
sh.600845,2022-08-01,2022-11-30
sh.600886,2022-08-01,2022-11-30
sh.600887,2022-08-01,2022-11-30
sh.600893,2022-08-01,2022-11-30
sh.600900,2022-08-01,2022-11-30
sh.600905,2022-08-01,2022-11-30
sh.600918,2022-08-01,2022-11-30
sh.600919,2022-08-01,2022-11-30
sh.600926,2022-08-01,2022-11-30
sh.600941,2022-08-01,2022-11-30
sh.600958,2022-08-01,2022-11-30
sh.600989,2022-08-01,2022-11-30
sh.600999,2022-08-01,2022-11-30
sh.601006,2022-08-01,2022-11-30
sh.601009,2022-08-01,2022-11-30
sh.601012,2022-08-01,2022-11-30
sh.601021,2022-08-01,2022-11-30
sh.601066,2022-08-01,2022-11-30
sh.601088,2022-08-01,2022-11-30
sh.601100,2022-08-01,2022-11-30
sh.601111,2022-08-01,2022-11-30
sh.601117,2022-08-01,2022-11-30
sh.601138,2022-08-01,2022-11-30
sh.601155,2022-08-01,2022-11-30
sh.601166,2022-08-01,2022-11-30
sh.601169,2022-08-01,2022-11-30
sh.601186,2022-08-01,2022-11-30
sh.601211,2022-08-01,2022-11-30
sh.601216,2022-08-01,2022-11-30
sh.601225,2022-08-01,2022-11-30
sh.601229,2022-08-01,2022-11-30
sh.601236,2022-08-01,2022-11-30
sh.601238,2022-08-01,2022-11-30
sh.601288,2022-08-01,2022-11-30
sh.601318,2022-08-01,2022-11-30
sh.601319,2022-08-01,2022-11-30
sh.601328,2022-08-01,2022-11-30
sh.601336,2022-08-01,2022-11-30
sh.601360,2022-08-01,2022-11-30
sh.601377,2022-08-01,2022-11-30
sh.601390,2022-08-01,2022-11-30
sh.601398,2022-08-01,2022-11-30
sh.601600,2022-08-01,2022-11-30
sh.601601,2022-08-01,2022-11-30
sh.601618,2022-08-01,2022-11-30
sh.601628,2022-08-01,2022-11-30
sh.601633,2022-08-01,2022-11-30
sh.601658,2022-08-01,2022-11-30
sh.601668,2022-08-01,2022-11-30
sh.601669,2022-08-01,2022-11-30
sh.601688,2022-08-01,2022-11-30
sh.601698,2022-08-01,2022-11-30
sh.601728,2022-08-01,2022-11-30
sh.601766,2022-08-01,2022-11-30
sh.601788,2022-08-01,2022-11-30
sh.601799,2022-08-01,2022-11-30
sh.601800,2022-08-01,2022-11-30
sh.601808,2022-08-01,2022-11-30
sh.601816,2022-08-01,2022-11-30
sh.601818,2022-08-01,2022-11-30
sh.601825,2022-08-01,2022-11-30
sh.601838,2022-08-01,2022-11-30
sh.601857,2022-08-01,2022-11-30
sh.601865,2022-08-01,2022-11-30
sh.601868,2022-08-01,2022-11-30
sh.601877,2022-08-01,2022-11-30
sh.601878,2022-08-01,2022-11-30
sh.601881,2022-08-01,2022-11-30
sh.601888,2022-08-01,2022-11-30
sh.601898,2022-08-01,2022-11-30
sh.601899,2022-08-01,2022-11-30
sh.601901,2022-08-01,2022-11-30
sh.601916,2022-08-01,2022-11-30
sh.601919,2022-08-01,2022-11-30
sh.601939,2022-08-01,2022-11-30
sh.601966,2022-08-01,2022-11-30
sh.601985,2022-08-01,2022-11-30
sh.601988,2022-08-01,2022-11-30
sh.601989,2022-08-01,2022-11-30
sh.601995,2022-08-01,2022-11-30
sh.601998,2022-08-01,2022-11-30
sh.603019,2022-08-01,2022-11-30
sh.603087,2022-08-01,2022-11-30
sh.603160,2022-08-01,2022-11-30
sh.603185,2022-08-01,2022-11-30
sh.603195,2022-08-01,2022-11-30
sh.603259,2022-08-01,2022-11-30
sh.603260,2022-08-01,2022-11-30
sh.603288,2022-08-01,2022-11-30
sh.603290,2022-08-01,2022-11-30
sh.603369,2022-08-01,2022-11-30
sh.603392,2022-08-01,2022-11-30
sh.603486,2022-08-01,2022-11-30
sh.603501,2022-08-01,2022-11-30
sh.603659,2022-08-01,2022-11-30
sh.603799,2022-08-01,2022-11-30
sh.603806,2022-08-01,2022-11-30
sh.603833,2022-08-01,2022-11-30
sh.603882,2022-08-01,2022-11-30
sh.603899,2022-08-01,2022-11-30
sh.603986,2022-08-01,2022-11-30
sh.603993,2022-08-01,2022-11-30
sh.605499,2022-08-01,2022-11-30
sh.688005,2022-08-01,2022-11-30
sh.688008,2022-08-01,2022-11-30
sh.688012,2022-08-01,2022-11-30
sh.688036,2022-08-01,2022-11-30
sh.688065,2022-08-01,2022-11-30
sh.688111,2022-08-01,2022-11-30
sh.688126,2022-08-01,2022-11-30
sh.688169,2022-08-01,2022-11-30
sh.688363,2022-08-01,2022-11-30
sh.688396,2022-08-01,2022-11-30
sh.688561,2022-08-01,2022-11-30
sh.688599,2022-08-01,2022-11-30
sh.688981,2022-08-01,2022-11-30
sz.000001,2022-08-01,2022-11-30
sz.000002,2022-08-01,2022-11-30
sz.000063,2022-08-01,2022-11-30
sz.000066,2022-08-01,2022-11-30
sz.000069,2022-08-01,2022-11-30
sz.000100,2022-08-01,2022-11-30
sz.000157,2022-08-01,2022-11-30
sz.000166,2022-08-01,2022-11-30
sz.000301,2022-08-01,2022-11-30
sz.000333,2022-08-01,2022-11-30
sz.000338,2022-08-01,2022-11-30
sz.000408,2022-08-01,2022-11-30
sz.000425,2022-08-01,2022-11-30
sz.000538,2022-08-01,2022-11-30
sz.000568,2022-08-01,2022-11-30
sz.000596,2022-08-01,2022-11-30
sz.000625,2022-08-01,2022-11-30
sz.000651,2022-08-01,2022-11-30
sz.000661,2022-08-01,2022-11-30
sz.000703,2022-08-01,2022-11-30
sz.000708,2022-08-01,2022-11-30
sz.000725,2022-08-01,2022-11-30
sz.000768,2022-08-01,2022-11-30
sz.000776,2022-08-01,2022-11-30
sz.000786,2022-08-01,2022-11-30
sz.000792,2022-08-01,2022-11-30
sz.000800,2022-08-01,2022-11-30
sz.000858,2022-08-01,2022-11-30
sz.000876,2022-08-01,2022-11-30
sz.000877,2022-08-01,2022-11-30
sz.000895,2022-08-01,2022-11-30
sz.000938,2022-08-01,2022-11-30
sz.000963,2022-08-01,2022-11-30
sz.000977,2022-08-01,2022-11-30
sz.001289,2022-08-01,2022-11-30
sz.001979,2022-08-01,2022-11-30
sz.002001,2022-08-01,2022-11-30
sz.002007,2022-08-01,2022-11-30
sz.002008,2022-08-01,2022-11-30
sz.002027,2022-08-01,2022-11-30
sz.002032,2022-08-01,2022-11-30
sz.002049,2022-08-01,2022-11-30
sz.002050,2022-08-01,2022-11-30
sz.002064,2022-08-01,2022-11-30
sz.002074,2022-08-01,2022-11-30
sz.002120,2022-08-01,2022-11-30
sz.002129,2022-08-01,2022-11-30
sz.002142,2022-08-01,2022-11-30
sz.002179,2022-08-01,2022-11-30
sz.002202,2022-08-01,2022-11-30
sz.002230,2022-08-01,2022-11-30
sz.002236,2022-08-01,2022-11-30
sz.002241,2022-08-01,2022-11-30
sz.002252,2022-08-01,2022-11-30
sz.002271,2022-08-01,2022-11-30
sz.002304,2022-08-01,2022-11-30
sz.002311,2022-08-01,2022-11-30
sz.002352,2022-08-01,2022-11-30
sz.002371,2022-08-01,2022-11-30
sz.002410,2022-08-01,2022-11-30
sz.002414,2022-08-01,2022-11-30
sz.002415,2022-08-01,2022-11-30
sz.002459,2022-08-01,2022-11-30
sz.002460,2022-08-01,2022-11-30
sz.002466,2022-08-01,2022-11-30
sz.002475,2022-08-01,2022-11-30
sz.002493,2022-08-01,2022-11-30
sz.002555,2022-08-01,2022-11-30
sz.002568,2022-08-01,2022-11-30
sz.002594,2022-08-01,2022-11-30
sz.002600,2022-08-01,2022-11-30
sz.002601,2022-08-01,2022-11-30
sz.002602,2022-08-01,2022-11-30
sz.002607,2022-08-01,2022-11-30
sz.002648,2022-08-01,2022-11-30
sz.002709,2022-08-01,2022-11-30
sz.002714,2022-08-01,2022-11-30
sz.002736,2022-08-01,2022-11-30
sz.002791,2022-08-01,2022-11-30
sz.002812,2022-08-01,2022-11-30
sz.002821,2022-08-01,2022-11-30
sz.002841,2022-08-01,2022-11-30
sz.002916,2022-08-01,2022-11-30
sz.002920,2022-08-01,2022-11-30
sz.002938,2022-08-01,2022-11-30
sz.003816,2022-08-01,2022-11-30
sz.300003,2022-08-01,2022-11-30
sz.300014,2022-08-01,2022-11-30
sz.300015,2022-08-01,2022-11-30
sz.300033,2022-08-01,2022-11-30
sz.300059,2022-08-01,2022-11-30
sz.300122,2022-08-01,2022-11-30
sz.300124,2022-08-01,2022-11-30
sz.300142,2022-08-01,2022-11-30
sz.300207,2022-08-01,2022-11-30
sz.300223,2022-08-01,2022-11-30
sz.300274,2022-08-01,2022-11-30
sz.300316,2022-08-01,2022-11-30
sz.300347,2022-08-01,2022-11-30
sz.300408,2022-08-01,2022-11-30
sz.300413,2022-08-01,2022-11-30
sz.300433,2022-08-01,2022-11-30
sz.300450,2022-08-01,2022-11-30
sz.300454,2022-08-01,2022-11-30
sz.300496,2022-08-01,2022-11-30
sz.300498,2022-08-01,2022-11-30
sz.300529,2022-08-01,2022-11-30
sz.300595,2022-08-01,2022-11-30
sz.300601,2022-08-01,2022-11-30
sz.300628,2022-08-01,2022-11-30
sz.300661,2022-08-01,2022-11-30
sz.300750,2022-08-01,2022-11-30
sz.300751,2022-08-01,2022-11-30
sz.300759,2022-08-01,2022-11-30
sz.300760,2022-08-01,2022-11-30
sz.300763,2022-08-01,2022-11-30
sz.300782,2022-08-01,2022-11-30
sz.300866,2022-08-01,2022-11-30
sz.300896,2022-08-01,2022-11-30
sz.300919,2022-08-01,2022-11-30
sz.300957,2022-08-01,2022-11-30
sz.300979,2022-08-01,2022-11-30
sz.300999,2022-08-01,2022-11-30
sh.600000,2022-08-01,2022-12-31
sh.600009,2022-08-01,2022-12-31
sh.600010,2022-08-01,2022-12-31
sh.600011,2022-08-01,2022-12-31
sh.600015,2022-08-01,2022-12-31
sh.600016,2022-08-01,2022-12-31
sh.600018,2022-08-01,2022-12-31
sh.600019,2022-08-01,2022-12-31
sh.600025,2022-08-01,2022-12-31
sh.600028,2022-08-01,2022-12-31
sh.600029,2022-08-01,2022-12-31
sh.600030,2022-08-01,2022-12-31
sh.600031,2022-08-01,2022-12-31
sh.600036,2022-08-01,2022-12-31
sh.600048,2022-08-01,2022-12-31
sh.600050,2022-08-01,2022-12-31
sh.600061,2022-08-01,2022-12-31
sh.600085,2022-08-01,2022-12-31
sh.600089,2022-08-01,2022-12-31
sh.600104,2022-08-01,2022-12-31
sh.600111,2022-08-01,2022-12-31
sh.600115,2022-08-01,2022-12-31
sh.600132,2022-08-01,2022-12-31
sh.600150,2022-08-01,2022-12-31
sh.600161,2022-08-01,2022-12-31
sh.600176,2022-08-01,2022-12-31
sh.600183,2022-08-01,2022-12-31
sh.600188,2022-08-01,2022-12-31
sh.600196,2022-08-01,2022-12-31
sh.600219,2022-08-01,2022-12-31
sh.600276,2022-08-01,2022-12-31
sh.600309,2022-08-01,2022-12-31
sh.600332,2022-08-01,2022-12-31
sh.600346,2022-08-01,2022-12-31
sh.600352,2022-08-01,2022-12-31
sh.600362,2022-08-01,2022-12-31
sh.600383,2022-08-01,2022-12-31
sh.600406,2022-08-01,2022-12-31
sh.600426,2022-08-01,2022-12-31
sh.600436,2022-08-01,2022-12-31
sh.600438,2022-08-01,2022-12-31
sh.600460,2022-08-01,2022-12-31
sh.600489,2022-08-01,2022-12-31
sh.600519,2022-08-01,2022-12-31
sh.600547,2022-08-01,2022-12-31
sh.600570,2022-08-01,2022-12-31
sh.600584,2022-08-01,2022-12-31
sh.600585,2022-08-01,2022-12-31
sh.600588,2022-08-01,2022-12-31
sh.600600,2022-08-01,2022-12-31
sh.600606,2022-08-01,2022-12-31
sh.600655,2022-08-01,2022-12-31
sh.600660,2022-08-01,2022-12-31
sh.600690,2022-08-01,2022-12-31
sh.600741,2022-08-01,2022-12-31
sh.600745,2022-08-01,2022-12-31
sh.600760,2022-08-01,2022-12-31
sh.600763,2022-08-01,2022-12-31
sh.600795,2022-08-01,2022-12-31
sh.600809,2022-08-01,2022-12-31
sh.600837,2022-08-01,2022-12-31
sh.600845,2022-08-01,2022-12-31
sh.600886,2022-08-01,2022-12-31
sh.600887,2022-08-01,2022-12-31
sh.600893,2022-08-01,2022-12-31
sh.600900,2022-08-01,2022-12-31
sh.600905,2022-08-01,2022-12-31
sh.600918,2022-08-01,2022-12-31
sh.600919,2022-08-01,2022-12-31
sh.600926,2022-08-01,2022-12-31
sh.600941,2022-08-01,2022-12-31
sh.600958,2022-08-01,2022-12-31
sh.600989,2022-08-01,2022-12-31
sh.600999,2022-08-01,2022-12-31
sh.601006,2022-08-01,2022-12-31
sh.601009,2022-08-01,2022-12-31
sh.601012,2022-08-01,2022-12-31
sh.601021,2022-08-01,2022-12-31
sh.601066,2022-08-01,2022-12-31
sh.601088,2022-08-01,2022-12-31
sh.601100,2022-08-01,2022-12-31
sh.601111,2022-08-01,2022-12-31
sh.601117,2022-08-01,2022-12-31
sh.601138,2022-08-01,2022-12-31
sh.601155,2022-08-01,2022-12-31
sh.601166,2022-08-01,2022-12-31
sh.601169,2022-08-01,2022-12-31
sh.601186,2022-08-01,2022-12-31
sh.601211,2022-08-01,2022-12-31
sh.601216,2022-08-01,2022-12-31
sh.601225,2022-08-01,2022-12-31
sh.601229,2022-08-01,2022-12-31
sh.601236,2022-08-01,2022-12-31
sh.601238,2022-08-01,2022-12-31
sh.601288,2022-08-01,2022-12-31
sh.601318,2022-08-01,2022-12-31
sh.601319,2022-08-01,2022-12-31
sh.601328,2022-08-01,2022-12-31
sh.601336,2022-08-01,2022-12-31
sh.601360,2022-08-01,2022-12-31
sh.601377,2022-08-01,2022-12-31
sh.601390,2022-08-01,2022-12-31
sh.601398,2022-08-01,2022-12-31
sh.601600,2022-08-01,2022-12-31
sh.601601,2022-08-01,2022-12-31
sh.601618,2022-08-01,2022-12-31
sh.601628,2022-08-01,2022-12-31
sh.601633,2022-08-01,2022-12-31
sh.601658,2022-08-01,2022-12-31
sh.601668,2022-08-01,2022-12-31
sh.601669,2022-08-01,2022-12-31
sh.601688,2022-08-01,2022-12-31
sh.601698,2022-08-01,2022-12-31
sh.601728,2022-08-01,2022-12-31
sh.601766,2022-08-01,2022-12-31
sh.601788,2022-08-01,2022-12-31
sh.601799,2022-08-01,2022-12-31
sh.601800,2022-08-01,2022-12-31
sh.601808,2022-08-01,2022-12-31
sh.601816,2022-08-01,2022-12-31
sh.601818,2022-08-01,2022-12-31
sh.601825,2022-08-01,2022-12-31
sh.601838,2022-08-01,2022-12-31
sh.601857,2022-08-01,2022-12-31
sh.601865,2022-08-01,2022-12-31
sh.601868,2022-08-01,2022-12-31
sh.601877,2022-08-01,2022-12-31
sh.601878,2022-08-01,2022-12-31
sh.601881,2022-08-01,2022-12-31
sh.601888,2022-08-01,2022-12-31
sh.601898,2022-08-01,2022-12-31
sh.601899,2022-08-01,2022-12-31
sh.601901,2022-08-01,2022-12-31
sh.601916,2022-08-01,2022-12-31
sh.601919,2022-08-01,2022-12-31
sh.601939,2022-08-01,2022-12-31
sh.601966,2022-08-01,2022-12-31
sh.601985,2022-08-01,2022-12-31
sh.601988,2022-08-01,2022-12-31
sh.601989,2022-08-01,2022-12-31
sh.601995,2022-08-01,2022-12-31
sh.601998,2022-08-01,2022-12-31
sh.603019,2022-08-01,2022-12-31
sh.603087,2022-08-01,2022-12-31
sh.603160,2022-08-01,2022-12-31
sh.603185,2022-08-01,2022-12-31
sh.603195,2022-08-01,2022-12-31
sh.603259,2022-08-01,2022-12-31
sh.603260,2022-08-01,2022-12-31
sh.603288,2022-08-01,2022-12-31
sh.603290,2022-08-01,2022-12-31
sh.603369,2022-08-01,2022-12-31
sh.603392,2022-08-01,2022-12-31
sh.603486,2022-08-01,2022-12-31
sh.603501,2022-08-01,2022-12-31
sh.603659,2022-08-01,2022-12-31
sh.603799,2022-08-01,2022-12-31
sh.603806,2022-08-01,2022-12-31
sh.603833,2022-08-01,2022-12-31
sh.603882,2022-08-01,2022-12-31
sh.603899,2022-08-01,2022-12-31
sh.603986,2022-08-01,2022-12-31
sh.603993,2022-08-01,2022-12-31
sh.605499,2022-08-01,2022-12-31
sh.688005,2022-08-01,2022-12-31
sh.688008,2022-08-01,2022-12-31
sh.688012,2022-08-01,2022-12-31
sh.688036,2022-08-01,2022-12-31
sh.688065,2022-08-01,2022-12-31
sh.688111,2022-08-01,2022-12-31
sh.688126,2022-08-01,2022-12-31
sh.688169,2022-08-01,2022-12-31
sh.688363,2022-08-01,2022-12-31
sh.688396,2022-08-01,2022-12-31
sh.688561,2022-08-01,2022-12-31
sh.688599,2022-08-01,2022-12-31
sh.688981,2022-08-01,2022-12-31
sz.000001,2022-08-01,2022-12-31
sz.000002,2022-08-01,2022-12-31
sz.000063,2022-08-01,2022-12-31
sz.000066,2022-08-01,2022-12-31
sz.000069,2022-08-01,2022-12-31
sz.000100,2022-08-01,2022-12-31
sz.000157,2022-08-01,2022-12-31
sz.000166,2022-08-01,2022-12-31
sz.000301,2022-08-01,2022-12-31
sz.000333,2022-08-01,2022-12-31
sz.000338,2022-08-01,2022-12-31
sz.000408,2022-08-01,2022-12-31
sz.000425,2022-08-01,2022-12-31
sz.000538,2022-08-01,2022-12-31
sz.000568,2022-08-01,2022-12-31
sz.000596,2022-08-01,2022-12-31
sz.000625,2022-08-01,2022-12-31
sz.000651,2022-08-01,2022-12-31
sz.000661,2022-08-01,2022-12-31
sz.000703,2022-08-01,2022-12-31
sz.000708,2022-08-01,2022-12-31
sz.000725,2022-08-01,2022-12-31
sz.000768,2022-08-01,2022-12-31
sz.000776,2022-08-01,2022-12-31
sz.000786,2022-08-01,2022-12-31
sz.000792,2022-08-01,2022-12-31
sz.000800,2022-08-01,2022-12-31
sz.000858,2022-08-01,2022-12-31
sz.000876,2022-08-01,2022-12-31
sz.000877,2022-08-01,2022-12-31
sz.000895,2022-08-01,2022-12-31
sz.000938,2022-08-01,2022-12-31
sz.000963,2022-08-01,2022-12-31
sz.000977,2022-08-01,2022-12-31
sz.001289,2022-08-01,2022-12-31
sz.001979,2022-08-01,2022-12-31
sz.002001,2022-08-01,2022-12-31
sz.002007,2022-08-01,2022-12-31
sz.002008,2022-08-01,2022-12-31
sz.002027,2022-08-01,2022-12-31
sz.002032,2022-08-01,2022-12-31
sz.002049,2022-08-01,2022-12-31
sz.002050,2022-08-01,2022-12-31
sz.002064,2022-08-01,2022-12-31
sz.002074,2022-08-01,2022-12-31
sz.002120,2022-08-01,2022-12-31
sz.002129,2022-08-01,2022-12-31
sz.002142,2022-08-01,2022-12-31
sz.002179,2022-08-01,2022-12-31
sz.002202,2022-08-01,2022-12-31
sz.002230,2022-08-01,2022-12-31
sz.002236,2022-08-01,2022-12-31
sz.002241,2022-08-01,2022-12-31
sz.002252,2022-08-01,2022-12-31
sz.002271,2022-08-01,2022-12-31
sz.002304,2022-08-01,2022-12-31
sz.002311,2022-08-01,2022-12-31
sz.002352,2022-08-01,2022-12-31
sz.002371,2022-08-01,2022-12-31
sz.002410,2022-08-01,2022-12-31
sz.002414,2022-08-01,2022-12-31
sz.002415,2022-08-01,2022-12-31
sz.002459,2022-08-01,2022-12-31
sz.002460,2022-08-01,2022-12-31
sz.002466,2022-08-01,2022-12-31
sz.002475,2022-08-01,2022-12-31
sz.002493,2022-08-01,2022-12-31
sz.002555,2022-08-01,2022-12-31
sz.002568,2022-08-01,2022-12-31
sz.002594,2022-08-01,2022-12-31
sz.002600,2022-08-01,2022-12-31
sz.002601,2022-08-01,2022-12-31
sz.002602,2022-08-01,2022-12-31
sz.002607,2022-08-01,2022-12-31
sz.002648,2022-08-01,2022-12-31
sz.002709,2022-08-01,2022-12-31
sz.002714,2022-08-01,2022-12-31
sz.002736,2022-08-01,2022-12-31
sz.002791,2022-08-01,2022-12-31
sz.002812,2022-08-01,2022-12-31
sz.002821,2022-08-01,2022-12-31
sz.002841,2022-08-01,2022-12-31
sz.002916,2022-08-01,2022-12-31
sz.002920,2022-08-01,2022-12-31
sz.002938,2022-08-01,2022-12-31
sz.003816,2022-08-01,2022-12-31
sz.300003,2022-08-01,2022-12-31
sz.300014,2022-08-01,2022-12-31
sz.300015,2022-08-01,2022-12-31
sz.300033,2022-08-01,2022-12-31
sz.300059,2022-08-01,2022-12-31
sz.300122,2022-08-01,2022-12-31
sz.300124,2022-08-01,2022-12-31
sz.300142,2022-08-01,2022-12-31
sz.300207,2022-08-01,2022-12-31
sz.300223,2022-08-01,2022-12-31
sz.300274,2022-08-01,2022-12-31
sz.300316,2022-08-01,2022-12-31
sz.300347,2022-08-01,2022-12-31
sz.300408,2022-08-01,2022-12-31
sz.300413,2022-08-01,2022-12-31
sz.300433,2022-08-01,2022-12-31
sz.300450,2022-08-01,2022-12-31
sz.300454,2022-08-01,2022-12-31
sz.300496,2022-08-01,2022-12-31
sz.300498,2022-08-01,2022-12-31
sz.300529,2022-08-01,2022-12-31
sz.300595,2022-08-01,2022-12-31
sz.300601,2022-08-01,2022-12-31
sz.300628,2022-08-01,2022-12-31
sz.300661,2022-08-01,2022-12-31
sz.300750,2022-08-01,2022-12-31
sz.300751,2022-08-01,2022-12-31
sz.300759,2022-08-01,2022-12-31
sz.300760,2022-08-01,2022-12-31
sz.300763,2022-08-01,2022-12-31
sz.300782,2022-08-01,2022-12-31
sz.300866,2022-08-01,2022-12-31
sz.300896,2022-08-01,2022-12-31
sz.300919,2022-08-01,2022-12-31
sz.300957,2022-08-01,2022-12-31
sz.300979,2022-08-01,2022-12-31
sz.300999,2022-08-01,2022-12-31
sh.600000,2022-08-01,2023-01-31
sh.600009,2022-08-01,2023-01-31
sh.600010,2022-08-01,2023-01-31
sh.600011,2022-08-01,2023-01-31
sh.600015,2022-08-01,2023-01-31
sh.600016,2022-08-01,2023-01-31
sh.600018,2022-08-01,2023-01-31
sh.600019,2022-08-01,2023-01-31
sh.600025,2022-08-01,2023-01-31
sh.600028,2022-08-01,2023-01-31
sh.600029,2022-08-01,2023-01-31
sh.600030,2022-08-01,2023-01-31
sh.600031,2022-08-01,2023-01-31
sh.600036,2022-08-01,2023-01-31
sh.600048,2022-08-01,2023-01-31
sh.600050,2022-08-01,2023-01-31
sh.600061,2022-08-01,2023-01-31
sh.600085,2022-08-01,2023-01-31
sh.600089,2022-08-01,2023-01-31
sh.600104,2022-08-01,2023-01-31
sh.600111,2022-08-01,2023-01-31
sh.600115,2022-08-01,2023-01-31
sh.600132,2022-08-01,2023-01-31
sh.600150,2022-08-01,2023-01-31
sh.600161,2022-08-01,2023-01-31
sh.600176,2022-08-01,2023-01-31
sh.600183,2022-08-01,2023-01-31
sh.600188,2022-08-01,2023-01-31
sh.600196,2022-08-01,2023-01-31
sh.600219,2022-08-01,2023-01-31
sh.600276,2022-08-01,2023-01-31
sh.600309,2022-08-01,2023-01-31
sh.600332,2022-08-01,2023-01-31
sh.600346,2022-08-01,2023-01-31
sh.600352,2022-08-01,2023-01-31
sh.600362,2022-08-01,2023-01-31
sh.600383,2022-08-01,2023-01-31
sh.600406,2022-08-01,2023-01-31
sh.600426,2022-08-01,2023-01-31
sh.600436,2022-08-01,2023-01-31
sh.600438,2022-08-01,2023-01-31
sh.600460,2022-08-01,2023-01-31
sh.600489,2022-08-01,2023-01-31
sh.600519,2022-08-01,2023-01-31
sh.600547,2022-08-01,2023-01-31
sh.600570,2022-08-01,2023-01-31
sh.600584,2022-08-01,2023-01-31
sh.600585,2022-08-01,2023-01-31
sh.600588,2022-08-01,2023-01-31
sh.600600,2022-08-01,2023-01-31
sh.600606,2022-08-01,2023-01-31
sh.600655,2022-08-01,2023-01-31
sh.600660,2022-08-01,2023-01-31
sh.600690,2022-08-01,2023-01-31
sh.600741,2022-08-01,2023-01-31
sh.600745,2022-08-01,2023-01-31
sh.600760,2022-08-01,2023-01-31
sh.600763,2022-08-01,2023-01-31
sh.600795,2022-08-01,2023-01-31
sh.600809,2022-08-01,2023-01-31
sh.600837,2022-08-01,2023-01-31
sh.600845,2022-08-01,2023-01-31
sh.600886,2022-08-01,2023-01-31
sh.600887,2022-08-01,2023-01-31
sh.600893,2022-08-01,2023-01-31
sh.600900,2022-08-01,2023-01-31
sh.600905,2022-08-01,2023-01-31
sh.600918,2022-08-01,2023-01-31
sh.600919,2022-08-01,2023-01-31
sh.600926,2022-08-01,2023-01-31
sh.600941,2022-08-01,2023-01-31
sh.600958,2022-08-01,2023-01-31
sh.600989,2022-08-01,2023-01-31
sh.600999,2022-08-01,2023-01-31
sh.601006,2022-08-01,2023-01-31
sh.601009,2022-08-01,2023-01-31
sh.601012,2022-08-01,2023-01-31
sh.601021,2022-08-01,2023-01-31
sh.601066,2022-08-01,2023-01-31
sh.601088,2022-08-01,2023-01-31
sh.601100,2022-08-01,2023-01-31
sh.601111,2022-08-01,2023-01-31
sh.601117,2022-08-01,2023-01-31
sh.601138,2022-08-01,2023-01-31
sh.601155,2022-08-01,2023-01-31
sh.601166,2022-08-01,2023-01-31
sh.601169,2022-08-01,2023-01-31
sh.601186,2022-08-01,2023-01-31
sh.601211,2022-08-01,2023-01-31
sh.601216,2022-08-01,2023-01-31
sh.601225,2022-08-01,2023-01-31
sh.601229,2022-08-01,2023-01-31
sh.601236,2022-08-01,2023-01-31
sh.601238,2022-08-01,2023-01-31
sh.601288,2022-08-01,2023-01-31
sh.601318,2022-08-01,2023-01-31
sh.601319,2022-08-01,2023-01-31
sh.601328,2022-08-01,2023-01-31
sh.601336,2022-08-01,2023-01-31
sh.601360,2022-08-01,2023-01-31
sh.601377,2022-08-01,2023-01-31
sh.601390,2022-08-01,2023-01-31
sh.601398,2022-08-01,2023-01-31
sh.601600,2022-08-01,2023-01-31
sh.601601,2022-08-01,2023-01-31
sh.601618,2022-08-01,2023-01-31
sh.601628,2022-08-01,2023-01-31
sh.601633,2022-08-01,2023-01-31
sh.601658,2022-08-01,2023-01-31
sh.601668,2022-08-01,2023-01-31
sh.601669,2022-08-01,2023-01-31
sh.601688,2022-08-01,2023-01-31
sh.601698,2022-08-01,2023-01-31
sh.601728,2022-08-01,2023-01-31
sh.601766,2022-08-01,2023-01-31
sh.601788,2022-08-01,2023-01-31
sh.601799,2022-08-01,2023-01-31
sh.601800,2022-08-01,2023-01-31
sh.601808,2022-08-01,2023-01-31
sh.601816,2022-08-01,2023-01-31
sh.601818,2022-08-01,2023-01-31
sh.601825,2022-08-01,2023-01-31
sh.601838,2022-08-01,2023-01-31
sh.601857,2022-08-01,2023-01-31
sh.601865,2022-08-01,2023-01-31
sh.601868,2022-08-01,2023-01-31
sh.601877,2022-08-01,2023-01-31
sh.601878,2022-08-01,2023-01-31
sh.601881,2022-08-01,2023-01-31
sh.601888,2022-08-01,2023-01-31
sh.601898,2022-08-01,2023-01-31
sh.601899,2022-08-01,2023-01-31
sh.601901,2022-08-01,2023-01-31
sh.601916,2022-08-01,2023-01-31
sh.601919,2022-08-01,2023-01-31
sh.601939,2022-08-01,2023-01-31
sh.601966,2022-08-01,2023-01-31
sh.601985,2022-08-01,2023-01-31
sh.601988,2022-08-01,2023-01-31
sh.601989,2022-08-01,2023-01-31
sh.601995,2022-08-01,2023-01-31
sh.601998,2022-08-01,2023-01-31
sh.603019,2022-08-01,2023-01-31
sh.603087,2022-08-01,2023-01-31
sh.603160,2022-08-01,2023-01-31
sh.603185,2022-08-01,2023-01-31
sh.603195,2022-08-01,2023-01-31
sh.603259,2022-08-01,2023-01-31
sh.603260,2022-08-01,2023-01-31
sh.603288,2022-08-01,2023-01-31
sh.603290,2022-08-01,2023-01-31
sh.603369,2022-08-01,2023-01-31
sh.603392,2022-08-01,2023-01-31
sh.603486,2022-08-01,2023-01-31
sh.603501,2022-08-01,2023-01-31
sh.603659,2022-08-01,2023-01-31
sh.603799,2022-08-01,2023-01-31
sh.603806,2022-08-01,2023-01-31
sh.603833,2022-08-01,2023-01-31
sh.603882,2022-08-01,2023-01-31
sh.603899,2022-08-01,2023-01-31
sh.603986,2022-08-01,2023-01-31
sh.603993,2022-08-01,2023-01-31
sh.605499,2022-08-01,2023-01-31
sh.688005,2022-08-01,2023-01-31
sh.688008,2022-08-01,2023-01-31
sh.688012,2022-08-01,2023-01-31
sh.688036,2022-08-01,2023-01-31
sh.688065,2022-08-01,2023-01-31
sh.688111,2022-08-01,2023-01-31
sh.688126,2022-08-01,2023-01-31
sh.688169,2022-08-01,2023-01-31
sh.688363,2022-08-01,2023-01-31
sh.688396,2022-08-01,2023-01-31
sh.688561,2022-08-01,2023-01-31
sh.688599,2022-08-01,2023-01-31
sh.688981,2022-08-01,2023-01-31
sz.000001,2022-08-01,2023-01-31
sz.000002,2022-08-01,2023-01-31
sz.000063,2022-08-01,2023-01-31
sz.000066,2022-08-01,2023-01-31
sz.000069,2022-08-01,2023-01-31
sz.000100,2022-08-01,2023-01-31
sz.000157,2022-08-01,2023-01-31
sz.000166,2022-08-01,2023-01-31
sz.000301,2022-08-01,2023-01-31
sz.000333,2022-08-01,2023-01-31
sz.000338,2022-08-01,2023-01-31
sz.000408,2022-08-01,2023-01-31
sz.000425,2022-08-01,2023-01-31
sz.000538,2022-08-01,2023-01-31
sz.000568,2022-08-01,2023-01-31
sz.000596,2022-08-01,2023-01-31
sz.000625,2022-08-01,2023-01-31
sz.000651,2022-08-01,2023-01-31
sz.000661,2022-08-01,2023-01-31
sz.000703,2022-08-01,2023-01-31
sz.000708,2022-08-01,2023-01-31
sz.000725,2022-08-01,2023-01-31
sz.000768,2022-08-01,2023-01-31
sz.000776,2022-08-01,2023-01-31
sz.000786,2022-08-01,2023-01-31
sz.000792,2022-08-01,2023-01-31
sz.000800,2022-08-01,2023-01-31
sz.000858,2022-08-01,2023-01-31
sz.000876,2022-08-01,2023-01-31
sz.000877,2022-08-01,2023-01-31
sz.000895,2022-08-01,2023-01-31
sz.000938,2022-08-01,2023-01-31
sz.000963,2022-08-01,2023-01-31
sz.000977,2022-08-01,2023-01-31
sz.001289,2022-08-01,2023-01-31
sz.001979,2022-08-01,2023-01-31
sz.002001,2022-08-01,2023-01-31
sz.002007,2022-08-01,2023-01-31
sz.002008,2022-08-01,2023-01-31
sz.002027,2022-08-01,2023-01-31
sz.002032,2022-08-01,2023-01-31
sz.002049,2022-08-01,2023-01-31
sz.002050,2022-08-01,2023-01-31
sz.002064,2022-08-01,2023-01-31
sz.002074,2022-08-01,2023-01-31
sz.002120,2022-08-01,2023-01-31
sz.002129,2022-08-01,2023-01-31
sz.002142,2022-08-01,2023-01-31
sz.002179,2022-08-01,2023-01-31
sz.002202,2022-08-01,2023-01-31
sz.002230,2022-08-01,2023-01-31
sz.002236,2022-08-01,2023-01-31
sz.002241,2022-08-01,2023-01-31
sz.002252,2022-08-01,2023-01-31
sz.002271,2022-08-01,2023-01-31
sz.002304,2022-08-01,2023-01-31
sz.002311,2022-08-01,2023-01-31
sz.002352,2022-08-01,2023-01-31
sz.002371,2022-08-01,2023-01-31
sz.002410,2022-08-01,2023-01-31
sz.002414,2022-08-01,2023-01-31
sz.002415,2022-08-01,2023-01-31
sz.002459,2022-08-01,2023-01-31
sz.002460,2022-08-01,2023-01-31
sz.002466,2022-08-01,2023-01-31
sz.002475,2022-08-01,2023-01-31
sz.002493,2022-08-01,2023-01-31
sz.002555,2022-08-01,2023-01-31
sz.002568,2022-08-01,2023-01-31
sz.002594,2022-08-01,2023-01-31
sz.002600,2022-08-01,2023-01-31
sz.002601,2022-08-01,2023-01-31
sz.002602,2022-08-01,2023-01-31
sz.002607,2022-08-01,2023-01-31
sz.002648,2022-08-01,2023-01-31
sz.002709,2022-08-01,2023-01-31
sz.002714,2022-08-01,2023-01-31
sz.002736,2022-08-01,2023-01-31
sz.002791,2022-08-01,2023-01-31
sz.002812,2022-08-01,2023-01-31
sz.002821,2022-08-01,2023-01-31
sz.002841,2022-08-01,2023-01-31
sz.002916,2022-08-01,2023-01-31
sz.002920,2022-08-01,2023-01-31
sz.002938,2022-08-01,2023-01-31
sz.003816,2022-08-01,2023-01-31
sz.300003,2022-08-01,2023-01-31
sz.300014,2022-08-01,2023-01-31
sz.300015,2022-08-01,2023-01-31
sz.300033,2022-08-01,2023-01-31
sz.300059,2022-08-01,2023-01-31
sz.300122,2022-08-01,2023-01-31
sz.300124,2022-08-01,2023-01-31
sz.300142,2022-08-01,2023-01-31
sz.300207,2022-08-01,2023-01-31
sz.300223,2022-08-01,2023-01-31
sz.300274,2022-08-01,2023-01-31
sz.300316,2022-08-01,2023-01-31
sz.300347,2022-08-01,2023-01-31
sz.300408,2022-08-01,2023-01-31
sz.300413,2022-08-01,2023-01-31
sz.300433,2022-08-01,2023-01-31
sz.300450,2022-08-01,2023-01-31
sz.300454,2022-08-01,2023-01-31
sz.300496,2022-08-01,2023-01-31
sz.300498,2022-08-01,2023-01-31
sz.300529,2022-08-01,2023-01-31
sz.300595,2022-08-01,2023-01-31
sz.300601,2022-08-01,2023-01-31
sz.300628,2022-08-01,2023-01-31
sz.300661,2022-08-01,2023-01-31
sz.300750,2022-08-01,2023-01-31
sz.300751,2022-08-01,2023-01-31
sz.300759,2022-08-01,2023-01-31
sz.300760,2022-08-01,2023-01-31
sz.300763,2022-08-01,2023-01-31
sz.300782,2022-08-01,2023-01-31
sz.300866,2022-08-01,2023-01-31
sz.300896,2022-08-01,2023-01-31
sz.300919,2022-08-01,2023-01-31
sz.300957,2022-08-01,2023-01-31
sz.300979,2022-08-01,2023-01-31
sz.300999,2022-08-01,2023-01-31
sh.600000,2022-08-01,2023-02-28
sh.600009,2022-08-01,2023-02-28
sh.600010,2022-08-01,2023-02-28
sh.600011,2022-08-01,2023-02-28
sh.600015,2022-08-01,2023-02-28
sh.600016,2022-08-01,2023-02-28
sh.600018,2022-08-01,2023-02-28
sh.600019,2022-08-01,2023-02-28
sh.600025,2022-08-01,2023-02-28
sh.600028,2022-08-01,2023-02-28
sh.600029,2022-08-01,2023-02-28
sh.600030,2022-08-01,2023-02-28
sh.600031,2022-08-01,2023-02-28
sh.600036,2022-08-01,2023-02-28
sh.600048,2022-08-01,2023-02-28
sh.600050,2022-08-01,2023-02-28
sh.600061,2022-08-01,2023-02-28
sh.600085,2022-08-01,2023-02-28
sh.600089,2022-08-01,2023-02-28
sh.600104,2022-08-01,2023-02-28
sh.600111,2022-08-01,2023-02-28
sh.600115,2022-08-01,2023-02-28
sh.600132,2022-08-01,2023-02-28
sh.600150,2022-08-01,2023-02-28
sh.600161,2022-08-01,2023-02-28
sh.600176,2022-08-01,2023-02-28
sh.600183,2022-08-01,2023-02-28
sh.600188,2022-08-01,2023-02-28
sh.600196,2022-08-01,2023-02-28
sh.600219,2022-08-01,2023-02-28
sh.600276,2022-08-01,2023-02-28
sh.600309,2022-08-01,2023-02-28
sh.600332,2022-08-01,2023-02-28
sh.600346,2022-08-01,2023-02-28
sh.600352,2022-08-01,2023-02-28
sh.600362,2022-08-01,2023-02-28
sh.600383,2022-08-01,2023-02-28
sh.600406,2022-08-01,2023-02-28
sh.600426,2022-08-01,2023-02-28
sh.600436,2022-08-01,2023-02-28
sh.600438,2022-08-01,2023-02-28
sh.600460,2022-08-01,2023-02-28
sh.600489,2022-08-01,2023-02-28
sh.600519,2022-08-01,2023-02-28
sh.600547,2022-08-01,2023-02-28
sh.600570,2022-08-01,2023-02-28
sh.600584,2022-08-01,2023-02-28
sh.600585,2022-08-01,2023-02-28
sh.600588,2022-08-01,2023-02-28
sh.600600,2022-08-01,2023-02-28
sh.600606,2022-08-01,2023-02-28
sh.600655,2022-08-01,2023-02-28
sh.600660,2022-08-01,2023-02-28
sh.600690,2022-08-01,2023-02-28
sh.600741,2022-08-01,2023-02-28
sh.600745,2022-08-01,2023-02-28
sh.600760,2022-08-01,2023-02-28
sh.600763,2022-08-01,2023-02-28
sh.600795,2022-08-01,2023-02-28
sh.600809,2022-08-01,2023-02-28
sh.600837,2022-08-01,2023-02-28
sh.600845,2022-08-01,2023-02-28
sh.600886,2022-08-01,2023-02-28
sh.600887,2022-08-01,2023-02-28
sh.600893,2022-08-01,2023-02-28
sh.600900,2022-08-01,2023-02-28
sh.600905,2022-08-01,2023-02-28
sh.600918,2022-08-01,2023-02-28
sh.600919,2022-08-01,2023-02-28
sh.600926,2022-08-01,2023-02-28
sh.600941,2022-08-01,2023-02-28
sh.600958,2022-08-01,2023-02-28
sh.600989,2022-08-01,2023-02-28
sh.600999,2022-08-01,2023-02-28
sh.601006,2022-08-01,2023-02-28
sh.601009,2022-08-01,2023-02-28
sh.601012,2022-08-01,2023-02-28
sh.601021,2022-08-01,2023-02-28
sh.601066,2022-08-01,2023-02-28
sh.601088,2022-08-01,2023-02-28
sh.601100,2022-08-01,2023-02-28
sh.601111,2022-08-01,2023-02-28
sh.601117,2022-08-01,2023-02-28
sh.601138,2022-08-01,2023-02-28
sh.601155,2022-08-01,2023-02-28
sh.601166,2022-08-01,2023-02-28
sh.601169,2022-08-01,2023-02-28
sh.601186,2022-08-01,2023-02-28
sh.601211,2022-08-01,2023-02-28
sh.601216,2022-08-01,2023-02-28
sh.601225,2022-08-01,2023-02-28
sh.601229,2022-08-01,2023-02-28
sh.601236,2022-08-01,2023-02-28
sh.601238,2022-08-01,2023-02-28
sh.601288,2022-08-01,2023-02-28
sh.601318,2022-08-01,2023-02-28
sh.601319,2022-08-01,2023-02-28
sh.601328,2022-08-01,2023-02-28
sh.601336,2022-08-01,2023-02-28
sh.601360,2022-08-01,2023-02-28
sh.601377,2022-08-01,2023-02-28
sh.601390,2022-08-01,2023-02-28
sh.601398,2022-08-01,2023-02-28
sh.601600,2022-08-01,2023-02-28
sh.601601,2022-08-01,2023-02-28
sh.601618,2022-08-01,2023-02-28
sh.601628,2022-08-01,2023-02-28
sh.601633,2022-08-01,2023-02-28
sh.601658,2022-08-01,2023-02-28
sh.601668,2022-08-01,2023-02-28
sh.601669,2022-08-01,2023-02-28
sh.601688,2022-08-01,2023-02-28
sh.601698,2022-08-01,2023-02-28
sh.601728,2022-08-01,2023-02-28
sh.601766,2022-08-01,2023-02-28
sh.601788,2022-08-01,2023-02-28
sh.601799,2022-08-01,2023-02-28
sh.601800,2022-08-01,2023-02-28
sh.601808,2022-08-01,2023-02-28
sh.601816,2022-08-01,2023-02-28
sh.601818,2022-08-01,2023-02-28
sh.601825,2022-08-01,2023-02-28
sh.601838,2022-08-01,2023-02-28
sh.601857,2022-08-01,2023-02-28
sh.601865,2022-08-01,2023-02-28
sh.601868,2022-08-01,2023-02-28
sh.601877,2022-08-01,2023-02-28
sh.601878,2022-08-01,2023-02-28
sh.601881,2022-08-01,2023-02-28
sh.601888,2022-08-01,2023-02-28
sh.601898,2022-08-01,2023-02-28
sh.601899,2022-08-01,2023-02-28
sh.601901,2022-08-01,2023-02-28
sh.601916,2022-08-01,2023-02-28
sh.601919,2022-08-01,2023-02-28
sh.601939,2022-08-01,2023-02-28
sh.601966,2022-08-01,2023-02-28
sh.601985,2022-08-01,2023-02-28
sh.601988,2022-08-01,2023-02-28
sh.601989,2022-08-01,2023-02-28
sh.601995,2022-08-01,2023-02-28
sh.601998,2022-08-01,2023-02-28
sh.603019,2022-08-01,2023-02-28
sh.603087,2022-08-01,2023-02-28
sh.603160,2022-08-01,2023-02-28
sh.603185,2022-08-01,2023-02-28
sh.603195,2022-08-01,2023-02-28
sh.603259,2022-08-01,2023-02-28
sh.603260,2022-08-01,2023-02-28
sh.603288,2022-08-01,2023-02-28
sh.603290,2022-08-01,2023-02-28
sh.603369,2022-08-01,2023-02-28
sh.603392,2022-08-01,2023-02-28
sh.603486,2022-08-01,2023-02-28
sh.603501,2022-08-01,2023-02-28
sh.603659,2022-08-01,2023-02-28
sh.603799,2022-08-01,2023-02-28
sh.603806,2022-08-01,2023-02-28
sh.603833,2022-08-01,2023-02-28
sh.603882,2022-08-01,2023-02-28
sh.603899,2022-08-01,2023-02-28
sh.603986,2022-08-01,2023-02-28
sh.603993,2022-08-01,2023-02-28
sh.605499,2022-08-01,2023-02-28
sh.688005,2022-08-01,2023-02-28
sh.688008,2022-08-01,2023-02-28
sh.688012,2022-08-01,2023-02-28
sh.688036,2022-08-01,2023-02-28
sh.688065,2022-08-01,2023-02-28
sh.688111,2022-08-01,2023-02-28
sh.688126,2022-08-01,2023-02-28
sh.688169,2022-08-01,2023-02-28
sh.688363,2022-08-01,2023-02-28
sh.688396,2022-08-01,2023-02-28
sh.688561,2022-08-01,2023-02-28
sh.688599,2022-08-01,2023-02-28
sh.688981,2022-08-01,2023-02-28
sz.000001,2022-08-01,2023-02-28
sz.000002,2022-08-01,2023-02-28
sz.000063,2022-08-01,2023-02-28
sz.000066,2022-08-01,2023-02-28
sz.000069,2022-08-01,2023-02-28
sz.000100,2022-08-01,2023-02-28
sz.000157,2022-08-01,2023-02-28
sz.000166,2022-08-01,2023-02-28
sz.000301,2022-08-01,2023-02-28
sz.000333,2022-08-01,2023-02-28
sz.000338,2022-08-01,2023-02-28
sz.000408,2022-08-01,2023-02-28
sz.000425,2022-08-01,2023-02-28
sz.000538,2022-08-01,2023-02-28
sz.000568,2022-08-01,2023-02-28
sz.000596,2022-08-01,2023-02-28
sz.000625,2022-08-01,2023-02-28
sz.000651,2022-08-01,2023-02-28
sz.000661,2022-08-01,2023-02-28
sz.000703,2022-08-01,2023-02-28
sz.000708,2022-08-01,2023-02-28
sz.000725,2022-08-01,2023-02-28
sz.000768,2022-08-01,2023-02-28
sz.000776,2022-08-01,2023-02-28
sz.000786,2022-08-01,2023-02-28
sz.000792,2022-08-01,2023-02-28
sz.000800,2022-08-01,2023-02-28
sz.000858,2022-08-01,2023-02-28
sz.000876,2022-08-01,2023-02-28
sz.000877,2022-08-01,2023-02-28
sz.000895,2022-08-01,2023-02-28
sz.000938,2022-08-01,2023-02-28
sz.000963,2022-08-01,2023-02-28
sz.000977,2022-08-01,2023-02-28
sz.001289,2022-08-01,2023-02-28
sz.001979,2022-08-01,2023-02-28
sz.002001,2022-08-01,2023-02-28
sz.002007,2022-08-01,2023-02-28
sz.002008,2022-08-01,2023-02-28
sz.002027,2022-08-01,2023-02-28
sz.002032,2022-08-01,2023-02-28
sz.002049,2022-08-01,2023-02-28
sz.002050,2022-08-01,2023-02-28
sz.002064,2022-08-01,2023-02-28
sz.002074,2022-08-01,2023-02-28
sz.002120,2022-08-01,2023-02-28
sz.002129,2022-08-01,2023-02-28
sz.002142,2022-08-01,2023-02-28
sz.002179,2022-08-01,2023-02-28
sz.002202,2022-08-01,2023-02-28
sz.002230,2022-08-01,2023-02-28
sz.002236,2022-08-01,2023-02-28
sz.002241,2022-08-01,2023-02-28
sz.002252,2022-08-01,2023-02-28
sz.002271,2022-08-01,2023-02-28
sz.002304,2022-08-01,2023-02-28
sz.002311,2022-08-01,2023-02-28
sz.002352,2022-08-01,2023-02-28
sz.002371,2022-08-01,2023-02-28
sz.002410,2022-08-01,2023-02-28
sz.002414,2022-08-01,2023-02-28
sz.002415,2022-08-01,2023-02-28
sz.002459,2022-08-01,2023-02-28
sz.002460,2022-08-01,2023-02-28
sz.002466,2022-08-01,2023-02-28
sz.002475,2022-08-01,2023-02-28
sz.002493,2022-08-01,2023-02-28
sz.002555,2022-08-01,2023-02-28
sz.002568,2022-08-01,2023-02-28
sz.002594,2022-08-01,2023-02-28
sz.002600,2022-08-01,2023-02-28
sz.002601,2022-08-01,2023-02-28
sz.002602,2022-08-01,2023-02-28
sz.002607,2022-08-01,2023-02-28
sz.002648,2022-08-01,2023-02-28
sz.002709,2022-08-01,2023-02-28
sz.002714,2022-08-01,2023-02-28
sz.002736,2022-08-01,2023-02-28
sz.002791,2022-08-01,2023-02-28
sz.002812,2022-08-01,2023-02-28
sz.002821,2022-08-01,2023-02-28
sz.002841,2022-08-01,2023-02-28
sz.002916,2022-08-01,2023-02-28
sz.002920,2022-08-01,2023-02-28
sz.002938,2022-08-01,2023-02-28
sz.003816,2022-08-01,2023-02-28
sz.300003,2022-08-01,2023-02-28
sz.300014,2022-08-01,2023-02-28
sz.300015,2022-08-01,2023-02-28
sz.300033,2022-08-01,2023-02-28
sz.300059,2022-08-01,2023-02-28
sz.300122,2022-08-01,2023-02-28
sz.300124,2022-08-01,2023-02-28
sz.300142,2022-08-01,2023-02-28
sz.300207,2022-08-01,2023-02-28
sz.300223,2022-08-01,2023-02-28
sz.300274,2022-08-01,2023-02-28
sz.300316,2022-08-01,2023-02-28
sz.300347,2022-08-01,2023-02-28
sz.300408,2022-08-01,2023-02-28
sz.300413,2022-08-01,2023-02-28
sz.300433,2022-08-01,2023-02-28
sz.300450,2022-08-01,2023-02-28
sz.300454,2022-08-01,2023-02-28
sz.300496,2022-08-01,2023-02-28
sz.300498,2022-08-01,2023-02-28
sz.300529,2022-08-01,2023-02-28
sz.300595,2022-08-01,2023-02-28
sz.300601,2022-08-01,2023-02-28
sz.300628,2022-08-01,2023-02-28
sz.300661,2022-08-01,2023-02-28
sz.300750,2022-08-01,2023-02-28
sz.300751,2022-08-01,2023-02-28
sz.300759,2022-08-01,2023-02-28
sz.300760,2022-08-01,2023-02-28
sz.300763,2022-08-01,2023-02-28
sz.300782,2022-08-01,2023-02-28
sz.300866,2022-08-01,2023-02-28
sz.300896,2022-08-01,2023-02-28
sz.300919,2022-08-01,2023-02-28
sz.300957,2022-08-01,2023-02-28
sz.300979,2022-08-01,2023-02-28
sz.300999,2022-08-01,2023-02-28
sh.600000,2023-03-27,2023-03-31
sh.600009,2023-03-27,2023-03-31
sh.600010,2023-03-27,2023-03-31
sh.600011,2023-03-27,2023-03-31
sh.600015,2023-03-27,2023-03-31
sh.600016,2023-03-27,2023-03-31
sh.600018,2023-03-27,2023-03-31
sh.600019,2023-03-27,2023-03-31
sh.600025,2023-03-27,2023-03-31
sh.600028,2023-03-27,2023-03-31
sh.600029,2023-03-27,2023-03-31
sh.600030,2023-03-27,2023-03-31
sh.600031,2023-03-27,2023-03-31
sh.600036,2023-03-27,2023-03-31
sh.600039,2023-03-27,2023-03-31
sh.600048,2023-03-27,2023-03-31
sh.600050,2023-03-27,2023-03-31
sh.600061,2023-03-27,2023-03-31
sh.600085,2023-03-27,2023-03-31
sh.600089,2023-03-27,2023-03-31
sh.600104,2023-03-27,2023-03-31
sh.600111,2023-03-27,2023-03-31
sh.600115,2023-03-27,2023-03-31
sh.600132,2023-03-27,2023-03-31
sh.600150,2023-03-27,2023-03-31
sh.600176,2023-03-27,2023-03-31
sh.600183,2023-03-27,2023-03-31
sh.600188,2023-03-27,2023-03-31
sh.600196,2023-03-27,2023-03-31
sh.600219,2023-03-27,2023-03-31
sh.600233,2023-03-27,2023-03-31
sh.600276,2023-03-27,2023-03-31
sh.600309,2023-03-27,2023-03-31
sh.600332,2023-03-27,2023-03-31
sh.600346,2023-03-27,2023-03-31
sh.600362,2023-03-27,2023-03-31
sh.600383,2023-03-27,2023-03-31
sh.600406,2023-03-27,2023-03-31
sh.600426,2023-03-27,2023-03-31
sh.600436,2023-03-27,2023-03-31
sh.600438,2023-03-27,2023-03-31
sh.600460,2023-03-27,2023-03-31
sh.600519,2023-03-27,2023-03-31
sh.600547,2023-03-27,2023-03-31
sh.600570,2023-03-27,2023-03-31
sh.600584,2023-03-27,2023-03-31
sh.600585,2023-03-27,2023-03-31
sh.600588,2023-03-27,2023-03-31
sh.600600,2023-03-27,2023-03-31
sh.600606,2023-03-27,2023-03-31
sh.600660,2023-03-27,2023-03-31
sh.600674,2023-03-27,2023-03-31
sh.600690,2023-03-27,2023-03-31
sh.600741,2023-03-27,2023-03-31
sh.600745,2023-03-27,2023-03-31
sh.600760,2023-03-27,2023-03-31
sh.600763,2023-03-27,2023-03-31
sh.600795,2023-03-27,2023-03-31
sh.600803,2023-03-27,2023-03-31
sh.600809,2023-03-27,2023-03-31
sh.600837,2023-03-27,2023-03-31
sh.600845,2023-03-27,2023-03-31
sh.600884,2023-03-27,2023-03-31
sh.600886,2023-03-27,2023-03-31
sh.600887,2023-03-27,2023-03-31
sh.600893,2023-03-27,2023-03-31
sh.600900,2023-03-27,2023-03-31
sh.600905,2023-03-27,2023-03-31
sh.600918,2023-03-27,2023-03-31
sh.600919,2023-03-27,2023-03-31
sh.600926,2023-03-27,2023-03-31
sh.600941,2023-03-27,2023-03-31
sh.600958,2023-03-27,2023-03-31
sh.600989,2023-03-27,2023-03-31
sh.600999,2023-03-27,2023-03-31
sh.601006,2023-03-27,2023-03-31
sh.601009,2023-03-27,2023-03-31
sh.601012,2023-03-27,2023-03-31
sh.601021,2023-03-27,2023-03-31
sh.601066,2023-03-27,2023-03-31
sh.601088,2023-03-27,2023-03-31
sh.601100,2023-03-27,2023-03-31
sh.601111,2023-03-27,2023-03-31
sh.601117,2023-03-27,2023-03-31
sh.601138,2023-03-27,2023-03-31
sh.601155,2023-03-27,2023-03-31
sh.601166,2023-03-27,2023-03-31
sh.601169,2023-03-27,2023-03-31
sh.601186,2023-03-27,2023-03-31
sh.601211,2023-03-27,2023-03-31
sh.601216,2023-03-27,2023-03-31
sh.601225,2023-03-27,2023-03-31
sh.601229,2023-03-27,2023-03-31
sh.601236,2023-03-27,2023-03-31
sh.601238,2023-03-27,2023-03-31
sh.601288,2023-03-27,2023-03-31
sh.601318,2023-03-27,2023-03-31
sh.601319,2023-03-27,2023-03-31
sh.601328,2023-03-27,2023-03-31
sh.601336,2023-03-27,2023-03-31
sh.601360,2023-03-27,2023-03-31
sh.601377,2023-03-27,2023-03-31
sh.601390,2023-03-27,2023-03-31
sh.601398,2023-03-27,2023-03-31
sh.601600,2023-03-27,2023-03-31
sh.601601,2023-03-27,2023-03-31
sh.601615,2023-03-27,2023-03-31
sh.601618,2023-03-27,2023-03-31
sh.601628,2023-03-27,2023-03-31
sh.601633,2023-03-27,2023-03-31
sh.601658,2023-03-27,2023-03-31
sh.601668,2023-03-27,2023-03-31
sh.601669,2023-03-27,2023-03-31
sh.601688,2023-03-27,2023-03-31
sh.601689,2023-03-27,2023-03-31
sh.601698,2023-03-27,2023-03-31
sh.601728,2023-03-27,2023-03-31
sh.601766,2023-03-27,2023-03-31
sh.601788,2023-03-27,2023-03-31
sh.601799,2023-03-27,2023-03-31
sh.601800,2023-03-27,2023-03-31
sh.601808,2023-03-27,2023-03-31
sh.601816,2023-03-27,2023-03-31
sh.601818,2023-03-27,2023-03-31
sh.601838,2023-03-27,2023-03-31
sh.601857,2023-03-27,2023-03-31
sh.601865,2023-03-27,2023-03-31
sh.601868,2023-03-27,2023-03-31
sh.601877,2023-03-27,2023-03-31
sh.601878,2023-03-27,2023-03-31
sh.601881,2023-03-27,2023-03-31
sh.601888,2023-03-27,2023-03-31
sh.601898,2023-03-27,2023-03-31
sh.601899,2023-03-27,2023-03-31
sh.601901,2023-03-27,2023-03-31
sh.601919,2023-03-27,2023-03-31
sh.601939,2023-03-27,2023-03-31
sh.601966,2023-03-27,2023-03-31
sh.601985,2023-03-27,2023-03-31
sh.601988,2023-03-27,2023-03-31
sh.601989,2023-03-27,2023-03-31
sh.601995,2023-03-27,2023-03-31
sh.601998,2023-03-27,2023-03-31
sh.603019,2023-03-27,2023-03-31
sh.603185,2023-03-27,2023-03-31
sh.603195,2023-03-27,2023-03-31
sh.603259,2023-03-27,2023-03-31
sh.603260,2023-03-27,2023-03-31
sh.603288,2023-03-27,2023-03-31
sh.603290,2023-03-27,2023-03-31
sh.603369,2023-03-27,2023-03-31
sh.603392,2023-03-27,2023-03-31
sh.603486,2023-03-27,2023-03-31
sh.603501,2023-03-27,2023-03-31
sh.603659,2023-03-27,2023-03-31
sh.603799,2023-03-27,2023-03-31
sh.603806,2023-03-27,2023-03-31
sh.603833,2023-03-27,2023-03-31
sh.603882,2023-03-27,2023-03-31
sh.603899,2023-03-27,2023-03-31
sh.603986,2023-03-27,2023-03-31
sh.603993,2023-03-27,2023-03-31
sh.605117,2023-03-27,2023-03-31
sh.605499,2023-03-27,2023-03-31
sh.688005,2023-03-27,2023-03-31
sh.688008,2023-03-27,2023-03-31
sh.688012,2023-03-27,2023-03-31
sh.688036,2023-03-27,2023-03-31
sh.688065,2023-03-27,2023-03-31
sh.688111,2023-03-27,2023-03-31
sh.688126,2023-03-27,2023-03-31
sh.688169,2023-03-27,2023-03-31
sh.688187,2023-03-27,2023-03-31
sh.688303,2023-03-27,2023-03-31
sh.688363,2023-03-27,2023-03-31
sh.688396,2023-03-27,2023-03-31
sh.688561,2023-03-27,2023-03-31
sh.688599,2023-03-27,2023-03-31
sh.688981,2023-03-27,2023-03-31
sz.000001,2023-03-27,2023-03-31
sz.000002,2023-03-27,2023-03-31
sz.000063,2023-03-27,2023-03-31
sz.000069,2023-03-27,2023-03-31
sz.000100,2023-03-27,2023-03-31
sz.000157,2023-03-27,2023-03-31
sz.000166,2023-03-27,2023-03-31
sz.000301,2023-03-27,2023-03-31
sz.000333,2023-03-27,2023-03-31
sz.000338,2023-03-27,2023-03-31
sz.000408,2023-03-27,2023-03-31
sz.000425,2023-03-27,2023-03-31
sz.000538,2023-03-27,2023-03-31
sz.000568,2023-03-27,2023-03-31
sz.000596,2023-03-27,2023-03-31
sz.000625,2023-03-27,2023-03-31
sz.000651,2023-03-27,2023-03-31
sz.000661,2023-03-27,2023-03-31
sz.000708,2023-03-27,2023-03-31
sz.000723,2023-03-27,2023-03-31
sz.000725,2023-03-27,2023-03-31
sz.000733,2023-03-27,2023-03-31
sz.000768,2023-03-27,2023-03-31
sz.000776,2023-03-27,2023-03-31
sz.000786,2023-03-27,2023-03-31
sz.000792,2023-03-27,2023-03-31
sz.000800,2023-03-27,2023-03-31
sz.000858,2023-03-27,2023-03-31
sz.000876,2023-03-27,2023-03-31
sz.000877,2023-03-27,2023-03-31
sz.000895,2023-03-27,2023-03-31
sz.000938,2023-03-27,2023-03-31
sz.000963,2023-03-27,2023-03-31
sz.000977,2023-03-27,2023-03-31
sz.001289,2023-03-27,2023-03-31
sz.001979,2023-03-27,2023-03-31
sz.002001,2023-03-27,2023-03-31
sz.002007,2023-03-27,2023-03-31
sz.002008,2023-03-27,2023-03-31
sz.002027,2023-03-27,2023-03-31
sz.002032,2023-03-27,2023-03-31
sz.002049,2023-03-27,2023-03-31
sz.002050,2023-03-27,2023-03-31
sz.002064,2023-03-27,2023-03-31
sz.002074,2023-03-27,2023-03-31
sz.002120,2023-03-27,2023-03-31
sz.002129,2023-03-27,2023-03-31
sz.002142,2023-03-27,2023-03-31
sz.002179,2023-03-27,2023-03-31
sz.002180,2023-03-27,2023-03-31
sz.002202,2023-03-27,2023-03-31
sz.002230,2023-03-27,2023-03-31
sz.002236,2023-03-27,2023-03-31
sz.002241,2023-03-27,2023-03-31
sz.002252,2023-03-27,2023-03-31
sz.002271,2023-03-27,2023-03-31
sz.002304,2023-03-27,2023-03-31
sz.002311,2023-03-27,2023-03-31
sz.002352,2023-03-27,2023-03-31
sz.002371,2023-03-27,2023-03-31
sz.002410,2023-03-27,2023-03-31
sz.002414,2023-03-27,2023-03-31
sz.002415,2023-03-27,2023-03-31
sz.002459,2023-03-27,2023-03-31
sz.002460,2023-03-27,2023-03-31
sz.002466,2023-03-27,2023-03-31
sz.002475,2023-03-27,2023-03-31
sz.002493,2023-03-27,2023-03-31
sz.002555,2023-03-27,2023-03-31
sz.002594,2023-03-27,2023-03-31
sz.002600,2023-03-27,2023-03-31
sz.002601,2023-03-27,2023-03-31
sz.002602,2023-03-27,2023-03-31
sz.002648,2023-03-27,2023-03-31
sz.002709,2023-03-27,2023-03-31
sz.002714,2023-03-27,2023-03-31
sz.002736,2023-03-27,2023-03-31
sz.002756,2023-03-27,2023-03-31
sz.002812,2023-03-27,2023-03-31
sz.002821,2023-03-27,2023-03-31
sz.002841,2023-03-27,2023-03-31
sz.002916,2023-03-27,2023-03-31
sz.002920,2023-03-27,2023-03-31
sz.002938,2023-03-27,2023-03-31
sz.003816,2023-03-27,2023-03-31
sz.300014,2023-03-27,2023-03-31
sz.300015,2023-03-27,2023-03-31
sz.300033,2023-03-27,2023-03-31
sz.300059,2023-03-27,2023-03-31
sz.300122,2023-03-27,2023-03-31
sz.300124,2023-03-27,2023-03-31
sz.300142,2023-03-27,2023-03-31
sz.300207,2023-03-27,2023-03-31
sz.300223,2023-03-27,2023-03-31
sz.300274,2023-03-27,2023-03-31
sz.300316,2023-03-27,2023-03-31
sz.300347,2023-03-27,2023-03-31
sz.300408,2023-03-27,2023-03-31
sz.300413,2023-03-27,2023-03-31
sz.300433,2023-03-27,2023-03-31
sz.300450,2023-03-27,2023-03-31
sz.300454,2023-03-27,2023-03-31
sz.300496,2023-03-27,2023-03-31
sz.300498,2023-03-27,2023-03-31
sz.300529,2023-03-27,2023-03-31
sz.300595,2023-03-27,2023-03-31
sz.300601,2023-03-27,2023-03-31
sz.300628,2023-03-27,2023-03-31
sz.300661,2023-03-27,2023-03-31
sz.300750,2023-03-27,2023-03-31
sz.300751,2023-03-27,2023-03-31
sz.300759,2023-03-27,2023-03-31
sz.300760,2023-03-27,2023-03-31
sz.300763,2023-03-27,2023-03-31
sz.300769,2023-03-27,2023-03-31
sz.300782,2023-03-27,2023-03-31
sz.300896,2023-03-27,2023-03-31
sz.300919,2023-03-27,2023-03-31
sz.300957,2023-03-27,2023-03-31
sz.300979,2023-03-27,2023-03-31
sz.300999,2023-03-27,2023-03-31
sh.600000,2023-04-24,2023-04-30
sh.600009,2023-04-24,2023-04-30
sh.600010,2023-04-24,2023-04-30
sh.600011,2023-04-24,2023-04-30
sh.600015,2023-04-24,2023-04-30
sh.600016,2023-04-24,2023-04-30
sh.600018,2023-04-24,2023-04-30
sh.600019,2023-04-24,2023-04-30
sh.600025,2023-04-24,2023-04-30
sh.600028,2023-04-24,2023-04-30
sh.600029,2023-04-24,2023-04-30
sh.600030,2023-04-24,2023-04-30
sh.600031,2023-04-24,2023-04-30
sh.600036,2023-04-24,2023-04-30
sh.600039,2023-04-24,2023-04-30
sh.600048,2023-04-24,2023-04-30
sh.600050,2023-04-24,2023-04-30
sh.600061,2023-04-24,2023-04-30
sh.600085,2023-04-24,2023-04-30
sh.600089,2023-04-24,2023-04-30
sh.600104,2023-04-24,2023-04-30
sh.600111,2023-04-24,2023-04-30
sh.600115,2023-04-24,2023-04-30
sh.600132,2023-04-24,2023-04-30
sh.600150,2023-04-24,2023-04-30
sh.600176,2023-04-24,2023-04-30
sh.600183,2023-04-24,2023-04-30
sh.600188,2023-04-24,2023-04-30
sh.600196,2023-04-24,2023-04-30
sh.600219,2023-04-24,2023-04-30
sh.600233,2023-04-24,2023-04-30
sh.600276,2023-04-24,2023-04-30
sh.600309,2023-04-24,2023-04-30
sh.600332,2023-04-24,2023-04-30
sh.600346,2023-04-24,2023-04-30
sh.600362,2023-04-24,2023-04-30
sh.600383,2023-04-24,2023-04-30
sh.600406,2023-04-24,2023-04-30
sh.600426,2023-04-24,2023-04-30
sh.600436,2023-04-24,2023-04-30
sh.600438,2023-04-24,2023-04-30
sh.600460,2023-04-24,2023-04-30
sh.600519,2023-04-24,2023-04-30
sh.600547,2023-04-24,2023-04-30
sh.600570,2023-04-24,2023-04-30
sh.600584,2023-04-24,2023-04-30
sh.600585,2023-04-24,2023-04-30
sh.600588,2023-04-24,2023-04-30
sh.600600,2023-04-24,2023-04-30
sh.600606,2023-04-24,2023-04-30
sh.600660,2023-04-24,2023-04-30
sh.600674,2023-04-24,2023-04-30
sh.600690,2023-04-24,2023-04-30
sh.600741,2023-04-24,2023-04-30
sh.600745,2023-04-24,2023-04-30
sh.600760,2023-04-24,2023-04-30
sh.600763,2023-04-24,2023-04-30
sh.600795,2023-04-24,2023-04-30
sh.600803,2023-04-24,2023-04-30
sh.600809,2023-04-24,2023-04-30
sh.600837,2023-04-24,2023-04-30
sh.600845,2023-04-24,2023-04-30
sh.600884,2023-04-24,2023-04-30
sh.600886,2023-04-24,2023-04-30
sh.600887,2023-04-24,2023-04-30
sh.600893,2023-04-24,2023-04-30
sh.600900,2023-04-24,2023-04-30
sh.600905,2023-04-24,2023-04-30
sh.600918,2023-04-24,2023-04-30
sh.600919,2023-04-24,2023-04-30
sh.600926,2023-04-24,2023-04-30
sh.600941,2023-04-24,2023-04-30
sh.600958,2023-04-24,2023-04-30
sh.600989,2023-04-24,2023-04-30
sh.600999,2023-04-24,2023-04-30
sh.601006,2023-04-24,2023-04-30
sh.601009,2023-04-24,2023-04-30
sh.601012,2023-04-24,2023-04-30
sh.601021,2023-04-24,2023-04-30
sh.601066,2023-04-24,2023-04-30
sh.601088,2023-04-24,2023-04-30
sh.601100,2023-04-24,2023-04-30
sh.601111,2023-04-24,2023-04-30
sh.601117,2023-04-24,2023-04-30
sh.601138,2023-04-24,2023-04-30
sh.601155,2023-04-24,2023-04-30
sh.601166,2023-04-24,2023-04-30
sh.601169,2023-04-24,2023-04-30
sh.601186,2023-04-24,2023-04-30
sh.601211,2023-04-24,2023-04-30
sh.601216,2023-04-24,2023-04-30
sh.601225,2023-04-24,2023-04-30
sh.601229,2023-04-24,2023-04-30
sh.601236,2023-04-24,2023-04-30
sh.601238,2023-04-24,2023-04-30
sh.601288,2023-04-24,2023-04-30
sh.601318,2023-04-24,2023-04-30
sh.601319,2023-04-24,2023-04-30
sh.601328,2023-04-24,2023-04-30
sh.601336,2023-04-24,2023-04-30
sh.601360,2023-04-24,2023-04-30
sh.601377,2023-04-24,2023-04-30
sh.601390,2023-04-24,2023-04-30
sh.601398,2023-04-24,2023-04-30
sh.601600,2023-04-24,2023-04-30
sh.601601,2023-04-24,2023-04-30
sh.601615,2023-04-24,2023-04-30
sh.601618,2023-04-24,2023-04-30
sh.601628,2023-04-24,2023-04-30
sh.601633,2023-04-24,2023-04-30
sh.601658,2023-04-24,2023-04-30
sh.601668,2023-04-24,2023-04-30
sh.601669,2023-04-24,2023-04-30
sh.601688,2023-04-24,2023-04-30
sh.601689,2023-04-24,2023-04-30
sh.601698,2023-04-24,2023-04-30
sh.601728,2023-04-24,2023-04-30
sh.601766,2023-04-24,2023-04-30
sh.601788,2023-04-24,2023-04-30
sh.601799,2023-04-24,2023-04-30
sh.601800,2023-04-24,2023-04-30
sh.601808,2023-04-24,2023-04-30
sh.601816,2023-04-24,2023-04-30
sh.601818,2023-04-24,2023-04-30
sh.601838,2023-04-24,2023-04-30
sh.601857,2023-04-24,2023-04-30
sh.601865,2023-04-24,2023-04-30
sh.601868,2023-04-24,2023-04-30
sh.601877,2023-04-24,2023-04-30
sh.601878,2023-04-24,2023-04-30
sh.601881,2023-04-24,2023-04-30
sh.601888,2023-04-24,2023-04-30
sh.601898,2023-04-24,2023-04-30
sh.601899,2023-04-24,2023-04-30
sh.601901,2023-04-24,2023-04-30
sh.601919,2023-04-24,2023-04-30
sh.601939,2023-04-24,2023-04-30
sh.601966,2023-04-24,2023-04-30
sh.601985,2023-04-24,2023-04-30
sh.601988,2023-04-24,2023-04-30
sh.601989,2023-04-24,2023-04-30
sh.601995,2023-04-24,2023-04-30
sh.601998,2023-04-24,2023-04-30
sh.603019,2023-04-24,2023-04-30
sh.603185,2023-04-24,2023-04-30
sh.603195,2023-04-24,2023-04-30
sh.603259,2023-04-24,2023-04-30
sh.603260,2023-04-24,2023-04-30
sh.603288,2023-04-24,2023-04-30
sh.603290,2023-04-24,2023-04-30
sh.603369,2023-04-24,2023-04-30
sh.603392,2023-04-24,2023-04-30
sh.603486,2023-04-24,2023-04-30
sh.603501,2023-04-24,2023-04-30
sh.603659,2023-04-24,2023-04-30
sh.603799,2023-04-24,2023-04-30
sh.603806,2023-04-24,2023-04-30
sh.603833,2023-04-24,2023-04-30
sh.603882,2023-04-24,2023-04-30
sh.603899,2023-04-24,2023-04-30
sh.603986,2023-04-24,2023-04-30
sh.603993,2023-04-24,2023-04-30
sh.605117,2023-04-24,2023-04-30
sh.605499,2023-04-24,2023-04-30
sh.688005,2023-04-24,2023-04-30
sh.688008,2023-04-24,2023-04-30
sh.688012,2023-04-24,2023-04-30
sh.688036,2023-04-24,2023-04-30
sh.688065,2023-04-24,2023-04-30
sh.688111,2023-04-24,2023-04-30
sh.688126,2023-04-24,2023-04-30
sh.688169,2023-04-24,2023-04-30
sh.688187,2023-04-24,2023-04-30
sh.688303,2023-04-24,2023-04-30
sh.688363,2023-04-24,2023-04-30
sh.688396,2023-04-24,2023-04-30
sh.688561,2023-04-24,2023-04-30
sh.688599,2023-04-24,2023-04-30
sh.688981,2023-04-24,2023-04-30
sz.000001,2023-04-24,2023-04-30
sz.000002,2023-04-24,2023-04-30
sz.000063,2023-04-24,2023-04-30
sz.000069,2023-04-24,2023-04-30
sz.000100,2023-04-24,2023-04-30
sz.000157,2023-04-24,2023-04-30
sz.000166,2023-04-24,2023-04-30
sz.000301,2023-04-24,2023-04-30
sz.000333,2023-04-24,2023-04-30
sz.000338,2023-04-24,2023-04-30
sz.000408,2023-04-24,2023-04-30
sz.000425,2023-04-24,2023-04-30
sz.000538,2023-04-24,2023-04-30
sz.000568,2023-04-24,2023-04-30
sz.000596,2023-04-24,2023-04-30
sz.000625,2023-04-24,2023-04-30
sz.000651,2023-04-24,2023-04-30
sz.000661,2023-04-24,2023-04-30
sz.000708,2023-04-24,2023-04-30
sz.000723,2023-04-24,2023-04-30
sz.000725,2023-04-24,2023-04-30
sz.000733,2023-04-24,2023-04-30
sz.000768,2023-04-24,2023-04-30
sz.000776,2023-04-24,2023-04-30
sz.000786,2023-04-24,2023-04-30
sz.000792,2023-04-24,2023-04-30
sz.000800,2023-04-24,2023-04-30
sz.000858,2023-04-24,2023-04-30
sz.000876,2023-04-24,2023-04-30
sz.000877,2023-04-24,2023-04-30
sz.000895,2023-04-24,2023-04-30
sz.000938,2023-04-24,2023-04-30
sz.000963,2023-04-24,2023-04-30
sz.000977,2023-04-24,2023-04-30
sz.001289,2023-04-24,2023-04-30
sz.001979,2023-04-24,2023-04-30
sz.002001,2023-04-24,2023-04-30
sz.002007,2023-04-24,2023-04-30
sz.002008,2023-04-24,2023-04-30
sz.002027,2023-04-24,2023-04-30
sz.002032,2023-04-24,2023-04-30
sz.002049,2023-04-24,2023-04-30
sz.002050,2023-04-24,2023-04-30
sz.002064,2023-04-24,2023-04-30
sz.002074,2023-04-24,2023-04-30
sz.002120,2023-04-24,2023-04-30
sz.002129,2023-04-24,2023-04-30
sz.002142,2023-04-24,2023-04-30
sz.002179,2023-04-24,2023-04-30
sz.002180,2023-04-24,2023-04-30
sz.002202,2023-04-24,2023-04-30
sz.002230,2023-04-24,2023-04-30
sz.002236,2023-04-24,2023-04-30
sz.002241,2023-04-24,2023-04-30
sz.002252,2023-04-24,2023-04-30
sz.002271,2023-04-24,2023-04-30
sz.002304,2023-04-24,2023-04-30
sz.002311,2023-04-24,2023-04-30
sz.002352,2023-04-24,2023-04-30
sz.002371,2023-04-24,2023-04-30
sz.002410,2023-04-24,2023-04-30
sz.002414,2023-04-24,2023-04-30
sz.002415,2023-04-24,2023-04-30
sz.002459,2023-04-24,2023-04-30
sz.002460,2023-04-24,2023-04-30
sz.002466,2023-04-24,2023-04-30
sz.002475,2023-04-24,2023-04-30
sz.002493,2023-04-24,2023-04-30
sz.002555,2023-04-24,2023-04-30
sz.002594,2023-04-24,2023-04-30
sz.002600,2023-04-24,2023-04-30
sz.002601,2023-04-24,2023-04-30
sz.002602,2023-04-24,2023-04-30
sz.002648,2023-04-24,2023-04-30
sz.002709,2023-04-24,2023-04-30
sz.002714,2023-04-24,2023-04-30
sz.002736,2023-04-24,2023-04-30
sz.002756,2023-04-24,2023-04-30
sz.002812,2023-04-24,2023-04-30
sz.002821,2023-04-24,2023-04-30
sz.002841,2023-04-24,2023-04-30
sz.002916,2023-04-24,2023-04-30
sz.002920,2023-04-24,2023-04-30
sz.002938,2023-04-24,2023-04-30
sz.003816,2023-04-24,2023-04-30
sz.300014,2023-04-24,2023-04-30
sz.300015,2023-04-24,2023-04-30
sz.300033,2023-04-24,2023-04-30
sz.300059,2023-04-24,2023-04-30
sz.300122,2023-04-24,2023-04-30
sz.300124,2023-04-24,2023-04-30
sz.300142,2023-04-24,2023-04-30
sz.300207,2023-04-24,2023-04-30
sz.300223,2023-04-24,2023-04-30
sz.300274,2023-04-24,2023-04-30
sz.300316,2023-04-24,2023-04-30
sz.300347,2023-04-24,2023-04-30
sz.300408,2023-04-24,2023-04-30
sz.300413,2023-04-24,2023-04-30
sz.300433,2023-04-24,2023-04-30
sz.300450,2023-04-24,2023-04-30
sz.300454,2023-04-24,2023-04-30
sz.300496,2023-04-24,2023-04-30
sz.300498,2023-04-24,2023-04-30
sz.300529,2023-04-24,2023-04-30
sz.300595,2023-04-24,2023-04-30
sz.300601,2023-04-24,2023-04-30
sz.300628,2023-04-24,2023-04-30
sz.300661,2023-04-24,2023-04-30
sz.300750,2023-04-24,2023-04-30
sz.300751,2023-04-24,2023-04-30
sz.300759,2023-04-24,2023-04-30
sz.300760,2023-04-24,2023-04-30
sz.300763,2023-04-24,2023-04-30
sz.300769,2023-04-24,2023-04-30
sz.300782,2023-04-24,2023-04-30
sz.300896,2023-04-24,2023-04-30
sz.300919,2023-04-24,2023-04-30
sz.300957,2023-04-24,2023-04-30
sz.300979,2023-04-24,2023-04-30
sz.300999,2023-04-24,2023-04-30
sh.600000,2023-05-29,2023-05-31
sh.600009,2023-05-29,2023-05-31
sh.600010,2023-05-29,2023-05-31
sh.600011,2023-05-29,2023-05-31
sh.600015,2023-05-29,2023-05-31
sh.600016,2023-05-29,2023-05-31
sh.600018,2023-05-29,2023-05-31
sh.600019,2023-05-29,2023-05-31
sh.600025,2023-05-29,2023-05-31
sh.600028,2023-05-29,2023-05-31
sh.600029,2023-05-29,2023-05-31
sh.600030,2023-05-29,2023-05-31
sh.600031,2023-05-29,2023-05-31
sh.600036,2023-05-29,2023-05-31
sh.600039,2023-05-29,2023-05-31
sh.600048,2023-05-29,2023-05-31
sh.600050,2023-05-29,2023-05-31
sh.600061,2023-05-29,2023-05-31
sh.600085,2023-05-29,2023-05-31
sh.600089,2023-05-29,2023-05-31
sh.600104,2023-05-29,2023-05-31
sh.600111,2023-05-29,2023-05-31
sh.600115,2023-05-29,2023-05-31
sh.600132,2023-05-29,2023-05-31
sh.600150,2023-05-29,2023-05-31
sh.600176,2023-05-29,2023-05-31
sh.600183,2023-05-29,2023-05-31
sh.600188,2023-05-29,2023-05-31
sh.600196,2023-05-29,2023-05-31
sh.600219,2023-05-29,2023-05-31
sh.600233,2023-05-29,2023-05-31
sh.600276,2023-05-29,2023-05-31
sh.600309,2023-05-29,2023-05-31
sh.600332,2023-05-29,2023-05-31
sh.600346,2023-05-29,2023-05-31
sh.600362,2023-05-29,2023-05-31
sh.600383,2023-05-29,2023-05-31
sh.600406,2023-05-29,2023-05-31
sh.600426,2023-05-29,2023-05-31
sh.600436,2023-05-29,2023-05-31
sh.600438,2023-05-29,2023-05-31
sh.600460,2023-05-29,2023-05-31
sh.600519,2023-05-29,2023-05-31
sh.600547,2023-05-29,2023-05-31
sh.600570,2023-05-29,2023-05-31
sh.600584,2023-05-29,2023-05-31
sh.600585,2023-05-29,2023-05-31
sh.600588,2023-05-29,2023-05-31
sh.600600,2023-05-29,2023-05-31
sh.600606,2023-05-29,2023-05-31
sh.600660,2023-05-29,2023-05-31
sh.600674,2023-05-29,2023-05-31
sh.600690,2023-05-29,2023-05-31
sh.600741,2023-05-29,2023-05-31
sh.600745,2023-05-29,2023-05-31
sh.600760,2023-05-29,2023-05-31
sh.600763,2023-05-29,2023-05-31
sh.600795,2023-05-29,2023-05-31
sh.600803,2023-05-29,2023-05-31
sh.600809,2023-05-29,2023-05-31
sh.600837,2023-05-29,2023-05-31
sh.600845,2023-05-29,2023-05-31
sh.600884,2023-05-29,2023-05-31
sh.600886,2023-05-29,2023-05-31
sh.600887,2023-05-29,2023-05-31
sh.600893,2023-05-29,2023-05-31
sh.600900,2023-05-29,2023-05-31
sh.600905,2023-05-29,2023-05-31
sh.600918,2023-05-29,2023-05-31
sh.600919,2023-05-29,2023-05-31
sh.600926,2023-05-29,2023-05-31
sh.600941,2023-05-29,2023-05-31
sh.600958,2023-05-29,2023-05-31
sh.600989,2023-05-29,2023-05-31
sh.600999,2023-05-29,2023-05-31
sh.601006,2023-05-29,2023-05-31
sh.601009,2023-05-29,2023-05-31
sh.601012,2023-05-29,2023-05-31
sh.601021,2023-05-29,2023-05-31
sh.601066,2023-05-29,2023-05-31
sh.601088,2023-05-29,2023-05-31
sh.601100,2023-05-29,2023-05-31
sh.601111,2023-05-29,2023-05-31
sh.601117,2023-05-29,2023-05-31
sh.601138,2023-05-29,2023-05-31
sh.601155,2023-05-29,2023-05-31
sh.601166,2023-05-29,2023-05-31
sh.601169,2023-05-29,2023-05-31
sh.601186,2023-05-29,2023-05-31
sh.601211,2023-05-29,2023-05-31
sh.601216,2023-05-29,2023-05-31
sh.601225,2023-05-29,2023-05-31
sh.601229,2023-05-29,2023-05-31
sh.601236,2023-05-29,2023-05-31
sh.601238,2023-05-29,2023-05-31
sh.601288,2023-05-29,2023-05-31
sh.601318,2023-05-29,2023-05-31
sh.601319,2023-05-29,2023-05-31
sh.601328,2023-05-29,2023-05-31
sh.601336,2023-05-29,2023-05-31
sh.601360,2023-05-29,2023-05-31
sh.601377,2023-05-29,2023-05-31
sh.601390,2023-05-29,2023-05-31
sh.601398,2023-05-29,2023-05-31
sh.601600,2023-05-29,2023-05-31
sh.601601,2023-05-29,2023-05-31
sh.601615,2023-05-29,2023-05-31
sh.601618,2023-05-29,2023-05-31
sh.601628,2023-05-29,2023-05-31
sh.601633,2023-05-29,2023-05-31
sh.601658,2023-05-29,2023-05-31
sh.601668,2023-05-29,2023-05-31
sh.601669,2023-05-29,2023-05-31
sh.601688,2023-05-29,2023-05-31
sh.601689,2023-05-29,2023-05-31
sh.601698,2023-05-29,2023-05-31
sh.601728,2023-05-29,2023-05-31
sh.601766,2023-05-29,2023-05-31
sh.601788,2023-05-29,2023-05-31
sh.601799,2023-05-29,2023-05-31
sh.601800,2023-05-29,2023-05-31
sh.601808,2023-05-29,2023-05-31
sh.601816,2023-05-29,2023-05-31
sh.601818,2023-05-29,2023-05-31
sh.601838,2023-05-29,2023-05-31
sh.601857,2023-05-29,2023-05-31
sh.601865,2023-05-29,2023-05-31
sh.601868,2023-05-29,2023-05-31
sh.601877,2023-05-29,2023-05-31
sh.601878,2023-05-29,2023-05-31
sh.601881,2023-05-29,2023-05-31
sh.601888,2023-05-29,2023-05-31
sh.601898,2023-05-29,2023-05-31
sh.601899,2023-05-29,2023-05-31
sh.601901,2023-05-29,2023-05-31
sh.601919,2023-05-29,2023-05-31
sh.601939,2023-05-29,2023-05-31
sh.601966,2023-05-29,2023-05-31
sh.601985,2023-05-29,2023-05-31
sh.601988,2023-05-29,2023-05-31
sh.601989,2023-05-29,2023-05-31
sh.601995,2023-05-29,2023-05-31
sh.601998,2023-05-29,2023-05-31
sh.603019,2023-05-29,2023-05-31
sh.603185,2023-05-29,2023-05-31
sh.603195,2023-05-29,2023-05-31
sh.603259,2023-05-29,2023-05-31
sh.603260,2023-05-29,2023-05-31
sh.603288,2023-05-29,2023-05-31
sh.603290,2023-05-29,2023-05-31
sh.603369,2023-05-29,2023-05-31
sh.603392,2023-05-29,2023-05-31
sh.603486,2023-05-29,2023-05-31
sh.603501,2023-05-29,2023-05-31
sh.603659,2023-05-29,2023-05-31
sh.603799,2023-05-29,2023-05-31
sh.603806,2023-05-29,2023-05-31
sh.603833,2023-05-29,2023-05-31
sh.603882,2023-05-29,2023-05-31
sh.603899,2023-05-29,2023-05-31
sh.603986,2023-05-29,2023-05-31
sh.603993,2023-05-29,2023-05-31
sh.605117,2023-05-29,2023-05-31
sh.605499,2023-05-29,2023-05-31
sh.688005,2023-05-29,2023-05-31
sh.688008,2023-05-29,2023-05-31
sh.688012,2023-05-29,2023-05-31
sh.688036,2023-05-29,2023-05-31
sh.688065,2023-05-29,2023-05-31
sh.688111,2023-05-29,2023-05-31
sh.688126,2023-05-29,2023-05-31
sh.688169,2023-05-29,2023-05-31
sh.688187,2023-05-29,2023-05-31
sh.688303,2023-05-29,2023-05-31
sh.688363,2023-05-29,2023-05-31
sh.688396,2023-05-29,2023-05-31
sh.688561,2023-05-29,2023-05-31
sh.688599,2023-05-29,2023-05-31
sh.688981,2023-05-29,2023-05-31
sz.000001,2023-05-29,2023-05-31
sz.000002,2023-05-29,2023-05-31
sz.000063,2023-05-29,2023-05-31
sz.000069,2023-05-29,2023-05-31
sz.000100,2023-05-29,2023-05-31
sz.000157,2023-05-29,2023-05-31
sz.000166,2023-05-29,2023-05-31
sz.000301,2023-05-29,2023-05-31
sz.000333,2023-05-29,2023-05-31
sz.000338,2023-05-29,2023-05-31
sz.000408,2023-05-29,2023-05-31
sz.000425,2023-05-29,2023-05-31
sz.000538,2023-05-29,2023-05-31
sz.000568,2023-05-29,2023-05-31
sz.000596,2023-05-29,2023-05-31
sz.000625,2023-05-29,2023-05-31
sz.000651,2023-05-29,2023-05-31
sz.000661,2023-05-29,2023-05-31
sz.000708,2023-05-29,2023-05-31
sz.000723,2023-05-29,2023-05-31
sz.000725,2023-05-29,2023-05-31
sz.000733,2023-05-29,2023-05-31
sz.000768,2023-05-29,2023-05-31
sz.000776,2023-05-29,2023-05-31
sz.000786,2023-05-29,2023-05-31
sz.000792,2023-05-29,2023-05-31
sz.000800,2023-05-29,2023-05-31
sz.000858,2023-05-29,2023-05-31
sz.000876,2023-05-29,2023-05-31
sz.000877,2023-05-29,2023-05-31
sz.000895,2023-05-29,2023-05-31
sz.000938,2023-05-29,2023-05-31
sz.000963,2023-05-29,2023-05-31
sz.000977,2023-05-29,2023-05-31
sz.001289,2023-05-29,2023-05-31
sz.001979,2023-05-29,2023-05-31
sz.002001,2023-05-29,2023-05-31
sz.002007,2023-05-29,2023-05-31
sz.002008,2023-05-29,2023-05-31
sz.002027,2023-05-29,2023-05-31
sz.002032,2023-05-29,2023-05-31
sz.002049,2023-05-29,2023-05-31
sz.002050,2023-05-29,2023-05-31
sz.002064,2023-05-29,2023-05-31
sz.002074,2023-05-29,2023-05-31
sz.002120,2023-05-29,2023-05-31
sz.002129,2023-05-29,2023-05-31
sz.002142,2023-05-29,2023-05-31
sz.002179,2023-05-29,2023-05-31
sz.002180,2023-05-29,2023-05-31
sz.002202,2023-05-29,2023-05-31
sz.002230,2023-05-29,2023-05-31
sz.002236,2023-05-29,2023-05-31
sz.002241,2023-05-29,2023-05-31
sz.002252,2023-05-29,2023-05-31
sz.002271,2023-05-29,2023-05-31
sz.002304,2023-05-29,2023-05-31
sz.002311,2023-05-29,2023-05-31
sz.002352,2023-05-29,2023-05-31
sz.002371,2023-05-29,2023-05-31
sz.002410,2023-05-29,2023-05-31
sz.002414,2023-05-29,2023-05-31
sz.002415,2023-05-29,2023-05-31
sz.002459,2023-05-29,2023-05-31
sz.002460,2023-05-29,2023-05-31
sz.002466,2023-05-29,2023-05-31
sz.002475,2023-05-29,2023-05-31
sz.002493,2023-05-29,2023-05-31
sz.002555,2023-05-29,2023-05-31
sz.002594,2023-05-29,2023-05-31
sz.002600,2023-05-29,2023-05-31
sz.002601,2023-05-29,2023-05-31
sz.002602,2023-05-29,2023-05-31
sz.002648,2023-05-29,2023-05-31
sz.002709,2023-05-29,2023-05-31
sz.002714,2023-05-29,2023-05-31
sz.002736,2023-05-29,2023-05-31
sz.002756,2023-05-29,2023-05-31
sz.002812,2023-05-29,2023-05-31
sz.002821,2023-05-29,2023-05-31
sz.002841,2023-05-29,2023-05-31
sz.002916,2023-05-29,2023-05-31
sz.002920,2023-05-29,2023-05-31
sz.002938,2023-05-29,2023-05-31
sz.003816,2023-05-29,2023-05-31
sz.300014,2023-05-29,2023-05-31
sz.300015,2023-05-29,2023-05-31
sz.300033,2023-05-29,2023-05-31
sz.300059,2023-05-29,2023-05-31
sz.300122,2023-05-29,2023-05-31
sz.300124,2023-05-29,2023-05-31
sz.300142,2023-05-29,2023-05-31
sz.300207,2023-05-29,2023-05-31
sz.300223,2023-05-29,2023-05-31
sz.300274,2023-05-29,2023-05-31
sz.300316,2023-05-29,2023-05-31
sz.300347,2023-05-29,2023-05-31
sz.300408,2023-05-29,2023-05-31
sz.300413,2023-05-29,2023-05-31
sz.300433,2023-05-29,2023-05-31
sz.300450,2023-05-29,2023-05-31
sz.300454,2023-05-29,2023-05-31
sz.300496,2023-05-29,2023-05-31
sz.300498,2023-05-29,2023-05-31
sz.300529,2023-05-29,2023-05-31
sz.300595,2023-05-29,2023-05-31
sz.300601,2023-05-29,2023-05-31
sz.300628,2023-05-29,2023-05-31
sz.300661,2023-05-29,2023-05-31
sz.300750,2023-05-29,2023-05-31
sz.300751,2023-05-29,2023-05-31
sz.300759,2023-05-29,2023-05-31
sz.300760,2023-05-29,2023-05-31
sz.300763,2023-05-29,2023-05-31
sz.300769,2023-05-29,2023-05-31
sz.300782,2023-05-29,2023-05-31
sz.300896,2023-05-29,2023-05-31
sz.300919,2023-05-29,2023-05-31
sz.300957,2023-05-29,2023-05-31
sz.300979,2023-05-29,2023-05-31
sz.300999,2023-05-29,2023-05-31
sh.600000,2023-06-26,2023-06-30
sh.600009,2023-06-26,2023-06-30
sh.600010,2023-06-26,2023-06-30
sh.600011,2023-06-26,2023-06-30
sh.600015,2023-06-26,2023-06-30
sh.600016,2023-06-26,2023-06-30
sh.600018,2023-06-26,2023-06-30
sh.600019,2023-06-26,2023-06-30
sh.600025,2023-06-26,2023-06-30
sh.600028,2023-06-26,2023-06-30
sh.600029,2023-06-26,2023-06-30
sh.600030,2023-06-26,2023-06-30
sh.600031,2023-06-26,2023-06-30
sh.600036,2023-06-26,2023-06-30
sh.600039,2023-06-26,2023-06-30
sh.600048,2023-06-26,2023-06-30
sh.600050,2023-06-26,2023-06-30
sh.600061,2023-06-26,2023-06-30
sh.600085,2023-06-26,2023-06-30
sh.600089,2023-06-26,2023-06-30
sh.600104,2023-06-26,2023-06-30
sh.600111,2023-06-26,2023-06-30
sh.600115,2023-06-26,2023-06-30
sh.600132,2023-06-26,2023-06-30
sh.600150,2023-06-26,2023-06-30
sh.600176,2023-06-26,2023-06-30
sh.600183,2023-06-26,2023-06-30
sh.600188,2023-06-26,2023-06-30
sh.600196,2023-06-26,2023-06-30
sh.600219,2023-06-26,2023-06-30
sh.600233,2023-06-26,2023-06-30
sh.600276,2023-06-26,2023-06-30
sh.600309,2023-06-26,2023-06-30
sh.600332,2023-06-26,2023-06-30
sh.600346,2023-06-26,2023-06-30
sh.600362,2023-06-26,2023-06-30
sh.600383,2023-06-26,2023-06-30
sh.600406,2023-06-26,2023-06-30
sh.600426,2023-06-26,2023-06-30
sh.600436,2023-06-26,2023-06-30
sh.600438,2023-06-26,2023-06-30
sh.600460,2023-06-26,2023-06-30
sh.600519,2023-06-26,2023-06-30
sh.600547,2023-06-26,2023-06-30
sh.600570,2023-06-26,2023-06-30
sh.600584,2023-06-26,2023-06-30
sh.600585,2023-06-26,2023-06-30
sh.600588,2023-06-26,2023-06-30
sh.600600,2023-06-26,2023-06-30
sh.600606,2023-06-26,2023-06-30
sh.600660,2023-06-26,2023-06-30
sh.600674,2023-06-26,2023-06-30
sh.600690,2023-06-26,2023-06-30
sh.600732,2023-06-26,2023-06-30
sh.600741,2023-06-26,2023-06-30
sh.600745,2023-06-26,2023-06-30
sh.600754,2023-06-26,2023-06-30
sh.600760,2023-06-26,2023-06-30
sh.600763,2023-06-26,2023-06-30
sh.600795,2023-06-26,2023-06-30
sh.600803,2023-06-26,2023-06-30
sh.600809,2023-06-26,2023-06-30
sh.600837,2023-06-26,2023-06-30
sh.600845,2023-06-26,2023-06-30
sh.600875,2023-06-26,2023-06-30
sh.600884,2023-06-26,2023-06-30
sh.600886,2023-06-26,2023-06-30
sh.600887,2023-06-26,2023-06-30
sh.600893,2023-06-26,2023-06-30
sh.600900,2023-06-26,2023-06-30
sh.600905,2023-06-26,2023-06-30
sh.600918,2023-06-26,2023-06-30
sh.600919,2023-06-26,2023-06-30
sh.600926,2023-06-26,2023-06-30
sh.600941,2023-06-26,2023-06-30
sh.600958,2023-06-26,2023-06-30
sh.600989,2023-06-26,2023-06-30
sh.600999,2023-06-26,2023-06-30
sh.601006,2023-06-26,2023-06-30
sh.601009,2023-06-26,2023-06-30
sh.601012,2023-06-26,2023-06-30
sh.601021,2023-06-26,2023-06-30
sh.601066,2023-06-26,2023-06-30
sh.601088,2023-06-26,2023-06-30
sh.601100,2023-06-26,2023-06-30
sh.601111,2023-06-26,2023-06-30
sh.601117,2023-06-26,2023-06-30
sh.601138,2023-06-26,2023-06-30
sh.601155,2023-06-26,2023-06-30
sh.601166,2023-06-26,2023-06-30
sh.601169,2023-06-26,2023-06-30
sh.601186,2023-06-26,2023-06-30
sh.601211,2023-06-26,2023-06-30
sh.601216,2023-06-26,2023-06-30
sh.601225,2023-06-26,2023-06-30
sh.601229,2023-06-26,2023-06-30
sh.601236,2023-06-26,2023-06-30
sh.601238,2023-06-26,2023-06-30
sh.601288,2023-06-26,2023-06-30
sh.601318,2023-06-26,2023-06-30
sh.601319,2023-06-26,2023-06-30
sh.601328,2023-06-26,2023-06-30
sh.601336,2023-06-26,2023-06-30
sh.601360,2023-06-26,2023-06-30
sh.601377,2023-06-26,2023-06-30
sh.601390,2023-06-26,2023-06-30
sh.601398,2023-06-26,2023-06-30
sh.601600,2023-06-26,2023-06-30
sh.601601,2023-06-26,2023-06-30
sh.601607,2023-06-26,2023-06-30
sh.601615,2023-06-26,2023-06-30
sh.601618,2023-06-26,2023-06-30
sh.601628,2023-06-26,2023-06-30
sh.601633,2023-06-26,2023-06-30
sh.601658,2023-06-26,2023-06-30
sh.601668,2023-06-26,2023-06-30
sh.601669,2023-06-26,2023-06-30
sh.601688,2023-06-26,2023-06-30
sh.601689,2023-06-26,2023-06-30
sh.601698,2023-06-26,2023-06-30
sh.601699,2023-06-26,2023-06-30
sh.601728,2023-06-26,2023-06-30
sh.601766,2023-06-26,2023-06-30
sh.601788,2023-06-26,2023-06-30
sh.601799,2023-06-26,2023-06-30
sh.601800,2023-06-26,2023-06-30
sh.601808,2023-06-26,2023-06-30
sh.601816,2023-06-26,2023-06-30
sh.601818,2023-06-26,2023-06-30
sh.601838,2023-06-26,2023-06-30
sh.601857,2023-06-26,2023-06-30
sh.601865,2023-06-26,2023-06-30
sh.601868,2023-06-26,2023-06-30
sh.601872,2023-06-26,2023-06-30
sh.601877,2023-06-26,2023-06-30
sh.601878,2023-06-26,2023-06-30
sh.601881,2023-06-26,2023-06-30
sh.601888,2023-06-26,2023-06-30
sh.601898,2023-06-26,2023-06-30
sh.601899,2023-06-26,2023-06-30
sh.601901,2023-06-26,2023-06-30
sh.601919,2023-06-26,2023-06-30
sh.601939,2023-06-26,2023-06-30
sh.601985,2023-06-26,2023-06-30
sh.601988,2023-06-26,2023-06-30
sh.601989,2023-06-26,2023-06-30
sh.601995,2023-06-26,2023-06-30
sh.601998,2023-06-26,2023-06-30
sh.603019,2023-06-26,2023-06-30
sh.603185,2023-06-26,2023-06-30
sh.603195,2023-06-26,2023-06-30
sh.603259,2023-06-26,2023-06-30
sh.603260,2023-06-26,2023-06-30
sh.603288,2023-06-26,2023-06-30
sh.603290,2023-06-26,2023-06-30
sh.603369,2023-06-26,2023-06-30
sh.603392,2023-06-26,2023-06-30
sh.603486,2023-06-26,2023-06-30
sh.603501,2023-06-26,2023-06-30
sh.603659,2023-06-26,2023-06-30
sh.603799,2023-06-26,2023-06-30
sh.603806,2023-06-26,2023-06-30
sh.603833,2023-06-26,2023-06-30
sh.603899,2023-06-26,2023-06-30
sh.603986,2023-06-26,2023-06-30
sh.603993,2023-06-26,2023-06-30
sh.605117,2023-06-26,2023-06-30
sh.605499,2023-06-26,2023-06-30
sh.688005,2023-06-26,2023-06-30
sh.688008,2023-06-26,2023-06-30
sh.688012,2023-06-26,2023-06-30
sh.688036,2023-06-26,2023-06-30
sh.688065,2023-06-26,2023-06-30
sh.688111,2023-06-26,2023-06-30
sh.688126,2023-06-26,2023-06-30
sh.688187,2023-06-26,2023-06-30
sh.688223,2023-06-26,2023-06-30
sh.688303,2023-06-26,2023-06-30
sh.688363,2023-06-26,2023-06-30
sh.688396,2023-06-26,2023-06-30
sh.688561,2023-06-26,2023-06-30
sh.688599,2023-06-26,2023-06-30
sh.688981,2023-06-26,2023-06-30
sz.000001,2023-06-26,2023-06-30
sz.000002,2023-06-26,2023-06-30
sz.000063,2023-06-26,2023-06-30
sz.000069,2023-06-26,2023-06-30
sz.000100,2023-06-26,2023-06-30
sz.000157,2023-06-26,2023-06-30
sz.000166,2023-06-26,2023-06-30
sz.000301,2023-06-26,2023-06-30
sz.000333,2023-06-26,2023-06-30
sz.000338,2023-06-26,2023-06-30
sz.000408,2023-06-26,2023-06-30
sz.000425,2023-06-26,2023-06-30
sz.000538,2023-06-26,2023-06-30
sz.000568,2023-06-26,2023-06-30
sz.000596,2023-06-26,2023-06-30
sz.000617,2023-06-26,2023-06-30
sz.000625,2023-06-26,2023-06-30
sz.000651,2023-06-26,2023-06-30
sz.000661,2023-06-26,2023-06-30
sz.000708,2023-06-26,2023-06-30
sz.000723,2023-06-26,2023-06-30
sz.000725,2023-06-26,2023-06-30
sz.000733,2023-06-26,2023-06-30
sz.000768,2023-06-26,2023-06-30
sz.000776,2023-06-26,2023-06-30
sz.000786,2023-06-26,2023-06-30
sz.000792,2023-06-26,2023-06-30
sz.000800,2023-06-26,2023-06-30
sz.000858,2023-06-26,2023-06-30
sz.000876,2023-06-26,2023-06-30
sz.000877,2023-06-26,2023-06-30
sz.000895,2023-06-26,2023-06-30
sz.000938,2023-06-26,2023-06-30
sz.000963,2023-06-26,2023-06-30
sz.000977,2023-06-26,2023-06-30
sz.000983,2023-06-26,2023-06-30
sz.001289,2023-06-26,2023-06-30
sz.001979,2023-06-26,2023-06-30
sz.002001,2023-06-26,2023-06-30
sz.002007,2023-06-26,2023-06-30
sz.002027,2023-06-26,2023-06-30
sz.002049,2023-06-26,2023-06-30
sz.002050,2023-06-26,2023-06-30
sz.002064,2023-06-26,2023-06-30
sz.002074,2023-06-26,2023-06-30
sz.002120,2023-06-26,2023-06-30
sz.002129,2023-06-26,2023-06-30
sz.002142,2023-06-26,2023-06-30
sz.002179,2023-06-26,2023-06-30
sz.002180,2023-06-26,2023-06-30
sz.002202,2023-06-26,2023-06-30
sz.002230,2023-06-26,2023-06-30
sz.002236,2023-06-26,2023-06-30
sz.002241,2023-06-26,2023-06-30
sz.002252,2023-06-26,2023-06-30
sz.002271,2023-06-26,2023-06-30
sz.002304,2023-06-26,2023-06-30
sz.002311,2023-06-26,2023-06-30
sz.002352,2023-06-26,2023-06-30
sz.002371,2023-06-26,2023-06-30
sz.002410,2023-06-26,2023-06-30
sz.002414,2023-06-26,2023-06-30
sz.002415,2023-06-26,2023-06-30
sz.002459,2023-06-26,2023-06-30
sz.002460,2023-06-26,2023-06-30
sz.002466,2023-06-26,2023-06-30
sz.002475,2023-06-26,2023-06-30
sz.002493,2023-06-26,2023-06-30
sz.002555,2023-06-26,2023-06-30
sz.002594,2023-06-26,2023-06-30
sz.002601,2023-06-26,2023-06-30
sz.002648,2023-06-26,2023-06-30
sz.002709,2023-06-26,2023-06-30
sz.002714,2023-06-26,2023-06-30
sz.002736,2023-06-26,2023-06-30
sz.002756,2023-06-26,2023-06-30
sz.002812,2023-06-26,2023-06-30
sz.002821,2023-06-26,2023-06-30
sz.002841,2023-06-26,2023-06-30
sz.002916,2023-06-26,2023-06-30
sz.002920,2023-06-26,2023-06-30
sz.002938,2023-06-26,2023-06-30
sz.003816,2023-06-26,2023-06-30
sz.300014,2023-06-26,2023-06-30
sz.300015,2023-06-26,2023-06-30
sz.300033,2023-06-26,2023-06-30
sz.300059,2023-06-26,2023-06-30
sz.300122,2023-06-26,2023-06-30
sz.300124,2023-06-26,2023-06-30
sz.300142,2023-06-26,2023-06-30
sz.300207,2023-06-26,2023-06-30
sz.300223,2023-06-26,2023-06-30
sz.300274,2023-06-26,2023-06-30
sz.300316,2023-06-26,2023-06-30
sz.300347,2023-06-26,2023-06-30
sz.300408,2023-06-26,2023-06-30
sz.300413,2023-06-26,2023-06-30
sz.300433,2023-06-26,2023-06-30
sz.300450,2023-06-26,2023-06-30
sz.300454,2023-06-26,2023-06-30
sz.300496,2023-06-26,2023-06-30
sz.300498,2023-06-26,2023-06-30
sz.300601,2023-06-26,2023-06-30
sz.300628,2023-06-26,2023-06-30
sz.300661,2023-06-26,2023-06-30
sz.300750,2023-06-26,2023-06-30
sz.300751,2023-06-26,2023-06-30
sz.300759,2023-06-26,2023-06-30
sz.300760,2023-06-26,2023-06-30
sz.300763,2023-06-26,2023-06-30
sz.300769,2023-06-26,2023-06-30
sz.300782,2023-06-26,2023-06-30
sz.300896,2023-06-26,2023-06-30
sz.300919,2023-06-26,2023-06-30
sz.300957,2023-06-26,2023-06-30
sz.300979,2023-06-26,2023-06-30
sz.300999,2023-06-26,2023-06-30
sh.600000,2023-07-31,2023-07-31
sh.600009,2023-07-31,2023-07-31
sh.600010,2023-07-31,2023-07-31
sh.600011,2023-07-31,2023-07-31
sh.600015,2023-07-31,2023-07-31
sh.600016,2023-07-31,2023-07-31
sh.600018,2023-07-31,2023-07-31
sh.600019,2023-07-31,2023-07-31
sh.600025,2023-07-31,2023-07-31
sh.600028,2023-07-31,2023-07-31
sh.600029,2023-07-31,2023-07-31
sh.600030,2023-07-31,2023-07-31
sh.600031,2023-07-31,2023-07-31
sh.600036,2023-07-31,2023-07-31
sh.600039,2023-07-31,2023-07-31
sh.600048,2023-07-31,2023-07-31
sh.600050,2023-07-31,2023-07-31
sh.600061,2023-07-31,2023-07-31
sh.600085,2023-07-31,2023-07-31
sh.600089,2023-07-31,2023-07-31
sh.600104,2023-07-31,2023-07-31
sh.600111,2023-07-31,2023-07-31
sh.600115,2023-07-31,2023-07-31
sh.600132,2023-07-31,2023-07-31
sh.600150,2023-07-31,2023-07-31
sh.600176,2023-07-31,2023-07-31
sh.600183,2023-07-31,2023-07-31
sh.600188,2023-07-31,2023-07-31
sh.600196,2023-07-31,2023-07-31
sh.600219,2023-07-31,2023-07-31
sh.600233,2023-07-31,2023-07-31
sh.600276,2023-07-31,2023-07-31
sh.600309,2023-07-31,2023-07-31
sh.600332,2023-07-31,2023-07-31
sh.600346,2023-07-31,2023-07-31
sh.600362,2023-07-31,2023-07-31
sh.600383,2023-07-31,2023-07-31
sh.600406,2023-07-31,2023-07-31
sh.600426,2023-07-31,2023-07-31
sh.600436,2023-07-31,2023-07-31
sh.600438,2023-07-31,2023-07-31
sh.600460,2023-07-31,2023-07-31
sh.600519,2023-07-31,2023-07-31
sh.600547,2023-07-31,2023-07-31
sh.600570,2023-07-31,2023-07-31
sh.600584,2023-07-31,2023-07-31
sh.600585,2023-07-31,2023-07-31
sh.600588,2023-07-31,2023-07-31
sh.600600,2023-07-31,2023-07-31
sh.600606,2023-07-31,2023-07-31
sh.600660,2023-07-31,2023-07-31
sh.600674,2023-07-31,2023-07-31
sh.600690,2023-07-31,2023-07-31
sh.600732,2023-07-31,2023-07-31
sh.600741,2023-07-31,2023-07-31
sh.600745,2023-07-31,2023-07-31
sh.600754,2023-07-31,2023-07-31
sh.600760,2023-07-31,2023-07-31
sh.600763,2023-07-31,2023-07-31
sh.600795,2023-07-31,2023-07-31
sh.600803,2023-07-31,2023-07-31
sh.600809,2023-07-31,2023-07-31
sh.600837,2023-07-31,2023-07-31
sh.600845,2023-07-31,2023-07-31
sh.600875,2023-07-31,2023-07-31
sh.600884,2023-07-31,2023-07-31
sh.600886,2023-07-31,2023-07-31
sh.600887,2023-07-31,2023-07-31
sh.600893,2023-07-31,2023-07-31
sh.600900,2023-07-31,2023-07-31
sh.600905,2023-07-31,2023-07-31
sh.600918,2023-07-31,2023-07-31
sh.600919,2023-07-31,2023-07-31
sh.600926,2023-07-31,2023-07-31
sh.600941,2023-07-31,2023-07-31
sh.600958,2023-07-31,2023-07-31
sh.600989,2023-07-31,2023-07-31
sh.600999,2023-07-31,2023-07-31
sh.601006,2023-07-31,2023-07-31
sh.601009,2023-07-31,2023-07-31
sh.601012,2023-07-31,2023-07-31
sh.601021,2023-07-31,2023-07-31
sh.601066,2023-07-31,2023-07-31
sh.601088,2023-07-31,2023-07-31
sh.601100,2023-07-31,2023-07-31
sh.601111,2023-07-31,2023-07-31
sh.601117,2023-07-31,2023-07-31
sh.601138,2023-07-31,2023-07-31
sh.601155,2023-07-31,2023-07-31
sh.601166,2023-07-31,2023-07-31
sh.601169,2023-07-31,2023-07-31
sh.601186,2023-07-31,2023-07-31
sh.601211,2023-07-31,2023-07-31
sh.601216,2023-07-31,2023-07-31
sh.601225,2023-07-31,2023-07-31
sh.601229,2023-07-31,2023-07-31
sh.601236,2023-07-31,2023-07-31
sh.601238,2023-07-31,2023-07-31
sh.601288,2023-07-31,2023-07-31
sh.601318,2023-07-31,2023-07-31
sh.601319,2023-07-31,2023-07-31
sh.601328,2023-07-31,2023-07-31
sh.601336,2023-07-31,2023-07-31
sh.601360,2023-07-31,2023-07-31
sh.601377,2023-07-31,2023-07-31
sh.601390,2023-07-31,2023-07-31
sh.601398,2023-07-31,2023-07-31
sh.601600,2023-07-31,2023-07-31
sh.601601,2023-07-31,2023-07-31
sh.601607,2023-07-31,2023-07-31
sh.601615,2023-07-31,2023-07-31
sh.601618,2023-07-31,2023-07-31
sh.601628,2023-07-31,2023-07-31
sh.601633,2023-07-31,2023-07-31
sh.601658,2023-07-31,2023-07-31
sh.601668,2023-07-31,2023-07-31
sh.601669,2023-07-31,2023-07-31
sh.601688,2023-07-31,2023-07-31
sh.601689,2023-07-31,2023-07-31
sh.601698,2023-07-31,2023-07-31
sh.601699,2023-07-31,2023-07-31
sh.601728,2023-07-31,2023-07-31
sh.601766,2023-07-31,2023-07-31
sh.601788,2023-07-31,2023-07-31
sh.601799,2023-07-31,2023-07-31
sh.601800,2023-07-31,2023-07-31
sh.601808,2023-07-31,2023-07-31
sh.601816,2023-07-31,2023-07-31
sh.601818,2023-07-31,2023-07-31
sh.601838,2023-07-31,2023-07-31
sh.601857,2023-07-31,2023-07-31
sh.601865,2023-07-31,2023-07-31
sh.601868,2023-07-31,2023-07-31
sh.601872,2023-07-31,2023-07-31
sh.601877,2023-07-31,2023-07-31
sh.601878,2023-07-31,2023-07-31
sh.601881,2023-07-31,2023-07-31
sh.601888,2023-07-31,2023-07-31
sh.601898,2023-07-31,2023-07-31
sh.601899,2023-07-31,2023-07-31
sh.601901,2023-07-31,2023-07-31
sh.601919,2023-07-31,2023-07-31
sh.601939,2023-07-31,2023-07-31
sh.601985,2023-07-31,2023-07-31
sh.601988,2023-07-31,2023-07-31
sh.601989,2023-07-31,2023-07-31
sh.601995,2023-07-31,2023-07-31
sh.601998,2023-07-31,2023-07-31
sh.603019,2023-07-31,2023-07-31
sh.603185,2023-07-31,2023-07-31
sh.603195,2023-07-31,2023-07-31
sh.603259,2023-07-31,2023-07-31
sh.603260,2023-07-31,2023-07-31
sh.603288,2023-07-31,2023-07-31
sh.603290,2023-07-31,2023-07-31
sh.603369,2023-07-31,2023-07-31
sh.603392,2023-07-31,2023-07-31
sh.603486,2023-07-31,2023-07-31
sh.603501,2023-07-31,2023-07-31
sh.603659,2023-07-31,2023-07-31
sh.603799,2023-07-31,2023-07-31
sh.603806,2023-07-31,2023-07-31
sh.603833,2023-07-31,2023-07-31
sh.603899,2023-07-31,2023-07-31
sh.603986,2023-07-31,2023-07-31
sh.603993,2023-07-31,2023-07-31
sh.605117,2023-07-31,2023-07-31
sh.605499,2023-07-31,2023-07-31
sh.688005,2023-07-31,2023-07-31
sh.688008,2023-07-31,2023-07-31
sh.688012,2023-07-31,2023-07-31
sh.688036,2023-07-31,2023-07-31
sh.688065,2023-07-31,2023-07-31
sh.688111,2023-07-31,2023-07-31
sh.688126,2023-07-31,2023-07-31
sh.688187,2023-07-31,2023-07-31
sh.688223,2023-07-31,2023-07-31
sh.688303,2023-07-31,2023-07-31
sh.688363,2023-07-31,2023-07-31
sh.688396,2023-07-31,2023-07-31
sh.688561,2023-07-31,2023-07-31
sh.688599,2023-07-31,2023-07-31
sh.688981,2023-07-31,2023-07-31
sz.000001,2023-07-31,2023-07-31
sz.000002,2023-07-31,2023-07-31
sz.000063,2023-07-31,2023-07-31
sz.000069,2023-07-31,2023-07-31
sz.000100,2023-07-31,2023-07-31
sz.000157,2023-07-31,2023-07-31
sz.000166,2023-07-31,2023-07-31
sz.000301,2023-07-31,2023-07-31
sz.000333,2023-07-31,2023-07-31
sz.000338,2023-07-31,2023-07-31
sz.000408,2023-07-31,2023-07-31
sz.000425,2023-07-31,2023-07-31
sz.000538,2023-07-31,2023-07-31
sz.000568,2023-07-31,2023-07-31
sz.000596,2023-07-31,2023-07-31
sz.000617,2023-07-31,2023-07-31
sz.000625,2023-07-31,2023-07-31
sz.000651,2023-07-31,2023-07-31
sz.000661,2023-07-31,2023-07-31
sz.000708,2023-07-31,2023-07-31
sz.000723,2023-07-31,2023-07-31
sz.000725,2023-07-31,2023-07-31
sz.000733,2023-07-31,2023-07-31
sz.000768,2023-07-31,2023-07-31
sz.000776,2023-07-31,2023-07-31
sz.000786,2023-07-31,2023-07-31
sz.000792,2023-07-31,2023-07-31
sz.000800,2023-07-31,2023-07-31
sz.000858,2023-07-31,2023-07-31
sz.000876,2023-07-31,2023-07-31
sz.000877,2023-07-31,2023-07-31
sz.000895,2023-07-31,2023-07-31
sz.000938,2023-07-31,2023-07-31
sz.000963,2023-07-31,2023-07-31
sz.000977,2023-07-31,2023-07-31
sz.000983,2023-07-31,2023-07-31
sz.001289,2023-07-31,2023-07-31
sz.001979,2023-07-31,2023-07-31
sz.002001,2023-07-31,2023-07-31
sz.002007,2023-07-31,2023-07-31
sz.002027,2023-07-31,2023-07-31
sz.002049,2023-07-31,2023-07-31
sz.002050,2023-07-31,2023-07-31
sz.002064,2023-07-31,2023-07-31
sz.002074,2023-07-31,2023-07-31
sz.002120,2023-07-31,2023-07-31
sz.002129,2023-07-31,2023-07-31
sz.002142,2023-07-31,2023-07-31
sz.002179,2023-07-31,2023-07-31
sz.002180,2023-07-31,2023-07-31
sz.002202,2023-07-31,2023-07-31
sz.002230,2023-07-31,2023-07-31
sz.002236,2023-07-31,2023-07-31
sz.002241,2023-07-31,2023-07-31
sz.002252,2023-07-31,2023-07-31
sz.002271,2023-07-31,2023-07-31
sz.002304,2023-07-31,2023-07-31
sz.002311,2023-07-31,2023-07-31
sz.002352,2023-07-31,2023-07-31
sz.002371,2023-07-31,2023-07-31
sz.002410,2023-07-31,2023-07-31
sz.002414,2023-07-31,2023-07-31
sz.002415,2023-07-31,2023-07-31
sz.002459,2023-07-31,2023-07-31
sz.002460,2023-07-31,2023-07-31
sz.002466,2023-07-31,2023-07-31
sz.002475,2023-07-31,2023-07-31
sz.002493,2023-07-31,2023-07-31
sz.002555,2023-07-31,2023-07-31
sz.002594,2023-07-31,2023-07-31
sz.002601,2023-07-31,2023-07-31
sz.002648,2023-07-31,2023-07-31
sz.002709,2023-07-31,2023-07-31
sz.002714,2023-07-31,2023-07-31
sz.002736,2023-07-31,2023-07-31
sz.002756,2023-07-31,2023-07-31
sz.002812,2023-07-31,2023-07-31
sz.002821,2023-07-31,2023-07-31
sz.002841,2023-07-31,2023-07-31
sz.002916,2023-07-31,2023-07-31
sz.002920,2023-07-31,2023-07-31
sz.002938,2023-07-31,2023-07-31
sz.003816,2023-07-31,2023-07-31
sz.300014,2023-07-31,2023-07-31
sz.300015,2023-07-31,2023-07-31
sz.300033,2023-07-31,2023-07-31
sz.300059,2023-07-31,2023-07-31
sz.300122,2023-07-31,2023-07-31
sz.300124,2023-07-31,2023-07-31
sz.300142,2023-07-31,2023-07-31
sz.300207,2023-07-31,2023-07-31
sz.300223,2023-07-31,2023-07-31
sz.300274,2023-07-31,2023-07-31
sz.300316,2023-07-31,2023-07-31
sz.300347,2023-07-31,2023-07-31
sz.300408,2023-07-31,2023-07-31
sz.300413,2023-07-31,2023-07-31
sz.300433,2023-07-31,2023-07-31
sz.300450,2023-07-31,2023-07-31
sz.300454,2023-07-31,2023-07-31
sz.300496,2023-07-31,2023-07-31
sz.300498,2023-07-31,2023-07-31
sz.300601,2023-07-31,2023-07-31
sz.300628,2023-07-31,2023-07-31
sz.300661,2023-07-31,2023-07-31
sz.300750,2023-07-31,2023-07-31
sz.300751,2023-07-31,2023-07-31
sz.300759,2023-07-31,2023-07-31
sz.300760,2023-07-31,2023-07-31
sz.300763,2023-07-31,2023-07-31
sz.300769,2023-07-31,2023-07-31
sz.300782,2023-07-31,2023-07-31
sz.300896,2023-07-31,2023-07-31
sz.300919,2023-07-31,2023-07-31
sz.300957,2023-07-31,2023-07-31
sz.300979,2023-07-31,2023-07-31
sz.300999,2023-07-31,2023-07-31
sh.600000,2023-08-28,2023-08-31
sh.600009,2023-08-28,2023-08-31
sh.600010,2023-08-28,2023-08-31
sh.600011,2023-08-28,2023-08-31
sh.600015,2023-08-28,2023-08-31
sh.600016,2023-08-28,2023-08-31
sh.600018,2023-08-28,2023-08-31
sh.600019,2023-08-28,2023-08-31
sh.600025,2023-08-28,2023-08-31
sh.600028,2023-08-28,2023-08-31
sh.600029,2023-08-28,2023-08-31
sh.600030,2023-08-28,2023-08-31
sh.600031,2023-08-28,2023-08-31
sh.600036,2023-08-28,2023-08-31
sh.600039,2023-08-28,2023-08-31
sh.600048,2023-08-28,2023-08-31
sh.600050,2023-08-28,2023-08-31
sh.600061,2023-08-28,2023-08-31
sh.600085,2023-08-28,2023-08-31
sh.600089,2023-08-28,2023-08-31
sh.600104,2023-08-28,2023-08-31
sh.600111,2023-08-28,2023-08-31
sh.600115,2023-08-28,2023-08-31
sh.600132,2023-08-28,2023-08-31
sh.600150,2023-08-28,2023-08-31
sh.600176,2023-08-28,2023-08-31
sh.600183,2023-08-28,2023-08-31
sh.600188,2023-08-28,2023-08-31
sh.600196,2023-08-28,2023-08-31
sh.600219,2023-08-28,2023-08-31
sh.600233,2023-08-28,2023-08-31
sh.600276,2023-08-28,2023-08-31
sh.600309,2023-08-28,2023-08-31
sh.600332,2023-08-28,2023-08-31
sh.600346,2023-08-28,2023-08-31
sh.600362,2023-08-28,2023-08-31
sh.600383,2023-08-28,2023-08-31
sh.600406,2023-08-28,2023-08-31
sh.600426,2023-08-28,2023-08-31
sh.600436,2023-08-28,2023-08-31
sh.600438,2023-08-28,2023-08-31
sh.600460,2023-08-28,2023-08-31
sh.600519,2023-08-28,2023-08-31
sh.600547,2023-08-28,2023-08-31
sh.600570,2023-08-28,2023-08-31
sh.600584,2023-08-28,2023-08-31
sh.600585,2023-08-28,2023-08-31
sh.600588,2023-08-28,2023-08-31
sh.600600,2023-08-28,2023-08-31
sh.600606,2023-08-28,2023-08-31
sh.600660,2023-08-28,2023-08-31
sh.600674,2023-08-28,2023-08-31
sh.600690,2023-08-28,2023-08-31
sh.600732,2023-08-28,2023-08-31
sh.600741,2023-08-28,2023-08-31
sh.600745,2023-08-28,2023-08-31
sh.600754,2023-08-28,2023-08-31
sh.600760,2023-08-28,2023-08-31
sh.600763,2023-08-28,2023-08-31
sh.600795,2023-08-28,2023-08-31
sh.600803,2023-08-28,2023-08-31
sh.600809,2023-08-28,2023-08-31
sh.600837,2023-08-28,2023-08-31
sh.600845,2023-08-28,2023-08-31
sh.600875,2023-08-28,2023-08-31
sh.600884,2023-08-28,2023-08-31
sh.600886,2023-08-28,2023-08-31
sh.600887,2023-08-28,2023-08-31
sh.600893,2023-08-28,2023-08-31
sh.600900,2023-08-28,2023-08-31
sh.600905,2023-08-28,2023-08-31
sh.600918,2023-08-28,2023-08-31
sh.600919,2023-08-28,2023-08-31
sh.600926,2023-08-28,2023-08-31
sh.600941,2023-08-28,2023-08-31
sh.600958,2023-08-28,2023-08-31
sh.600989,2023-08-28,2023-08-31
sh.600999,2023-08-28,2023-08-31
sh.601006,2023-08-28,2023-08-31
sh.601009,2023-08-28,2023-08-31
sh.601012,2023-08-28,2023-08-31
sh.601021,2023-08-28,2023-08-31
sh.601066,2023-08-28,2023-08-31
sh.601088,2023-08-28,2023-08-31
sh.601100,2023-08-28,2023-08-31
sh.601111,2023-08-28,2023-08-31
sh.601117,2023-08-28,2023-08-31
sh.601138,2023-08-28,2023-08-31
sh.601155,2023-08-28,2023-08-31
sh.601166,2023-08-28,2023-08-31
sh.601169,2023-08-28,2023-08-31
sh.601186,2023-08-28,2023-08-31
sh.601211,2023-08-28,2023-08-31
sh.601216,2023-08-28,2023-08-31
sh.601225,2023-08-28,2023-08-31
sh.601229,2023-08-28,2023-08-31
sh.601236,2023-08-28,2023-08-31
sh.601238,2023-08-28,2023-08-31
sh.601288,2023-08-28,2023-08-31
sh.601318,2023-08-28,2023-08-31
sh.601319,2023-08-28,2023-08-31
sh.601328,2023-08-28,2023-08-31
sh.601336,2023-08-28,2023-08-31
sh.601360,2023-08-28,2023-08-31
sh.601377,2023-08-28,2023-08-31
sh.601390,2023-08-28,2023-08-31
sh.601398,2023-08-28,2023-08-31
sh.601600,2023-08-28,2023-08-31
sh.601601,2023-08-28,2023-08-31
sh.601607,2023-08-28,2023-08-31
sh.601615,2023-08-28,2023-08-31
sh.601618,2023-08-28,2023-08-31
sh.601628,2023-08-28,2023-08-31
sh.601633,2023-08-28,2023-08-31
sh.601658,2023-08-28,2023-08-31
sh.601668,2023-08-28,2023-08-31
sh.601669,2023-08-28,2023-08-31
sh.601688,2023-08-28,2023-08-31
sh.601689,2023-08-28,2023-08-31
sh.601698,2023-08-28,2023-08-31
sh.601699,2023-08-28,2023-08-31
sh.601728,2023-08-28,2023-08-31
sh.601766,2023-08-28,2023-08-31
sh.601788,2023-08-28,2023-08-31
sh.601799,2023-08-28,2023-08-31
sh.601800,2023-08-28,2023-08-31
sh.601808,2023-08-28,2023-08-31
sh.601816,2023-08-28,2023-08-31
sh.601818,2023-08-28,2023-08-31
sh.601838,2023-08-28,2023-08-31
sh.601857,2023-08-28,2023-08-31
sh.601865,2023-08-28,2023-08-31
sh.601868,2023-08-28,2023-08-31
sh.601872,2023-08-28,2023-08-31
sh.601877,2023-08-28,2023-08-31
sh.601878,2023-08-28,2023-08-31
sh.601881,2023-08-28,2023-08-31
sh.601888,2023-08-28,2023-08-31
sh.601898,2023-08-28,2023-08-31
sh.601899,2023-08-28,2023-08-31
sh.601901,2023-08-28,2023-08-31
sh.601919,2023-08-28,2023-08-31
sh.601939,2023-08-28,2023-08-31
sh.601985,2023-08-28,2023-08-31
sh.601988,2023-08-28,2023-08-31
sh.601989,2023-08-28,2023-08-31
sh.601995,2023-08-28,2023-08-31
sh.601998,2023-08-28,2023-08-31
sh.603019,2023-08-28,2023-08-31
sh.603185,2023-08-28,2023-08-31
sh.603195,2023-08-28,2023-08-31
sh.603259,2023-08-28,2023-08-31
sh.603260,2023-08-28,2023-08-31
sh.603288,2023-08-28,2023-08-31
sh.603290,2023-08-28,2023-08-31
sh.603369,2023-08-28,2023-08-31
sh.603392,2023-08-28,2023-08-31
sh.603486,2023-08-28,2023-08-31
sh.603501,2023-08-28,2023-08-31
sh.603659,2023-08-28,2023-08-31
sh.603799,2023-08-28,2023-08-31
sh.603806,2023-08-28,2023-08-31
sh.603833,2023-08-28,2023-08-31
sh.603899,2023-08-28,2023-08-31
sh.603986,2023-08-28,2023-08-31
sh.603993,2023-08-28,2023-08-31
sh.605117,2023-08-28,2023-08-31
sh.605499,2023-08-28,2023-08-31
sh.688005,2023-08-28,2023-08-31
sh.688008,2023-08-28,2023-08-31
sh.688012,2023-08-28,2023-08-31
sh.688036,2023-08-28,2023-08-31
sh.688065,2023-08-28,2023-08-31
sh.688111,2023-08-28,2023-08-31
sh.688126,2023-08-28,2023-08-31
sh.688187,2023-08-28,2023-08-31
sh.688223,2023-08-28,2023-08-31
sh.688303,2023-08-28,2023-08-31
sh.688363,2023-08-28,2023-08-31
sh.688396,2023-08-28,2023-08-31
sh.688561,2023-08-28,2023-08-31
sh.688599,2023-08-28,2023-08-31
sh.688981,2023-08-28,2023-08-31
sz.000001,2023-08-28,2023-08-31
sz.000002,2023-08-28,2023-08-31
sz.000063,2023-08-28,2023-08-31
sz.000069,2023-08-28,2023-08-31
sz.000100,2023-08-28,2023-08-31
sz.000157,2023-08-28,2023-08-31
sz.000166,2023-08-28,2023-08-31
sz.000301,2023-08-28,2023-08-31
sz.000333,2023-08-28,2023-08-31
sz.000338,2023-08-28,2023-08-31
sz.000408,2023-08-28,2023-08-31
sz.000425,2023-08-28,2023-08-31
sz.000538,2023-08-28,2023-08-31
sz.000568,2023-08-28,2023-08-31
sz.000596,2023-08-28,2023-08-31
sz.000617,2023-08-28,2023-08-31
sz.000625,2023-08-28,2023-08-31
sz.000651,2023-08-28,2023-08-31
sz.000661,2023-08-28,2023-08-31
sz.000708,2023-08-28,2023-08-31
sz.000723,2023-08-28,2023-08-31
sz.000725,2023-08-28,2023-08-31
sz.000733,2023-08-28,2023-08-31
sz.000768,2023-08-28,2023-08-31
sz.000776,2023-08-28,2023-08-31
sz.000786,2023-08-28,2023-08-31
sz.000792,2023-08-28,2023-08-31
sz.000800,2023-08-28,2023-08-31
sz.000858,2023-08-28,2023-08-31
sz.000876,2023-08-28,2023-08-31
sz.000877,2023-08-28,2023-08-31
sz.000895,2023-08-28,2023-08-31
sz.000938,2023-08-28,2023-08-31
sz.000963,2023-08-28,2023-08-31
sz.000977,2023-08-28,2023-08-31
sz.000983,2023-08-28,2023-08-31
sz.001289,2023-08-28,2023-08-31
sz.001979,2023-08-28,2023-08-31
sz.002001,2023-08-28,2023-08-31
sz.002007,2023-08-28,2023-08-31
sz.002027,2023-08-28,2023-08-31
sz.002049,2023-08-28,2023-08-31
sz.002050,2023-08-28,2023-08-31
sz.002064,2023-08-28,2023-08-31
sz.002074,2023-08-28,2023-08-31
sz.002120,2023-08-28,2023-08-31
sz.002129,2023-08-28,2023-08-31
sz.002142,2023-08-28,2023-08-31
sz.002179,2023-08-28,2023-08-31
sz.002180,2023-08-28,2023-08-31
sz.002202,2023-08-28,2023-08-31
sz.002230,2023-08-28,2023-08-31
sz.002236,2023-08-28,2023-08-31
sz.002241,2023-08-28,2023-08-31
sz.002252,2023-08-28,2023-08-31
sz.002271,2023-08-28,2023-08-31
sz.002304,2023-08-28,2023-08-31
sz.002311,2023-08-28,2023-08-31
sz.002352,2023-08-28,2023-08-31
sz.002371,2023-08-28,2023-08-31
sz.002410,2023-08-28,2023-08-31
sz.002414,2023-08-28,2023-08-31
sz.002415,2023-08-28,2023-08-31
sz.002459,2023-08-28,2023-08-31
sz.002460,2023-08-28,2023-08-31
sz.002466,2023-08-28,2023-08-31
sz.002475,2023-08-28,2023-08-31
sz.002493,2023-08-28,2023-08-31
sz.002555,2023-08-28,2023-08-31
sz.002594,2023-08-28,2023-08-31
sz.002601,2023-08-28,2023-08-31
sz.002648,2023-08-28,2023-08-31
sz.002709,2023-08-28,2023-08-31
sz.002714,2023-08-28,2023-08-31
sz.002736,2023-08-28,2023-08-31
sz.002756,2023-08-28,2023-08-31
sz.002812,2023-08-28,2023-08-31
sz.002821,2023-08-28,2023-08-31
sz.002841,2023-08-28,2023-08-31
sz.002916,2023-08-28,2023-08-31
sz.002920,2023-08-28,2023-08-31
sz.002938,2023-08-28,2023-08-31
sz.003816,2023-08-28,2023-08-31
sz.300014,2023-08-28,2023-08-31
sz.300015,2023-08-28,2023-08-31
sz.300033,2023-08-28,2023-08-31
sz.300059,2023-08-28,2023-08-31
sz.300122,2023-08-28,2023-08-31
sz.300124,2023-08-28,2023-08-31
sz.300142,2023-08-28,2023-08-31
sz.300207,2023-08-28,2023-08-31
sz.300223,2023-08-28,2023-08-31
sz.300274,2023-08-28,2023-08-31
sz.300316,2023-08-28,2023-08-31
sz.300347,2023-08-28,2023-08-31
sz.300408,2023-08-28,2023-08-31
sz.300413,2023-08-28,2023-08-31
sz.300433,2023-08-28,2023-08-31
sz.300450,2023-08-28,2023-08-31
sz.300454,2023-08-28,2023-08-31
sz.300496,2023-08-28,2023-08-31
sz.300498,2023-08-28,2023-08-31
sz.300601,2023-08-28,2023-08-31
sz.300628,2023-08-28,2023-08-31
sz.300661,2023-08-28,2023-08-31
sz.300750,2023-08-28,2023-08-31
sz.300751,2023-08-28,2023-08-31
sz.300759,2023-08-28,2023-08-31
sz.300760,2023-08-28,2023-08-31
sz.300763,2023-08-28,2023-08-31
sz.300769,2023-08-28,2023-08-31
sz.300782,2023-08-28,2023-08-31
sz.300896,2023-08-28,2023-08-31
sz.300919,2023-08-28,2023-08-31
sz.300957,2023-08-28,2023-08-31
sz.300979,2023-08-28,2023-08-31
sz.300999,2023-08-28,2023-08-31
sh.600000,2023-09-25,2023-09-30
sh.600009,2023-09-25,2023-09-30
sh.600010,2023-09-25,2023-09-30
sh.600011,2023-09-25,2023-09-30
sh.600015,2023-09-25,2023-09-30
sh.600016,2023-09-25,2023-09-30
sh.600018,2023-09-25,2023-09-30
sh.600019,2023-09-25,2023-09-30
sh.600025,2023-09-25,2023-09-30
sh.600028,2023-09-25,2023-09-30
sh.600029,2023-09-25,2023-09-30
sh.600030,2023-09-25,2023-09-30
sh.600031,2023-09-25,2023-09-30
sh.600036,2023-09-25,2023-09-30
sh.600039,2023-09-25,2023-09-30
sh.600048,2023-09-25,2023-09-30
sh.600050,2023-09-25,2023-09-30
sh.600061,2023-09-25,2023-09-30
sh.600085,2023-09-25,2023-09-30
sh.600089,2023-09-25,2023-09-30
sh.600104,2023-09-25,2023-09-30
sh.600111,2023-09-25,2023-09-30
sh.600115,2023-09-25,2023-09-30
sh.600132,2023-09-25,2023-09-30
sh.600150,2023-09-25,2023-09-30
sh.600176,2023-09-25,2023-09-30
sh.600183,2023-09-25,2023-09-30
sh.600188,2023-09-25,2023-09-30
sh.600196,2023-09-25,2023-09-30
sh.600219,2023-09-25,2023-09-30
sh.600233,2023-09-25,2023-09-30
sh.600276,2023-09-25,2023-09-30
sh.600309,2023-09-25,2023-09-30
sh.600332,2023-09-25,2023-09-30
sh.600346,2023-09-25,2023-09-30
sh.600362,2023-09-25,2023-09-30
sh.600383,2023-09-25,2023-09-30
sh.600406,2023-09-25,2023-09-30
sh.600426,2023-09-25,2023-09-30
sh.600436,2023-09-25,2023-09-30
sh.600438,2023-09-25,2023-09-30
sh.600460,2023-09-25,2023-09-30
sh.600519,2023-09-25,2023-09-30
sh.600547,2023-09-25,2023-09-30
sh.600570,2023-09-25,2023-09-30
sh.600584,2023-09-25,2023-09-30
sh.600585,2023-09-25,2023-09-30
sh.600588,2023-09-25,2023-09-30
sh.600600,2023-09-25,2023-09-30
sh.600606,2023-09-25,2023-09-30
sh.600660,2023-09-25,2023-09-30
sh.600674,2023-09-25,2023-09-30
sh.600690,2023-09-25,2023-09-30
sh.600732,2023-09-25,2023-09-30
sh.600741,2023-09-25,2023-09-30
sh.600745,2023-09-25,2023-09-30
sh.600754,2023-09-25,2023-09-30
sh.600760,2023-09-25,2023-09-30
sh.600763,2023-09-25,2023-09-30
sh.600795,2023-09-25,2023-09-30
sh.600803,2023-09-25,2023-09-30
sh.600809,2023-09-25,2023-09-30
sh.600837,2023-09-25,2023-09-30
sh.600845,2023-09-25,2023-09-30
sh.600875,2023-09-25,2023-09-30
sh.600884,2023-09-25,2023-09-30
sh.600886,2023-09-25,2023-09-30
sh.600887,2023-09-25,2023-09-30
sh.600893,2023-09-25,2023-09-30
sh.600900,2023-09-25,2023-09-30
sh.600905,2023-09-25,2023-09-30
sh.600918,2023-09-25,2023-09-30
sh.600919,2023-09-25,2023-09-30
sh.600926,2023-09-25,2023-09-30
sh.600941,2023-09-25,2023-09-30
sh.600958,2023-09-25,2023-09-30
sh.600989,2023-09-25,2023-09-30
sh.600999,2023-09-25,2023-09-30
sh.601006,2023-09-25,2023-09-30
sh.601009,2023-09-25,2023-09-30
sh.601012,2023-09-25,2023-09-30
sh.601021,2023-09-25,2023-09-30
sh.601066,2023-09-25,2023-09-30
sh.601088,2023-09-25,2023-09-30
sh.601100,2023-09-25,2023-09-30
sh.601111,2023-09-25,2023-09-30
sh.601117,2023-09-25,2023-09-30
sh.601138,2023-09-25,2023-09-30
sh.601155,2023-09-25,2023-09-30
sh.601166,2023-09-25,2023-09-30
sh.601169,2023-09-25,2023-09-30
sh.601186,2023-09-25,2023-09-30
sh.601211,2023-09-25,2023-09-30
sh.601216,2023-09-25,2023-09-30
sh.601225,2023-09-25,2023-09-30
sh.601229,2023-09-25,2023-09-30
sh.601236,2023-09-25,2023-09-30
sh.601238,2023-09-25,2023-09-30
sh.601288,2023-09-25,2023-09-30
sh.601318,2023-09-25,2023-09-30
sh.601319,2023-09-25,2023-09-30
sh.601328,2023-09-25,2023-09-30
sh.601336,2023-09-25,2023-09-30
sh.601360,2023-09-25,2023-09-30
sh.601377,2023-09-25,2023-09-30
sh.601390,2023-09-25,2023-09-30
sh.601398,2023-09-25,2023-09-30
sh.601600,2023-09-25,2023-09-30
sh.601601,2023-09-25,2023-09-30
sh.601607,2023-09-25,2023-09-30
sh.601615,2023-09-25,2023-09-30
sh.601618,2023-09-25,2023-09-30
sh.601628,2023-09-25,2023-09-30
sh.601633,2023-09-25,2023-09-30
sh.601658,2023-09-25,2023-09-30
sh.601668,2023-09-25,2023-09-30
sh.601669,2023-09-25,2023-09-30
sh.601688,2023-09-25,2023-09-30
sh.601689,2023-09-25,2023-09-30
sh.601698,2023-09-25,2023-09-30
sh.601699,2023-09-25,2023-09-30
sh.601728,2023-09-25,2023-09-30
sh.601766,2023-09-25,2023-09-30
sh.601788,2023-09-25,2023-09-30
sh.601799,2023-09-25,2023-09-30
sh.601800,2023-09-25,2023-09-30
sh.601808,2023-09-25,2023-09-30
sh.601816,2023-09-25,2023-09-30
sh.601818,2023-09-25,2023-09-30
sh.601838,2023-09-25,2023-09-30
sh.601857,2023-09-25,2023-09-30
sh.601865,2023-09-25,2023-09-30
sh.601868,2023-09-25,2023-09-30
sh.601872,2023-09-25,2023-09-30
sh.601877,2023-09-25,2023-09-30
sh.601878,2023-09-25,2023-09-30
sh.601881,2023-09-25,2023-09-30
sh.601888,2023-09-25,2023-09-30
sh.601898,2023-09-25,2023-09-30
sh.601899,2023-09-25,2023-09-30
sh.601901,2023-09-25,2023-09-30
sh.601919,2023-09-25,2023-09-30
sh.601939,2023-09-25,2023-09-30
sh.601985,2023-09-25,2023-09-30
sh.601988,2023-09-25,2023-09-30
sh.601989,2023-09-25,2023-09-30
sh.601995,2023-09-25,2023-09-30
sh.601998,2023-09-25,2023-09-30
sh.603019,2023-09-25,2023-09-30
sh.603185,2023-09-25,2023-09-30
sh.603195,2023-09-25,2023-09-30
sh.603259,2023-09-25,2023-09-30
sh.603260,2023-09-25,2023-09-30
sh.603288,2023-09-25,2023-09-30
sh.603290,2023-09-25,2023-09-30
sh.603369,2023-09-25,2023-09-30
sh.603392,2023-09-25,2023-09-30
sh.603486,2023-09-25,2023-09-30
sh.603501,2023-09-25,2023-09-30
sh.603659,2023-09-25,2023-09-30
sh.603799,2023-09-25,2023-09-30
sh.603806,2023-09-25,2023-09-30
sh.603833,2023-09-25,2023-09-30
sh.603899,2023-09-25,2023-09-30
sh.603986,2023-09-25,2023-09-30
sh.603993,2023-09-25,2023-09-30
sh.605117,2023-09-25,2023-09-30
sh.605499,2023-09-25,2023-09-30
sh.688005,2023-09-25,2023-09-30
sh.688008,2023-09-25,2023-09-30
sh.688012,2023-09-25,2023-09-30
sh.688036,2023-09-25,2023-09-30
sh.688065,2023-09-25,2023-09-30
sh.688111,2023-09-25,2023-09-30
sh.688126,2023-09-25,2023-09-30
sh.688187,2023-09-25,2023-09-30
sh.688223,2023-09-25,2023-09-30
sh.688303,2023-09-25,2023-09-30
sh.688363,2023-09-25,2023-09-30
sh.688396,2023-09-25,2023-09-30
sh.688561,2023-09-25,2023-09-30
sh.688599,2023-09-25,2023-09-30
sh.688981,2023-09-25,2023-09-30
sz.000001,2023-09-25,2023-09-30
sz.000002,2023-09-25,2023-09-30
sz.000063,2023-09-25,2023-09-30
sz.000069,2023-09-25,2023-09-30
sz.000100,2023-09-25,2023-09-30
sz.000157,2023-09-25,2023-09-30
sz.000166,2023-09-25,2023-09-30
sz.000301,2023-09-25,2023-09-30
sz.000333,2023-09-25,2023-09-30
sz.000338,2023-09-25,2023-09-30
sz.000408,2023-09-25,2023-09-30
sz.000425,2023-09-25,2023-09-30
sz.000538,2023-09-25,2023-09-30
sz.000568,2023-09-25,2023-09-30
sz.000596,2023-09-25,2023-09-30
sz.000617,2023-09-25,2023-09-30
sz.000625,2023-09-25,2023-09-30
sz.000651,2023-09-25,2023-09-30
sz.000661,2023-09-25,2023-09-30
sz.000708,2023-09-25,2023-09-30
sz.000723,2023-09-25,2023-09-30
sz.000725,2023-09-25,2023-09-30
sz.000733,2023-09-25,2023-09-30
sz.000768,2023-09-25,2023-09-30
sz.000776,2023-09-25,2023-09-30
sz.000786,2023-09-25,2023-09-30
sz.000792,2023-09-25,2023-09-30
sz.000800,2023-09-25,2023-09-30
sz.000858,2023-09-25,2023-09-30
sz.000876,2023-09-25,2023-09-30
sz.000877,2023-09-25,2023-09-30
sz.000895,2023-09-25,2023-09-30
sz.000938,2023-09-25,2023-09-30
sz.000963,2023-09-25,2023-09-30
sz.000977,2023-09-25,2023-09-30
sz.000983,2023-09-25,2023-09-30
sz.001289,2023-09-25,2023-09-30
sz.001979,2023-09-25,2023-09-30
sz.002001,2023-09-25,2023-09-30
sz.002007,2023-09-25,2023-09-30
sz.002027,2023-09-25,2023-09-30
sz.002049,2023-09-25,2023-09-30
sz.002050,2023-09-25,2023-09-30
sz.002064,2023-09-25,2023-09-30
sz.002074,2023-09-25,2023-09-30
sz.002120,2023-09-25,2023-09-30
sz.002129,2023-09-25,2023-09-30
sz.002142,2023-09-25,2023-09-30
sz.002179,2023-09-25,2023-09-30
sz.002180,2023-09-25,2023-09-30
sz.002202,2023-09-25,2023-09-30
sz.002230,2023-09-25,2023-09-30
sz.002236,2023-09-25,2023-09-30
sz.002241,2023-09-25,2023-09-30
sz.002252,2023-09-25,2023-09-30
sz.002271,2023-09-25,2023-09-30
sz.002304,2023-09-25,2023-09-30
sz.002311,2023-09-25,2023-09-30
sz.002352,2023-09-25,2023-09-30
sz.002371,2023-09-25,2023-09-30
sz.002410,2023-09-25,2023-09-30
sz.002414,2023-09-25,2023-09-30
sz.002415,2023-09-25,2023-09-30
sz.002459,2023-09-25,2023-09-30
sz.002460,2023-09-25,2023-09-30
sz.002466,2023-09-25,2023-09-30
sz.002475,2023-09-25,2023-09-30
sz.002493,2023-09-25,2023-09-30
sz.002555,2023-09-25,2023-09-30
sz.002594,2023-09-25,2023-09-30
sz.002601,2023-09-25,2023-09-30
sz.002648,2023-09-25,2023-09-30
sz.002709,2023-09-25,2023-09-30
sz.002714,2023-09-25,2023-09-30
sz.002736,2023-09-25,2023-09-30
sz.002756,2023-09-25,2023-09-30
sz.002812,2023-09-25,2023-09-30
sz.002821,2023-09-25,2023-09-30
sz.002841,2023-09-25,2023-09-30
sz.002916,2023-09-25,2023-09-30
sz.002920,2023-09-25,2023-09-30
sz.002938,2023-09-25,2023-09-30
sz.003816,2023-09-25,2023-09-30
sz.300014,2023-09-25,2023-09-30
sz.300015,2023-09-25,2023-09-30
sz.300033,2023-09-25,2023-09-30
sz.300059,2023-09-25,2023-09-30
sz.300122,2023-09-25,2023-09-30
sz.300124,2023-09-25,2023-09-30
sz.300142,2023-09-25,2023-09-30
sz.300207,2023-09-25,2023-09-30
sz.300223,2023-09-25,2023-09-30
sz.300274,2023-09-25,2023-09-30
sz.300316,2023-09-25,2023-09-30
sz.300347,2023-09-25,2023-09-30
sz.300408,2023-09-25,2023-09-30
sz.300413,2023-09-25,2023-09-30
sz.300433,2023-09-25,2023-09-30
sz.300450,2023-09-25,2023-09-30
sz.300454,2023-09-25,2023-09-30
sz.300496,2023-09-25,2023-09-30
sz.300498,2023-09-25,2023-09-30
sz.300601,2023-09-25,2023-09-30
sz.300628,2023-09-25,2023-09-30
sz.300661,2023-09-25,2023-09-30
sz.300750,2023-09-25,2023-09-30
sz.300751,2023-09-25,2023-09-30
sz.300759,2023-09-25,2023-09-30
sz.300760,2023-09-25,2023-09-30
sz.300763,2023-09-25,2023-09-30
sz.300769,2023-09-25,2023-09-30
sz.300782,2023-09-25,2023-09-30
sz.300896,2023-09-25,2023-09-30
sz.300919,2023-09-25,2023-09-30
sz.300957,2023-09-25,2023-09-30
sz.300979,2023-09-25,2023-09-30
sz.300999,2023-09-25,2023-09-30
sh.600000,2023-10-30,2023-10-31
sh.600009,2023-10-30,2023-10-31
sh.600010,2023-10-30,2023-10-31
sh.600011,2023-10-30,2023-10-31
sh.600015,2023-10-30,2023-10-31
sh.600016,2023-10-30,2023-10-31
sh.600018,2023-10-30,2023-10-31
sh.600019,2023-10-30,2023-10-31
sh.600025,2023-10-30,2023-10-31
sh.600028,2023-10-30,2023-10-31
sh.600029,2023-10-30,2023-10-31
sh.600030,2023-10-30,2023-10-31
sh.600031,2023-10-30,2023-10-31
sh.600036,2023-10-30,2023-10-31
sh.600039,2023-10-30,2023-10-31
sh.600048,2023-10-30,2023-10-31
sh.600050,2023-10-30,2023-10-31
sh.600061,2023-10-30,2023-10-31
sh.600085,2023-10-30,2023-10-31
sh.600089,2023-10-30,2023-10-31
sh.600104,2023-10-30,2023-10-31
sh.600111,2023-10-30,2023-10-31
sh.600115,2023-10-30,2023-10-31
sh.600132,2023-10-30,2023-10-31
sh.600150,2023-10-30,2023-10-31
sh.600176,2023-10-30,2023-10-31
sh.600183,2023-10-30,2023-10-31
sh.600188,2023-10-30,2023-10-31
sh.600196,2023-10-30,2023-10-31
sh.600219,2023-10-30,2023-10-31
sh.600233,2023-10-30,2023-10-31
sh.600276,2023-10-30,2023-10-31
sh.600309,2023-10-30,2023-10-31
sh.600332,2023-10-30,2023-10-31
sh.600346,2023-10-30,2023-10-31
sh.600362,2023-10-30,2023-10-31
sh.600383,2023-10-30,2023-10-31
sh.600406,2023-10-30,2023-10-31
sh.600426,2023-10-30,2023-10-31
sh.600436,2023-10-30,2023-10-31
sh.600438,2023-10-30,2023-10-31
sh.600460,2023-10-30,2023-10-31
sh.600519,2023-10-30,2023-10-31
sh.600547,2023-10-30,2023-10-31
sh.600570,2023-10-30,2023-10-31
sh.600584,2023-10-30,2023-10-31
sh.600585,2023-10-30,2023-10-31
sh.600588,2023-10-30,2023-10-31
sh.600600,2023-10-30,2023-10-31
sh.600606,2023-10-30,2023-10-31
sh.600660,2023-10-30,2023-10-31
sh.600674,2023-10-30,2023-10-31
sh.600690,2023-10-30,2023-10-31
sh.600732,2023-10-30,2023-10-31
sh.600741,2023-10-30,2023-10-31
sh.600745,2023-10-30,2023-10-31
sh.600754,2023-10-30,2023-10-31
sh.600760,2023-10-30,2023-10-31
sh.600763,2023-10-30,2023-10-31
sh.600795,2023-10-30,2023-10-31
sh.600803,2023-10-30,2023-10-31
sh.600809,2023-10-30,2023-10-31
sh.600837,2023-10-30,2023-10-31
sh.600845,2023-10-30,2023-10-31
sh.600875,2023-10-30,2023-10-31
sh.600884,2023-10-30,2023-10-31
sh.600886,2023-10-30,2023-10-31
sh.600887,2023-10-30,2023-10-31
sh.600893,2023-10-30,2023-10-31
sh.600900,2023-10-30,2023-10-31
sh.600905,2023-10-30,2023-10-31
sh.600918,2023-10-30,2023-10-31
sh.600919,2023-10-30,2023-10-31
sh.600926,2023-10-30,2023-10-31
sh.600941,2023-10-30,2023-10-31
sh.600958,2023-10-30,2023-10-31
sh.600989,2023-10-30,2023-10-31
sh.600999,2023-10-30,2023-10-31
sh.601006,2023-10-30,2023-10-31
sh.601009,2023-10-30,2023-10-31
sh.601012,2023-10-30,2023-10-31
sh.601021,2023-10-30,2023-10-31
sh.601066,2023-10-30,2023-10-31
sh.601088,2023-10-30,2023-10-31
sh.601100,2023-10-30,2023-10-31
sh.601111,2023-10-30,2023-10-31
sh.601117,2023-10-30,2023-10-31
sh.601138,2023-10-30,2023-10-31
sh.601155,2023-10-30,2023-10-31
sh.601166,2023-10-30,2023-10-31
sh.601169,2023-10-30,2023-10-31
sh.601186,2023-10-30,2023-10-31
sh.601211,2023-10-30,2023-10-31
sh.601216,2023-10-30,2023-10-31
sh.601225,2023-10-30,2023-10-31
sh.601229,2023-10-30,2023-10-31
sh.601236,2023-10-30,2023-10-31
sh.601238,2023-10-30,2023-10-31
sh.601288,2023-10-30,2023-10-31
sh.601318,2023-10-30,2023-10-31
sh.601319,2023-10-30,2023-10-31
sh.601328,2023-10-30,2023-10-31
sh.601336,2023-10-30,2023-10-31
sh.601360,2023-10-30,2023-10-31
sh.601377,2023-10-30,2023-10-31
sh.601390,2023-10-30,2023-10-31
sh.601398,2023-10-30,2023-10-31
sh.601600,2023-10-30,2023-10-31
sh.601601,2023-10-30,2023-10-31
sh.601607,2023-10-30,2023-10-31
sh.601615,2023-10-30,2023-10-31
sh.601618,2023-10-30,2023-10-31
sh.601628,2023-10-30,2023-10-31
sh.601633,2023-10-30,2023-10-31
sh.601658,2023-10-30,2023-10-31
sh.601668,2023-10-30,2023-10-31
sh.601669,2023-10-30,2023-10-31
sh.601688,2023-10-30,2023-10-31
sh.601689,2023-10-30,2023-10-31
sh.601698,2023-10-30,2023-10-31
sh.601699,2023-10-30,2023-10-31
sh.601728,2023-10-30,2023-10-31
sh.601766,2023-10-30,2023-10-31
sh.601788,2023-10-30,2023-10-31
sh.601799,2023-10-30,2023-10-31
sh.601800,2023-10-30,2023-10-31
sh.601808,2023-10-30,2023-10-31
sh.601816,2023-10-30,2023-10-31
sh.601818,2023-10-30,2023-10-31
sh.601838,2023-10-30,2023-10-31
sh.601857,2023-10-30,2023-10-31
sh.601865,2023-10-30,2023-10-31
sh.601868,2023-10-30,2023-10-31
sh.601872,2023-10-30,2023-10-31
sh.601877,2023-10-30,2023-10-31
sh.601878,2023-10-30,2023-10-31
sh.601881,2023-10-30,2023-10-31
sh.601888,2023-10-30,2023-10-31
sh.601898,2023-10-30,2023-10-31
sh.601899,2023-10-30,2023-10-31
sh.601901,2023-10-30,2023-10-31
sh.601919,2023-10-30,2023-10-31
sh.601939,2023-10-30,2023-10-31
sh.601985,2023-10-30,2023-10-31
sh.601988,2023-10-30,2023-10-31
sh.601989,2023-10-30,2023-10-31
sh.601995,2023-10-30,2023-10-31
sh.601998,2023-10-30,2023-10-31
sh.603019,2023-10-30,2023-10-31
sh.603185,2023-10-30,2023-10-31
sh.603195,2023-10-30,2023-10-31
sh.603259,2023-10-30,2023-10-31
sh.603260,2023-10-30,2023-10-31
sh.603288,2023-10-30,2023-10-31
sh.603290,2023-10-30,2023-10-31
sh.603369,2023-10-30,2023-10-31
sh.603392,2023-10-30,2023-10-31
sh.603486,2023-10-30,2023-10-31
sh.603501,2023-10-30,2023-10-31
sh.603659,2023-10-30,2023-10-31
sh.603799,2023-10-30,2023-10-31
sh.603806,2023-10-30,2023-10-31
sh.603833,2023-10-30,2023-10-31
sh.603899,2023-10-30,2023-10-31
sh.603986,2023-10-30,2023-10-31
sh.603993,2023-10-30,2023-10-31
sh.605117,2023-10-30,2023-10-31
sh.605499,2023-10-30,2023-10-31
sh.688005,2023-10-30,2023-10-31
sh.688008,2023-10-30,2023-10-31
sh.688012,2023-10-30,2023-10-31
sh.688036,2023-10-30,2023-10-31
sh.688065,2023-10-30,2023-10-31
sh.688111,2023-10-30,2023-10-31
sh.688126,2023-10-30,2023-10-31
sh.688187,2023-10-30,2023-10-31
sh.688223,2023-10-30,2023-10-31
sh.688303,2023-10-30,2023-10-31
sh.688363,2023-10-30,2023-10-31
sh.688396,2023-10-30,2023-10-31
sh.688561,2023-10-30,2023-10-31
sh.688599,2023-10-30,2023-10-31
sh.688981,2023-10-30,2023-10-31
sz.000001,2023-10-30,2023-10-31
sz.000002,2023-10-30,2023-10-31
sz.000063,2023-10-30,2023-10-31
sz.000069,2023-10-30,2023-10-31
sz.000100,2023-10-30,2023-10-31
sz.000157,2023-10-30,2023-10-31
sz.000166,2023-10-30,2023-10-31
sz.000301,2023-10-30,2023-10-31
sz.000333,2023-10-30,2023-10-31
sz.000338,2023-10-30,2023-10-31
sz.000408,2023-10-30,2023-10-31
sz.000425,2023-10-30,2023-10-31
sz.000538,2023-10-30,2023-10-31
sz.000568,2023-10-30,2023-10-31
sz.000596,2023-10-30,2023-10-31
sz.000617,2023-10-30,2023-10-31
sz.000625,2023-10-30,2023-10-31
sz.000651,2023-10-30,2023-10-31
sz.000661,2023-10-30,2023-10-31
sz.000708,2023-10-30,2023-10-31
sz.000723,2023-10-30,2023-10-31
sz.000725,2023-10-30,2023-10-31
sz.000733,2023-10-30,2023-10-31
sz.000768,2023-10-30,2023-10-31
sz.000776,2023-10-30,2023-10-31
sz.000786,2023-10-30,2023-10-31
sz.000792,2023-10-30,2023-10-31
sz.000800,2023-10-30,2023-10-31
sz.000858,2023-10-30,2023-10-31
sz.000876,2023-10-30,2023-10-31
sz.000877,2023-10-30,2023-10-31
sz.000895,2023-10-30,2023-10-31
sz.000938,2023-10-30,2023-10-31
sz.000963,2023-10-30,2023-10-31
sz.000977,2023-10-30,2023-10-31
sz.000983,2023-10-30,2023-10-31
sz.001289,2023-10-30,2023-10-31
sz.001979,2023-10-30,2023-10-31
sz.002001,2023-10-30,2023-10-31
sz.002007,2023-10-30,2023-10-31
sz.002027,2023-10-30,2023-10-31
sz.002049,2023-10-30,2023-10-31
sz.002050,2023-10-30,2023-10-31
sz.002064,2023-10-30,2023-10-31
sz.002074,2023-10-30,2023-10-31
sz.002120,2023-10-30,2023-10-31
sz.002129,2023-10-30,2023-10-31
sz.002142,2023-10-30,2023-10-31
sz.002179,2023-10-30,2023-10-31
sz.002180,2023-10-30,2023-10-31
sz.002202,2023-10-30,2023-10-31
sz.002230,2023-10-30,2023-10-31
sz.002236,2023-10-30,2023-10-31
sz.002241,2023-10-30,2023-10-31
sz.002252,2023-10-30,2023-10-31
sz.002271,2023-10-30,2023-10-31
sz.002304,2023-10-30,2023-10-31
sz.002311,2023-10-30,2023-10-31
sz.002352,2023-10-30,2023-10-31
sz.002371,2023-10-30,2023-10-31
sz.002410,2023-10-30,2023-10-31
sz.002414,2023-10-30,2023-10-31
sz.002415,2023-10-30,2023-10-31
sz.002459,2023-10-30,2023-10-31
sz.002460,2023-10-30,2023-10-31
sz.002466,2023-10-30,2023-10-31
sz.002475,2023-10-30,2023-10-31
sz.002493,2023-10-30,2023-10-31
sz.002555,2023-10-30,2023-10-31
sz.002594,2023-10-30,2023-10-31
sz.002601,2023-10-30,2023-10-31
sz.002648,2023-10-30,2023-10-31
sz.002709,2023-10-30,2023-10-31
sz.002714,2023-10-30,2023-10-31
sz.002736,2023-10-30,2023-10-31
sz.002756,2023-10-30,2023-10-31
sz.002812,2023-10-30,2023-10-31
sz.002821,2023-10-30,2023-10-31
sz.002841,2023-10-30,2023-10-31
sz.002916,2023-10-30,2023-10-31
sz.002920,2023-10-30,2023-10-31
sz.002938,2023-10-30,2023-10-31
sz.003816,2023-10-30,2023-10-31
sz.300014,2023-10-30,2023-10-31
sz.300015,2023-10-30,2023-10-31
sz.300033,2023-10-30,2023-10-31
sz.300059,2023-10-30,2023-10-31
sz.300122,2023-10-30,2023-10-31
sz.300124,2023-10-30,2023-10-31
sz.300142,2023-10-30,2023-10-31
sz.300207,2023-10-30,2023-10-31
sz.300223,2023-10-30,2023-10-31
sz.300274,2023-10-30,2023-10-31
sz.300316,2023-10-30,2023-10-31
sz.300347,2023-10-30,2023-10-31
sz.300408,2023-10-30,2023-10-31
sz.300413,2023-10-30,2023-10-31
sz.300433,2023-10-30,2023-10-31
sz.300450,2023-10-30,2023-10-31
sz.300454,2023-10-30,2023-10-31
sz.300496,2023-10-30,2023-10-31
sz.300498,2023-10-30,2023-10-31
sz.300601,2023-10-30,2023-10-31
sz.300628,2023-10-30,2023-10-31
sz.300661,2023-10-30,2023-10-31
sz.300750,2023-10-30,2023-10-31
sz.300751,2023-10-30,2023-10-31
sz.300759,2023-10-30,2023-10-31
sz.300760,2023-10-30,2023-10-31
sz.300763,2023-10-30,2023-10-31
sz.300769,2023-10-30,2023-10-31
sz.300782,2023-10-30,2023-10-31
sz.300896,2023-10-30,2023-10-31
sz.300919,2023-10-30,2023-10-31
sz.300957,2023-10-30,2023-10-31
sz.300979,2023-10-30,2023-10-31
sz.300999,2023-10-30,2023-10-31
sh.600000,2023-11-27,2023-11-30
sh.600009,2023-11-27,2023-11-30
sh.600010,2023-11-27,2023-11-30
sh.600011,2023-11-27,2023-11-30
sh.600015,2023-11-27,2023-11-30
sh.600016,2023-11-27,2023-11-30
sh.600018,2023-11-27,2023-11-30
sh.600019,2023-11-27,2023-11-30
sh.600025,2023-11-27,2023-11-30
sh.600028,2023-11-27,2023-11-30
sh.600029,2023-11-27,2023-11-30
sh.600030,2023-11-27,2023-11-30
sh.600031,2023-11-27,2023-11-30
sh.600036,2023-11-27,2023-11-30
sh.600039,2023-11-27,2023-11-30
sh.600048,2023-11-27,2023-11-30
sh.600050,2023-11-27,2023-11-30
sh.600061,2023-11-27,2023-11-30
sh.600085,2023-11-27,2023-11-30
sh.600089,2023-11-27,2023-11-30
sh.600104,2023-11-27,2023-11-30
sh.600111,2023-11-27,2023-11-30
sh.600115,2023-11-27,2023-11-30
sh.600132,2023-11-27,2023-11-30
sh.600150,2023-11-27,2023-11-30
sh.600176,2023-11-27,2023-11-30
sh.600183,2023-11-27,2023-11-30
sh.600188,2023-11-27,2023-11-30
sh.600196,2023-11-27,2023-11-30
sh.600219,2023-11-27,2023-11-30
sh.600233,2023-11-27,2023-11-30
sh.600276,2023-11-27,2023-11-30
sh.600309,2023-11-27,2023-11-30
sh.600332,2023-11-27,2023-11-30
sh.600346,2023-11-27,2023-11-30
sh.600362,2023-11-27,2023-11-30
sh.600383,2023-11-27,2023-11-30
sh.600406,2023-11-27,2023-11-30
sh.600426,2023-11-27,2023-11-30
sh.600436,2023-11-27,2023-11-30
sh.600438,2023-11-27,2023-11-30
sh.600460,2023-11-27,2023-11-30
sh.600519,2023-11-27,2023-11-30
sh.600547,2023-11-27,2023-11-30
sh.600570,2023-11-27,2023-11-30
sh.600584,2023-11-27,2023-11-30
sh.600585,2023-11-27,2023-11-30
sh.600588,2023-11-27,2023-11-30
sh.600600,2023-11-27,2023-11-30
sh.600606,2023-11-27,2023-11-30
sh.600660,2023-11-27,2023-11-30
sh.600674,2023-11-27,2023-11-30
sh.600690,2023-11-27,2023-11-30
sh.600732,2023-11-27,2023-11-30
sh.600741,2023-11-27,2023-11-30
sh.600745,2023-11-27,2023-11-30
sh.600754,2023-11-27,2023-11-30
sh.600760,2023-11-27,2023-11-30
sh.600763,2023-11-27,2023-11-30
sh.600795,2023-11-27,2023-11-30
sh.600803,2023-11-27,2023-11-30
sh.600809,2023-11-27,2023-11-30
sh.600837,2023-11-27,2023-11-30
sh.600845,2023-11-27,2023-11-30
sh.600875,2023-11-27,2023-11-30
sh.600884,2023-11-27,2023-11-30
sh.600886,2023-11-27,2023-11-30
sh.600887,2023-11-27,2023-11-30
sh.600893,2023-11-27,2023-11-30
sh.600900,2023-11-27,2023-11-30
sh.600905,2023-11-27,2023-11-30
sh.600918,2023-11-27,2023-11-30
sh.600919,2023-11-27,2023-11-30
sh.600926,2023-11-27,2023-11-30
sh.600941,2023-11-27,2023-11-30
sh.600958,2023-11-27,2023-11-30
sh.600989,2023-11-27,2023-11-30
sh.600999,2023-11-27,2023-11-30
sh.601006,2023-11-27,2023-11-30
sh.601009,2023-11-27,2023-11-30
sh.601012,2023-11-27,2023-11-30
sh.601021,2023-11-27,2023-11-30
sh.601066,2023-11-27,2023-11-30
sh.601088,2023-11-27,2023-11-30
sh.601100,2023-11-27,2023-11-30
sh.601111,2023-11-27,2023-11-30
sh.601117,2023-11-27,2023-11-30
sh.601138,2023-11-27,2023-11-30
sh.601155,2023-11-27,2023-11-30
sh.601166,2023-11-27,2023-11-30
sh.601169,2023-11-27,2023-11-30
sh.601186,2023-11-27,2023-11-30
sh.601211,2023-11-27,2023-11-30
sh.601216,2023-11-27,2023-11-30
sh.601225,2023-11-27,2023-11-30
sh.601229,2023-11-27,2023-11-30
sh.601236,2023-11-27,2023-11-30
sh.601238,2023-11-27,2023-11-30
sh.601288,2023-11-27,2023-11-30
sh.601318,2023-11-27,2023-11-30
sh.601319,2023-11-27,2023-11-30
sh.601328,2023-11-27,2023-11-30
sh.601336,2023-11-27,2023-11-30
sh.601360,2023-11-27,2023-11-30
sh.601377,2023-11-27,2023-11-30
sh.601390,2023-11-27,2023-11-30
sh.601398,2023-11-27,2023-11-30
sh.601600,2023-11-27,2023-11-30
sh.601601,2023-11-27,2023-11-30
sh.601607,2023-11-27,2023-11-30
sh.601615,2023-11-27,2023-11-30
sh.601618,2023-11-27,2023-11-30
sh.601628,2023-11-27,2023-11-30
sh.601633,2023-11-27,2023-11-30
sh.601658,2023-11-27,2023-11-30
sh.601668,2023-11-27,2023-11-30
sh.601669,2023-11-27,2023-11-30
sh.601688,2023-11-27,2023-11-30
sh.601689,2023-11-27,2023-11-30
sh.601698,2023-11-27,2023-11-30
sh.601699,2023-11-27,2023-11-30
sh.601728,2023-11-27,2023-11-30
sh.601766,2023-11-27,2023-11-30
sh.601788,2023-11-27,2023-11-30
sh.601799,2023-11-27,2023-11-30
sh.601800,2023-11-27,2023-11-30
sh.601808,2023-11-27,2023-11-30
sh.601816,2023-11-27,2023-11-30
sh.601818,2023-11-27,2023-11-30
sh.601838,2023-11-27,2023-11-30
sh.601857,2023-11-27,2023-11-30
sh.601865,2023-11-27,2023-11-30
sh.601868,2023-11-27,2023-11-30
sh.601872,2023-11-27,2023-11-30
sh.601877,2023-11-27,2023-11-30
sh.601878,2023-11-27,2023-11-30
sh.601881,2023-11-27,2023-11-30
sh.601888,2023-11-27,2023-11-30
sh.601898,2023-11-27,2023-11-30
sh.601899,2023-11-27,2023-11-30
sh.601901,2023-11-27,2023-11-30
sh.601919,2023-11-27,2023-11-30
sh.601939,2023-11-27,2023-11-30
sh.601985,2023-11-27,2023-11-30
sh.601988,2023-11-27,2023-11-30
sh.601989,2023-11-27,2023-11-30
sh.601995,2023-11-27,2023-11-30
sh.601998,2023-11-27,2023-11-30
sh.603019,2023-11-27,2023-11-30
sh.603185,2023-11-27,2023-11-30
sh.603195,2023-11-27,2023-11-30
sh.603259,2023-11-27,2023-11-30
sh.603260,2023-11-27,2023-11-30
sh.603288,2023-11-27,2023-11-30
sh.603290,2023-11-27,2023-11-30
sh.603369,2023-11-27,2023-11-30
sh.603392,2023-11-27,2023-11-30
sh.603486,2023-11-27,2023-11-30
sh.603501,2023-11-27,2023-11-30
sh.603659,2023-11-27,2023-11-30
sh.603799,2023-11-27,2023-11-30
sh.603806,2023-11-27,2023-11-30
sh.603833,2023-11-27,2023-11-30
sh.603899,2023-11-27,2023-11-30
sh.603986,2023-11-27,2023-11-30
sh.603993,2023-11-27,2023-11-30
sh.605117,2023-11-27,2023-11-30
sh.605499,2023-11-27,2023-11-30
sh.688005,2023-11-27,2023-11-30
sh.688008,2023-11-27,2023-11-30
sh.688012,2023-11-27,2023-11-30
sh.688036,2023-11-27,2023-11-30
sh.688065,2023-11-27,2023-11-30
sh.688111,2023-11-27,2023-11-30
sh.688126,2023-11-27,2023-11-30
sh.688187,2023-11-27,2023-11-30
sh.688223,2023-11-27,2023-11-30
sh.688303,2023-11-27,2023-11-30
sh.688363,2023-11-27,2023-11-30
sh.688396,2023-11-27,2023-11-30
sh.688561,2023-11-27,2023-11-30
sh.688599,2023-11-27,2023-11-30
sh.688981,2023-11-27,2023-11-30
sz.000001,2023-11-27,2023-11-30
sz.000002,2023-11-27,2023-11-30
sz.000063,2023-11-27,2023-11-30
sz.000069,2023-11-27,2023-11-30
sz.000100,2023-11-27,2023-11-30
sz.000157,2023-11-27,2023-11-30
sz.000166,2023-11-27,2023-11-30
sz.000301,2023-11-27,2023-11-30
sz.000333,2023-11-27,2023-11-30
sz.000338,2023-11-27,2023-11-30
sz.000408,2023-11-27,2023-11-30
sz.000425,2023-11-27,2023-11-30
sz.000538,2023-11-27,2023-11-30
sz.000568,2023-11-27,2023-11-30
sz.000596,2023-11-27,2023-11-30
sz.000617,2023-11-27,2023-11-30
sz.000625,2023-11-27,2023-11-30
sz.000651,2023-11-27,2023-11-30
sz.000661,2023-11-27,2023-11-30
sz.000708,2023-11-27,2023-11-30
sz.000723,2023-11-27,2023-11-30
sz.000725,2023-11-27,2023-11-30
sz.000733,2023-11-27,2023-11-30
sz.000768,2023-11-27,2023-11-30
sz.000776,2023-11-27,2023-11-30
sz.000786,2023-11-27,2023-11-30
sz.000792,2023-11-27,2023-11-30
sz.000800,2023-11-27,2023-11-30
sz.000858,2023-11-27,2023-11-30
sz.000876,2023-11-27,2023-11-30
sz.000877,2023-11-27,2023-11-30
sz.000895,2023-11-27,2023-11-30
sz.000938,2023-11-27,2023-11-30
sz.000963,2023-11-27,2023-11-30
sz.000977,2023-11-27,2023-11-30
sz.000983,2023-11-27,2023-11-30
sz.001289,2023-11-27,2023-11-30
sz.001979,2023-11-27,2023-11-30
sz.002001,2023-11-27,2023-11-30
sz.002007,2023-11-27,2023-11-30
sz.002027,2023-11-27,2023-11-30
sz.002049,2023-11-27,2023-11-30
sz.002050,2023-11-27,2023-11-30
sz.002064,2023-11-27,2023-11-30
sz.002074,2023-11-27,2023-11-30
sz.002120,2023-11-27,2023-11-30
sz.002129,2023-11-27,2023-11-30
sz.002142,2023-11-27,2023-11-30
sz.002179,2023-11-27,2023-11-30
sz.002180,2023-11-27,2023-11-30
sz.002202,2023-11-27,2023-11-30
sz.002230,2023-11-27,2023-11-30
sz.002236,2023-11-27,2023-11-30
sz.002241,2023-11-27,2023-11-30
sz.002252,2023-11-27,2023-11-30
sz.002271,2023-11-27,2023-11-30
sz.002304,2023-11-27,2023-11-30
sz.002311,2023-11-27,2023-11-30
sz.002352,2023-11-27,2023-11-30
sz.002371,2023-11-27,2023-11-30
sz.002410,2023-11-27,2023-11-30
sz.002414,2023-11-27,2023-11-30
sz.002415,2023-11-27,2023-11-30
sz.002459,2023-11-27,2023-11-30
sz.002460,2023-11-27,2023-11-30
sz.002466,2023-11-27,2023-11-30
sz.002475,2023-11-27,2023-11-30
sz.002493,2023-11-27,2023-11-30
sz.002555,2023-11-27,2023-11-30
sz.002594,2023-11-27,2023-11-30
sz.002601,2023-11-27,2023-11-30
sz.002648,2023-11-27,2023-11-30
sz.002709,2023-11-27,2023-11-30
sz.002714,2023-11-27,2023-11-30
sz.002736,2023-11-27,2023-11-30
sz.002756,2023-11-27,2023-11-30
sz.002812,2023-11-27,2023-11-30
sz.002821,2023-11-27,2023-11-30
sz.002841,2023-11-27,2023-11-30
sz.002916,2023-11-27,2023-11-30
sz.002920,2023-11-27,2023-11-30
sz.002938,2023-11-27,2023-11-30
sz.003816,2023-11-27,2023-11-30
sz.300014,2023-11-27,2023-11-30
sz.300015,2023-11-27,2023-11-30
sz.300033,2023-11-27,2023-11-30
sz.300059,2023-11-27,2023-11-30
sz.300122,2023-11-27,2023-11-30
sz.300124,2023-11-27,2023-11-30
sz.300142,2023-11-27,2023-11-30
sz.300207,2023-11-27,2023-11-30
sz.300223,2023-11-27,2023-11-30
sz.300274,2023-11-27,2023-11-30
sz.300316,2023-11-27,2023-11-30
sz.300347,2023-11-27,2023-11-30
sz.300408,2023-11-27,2023-11-30
sz.300413,2023-11-27,2023-11-30
sz.300433,2023-11-27,2023-11-30
sz.300450,2023-11-27,2023-11-30
sz.300454,2023-11-27,2023-11-30
sz.300496,2023-11-27,2023-11-30
sz.300498,2023-11-27,2023-11-30
sz.300601,2023-11-27,2023-11-30
sz.300628,2023-11-27,2023-11-30
sz.300661,2023-11-27,2023-11-30
sz.300750,2023-11-27,2023-11-30
sz.300751,2023-11-27,2023-11-30
sz.300759,2023-11-27,2023-11-30
sz.300760,2023-11-27,2023-11-30
sz.300763,2023-11-27,2023-11-30
sz.300769,2023-11-27,2023-11-30
sz.300782,2023-11-27,2023-11-30
sz.300896,2023-11-27,2023-11-30
sz.300919,2023-11-27,2023-11-30
sz.300957,2023-11-27,2023-11-30
sz.300979,2023-11-27,2023-11-30
sz.300999,2023-11-27,2023-11-30
sh.600000,2023-12-25,2023-12-31
sh.600009,2023-12-25,2023-12-31
sh.600010,2023-12-25,2023-12-31
sh.600011,2023-12-25,2023-12-31
sh.600015,2023-12-25,2023-12-31
sh.600016,2023-12-25,2023-12-31
sh.600018,2023-12-25,2023-12-31
sh.600019,2023-12-25,2023-12-31
sh.600023,2023-12-25,2023-12-31
sh.600025,2023-12-25,2023-12-31
sh.600028,2023-12-25,2023-12-31
sh.600029,2023-12-25,2023-12-31
sh.600030,2023-12-25,2023-12-31
sh.600031,2023-12-25,2023-12-31
sh.600036,2023-12-25,2023-12-31
sh.600039,2023-12-25,2023-12-31
sh.600048,2023-12-25,2023-12-31
sh.600050,2023-12-25,2023-12-31
sh.600061,2023-12-25,2023-12-31
sh.600085,2023-12-25,2023-12-31
sh.600089,2023-12-25,2023-12-31
sh.600104,2023-12-25,2023-12-31
sh.600111,2023-12-25,2023-12-31
sh.600115,2023-12-25,2023-12-31
sh.600132,2023-12-25,2023-12-31
sh.600150,2023-12-25,2023-12-31
sh.600176,2023-12-25,2023-12-31
sh.600183,2023-12-25,2023-12-31
sh.600188,2023-12-25,2023-12-31
sh.600196,2023-12-25,2023-12-31
sh.600219,2023-12-25,2023-12-31
sh.600233,2023-12-25,2023-12-31
sh.600276,2023-12-25,2023-12-31
sh.600309,2023-12-25,2023-12-31
sh.600332,2023-12-25,2023-12-31
sh.600346,2023-12-25,2023-12-31
sh.600362,2023-12-25,2023-12-31
sh.600372,2023-12-25,2023-12-31
sh.600406,2023-12-25,2023-12-31
sh.600426,2023-12-25,2023-12-31
sh.600436,2023-12-25,2023-12-31
sh.600438,2023-12-25,2023-12-31
sh.600460,2023-12-25,2023-12-31
sh.600489,2023-12-25,2023-12-31
sh.600515,2023-12-25,2023-12-31
sh.600519,2023-12-25,2023-12-31
sh.600547,2023-12-25,2023-12-31
sh.600570,2023-12-25,2023-12-31
sh.600584,2023-12-25,2023-12-31
sh.600585,2023-12-25,2023-12-31
sh.600588,2023-12-25,2023-12-31
sh.600600,2023-12-25,2023-12-31
sh.600606,2023-12-25,2023-12-31
sh.600660,2023-12-25,2023-12-31
sh.600674,2023-12-25,2023-12-31
sh.600690,2023-12-25,2023-12-31
sh.600732,2023-12-25,2023-12-31
sh.600741,2023-12-25,2023-12-31
sh.600745,2023-12-25,2023-12-31
sh.600754,2023-12-25,2023-12-31
sh.600760,2023-12-25,2023-12-31
sh.600795,2023-12-25,2023-12-31
sh.600803,2023-12-25,2023-12-31
sh.600809,2023-12-25,2023-12-31
sh.600837,2023-12-25,2023-12-31
sh.600845,2023-12-25,2023-12-31
sh.600875,2023-12-25,2023-12-31
sh.600886,2023-12-25,2023-12-31
sh.600887,2023-12-25,2023-12-31
sh.600893,2023-12-25,2023-12-31
sh.600900,2023-12-25,2023-12-31
sh.600905,2023-12-25,2023-12-31
sh.600918,2023-12-25,2023-12-31
sh.600919,2023-12-25,2023-12-31
sh.600926,2023-12-25,2023-12-31
sh.600938,2023-12-25,2023-12-31
sh.600941,2023-12-25,2023-12-31
sh.600958,2023-12-25,2023-12-31
sh.600989,2023-12-25,2023-12-31
sh.600999,2023-12-25,2023-12-31
sh.601006,2023-12-25,2023-12-31
sh.601009,2023-12-25,2023-12-31
sh.601012,2023-12-25,2023-12-31
sh.601021,2023-12-25,2023-12-31
sh.601059,2023-12-25,2023-12-31
sh.601066,2023-12-25,2023-12-31
sh.601088,2023-12-25,2023-12-31
sh.601100,2023-12-25,2023-12-31
sh.601111,2023-12-25,2023-12-31
sh.601117,2023-12-25,2023-12-31
sh.601138,2023-12-25,2023-12-31
sh.601155,2023-12-25,2023-12-31
sh.601166,2023-12-25,2023-12-31
sh.601169,2023-12-25,2023-12-31
sh.601186,2023-12-25,2023-12-31
sh.601211,2023-12-25,2023-12-31
sh.601225,2023-12-25,2023-12-31
sh.601229,2023-12-25,2023-12-31
sh.601236,2023-12-25,2023-12-31
sh.601238,2023-12-25,2023-12-31
sh.601288,2023-12-25,2023-12-31
sh.601318,2023-12-25,2023-12-31
sh.601319,2023-12-25,2023-12-31
sh.601328,2023-12-25,2023-12-31
sh.601336,2023-12-25,2023-12-31
sh.601360,2023-12-25,2023-12-31
sh.601377,2023-12-25,2023-12-31
sh.601390,2023-12-25,2023-12-31
sh.601398,2023-12-25,2023-12-31
sh.601600,2023-12-25,2023-12-31
sh.601601,2023-12-25,2023-12-31
sh.601607,2023-12-25,2023-12-31
sh.601615,2023-12-25,2023-12-31
sh.601618,2023-12-25,2023-12-31
sh.601628,2023-12-25,2023-12-31
sh.601633,2023-12-25,2023-12-31
sh.601658,2023-12-25,2023-12-31
sh.601668,2023-12-25,2023-12-31
sh.601669,2023-12-25,2023-12-31
sh.601688,2023-12-25,2023-12-31
sh.601689,2023-12-25,2023-12-31
sh.601698,2023-12-25,2023-12-31
sh.601699,2023-12-25,2023-12-31
sh.601728,2023-12-25,2023-12-31
sh.601766,2023-12-25,2023-12-31
sh.601788,2023-12-25,2023-12-31
sh.601799,2023-12-25,2023-12-31
sh.601800,2023-12-25,2023-12-31
sh.601808,2023-12-25,2023-12-31
sh.601816,2023-12-25,2023-12-31
sh.601818,2023-12-25,2023-12-31
sh.601838,2023-12-25,2023-12-31
sh.601857,2023-12-25,2023-12-31
sh.601865,2023-12-25,2023-12-31
sh.601868,2023-12-25,2023-12-31
sh.601872,2023-12-25,2023-12-31
sh.601877,2023-12-25,2023-12-31
sh.601878,2023-12-25,2023-12-31
sh.601881,2023-12-25,2023-12-31
sh.601888,2023-12-25,2023-12-31
sh.601898,2023-12-25,2023-12-31
sh.601899,2023-12-25,2023-12-31
sh.601901,2023-12-25,2023-12-31
sh.601916,2023-12-25,2023-12-31
sh.601919,2023-12-25,2023-12-31
sh.601939,2023-12-25,2023-12-31
sh.601985,2023-12-25,2023-12-31
sh.601988,2023-12-25,2023-12-31
sh.601989,2023-12-25,2023-12-31
sh.601995,2023-12-25,2023-12-31
sh.601998,2023-12-25,2023-12-31
sh.603019,2023-12-25,2023-12-31
sh.603195,2023-12-25,2023-12-31
sh.603259,2023-12-25,2023-12-31
sh.603260,2023-12-25,2023-12-31
sh.603288,2023-12-25,2023-12-31
sh.603290,2023-12-25,2023-12-31
sh.603369,2023-12-25,2023-12-31
sh.603392,2023-12-25,2023-12-31
sh.603486,2023-12-25,2023-12-31
sh.603501,2023-12-25,2023-12-31
sh.603659,2023-12-25,2023-12-31
sh.603799,2023-12-25,2023-12-31
sh.603806,2023-12-25,2023-12-31
sh.603833,2023-12-25,2023-12-31
sh.603899,2023-12-25,2023-12-31
sh.603986,2023-12-25,2023-12-31
sh.603993,2023-12-25,2023-12-31
sh.605117,2023-12-25,2023-12-31
sh.605499,2023-12-25,2023-12-31
sh.688008,2023-12-25,2023-12-31
sh.688012,2023-12-25,2023-12-31
sh.688036,2023-12-25,2023-12-31
sh.688041,2023-12-25,2023-12-31
sh.688065,2023-12-25,2023-12-31
sh.688111,2023-12-25,2023-12-31
sh.688126,2023-12-25,2023-12-31
sh.688187,2023-12-25,2023-12-31
sh.688223,2023-12-25,2023-12-31
sh.688256,2023-12-25,2023-12-31
sh.688271,2023-12-25,2023-12-31
sh.688303,2023-12-25,2023-12-31
sh.688363,2023-12-25,2023-12-31
sh.688396,2023-12-25,2023-12-31
sh.688561,2023-12-25,2023-12-31
sh.688599,2023-12-25,2023-12-31
sh.688981,2023-12-25,2023-12-31
sz.000001,2023-12-25,2023-12-31
sz.000002,2023-12-25,2023-12-31
sz.000063,2023-12-25,2023-12-31
sz.000069,2023-12-25,2023-12-31
sz.000100,2023-12-25,2023-12-31
sz.000157,2023-12-25,2023-12-31
sz.000166,2023-12-25,2023-12-31
sz.000301,2023-12-25,2023-12-31
sz.000333,2023-12-25,2023-12-31
sz.000338,2023-12-25,2023-12-31
sz.000408,2023-12-25,2023-12-31
sz.000425,2023-12-25,2023-12-31
sz.000538,2023-12-25,2023-12-31
sz.000568,2023-12-25,2023-12-31
sz.000596,2023-12-25,2023-12-31
sz.000617,2023-12-25,2023-12-31
sz.000625,2023-12-25,2023-12-31
sz.000651,2023-12-25,2023-12-31
sz.000661,2023-12-25,2023-12-31
sz.000708,2023-12-25,2023-12-31
sz.000725,2023-12-25,2023-12-31
sz.000733,2023-12-25,2023-12-31
sz.000768,2023-12-25,2023-12-31
sz.000776,2023-12-25,2023-12-31
sz.000786,2023-12-25,2023-12-31
sz.000792,2023-12-25,2023-12-31
sz.000800,2023-12-25,2023-12-31
sz.000858,2023-12-25,2023-12-31
sz.000876,2023-12-25,2023-12-31
sz.000877,2023-12-25,2023-12-31
sz.000895,2023-12-25,2023-12-31
sz.000938,2023-12-25,2023-12-31
sz.000963,2023-12-25,2023-12-31
sz.000977,2023-12-25,2023-12-31
sz.000983,2023-12-25,2023-12-31
sz.000999,2023-12-25,2023-12-31
sz.001289,2023-12-25,2023-12-31
sz.001979,2023-12-25,2023-12-31
sz.002001,2023-12-25,2023-12-31
sz.002007,2023-12-25,2023-12-31
sz.002027,2023-12-25,2023-12-31
sz.002049,2023-12-25,2023-12-31
sz.002050,2023-12-25,2023-12-31
sz.002074,2023-12-25,2023-12-31
sz.002129,2023-12-25,2023-12-31
sz.002142,2023-12-25,2023-12-31
sz.002179,2023-12-25,2023-12-31
sz.002180,2023-12-25,2023-12-31
sz.002202,2023-12-25,2023-12-31
sz.002230,2023-12-25,2023-12-31
sz.002236,2023-12-25,2023-12-31
sz.002241,2023-12-25,2023-12-31
sz.002252,2023-12-25,2023-12-31
sz.002271,2023-12-25,2023-12-31
sz.002304,2023-12-25,2023-12-31
sz.002311,2023-12-25,2023-12-31
sz.002352,2023-12-25,2023-12-31
sz.002371,2023-12-25,2023-12-31
sz.002410,2023-12-25,2023-12-31
sz.002415,2023-12-25,2023-12-31
sz.002459,2023-12-25,2023-12-31
sz.002460,2023-12-25,2023-12-31
sz.002466,2023-12-25,2023-12-31
sz.002475,2023-12-25,2023-12-31
sz.002493,2023-12-25,2023-12-31
sz.002555,2023-12-25,2023-12-31
sz.002594,2023-12-25,2023-12-31
sz.002601,2023-12-25,2023-12-31
sz.002603,2023-12-25,2023-12-31
sz.002648,2023-12-25,2023-12-31
sz.002709,2023-12-25,2023-12-31
sz.002714,2023-12-25,2023-12-31
sz.002736,2023-12-25,2023-12-31
sz.002812,2023-12-25,2023-12-31
sz.002821,2023-12-25,2023-12-31
sz.002841,2023-12-25,2023-12-31
sz.002916,2023-12-25,2023-12-31
sz.002920,2023-12-25,2023-12-31
sz.002938,2023-12-25,2023-12-31
sz.003816,2023-12-25,2023-12-31
sz.300014,2023-12-25,2023-12-31
sz.300015,2023-12-25,2023-12-31
sz.300033,2023-12-25,2023-12-31
sz.300059,2023-12-25,2023-12-31
sz.300122,2023-12-25,2023-12-31
sz.300124,2023-12-25,2023-12-31
sz.300142,2023-12-25,2023-12-31
sz.300223,2023-12-25,2023-12-31
sz.300274,2023-12-25,2023-12-31
sz.300308,2023-12-25,2023-12-31
sz.300316,2023-12-25,2023-12-31
sz.300347,2023-12-25,2023-12-31
sz.300408,2023-12-25,2023-12-31
sz.300413,2023-12-25,2023-12-31
sz.300433,2023-12-25,2023-12-31
sz.300450,2023-12-25,2023-12-31
sz.300454,2023-12-25,2023-12-31
sz.300496,2023-12-25,2023-12-31
sz.300498,2023-12-25,2023-12-31
sz.300628,2023-12-25,2023-12-31
sz.300661,2023-12-25,2023-12-31
sz.300750,2023-12-25,2023-12-31
sz.300751,2023-12-25,2023-12-31
sz.300759,2023-12-25,2023-12-31
sz.300760,2023-12-25,2023-12-31
sz.300763,2023-12-25,2023-12-31
sz.300782,2023-12-25,2023-12-31
sz.300896,2023-12-25,2023-12-31
sz.300919,2023-12-25,2023-12-31
sz.300957,2023-12-25,2023-12-31
sz.300979,2023-12-25,2023-12-31
sz.300999,2023-12-25,2023-12-31
sz.301269,2023-12-25,2023-12-31
sh.600000,2024-01-29,2024-01-31
sh.600009,2024-01-29,2024-01-31
sh.600010,2024-01-29,2024-01-31
sh.600011,2024-01-29,2024-01-31
sh.600015,2024-01-29,2024-01-31
sh.600016,2024-01-29,2024-01-31
sh.600018,2024-01-29,2024-01-31
sh.600019,2024-01-29,2024-01-31
sh.600023,2024-01-29,2024-01-31
sh.600025,2024-01-29,2024-01-31
sh.600028,2024-01-29,2024-01-31
sh.600029,2024-01-29,2024-01-31
sh.600030,2024-01-29,2024-01-31
sh.600031,2024-01-29,2024-01-31
sh.600036,2024-01-29,2024-01-31
sh.600039,2024-01-29,2024-01-31
sh.600048,2024-01-29,2024-01-31
sh.600050,2024-01-29,2024-01-31
sh.600061,2024-01-29,2024-01-31
sh.600085,2024-01-29,2024-01-31
sh.600089,2024-01-29,2024-01-31
sh.600104,2024-01-29,2024-01-31
sh.600111,2024-01-29,2024-01-31
sh.600115,2024-01-29,2024-01-31
sh.600132,2024-01-29,2024-01-31
sh.600150,2024-01-29,2024-01-31
sh.600176,2024-01-29,2024-01-31
sh.600183,2024-01-29,2024-01-31
sh.600188,2024-01-29,2024-01-31
sh.600196,2024-01-29,2024-01-31
sh.600219,2024-01-29,2024-01-31
sh.600233,2024-01-29,2024-01-31
sh.600276,2024-01-29,2024-01-31
sh.600309,2024-01-29,2024-01-31
sh.600332,2024-01-29,2024-01-31
sh.600346,2024-01-29,2024-01-31
sh.600362,2024-01-29,2024-01-31
sh.600372,2024-01-29,2024-01-31
sh.600406,2024-01-29,2024-01-31
sh.600426,2024-01-29,2024-01-31
sh.600436,2024-01-29,2024-01-31
sh.600438,2024-01-29,2024-01-31
sh.600460,2024-01-29,2024-01-31
sh.600489,2024-01-29,2024-01-31
sh.600515,2024-01-29,2024-01-31
sh.600519,2024-01-29,2024-01-31
sh.600547,2024-01-29,2024-01-31
sh.600570,2024-01-29,2024-01-31
sh.600584,2024-01-29,2024-01-31
sh.600585,2024-01-29,2024-01-31
sh.600588,2024-01-29,2024-01-31
sh.600600,2024-01-29,2024-01-31
sh.600606,2024-01-29,2024-01-31
sh.600660,2024-01-29,2024-01-31
sh.600674,2024-01-29,2024-01-31
sh.600690,2024-01-29,2024-01-31
sh.600732,2024-01-29,2024-01-31
sh.600741,2024-01-29,2024-01-31
sh.600745,2024-01-29,2024-01-31
sh.600754,2024-01-29,2024-01-31
sh.600760,2024-01-29,2024-01-31
sh.600795,2024-01-29,2024-01-31
sh.600803,2024-01-29,2024-01-31
sh.600809,2024-01-29,2024-01-31
sh.600837,2024-01-29,2024-01-31
sh.600845,2024-01-29,2024-01-31
sh.600875,2024-01-29,2024-01-31
sh.600886,2024-01-29,2024-01-31
sh.600887,2024-01-29,2024-01-31
sh.600893,2024-01-29,2024-01-31
sh.600900,2024-01-29,2024-01-31
sh.600905,2024-01-29,2024-01-31
sh.600918,2024-01-29,2024-01-31
sh.600919,2024-01-29,2024-01-31
sh.600926,2024-01-29,2024-01-31
sh.600938,2024-01-29,2024-01-31
sh.600941,2024-01-29,2024-01-31
sh.600958,2024-01-29,2024-01-31
sh.600989,2024-01-29,2024-01-31
sh.600999,2024-01-29,2024-01-31
sh.601006,2024-01-29,2024-01-31
sh.601009,2024-01-29,2024-01-31
sh.601012,2024-01-29,2024-01-31
sh.601021,2024-01-29,2024-01-31
sh.601059,2024-01-29,2024-01-31
sh.601066,2024-01-29,2024-01-31
sh.601088,2024-01-29,2024-01-31
sh.601100,2024-01-29,2024-01-31
sh.601111,2024-01-29,2024-01-31
sh.601117,2024-01-29,2024-01-31
sh.601138,2024-01-29,2024-01-31
sh.601155,2024-01-29,2024-01-31
sh.601166,2024-01-29,2024-01-31
sh.601169,2024-01-29,2024-01-31
sh.601186,2024-01-29,2024-01-31
sh.601211,2024-01-29,2024-01-31
sh.601225,2024-01-29,2024-01-31
sh.601229,2024-01-29,2024-01-31
sh.601236,2024-01-29,2024-01-31
sh.601238,2024-01-29,2024-01-31
sh.601288,2024-01-29,2024-01-31
sh.601318,2024-01-29,2024-01-31
sh.601319,2024-01-29,2024-01-31
sh.601328,2024-01-29,2024-01-31
sh.601336,2024-01-29,2024-01-31
sh.601360,2024-01-29,2024-01-31
sh.601377,2024-01-29,2024-01-31
sh.601390,2024-01-29,2024-01-31
sh.601398,2024-01-29,2024-01-31
sh.601600,2024-01-29,2024-01-31
sh.601601,2024-01-29,2024-01-31
sh.601607,2024-01-29,2024-01-31
sh.601615,2024-01-29,2024-01-31
sh.601618,2024-01-29,2024-01-31
sh.601628,2024-01-29,2024-01-31
sh.601633,2024-01-29,2024-01-31
sh.601658,2024-01-29,2024-01-31
sh.601668,2024-01-29,2024-01-31
sh.601669,2024-01-29,2024-01-31
sh.601688,2024-01-29,2024-01-31
sh.601689,2024-01-29,2024-01-31
sh.601698,2024-01-29,2024-01-31
sh.601699,2024-01-29,2024-01-31
sh.601728,2024-01-29,2024-01-31
sh.601766,2024-01-29,2024-01-31
sh.601788,2024-01-29,2024-01-31
sh.601799,2024-01-29,2024-01-31
sh.601800,2024-01-29,2024-01-31
sh.601808,2024-01-29,2024-01-31
sh.601816,2024-01-29,2024-01-31
sh.601818,2024-01-29,2024-01-31
sh.601838,2024-01-29,2024-01-31
sh.601857,2024-01-29,2024-01-31
sh.601865,2024-01-29,2024-01-31
sh.601868,2024-01-29,2024-01-31
sh.601872,2024-01-29,2024-01-31
sh.601877,2024-01-29,2024-01-31
sh.601878,2024-01-29,2024-01-31
sh.601881,2024-01-29,2024-01-31
sh.601888,2024-01-29,2024-01-31
sh.601898,2024-01-29,2024-01-31
sh.601899,2024-01-29,2024-01-31
sh.601901,2024-01-29,2024-01-31
sh.601916,2024-01-29,2024-01-31
sh.601919,2024-01-29,2024-01-31
sh.601939,2024-01-29,2024-01-31
sh.601985,2024-01-29,2024-01-31
sh.601988,2024-01-29,2024-01-31
sh.601989,2024-01-29,2024-01-31
sh.601995,2024-01-29,2024-01-31
sh.601998,2024-01-29,2024-01-31
sh.603019,2024-01-29,2024-01-31
sh.603195,2024-01-29,2024-01-31
sh.603259,2024-01-29,2024-01-31
sh.603260,2024-01-29,2024-01-31
sh.603288,2024-01-29,2024-01-31
sh.603290,2024-01-29,2024-01-31
sh.603369,2024-01-29,2024-01-31
sh.603392,2024-01-29,2024-01-31
sh.603486,2024-01-29,2024-01-31
sh.603501,2024-01-29,2024-01-31
sh.603659,2024-01-29,2024-01-31
sh.603799,2024-01-29,2024-01-31
sh.603806,2024-01-29,2024-01-31
sh.603833,2024-01-29,2024-01-31
sh.603899,2024-01-29,2024-01-31
sh.603986,2024-01-29,2024-01-31
sh.603993,2024-01-29,2024-01-31
sh.605117,2024-01-29,2024-01-31
sh.605499,2024-01-29,2024-01-31
sh.688008,2024-01-29,2024-01-31
sh.688012,2024-01-29,2024-01-31
sh.688036,2024-01-29,2024-01-31
sh.688041,2024-01-29,2024-01-31
sh.688065,2024-01-29,2024-01-31
sh.688111,2024-01-29,2024-01-31
sh.688126,2024-01-29,2024-01-31
sh.688187,2024-01-29,2024-01-31
sh.688223,2024-01-29,2024-01-31
sh.688256,2024-01-29,2024-01-31
sh.688271,2024-01-29,2024-01-31
sh.688303,2024-01-29,2024-01-31
sh.688363,2024-01-29,2024-01-31
sh.688396,2024-01-29,2024-01-31
sh.688561,2024-01-29,2024-01-31
sh.688599,2024-01-29,2024-01-31
sh.688981,2024-01-29,2024-01-31
sz.000001,2024-01-29,2024-01-31
sz.000002,2024-01-29,2024-01-31
sz.000063,2024-01-29,2024-01-31
sz.000069,2024-01-29,2024-01-31
sz.000100,2024-01-29,2024-01-31
sz.000157,2024-01-29,2024-01-31
sz.000166,2024-01-29,2024-01-31
sz.000301,2024-01-29,2024-01-31
sz.000333,2024-01-29,2024-01-31
sz.000338,2024-01-29,2024-01-31
sz.000408,2024-01-29,2024-01-31
sz.000425,2024-01-29,2024-01-31
sz.000538,2024-01-29,2024-01-31
sz.000568,2024-01-29,2024-01-31
sz.000596,2024-01-29,2024-01-31
sz.000617,2024-01-29,2024-01-31
sz.000625,2024-01-29,2024-01-31
sz.000651,2024-01-29,2024-01-31
sz.000661,2024-01-29,2024-01-31
sz.000708,2024-01-29,2024-01-31
sz.000725,2024-01-29,2024-01-31
sz.000733,2024-01-29,2024-01-31
sz.000768,2024-01-29,2024-01-31
sz.000776,2024-01-29,2024-01-31
sz.000786,2024-01-29,2024-01-31
sz.000792,2024-01-29,2024-01-31
sz.000800,2024-01-29,2024-01-31
sz.000858,2024-01-29,2024-01-31
sz.000876,2024-01-29,2024-01-31
sz.000877,2024-01-29,2024-01-31
sz.000895,2024-01-29,2024-01-31
sz.000938,2024-01-29,2024-01-31
sz.000963,2024-01-29,2024-01-31
sz.000977,2024-01-29,2024-01-31
sz.000983,2024-01-29,2024-01-31
sz.000999,2024-01-29,2024-01-31
sz.001289,2024-01-29,2024-01-31
sz.001979,2024-01-29,2024-01-31
sz.002001,2024-01-29,2024-01-31
sz.002007,2024-01-29,2024-01-31
sz.002027,2024-01-29,2024-01-31
sz.002049,2024-01-29,2024-01-31
sz.002050,2024-01-29,2024-01-31
sz.002074,2024-01-29,2024-01-31
sz.002129,2024-01-29,2024-01-31
sz.002142,2024-01-29,2024-01-31
sz.002179,2024-01-29,2024-01-31
sz.002180,2024-01-29,2024-01-31
sz.002202,2024-01-29,2024-01-31
sz.002230,2024-01-29,2024-01-31
sz.002236,2024-01-29,2024-01-31
sz.002241,2024-01-29,2024-01-31
sz.002252,2024-01-29,2024-01-31
sz.002271,2024-01-29,2024-01-31
sz.002304,2024-01-29,2024-01-31
sz.002311,2024-01-29,2024-01-31
sz.002352,2024-01-29,2024-01-31
sz.002371,2024-01-29,2024-01-31
sz.002410,2024-01-29,2024-01-31
sz.002415,2024-01-29,2024-01-31
sz.002459,2024-01-29,2024-01-31
sz.002460,2024-01-29,2024-01-31
sz.002466,2024-01-29,2024-01-31
sz.002475,2024-01-29,2024-01-31
sz.002493,2024-01-29,2024-01-31
sz.002555,2024-01-29,2024-01-31
sz.002594,2024-01-29,2024-01-31
sz.002601,2024-01-29,2024-01-31
sz.002603,2024-01-29,2024-01-31
sz.002648,2024-01-29,2024-01-31
sz.002709,2024-01-29,2024-01-31
sz.002714,2024-01-29,2024-01-31
sz.002736,2024-01-29,2024-01-31
sz.002812,2024-01-29,2024-01-31
sz.002821,2024-01-29,2024-01-31
sz.002841,2024-01-29,2024-01-31
sz.002916,2024-01-29,2024-01-31
sz.002920,2024-01-29,2024-01-31
sz.002938,2024-01-29,2024-01-31
sz.003816,2024-01-29,2024-01-31
sz.300014,2024-01-29,2024-01-31
sz.300015,2024-01-29,2024-01-31
sz.300033,2024-01-29,2024-01-31
sz.300059,2024-01-29,2024-01-31
sz.300122,2024-01-29,2024-01-31
sz.300124,2024-01-29,2024-01-31
sz.300142,2024-01-29,2024-01-31
sz.300223,2024-01-29,2024-01-31
sz.300274,2024-01-29,2024-01-31
sz.300308,2024-01-29,2024-01-31
sz.300316,2024-01-29,2024-01-31
sz.300347,2024-01-29,2024-01-31
sz.300408,2024-01-29,2024-01-31
sz.300413,2024-01-29,2024-01-31
sz.300433,2024-01-29,2024-01-31
sz.300450,2024-01-29,2024-01-31
sz.300454,2024-01-29,2024-01-31
sz.300496,2024-01-29,2024-01-31
sz.300498,2024-01-29,2024-01-31
sz.300628,2024-01-29,2024-01-31
sz.300661,2024-01-29,2024-01-31
sz.300750,2024-01-29,2024-01-31
sz.300751,2024-01-29,2024-01-31
sz.300759,2024-01-29,2024-01-31
sz.300760,2024-01-29,2024-01-31
sz.300763,2024-01-29,2024-01-31
sz.300782,2024-01-29,2024-01-31
sz.300896,2024-01-29,2024-01-31
sz.300919,2024-01-29,2024-01-31
sz.300957,2024-01-29,2024-01-31
sz.300979,2024-01-29,2024-01-31
sz.300999,2024-01-29,2024-01-31
sz.301269,2024-01-29,2024-01-31
sh.600000,2024-02-26,2024-02-29
sh.600009,2024-02-26,2024-02-29
sh.600010,2024-02-26,2024-02-29
sh.600011,2024-02-26,2024-02-29
sh.600015,2024-02-26,2024-02-29
sh.600016,2024-02-26,2024-02-29
sh.600018,2024-02-26,2024-02-29
sh.600019,2024-02-26,2024-02-29
sh.600023,2024-02-26,2024-02-29
sh.600025,2024-02-26,2024-02-29
sh.600028,2024-02-26,2024-02-29
sh.600029,2024-02-26,2024-02-29
sh.600030,2024-02-26,2024-02-29
sh.600031,2024-02-26,2024-02-29
sh.600036,2024-02-26,2024-02-29
sh.600039,2024-02-26,2024-02-29
sh.600048,2024-02-26,2024-02-29
sh.600050,2024-02-26,2024-02-29
sh.600061,2024-02-26,2024-02-29
sh.600085,2024-02-26,2024-02-29
sh.600089,2024-02-26,2024-02-29
sh.600104,2024-02-26,2024-02-29
sh.600111,2024-02-26,2024-02-29
sh.600115,2024-02-26,2024-02-29
sh.600132,2024-02-26,2024-02-29
sh.600150,2024-02-26,2024-02-29
sh.600176,2024-02-26,2024-02-29
sh.600183,2024-02-26,2024-02-29
sh.600188,2024-02-26,2024-02-29
sh.600196,2024-02-26,2024-02-29
sh.600219,2024-02-26,2024-02-29
sh.600233,2024-02-26,2024-02-29
sh.600276,2024-02-26,2024-02-29
sh.600309,2024-02-26,2024-02-29
sh.600332,2024-02-26,2024-02-29
sh.600346,2024-02-26,2024-02-29
sh.600362,2024-02-26,2024-02-29
sh.600372,2024-02-26,2024-02-29
sh.600406,2024-02-26,2024-02-29
sh.600426,2024-02-26,2024-02-29
sh.600436,2024-02-26,2024-02-29
sh.600438,2024-02-26,2024-02-29
sh.600460,2024-02-26,2024-02-29
sh.600489,2024-02-26,2024-02-29
sh.600515,2024-02-26,2024-02-29
sh.600519,2024-02-26,2024-02-29
sh.600547,2024-02-26,2024-02-29
sh.600570,2024-02-26,2024-02-29
sh.600584,2024-02-26,2024-02-29
sh.600585,2024-02-26,2024-02-29
sh.600588,2024-02-26,2024-02-29
sh.600600,2024-02-26,2024-02-29
sh.600606,2024-02-26,2024-02-29
sh.600660,2024-02-26,2024-02-29
sh.600674,2024-02-26,2024-02-29
sh.600690,2024-02-26,2024-02-29
sh.600732,2024-02-26,2024-02-29
sh.600741,2024-02-26,2024-02-29
sh.600745,2024-02-26,2024-02-29
sh.600754,2024-02-26,2024-02-29
sh.600760,2024-02-26,2024-02-29
sh.600795,2024-02-26,2024-02-29
sh.600803,2024-02-26,2024-02-29
sh.600809,2024-02-26,2024-02-29
sh.600837,2024-02-26,2024-02-29
sh.600845,2024-02-26,2024-02-29
sh.600875,2024-02-26,2024-02-29
sh.600886,2024-02-26,2024-02-29
sh.600887,2024-02-26,2024-02-29
sh.600893,2024-02-26,2024-02-29
sh.600900,2024-02-26,2024-02-29
sh.600905,2024-02-26,2024-02-29
sh.600918,2024-02-26,2024-02-29
sh.600919,2024-02-26,2024-02-29
sh.600926,2024-02-26,2024-02-29
sh.600938,2024-02-26,2024-02-29
sh.600941,2024-02-26,2024-02-29
sh.600958,2024-02-26,2024-02-29
sh.600989,2024-02-26,2024-02-29
sh.600999,2024-02-26,2024-02-29
sh.601006,2024-02-26,2024-02-29
sh.601009,2024-02-26,2024-02-29
sh.601012,2024-02-26,2024-02-29
sh.601021,2024-02-26,2024-02-29
sh.601059,2024-02-26,2024-02-29
sh.601066,2024-02-26,2024-02-29
sh.601088,2024-02-26,2024-02-29
sh.601100,2024-02-26,2024-02-29
sh.601111,2024-02-26,2024-02-29
sh.601117,2024-02-26,2024-02-29
sh.601138,2024-02-26,2024-02-29
sh.601155,2024-02-26,2024-02-29
sh.601166,2024-02-26,2024-02-29
sh.601169,2024-02-26,2024-02-29
sh.601186,2024-02-26,2024-02-29
sh.601211,2024-02-26,2024-02-29
sh.601225,2024-02-26,2024-02-29
sh.601229,2024-02-26,2024-02-29
sh.601236,2024-02-26,2024-02-29
sh.601238,2024-02-26,2024-02-29
sh.601288,2024-02-26,2024-02-29
sh.601318,2024-02-26,2024-02-29
sh.601319,2024-02-26,2024-02-29
sh.601328,2024-02-26,2024-02-29
sh.601336,2024-02-26,2024-02-29
sh.601360,2024-02-26,2024-02-29
sh.601377,2024-02-26,2024-02-29
sh.601390,2024-02-26,2024-02-29
sh.601398,2024-02-26,2024-02-29
sh.601600,2024-02-26,2024-02-29
sh.601601,2024-02-26,2024-02-29
sh.601607,2024-02-26,2024-02-29
sh.601615,2024-02-26,2024-02-29
sh.601618,2024-02-26,2024-02-29
sh.601628,2024-02-26,2024-02-29
sh.601633,2024-02-26,2024-02-29
sh.601658,2024-02-26,2024-02-29
sh.601668,2024-02-26,2024-02-29
sh.601669,2024-02-26,2024-02-29
sh.601688,2024-02-26,2024-02-29
sh.601689,2024-02-26,2024-02-29
sh.601698,2024-02-26,2024-02-29
sh.601699,2024-02-26,2024-02-29
sh.601728,2024-02-26,2024-02-29
sh.601766,2024-02-26,2024-02-29
sh.601788,2024-02-26,2024-02-29
sh.601799,2024-02-26,2024-02-29
sh.601800,2024-02-26,2024-02-29
sh.601808,2024-02-26,2024-02-29
sh.601816,2024-02-26,2024-02-29
sh.601818,2024-02-26,2024-02-29
sh.601838,2024-02-26,2024-02-29
sh.601857,2024-02-26,2024-02-29
sh.601865,2024-02-26,2024-02-29
sh.601868,2024-02-26,2024-02-29
sh.601872,2024-02-26,2024-02-29
sh.601877,2024-02-26,2024-02-29
sh.601878,2024-02-26,2024-02-29
sh.601881,2024-02-26,2024-02-29
sh.601888,2024-02-26,2024-02-29
sh.601898,2024-02-26,2024-02-29
sh.601899,2024-02-26,2024-02-29
sh.601901,2024-02-26,2024-02-29
sh.601916,2024-02-26,2024-02-29
sh.601919,2024-02-26,2024-02-29
sh.601939,2024-02-26,2024-02-29
sh.601985,2024-02-26,2024-02-29
sh.601988,2024-02-26,2024-02-29
sh.601989,2024-02-26,2024-02-29
sh.601995,2024-02-26,2024-02-29
sh.601998,2024-02-26,2024-02-29
sh.603019,2024-02-26,2024-02-29
sh.603195,2024-02-26,2024-02-29
sh.603259,2024-02-26,2024-02-29
sh.603260,2024-02-26,2024-02-29
sh.603288,2024-02-26,2024-02-29
sh.603290,2024-02-26,2024-02-29
sh.603369,2024-02-26,2024-02-29
sh.603392,2024-02-26,2024-02-29
sh.603486,2024-02-26,2024-02-29
sh.603501,2024-02-26,2024-02-29
sh.603659,2024-02-26,2024-02-29
sh.603799,2024-02-26,2024-02-29
sh.603806,2024-02-26,2024-02-29
sh.603833,2024-02-26,2024-02-29
sh.603899,2024-02-26,2024-02-29
sh.603986,2024-02-26,2024-02-29
sh.603993,2024-02-26,2024-02-29
sh.605117,2024-02-26,2024-02-29
sh.605499,2024-02-26,2024-02-29
sh.688008,2024-02-26,2024-02-29
sh.688012,2024-02-26,2024-02-29
sh.688036,2024-02-26,2024-02-29
sh.688041,2024-02-26,2024-02-29
sh.688065,2024-02-26,2024-02-29
sh.688111,2024-02-26,2024-02-29
sh.688126,2024-02-26,2024-02-29
sh.688187,2024-02-26,2024-02-29
sh.688223,2024-02-26,2024-02-29
sh.688256,2024-02-26,2024-02-29
sh.688271,2024-02-26,2024-02-29
sh.688303,2024-02-26,2024-02-29
sh.688363,2024-02-26,2024-02-29
sh.688396,2024-02-26,2024-02-29
sh.688561,2024-02-26,2024-02-29
sh.688599,2024-02-26,2024-02-29
sh.688981,2024-02-26,2024-02-29
sz.000001,2024-02-26,2024-02-29
sz.000002,2024-02-26,2024-02-29
sz.000063,2024-02-26,2024-02-29
sz.000069,2024-02-26,2024-02-29
sz.000100,2024-02-26,2024-02-29
sz.000157,2024-02-26,2024-02-29
sz.000166,2024-02-26,2024-02-29
sz.000301,2024-02-26,2024-02-29
sz.000333,2024-02-26,2024-02-29
sz.000338,2024-02-26,2024-02-29
sz.000408,2024-02-26,2024-02-29
sz.000425,2024-02-26,2024-02-29
sz.000538,2024-02-26,2024-02-29
sz.000568,2024-02-26,2024-02-29
sz.000596,2024-02-26,2024-02-29
sz.000617,2024-02-26,2024-02-29
sz.000625,2024-02-26,2024-02-29
sz.000651,2024-02-26,2024-02-29
sz.000661,2024-02-26,2024-02-29
sz.000708,2024-02-26,2024-02-29
sz.000725,2024-02-26,2024-02-29
sz.000733,2024-02-26,2024-02-29
sz.000768,2024-02-26,2024-02-29
sz.000776,2024-02-26,2024-02-29
sz.000786,2024-02-26,2024-02-29
sz.000792,2024-02-26,2024-02-29
sz.000800,2024-02-26,2024-02-29
sz.000858,2024-02-26,2024-02-29
sz.000876,2024-02-26,2024-02-29
sz.000877,2024-02-26,2024-02-29
sz.000895,2024-02-26,2024-02-29
sz.000938,2024-02-26,2024-02-29
sz.000963,2024-02-26,2024-02-29
sz.000977,2024-02-26,2024-02-29
sz.000983,2024-02-26,2024-02-29
sz.000999,2024-02-26,2024-02-29
sz.001289,2024-02-26,2024-02-29
sz.001979,2024-02-26,2024-02-29
sz.002001,2024-02-26,2024-02-29
sz.002007,2024-02-26,2024-02-29
sz.002027,2024-02-26,2024-02-29
sz.002049,2024-02-26,2024-02-29
sz.002050,2024-02-26,2024-02-29
sz.002074,2024-02-26,2024-02-29
sz.002129,2024-02-26,2024-02-29
sz.002142,2024-02-26,2024-02-29
sz.002179,2024-02-26,2024-02-29
sz.002180,2024-02-26,2024-02-29
sz.002202,2024-02-26,2024-02-29
sz.002230,2024-02-26,2024-02-29
sz.002236,2024-02-26,2024-02-29
sz.002241,2024-02-26,2024-02-29
sz.002252,2024-02-26,2024-02-29
sz.002271,2024-02-26,2024-02-29
sz.002304,2024-02-26,2024-02-29
sz.002311,2024-02-26,2024-02-29
sz.002352,2024-02-26,2024-02-29
sz.002371,2024-02-26,2024-02-29
sz.002410,2024-02-26,2024-02-29
sz.002415,2024-02-26,2024-02-29
sz.002459,2024-02-26,2024-02-29
sz.002460,2024-02-26,2024-02-29
sz.002466,2024-02-26,2024-02-29
sz.002475,2024-02-26,2024-02-29
sz.002493,2024-02-26,2024-02-29
sz.002555,2024-02-26,2024-02-29
sz.002594,2024-02-26,2024-02-29
sz.002601,2024-02-26,2024-02-29
sz.002603,2024-02-26,2024-02-29
sz.002648,2024-02-26,2024-02-29
sz.002709,2024-02-26,2024-02-29
sz.002714,2024-02-26,2024-02-29
sz.002736,2024-02-26,2024-02-29
sz.002812,2024-02-26,2024-02-29
sz.002821,2024-02-26,2024-02-29
sz.002841,2024-02-26,2024-02-29
sz.002916,2024-02-26,2024-02-29
sz.002920,2024-02-26,2024-02-29
sz.002938,2024-02-26,2024-02-29
sz.003816,2024-02-26,2024-02-29
sz.300014,2024-02-26,2024-02-29
sz.300015,2024-02-26,2024-02-29
sz.300033,2024-02-26,2024-02-29
sz.300059,2024-02-26,2024-02-29
sz.300122,2024-02-26,2024-02-29
sz.300124,2024-02-26,2024-02-29
sz.300142,2024-02-26,2024-02-29
sz.300223,2024-02-26,2024-02-29
sz.300274,2024-02-26,2024-02-29
sz.300308,2024-02-26,2024-02-29
sz.300316,2024-02-26,2024-02-29
sz.300347,2024-02-26,2024-02-29
sz.300408,2024-02-26,2024-02-29
sz.300413,2024-02-26,2024-02-29
sz.300433,2024-02-26,2024-02-29
sz.300450,2024-02-26,2024-02-29
sz.300454,2024-02-26,2024-02-29
sz.300496,2024-02-26,2024-02-29
sz.300498,2024-02-26,2024-02-29
sz.300628,2024-02-26,2024-02-29
sz.300661,2024-02-26,2024-02-29
sz.300750,2024-02-26,2024-02-29
sz.300751,2024-02-26,2024-02-29
sz.300759,2024-02-26,2024-02-29
sz.300760,2024-02-26,2024-02-29
sz.300763,2024-02-26,2024-02-29
sz.300782,2024-02-26,2024-02-29
sz.300896,2024-02-26,2024-02-29
sz.300919,2024-02-26,2024-02-29
sz.300957,2024-02-26,2024-02-29
sz.300979,2024-02-26,2024-02-29
sz.300999,2024-02-26,2024-02-29
sz.301269,2024-02-26,2024-02-29
sh.600000,2024-03-25,2024-03-31
sh.600009,2024-03-25,2024-03-31
sh.600010,2024-03-25,2024-03-31
sh.600011,2024-03-25,2024-03-31
sh.600015,2024-03-25,2024-03-31
sh.600016,2024-03-25,2024-03-31
sh.600018,2024-03-25,2024-03-31
sh.600019,2024-03-25,2024-03-31
sh.600023,2024-03-25,2024-03-31
sh.600025,2024-03-25,2024-03-31
sh.600028,2024-03-25,2024-03-31
sh.600029,2024-03-25,2024-03-31
sh.600030,2024-03-25,2024-03-31
sh.600031,2024-03-25,2024-03-31
sh.600036,2024-03-25,2024-03-31
sh.600039,2024-03-25,2024-03-31
sh.600048,2024-03-25,2024-03-31
sh.600050,2024-03-25,2024-03-31
sh.600061,2024-03-25,2024-03-31
sh.600085,2024-03-25,2024-03-31
sh.600089,2024-03-25,2024-03-31
sh.600104,2024-03-25,2024-03-31
sh.600111,2024-03-25,2024-03-31
sh.600115,2024-03-25,2024-03-31
sh.600132,2024-03-25,2024-03-31
sh.600150,2024-03-25,2024-03-31
sh.600176,2024-03-25,2024-03-31
sh.600183,2024-03-25,2024-03-31
sh.600188,2024-03-25,2024-03-31
sh.600196,2024-03-25,2024-03-31
sh.600219,2024-03-25,2024-03-31
sh.600233,2024-03-25,2024-03-31
sh.600276,2024-03-25,2024-03-31
sh.600309,2024-03-25,2024-03-31
sh.600332,2024-03-25,2024-03-31
sh.600346,2024-03-25,2024-03-31
sh.600362,2024-03-25,2024-03-31
sh.600372,2024-03-25,2024-03-31
sh.600406,2024-03-25,2024-03-31
sh.600426,2024-03-25,2024-03-31
sh.600436,2024-03-25,2024-03-31
sh.600438,2024-03-25,2024-03-31
sh.600460,2024-03-25,2024-03-31
sh.600489,2024-03-25,2024-03-31
sh.600515,2024-03-25,2024-03-31
sh.600519,2024-03-25,2024-03-31
sh.600547,2024-03-25,2024-03-31
sh.600570,2024-03-25,2024-03-31
sh.600584,2024-03-25,2024-03-31
sh.600585,2024-03-25,2024-03-31
sh.600588,2024-03-25,2024-03-31
sh.600600,2024-03-25,2024-03-31
sh.600606,2024-03-25,2024-03-31
sh.600660,2024-03-25,2024-03-31
sh.600674,2024-03-25,2024-03-31
sh.600690,2024-03-25,2024-03-31
sh.600732,2024-03-25,2024-03-31
sh.600741,2024-03-25,2024-03-31
sh.600745,2024-03-25,2024-03-31
sh.600754,2024-03-25,2024-03-31
sh.600760,2024-03-25,2024-03-31
sh.600795,2024-03-25,2024-03-31
sh.600803,2024-03-25,2024-03-31
sh.600809,2024-03-25,2024-03-31
sh.600837,2024-03-25,2024-03-31
sh.600845,2024-03-25,2024-03-31
sh.600875,2024-03-25,2024-03-31
sh.600886,2024-03-25,2024-03-31
sh.600887,2024-03-25,2024-03-31
sh.600893,2024-03-25,2024-03-31
sh.600900,2024-03-25,2024-03-31
sh.600905,2024-03-25,2024-03-31
sh.600918,2024-03-25,2024-03-31
sh.600919,2024-03-25,2024-03-31
sh.600926,2024-03-25,2024-03-31
sh.600938,2024-03-25,2024-03-31
sh.600941,2024-03-25,2024-03-31
sh.600958,2024-03-25,2024-03-31
sh.600989,2024-03-25,2024-03-31
sh.600999,2024-03-25,2024-03-31
sh.601006,2024-03-25,2024-03-31
sh.601009,2024-03-25,2024-03-31
sh.601012,2024-03-25,2024-03-31
sh.601021,2024-03-25,2024-03-31
sh.601059,2024-03-25,2024-03-31
sh.601066,2024-03-25,2024-03-31
sh.601088,2024-03-25,2024-03-31
sh.601100,2024-03-25,2024-03-31
sh.601111,2024-03-25,2024-03-31
sh.601117,2024-03-25,2024-03-31
sh.601138,2024-03-25,2024-03-31
sh.601155,2024-03-25,2024-03-31
sh.601166,2024-03-25,2024-03-31
sh.601169,2024-03-25,2024-03-31
sh.601186,2024-03-25,2024-03-31
sh.601211,2024-03-25,2024-03-31
sh.601225,2024-03-25,2024-03-31
sh.601229,2024-03-25,2024-03-31
sh.601236,2024-03-25,2024-03-31
sh.601238,2024-03-25,2024-03-31
sh.601288,2024-03-25,2024-03-31
sh.601318,2024-03-25,2024-03-31
sh.601319,2024-03-25,2024-03-31
sh.601328,2024-03-25,2024-03-31
sh.601336,2024-03-25,2024-03-31
sh.601360,2024-03-25,2024-03-31
sh.601377,2024-03-25,2024-03-31
sh.601390,2024-03-25,2024-03-31
sh.601398,2024-03-25,2024-03-31
sh.601600,2024-03-25,2024-03-31
sh.601601,2024-03-25,2024-03-31
sh.601607,2024-03-25,2024-03-31
sh.601615,2024-03-25,2024-03-31
sh.601618,2024-03-25,2024-03-31
sh.601628,2024-03-25,2024-03-31
sh.601633,2024-03-25,2024-03-31
sh.601658,2024-03-25,2024-03-31
sh.601668,2024-03-25,2024-03-31
sh.601669,2024-03-25,2024-03-31
sh.601688,2024-03-25,2024-03-31
sh.601689,2024-03-25,2024-03-31
sh.601698,2024-03-25,2024-03-31
sh.601699,2024-03-25,2024-03-31
sh.601728,2024-03-25,2024-03-31
sh.601766,2024-03-25,2024-03-31
sh.601788,2024-03-25,2024-03-31
sh.601799,2024-03-25,2024-03-31
sh.601800,2024-03-25,2024-03-31
sh.601808,2024-03-25,2024-03-31
sh.601816,2024-03-25,2024-03-31
sh.601818,2024-03-25,2024-03-31
sh.601838,2024-03-25,2024-03-31
sh.601857,2024-03-25,2024-03-31
sh.601865,2024-03-25,2024-03-31
sh.601868,2024-03-25,2024-03-31
sh.601872,2024-03-25,2024-03-31
sh.601877,2024-03-25,2024-03-31
sh.601878,2024-03-25,2024-03-31
sh.601881,2024-03-25,2024-03-31
sh.601888,2024-03-25,2024-03-31
sh.601898,2024-03-25,2024-03-31
sh.601899,2024-03-25,2024-03-31
sh.601901,2024-03-25,2024-03-31
sh.601916,2024-03-25,2024-03-31
sh.601919,2024-03-25,2024-03-31
sh.601939,2024-03-25,2024-03-31
sh.601985,2024-03-25,2024-03-31
sh.601988,2024-03-25,2024-03-31
sh.601989,2024-03-25,2024-03-31
sh.601995,2024-03-25,2024-03-31
sh.601998,2024-03-25,2024-03-31
sh.603019,2024-03-25,2024-03-31
sh.603195,2024-03-25,2024-03-31
sh.603259,2024-03-25,2024-03-31
sh.603260,2024-03-25,2024-03-31
sh.603288,2024-03-25,2024-03-31
sh.603290,2024-03-25,2024-03-31
sh.603369,2024-03-25,2024-03-31
sh.603392,2024-03-25,2024-03-31
sh.603486,2024-03-25,2024-03-31
sh.603501,2024-03-25,2024-03-31
sh.603659,2024-03-25,2024-03-31
sh.603799,2024-03-25,2024-03-31
sh.603806,2024-03-25,2024-03-31
sh.603833,2024-03-25,2024-03-31
sh.603899,2024-03-25,2024-03-31
sh.603986,2024-03-25,2024-03-31
sh.603993,2024-03-25,2024-03-31
sh.605117,2024-03-25,2024-03-31
sh.605499,2024-03-25,2024-03-31
sh.688008,2024-03-25,2024-03-31
sh.688012,2024-03-25,2024-03-31
sh.688036,2024-03-25,2024-03-31
sh.688041,2024-03-25,2024-03-31
sh.688065,2024-03-25,2024-03-31
sh.688111,2024-03-25,2024-03-31
sh.688126,2024-03-25,2024-03-31
sh.688187,2024-03-25,2024-03-31
sh.688223,2024-03-25,2024-03-31
sh.688256,2024-03-25,2024-03-31
sh.688271,2024-03-25,2024-03-31
sh.688303,2024-03-25,2024-03-31
sh.688363,2024-03-25,2024-03-31
sh.688396,2024-03-25,2024-03-31
sh.688561,2024-03-25,2024-03-31
sh.688599,2024-03-25,2024-03-31
sh.688981,2024-03-25,2024-03-31
sz.000001,2024-03-25,2024-03-31
sz.000002,2024-03-25,2024-03-31
sz.000063,2024-03-25,2024-03-31
sz.000069,2024-03-25,2024-03-31
sz.000100,2024-03-25,2024-03-31
sz.000157,2024-03-25,2024-03-31
sz.000166,2024-03-25,2024-03-31
sz.000301,2024-03-25,2024-03-31
sz.000333,2024-03-25,2024-03-31
sz.000338,2024-03-25,2024-03-31
sz.000408,2024-03-25,2024-03-31
sz.000425,2024-03-25,2024-03-31
sz.000538,2024-03-25,2024-03-31
sz.000568,2024-03-25,2024-03-31
sz.000596,2024-03-25,2024-03-31
sz.000617,2024-03-25,2024-03-31
sz.000625,2024-03-25,2024-03-31
sz.000651,2024-03-25,2024-03-31
sz.000661,2024-03-25,2024-03-31
sz.000708,2024-03-25,2024-03-31
sz.000725,2024-03-25,2024-03-31
sz.000733,2024-03-25,2024-03-31
sz.000768,2024-03-25,2024-03-31
sz.000776,2024-03-25,2024-03-31
sz.000786,2024-03-25,2024-03-31
sz.000792,2024-03-25,2024-03-31
sz.000800,2024-03-25,2024-03-31
sz.000858,2024-03-25,2024-03-31
sz.000876,2024-03-25,2024-03-31
sz.000877,2024-03-25,2024-03-31
sz.000895,2024-03-25,2024-03-31
sz.000938,2024-03-25,2024-03-31
sz.000963,2024-03-25,2024-03-31
sz.000977,2024-03-25,2024-03-31
sz.000983,2024-03-25,2024-03-31
sz.000999,2024-03-25,2024-03-31
sz.001289,2024-03-25,2024-03-31
sz.001979,2024-03-25,2024-03-31
sz.002001,2024-03-25,2024-03-31
sz.002007,2024-03-25,2024-03-31
sz.002027,2024-03-25,2024-03-31
sz.002049,2024-03-25,2024-03-31
sz.002050,2024-03-25,2024-03-31
sz.002074,2024-03-25,2024-03-31
sz.002129,2024-03-25,2024-03-31
sz.002142,2024-03-25,2024-03-31
sz.002179,2024-03-25,2024-03-31
sz.002180,2024-03-25,2024-03-31
sz.002202,2024-03-25,2024-03-31
sz.002230,2024-03-25,2024-03-31
sz.002236,2024-03-25,2024-03-31
sz.002241,2024-03-25,2024-03-31
sz.002252,2024-03-25,2024-03-31
sz.002271,2024-03-25,2024-03-31
sz.002304,2024-03-25,2024-03-31
sz.002311,2024-03-25,2024-03-31
sz.002352,2024-03-25,2024-03-31
sz.002371,2024-03-25,2024-03-31
sz.002410,2024-03-25,2024-03-31
sz.002415,2024-03-25,2024-03-31
sz.002459,2024-03-25,2024-03-31
sz.002460,2024-03-25,2024-03-31
sz.002466,2024-03-25,2024-03-31
sz.002475,2024-03-25,2024-03-31
sz.002493,2024-03-25,2024-03-31
sz.002555,2024-03-25,2024-03-31
sz.002594,2024-03-25,2024-03-31
sz.002601,2024-03-25,2024-03-31
sz.002603,2024-03-25,2024-03-31
sz.002648,2024-03-25,2024-03-31
sz.002709,2024-03-25,2024-03-31
sz.002714,2024-03-25,2024-03-31
sz.002736,2024-03-25,2024-03-31
sz.002812,2024-03-25,2024-03-31
sz.002821,2024-03-25,2024-03-31
sz.002841,2024-03-25,2024-03-31
sz.002916,2024-03-25,2024-03-31
sz.002920,2024-03-25,2024-03-31
sz.002938,2024-03-25,2024-03-31
sz.003816,2024-03-25,2024-03-31
sz.300014,2024-03-25,2024-03-31
sz.300015,2024-03-25,2024-03-31
sz.300033,2024-03-25,2024-03-31
sz.300059,2024-03-25,2024-03-31
sz.300122,2024-03-25,2024-03-31
sz.300124,2024-03-25,2024-03-31
sz.300142,2024-03-25,2024-03-31
sz.300223,2024-03-25,2024-03-31
sz.300274,2024-03-25,2024-03-31
sz.300308,2024-03-25,2024-03-31
sz.300316,2024-03-25,2024-03-31
sz.300347,2024-03-25,2024-03-31
sz.300408,2024-03-25,2024-03-31
sz.300413,2024-03-25,2024-03-31
sz.300433,2024-03-25,2024-03-31
sz.300450,2024-03-25,2024-03-31
sz.300454,2024-03-25,2024-03-31
sz.300496,2024-03-25,2024-03-31
sz.300498,2024-03-25,2024-03-31
sz.300628,2024-03-25,2024-03-31
sz.300661,2024-03-25,2024-03-31
sz.300750,2024-03-25,2024-03-31
sz.300751,2024-03-25,2024-03-31
sz.300759,2024-03-25,2024-03-31
sz.300760,2024-03-25,2024-03-31
sz.300763,2024-03-25,2024-03-31
sz.300782,2024-03-25,2024-03-31
sz.300896,2024-03-25,2024-03-31
sz.300919,2024-03-25,2024-03-31
sz.300957,2024-03-25,2024-03-31
sz.300979,2024-03-25,2024-03-31
sz.300999,2024-03-25,2024-03-31
sz.301269,2024-03-25,2024-03-31
